EncuestaID,FechaEncuesta,HoraEncuesta,RangoEdad,Genero,Departamento,Municipio,Ocupacion,FrecuenciaConsumoSnacks,LugarCompraSnacks,ConQuienVePartidos,GastoSnacksPartido,SnacksSeleccionados,SaborPreferido,PresentacionPreferida,PrecioAdecuado,PagaMasEdicionMundial,PlaneaVerMundial2026,SeleccionApoya,CompraDisenoSeleccion,SeleccionInfluyeCompra,JugadoresInfluyentes,TipoPublicidadAtractiva,PromocionPreferida,CompraTarjetasColeccionables,CampaniaMasProbableCompra
1,2026-04-15,09:46:21,55 años o más,Femenino,Guatemala,Santa Catarina Pinula,Jubilado,Varias veces al mes,Aplicación de delivery,Amigos,Q25 - Q50,FutbolMix; Hot Stadium Peanuts; Caramel Goal Popcorn, DULCE ,Familiar,Q10 - Q15,Sí,Sí,Portugal,Probablemente sí,Portugal,Kylian Mbappé; Cristiano Ronaldo; Neymar Jr.,Una selección nacional,Sorteo de viajes,Sí,Edición Francia
2,2026-01-26,08:45:33,18 - 24 años,Masculino,Guatemala,Santa Catarina Pinula,Empresario,1 a 2 veces por semana,Supermercado,Solo,Q51 - Q100,ChocoKick Bites; CrunchMax BBQ,Caramelo,Familiar,Q21 - Q30,Sí,Sí,Portugal,Probablemente no,Suecia,Cristiano Ronaldo; Kylian Mbappé; Christian Pulisic,Una selección nacional,Producto gratis,Sí,Edición Brasil
3,2026-04-22,22:23:58,35 - 44 años,Masculino,Alta Verapaz,Alta Verapaz,Estudiante,Varias veces al mes,Kiosco escolar/universitario,Familia,Q51 - Q100,ChocoKick Bites; Fan Chips Jalapeño; Victory Pretzels,Picante Chapín,Familiar,Q16 - Q20,Sí,Sí,España,Probablemente sí,Portugal,Cristiano Ronaldo; Federico Valverde,Un jugador famoso,Descuento directo,No,Edición con tarjetas coleccionables
4,2026-01-28,21:58:00,25 - 34 años,Femenino,Guatemala,San Miguel Petapa,Empleado privado,3 a 5 veces por semana,Gasolinera,Solo,Q25 - Q50,Fan Chips Jalapeño; CrunchMax BBQ,Limón,Familiar,Q16 - Q20,Sí,No,Inglaterra,Probablemente no,España,Vinícius Júnior,Premios y sorteos,2x1,Sí,Edición con jugadores famosos
5,2026-03-04,12:59:08,25 - 34 años,Femenino,Guatemala,San Miguel Petapa,Estudiante,Varias veces al mes,Tienda de barrio,Amigos,Q51 - Q100,Caramel Goal Popcorn; FutbolMix,Queso,Para compartir entre 2 personas,Q16 - Q20,No,No,España,Tal vez,Qatar,Kylian Mbappé,Un jugador famoso,Tarjetas coleccionables,No,Edición Brasil
6,2026-02-05,20:39:21,18 - 24 años,Masculino,Quetzaltenango,Olintepeque,Comerciante,1 a 2 veces por semana,Tienda de barrio,Solo,Menos de Q25,CrunchMax BBQ,Jalapeño,Para compartir entre 2 personas,Q21 - Q30,Sí,Sí,Estados Unidos,Probablemente sí,Estados Unidos,Kylian Mbappé,Una selección nacional,Tarjetas coleccionables,Sí,Edición Mundial FIFA 2026
7,2026-01-20,19:19:11,35 - 44 años,Masculino,Sacatepéquez, CIUDAD VIEJA ,Empleado privado,3 a 5 veces por semana,Aplicación de delivery,Solo,Q51 - Q100,ChocoKick Bites,Dulce,Individual,Q16 - Q20,No,Sí,Francia,Tal vez,Francia,Lionel Messi,Premios y sorteos,2x1,Sí,Edición España
8,2026-03-30,15:35:48,25 - 34 años,Prefiero no indicarlo,Guatemala,Villa Nueva,Empresario,3 a 5 veces por semana,Tienda de barrio,Amigos,Q25 - Q50,Hot Stadium Peanuts; Caramel Goal Popcorn; Fan Chips Jalapeño,Chocolate,Para compartir entre 2 personas,Más de Q30,No,Sí,Nueva Zelanda,Tal vez,Portugal,Cristiano Ronaldo; Lionel Messi; Julián Álvarez,Una selección nacional,Tarjetas coleccionables,No,Edición Brasil
9,2026-01-11,08:06:15,25 - 34 años,Femenino,Chimaltenango,Chimaltenango,Profesional independiente,Todos los días,Kiosco escolar/universitario,Familia,Q25 - Q50,Caramel Goal Popcorn,Dulce,Familiar,Q10 - Q15,No,Sí,Brasil,Tal vez,Brasil,Lionel Messi; Neymar Jr.,Un jugador famoso,Sorteo de balones,No,Edición Brasil
10,2026-02-21,16:46:49,Menos de 18 años,Femenino,Guatemala,Guatemala,Otro,Varias veces al mes,Tienda de barrio,Familia,Q51 - Q100,Energy Crunch Protein; Fan Chips Jalapeño; Gol Nachos Supreme,Barbacoa,Para compartir entre 2 personas,Más de Q30,No,Sí,Portugal,Tal vez,Colombia,Cristiano Ronaldo; Rodri,Un jugador famoso,Tarjetas coleccionables,No,Edición Brasil
11,2026-04-04,19:56:16,18 - 24 años,Masculino,Suchitepéquez,Suchitepéquez,Profesional independiente,Todos los días,Otro,Familia,Menos de Q25,Gol Nachos Supreme,Queso,Individual,Q16 - Q20,Sí,No,Estados Unidos,Probablemente sí,Czechia,Neymar Jr.; Cristiano Ronaldo,Una selección nacional,2x1,Sí,Edición Inglaterra
12,2026-01-29,19:45:23,Menos de 18 años,Masculino,Quetzaltenango,Quetzaltenango,Empleado privado,3 a 5 veces por semana,Tienda de barrio,Compañeros de trabajo,Q51 - Q100,FutbolMix,Limón,Tamaño fiesta o reunión,Q16 - Q20,Sí,Sí,Argentina,Probablemente sí,Argentina,Vinícius Júnior,Un jugador famoso,Descuento directo,Sí,Edición Inglaterra
13,2026-05-05,07:34:13,25 - 34 años,Masculino,Chiquimula,Chiquimula,Empresario,3 a 5 veces por semana,Supermercado,Familia,Q101 - Q150,FutbolMix; Gol Nachos Supreme; Caramel Goal Popcorn,Queso,Tamaño fiesta o reunión,Más de Q30,No,Sí,Argentina,Tal vez,Argentina,Cristiano Ronaldo,Historias de aficionados,2x1,No,Edición Argentina
14,2026-04-28,22:27:22,25 - 34 años,Femenino,Quiché,Otro municipio,Jubilado,3 a 5 veces por semana,Otro,Amigos,Q51 - Q100,Victory Pretzels,Queso,Individual,Q16 - Q20,Sí,Sí,Argentina,Tal vez,Brasil,Cristiano Ronaldo; Neymar Jr.,Un jugador famoso,2x1,No,Edición Mundial FIFA 2026
15,2026-02-10,18:43:52,18 - 24 años,Femenino,Retalhuleu,Otro municipio,Estudiante,1 a 2 veces por semana,Tienda de barrio,Compañeros de trabajo,Q51 - Q100,Energy Crunch Protein; CrunchMax BBQ; ChocoKick Bites,Jalapeño,Individual,Q10 - Q15,Sí,Sí,Inglaterra,Probablemente sí,Portugal,Lionel Messi; Neymar Jr.; Kylian Mbappé,Un jugador famoso,Producto gratis,Sí,Edición Inglaterra
16,2026-03-23,11:27:17,Menos de 18 años,Femenino,Sacatepéquez,Jocotenango,Estudiante,1 a 2 veces por semana,Tienda de barrio,Amigos,Q25 - Q50,ChocoKick Bites; FutbolMix,Barbacoa,Tamaño fiesta o reunión,Q16 - Q20,Sí,Sí,Brasil,Probablemente sí,Portugal,Jude Bellingham; Cristiano Ronaldo,Premios y sorteos,Tarjetas coleccionables,Sí,Edición España
17,2026-05-08,19:46:11,18 - 24 años,Femenino,Guatemala,Guatemala,Empleado privado,Todos los días,Supermercado,Familia,Más de Q150,Hot Stadium Peanuts; Gol Nachos Supreme; FutbolMix, LIMÓN ,Para compartir entre 2 personas,Q16 - Q20,Sí,Sí,México,Tal vez,España,Rodri; Alphonso Davies; Vinícius Júnior,Historias de aficionados,2x1,Sí,Edición Francia
18,2026-05-10,21:13:38,35 - 44 años,Masculino,Guatemala,Santa Catarina Pinula,Empleado público,1 a 2 veces por semana,Kiosco escolar/universitario,Amigos,Q101 - Q150,Mundialitos Queso Picante; CrunchMax BBQ,Barbacoa,Individual,Q21 - Q30,Sí,Sí,Brasil,Probablemente sí,Brasil,Neymar Jr.; Vinícius Júnior; Lionel Messi,Humor,Sorteo de viajes,Sí,Edición con tarjetas coleccionables
19,2026-02-11,21:12:23,18 - 24 años,Femenino,Santa Rosa,Otro municipio,Comerciante,1 a 2 veces por semana,Supermercado,Familia,Q25 - Q50,CrunchMax BBQ; Energy Crunch Protein,Picante Chapín,Para compartir entre 2 personas,Más de Q30,Sí,Sí,Australia,Probablemente sí,España,Julián Álvarez; Harry Kane,Un jugador famoso,Producto gratis,Sí,Edición con jugadores famosos
20,2026-03-31,10:59:38,18 - 24 años,Femenino,Guatemala,San Miguel Petapa,Empresario,Varias veces al mes,Gasolinera,Amigos,Q51 - Q100,Hot Stadium Peanuts; Mundialitos Queso Picante; FutbolMix,Queso,Familiar,Q16 - Q20,Sí,Sí,Estados Unidos,Definitivamente sí,Inglaterra,Jude Bellingham,Premios y sorteos,Sorteo de viajes,Sí,Edición con jugadores famosos
21,2026-02-17,12:08:17,25 - 34 años,Masculino,Jutiapa,Jutiapa,Empleado público,1 a 2 veces por semana,Supermercado,Amigos,Q25 - Q50,ChocoKick Bites; FutbolMix; Fan Chips Jalapeño,Barbacoa,Tamaño fiesta o reunión,Q16 - Q20,Sí,Sí,Brasil,Probablemente sí,Inglaterra,Lionel Messi; Rodri; Harry Kane,Historias de aficionados,Sorteo de camisetas,No,Edición Brasil
22,2026-04-16,07:10:32,25 - 34 años,Masculino,Jalapa,Otro municipio,Empleado privado,Todos los días,Tienda de barrio,Familia,Q51 - Q100,Fan Chips Jalapeño; Victory Pretzels,Barbacoa,Familiar,Q21 - Q30,Sí,Sí,Irán,Probablemente no,Brasil,Lionel Messi; Cristiano Ronaldo; Neymar Jr.,Historias de aficionados,Tarjetas coleccionables,No,Edición Brasil
23,2026-03-30,12:07:11,25 - 34 años,Masculino,Guatemala,Guatemala,Empresario,Todos los días,Tienda de barrio,Otro,Q25 - Q50,FutbolMix,Caramelo,Familiar,Q16 - Q20,Sí,Sí,Estados Unidos,Tal vez,Inglaterra,Vinícius Júnior; Lionel Messi; Christian Pulisic,Humor,Descuento directo,Sí,Edición Mundial FIFA 2026
24,2026-02-11,09:29:29,18 - 24 años,Femenino,Guatemala,San Miguel Petapa,Otro,Todos los días,Otro,Amigos,Q101 - Q150,Mundialitos Queso Picante; ChocoKick Bites,Queso,Familiar,Q21 - Q30,No,Sí,Brasil,Tal vez,Francia,Neymar Jr.; Vinícius Júnior,Historias de aficionados,Sorteo de viajes,No,Edición Francia
25,2026-04-16,10:46:54,45 - 54 años,Femenino,Guatemala,Santa Catarina Pinula,Empresario,3 a 5 veces por semana,Tienda de barrio,Solo,Q51 - Q100,FutbolMix; Mundialitos Queso Picante,Limón,Familiar,Q16 - Q20,Sí,Sí,Portugal,Definitivamente sí,México,Lionel Messi,Premios y sorteos,Descuento directo,Sí,Edición con tarjetas coleccionables
26,2026-04-18,20:55:47,18 - 24 años,Femenino,Petén,Poptún,Empleado privado,1 a 2 veces por semana,Supermercado,Familia,Q25 - Q50,ChocoKick Bites; FutbolMix,Picante Chapín,Para compartir entre 2 personas,Q21 - Q30,Sí,Sí,España,Definitivamente sí,Inglaterra,Lamine Yamal; Kylian Mbappé,Humor,2x1,No,Edición Francia
27,2026-02-06,10:57:28,25 - 34 años,Femenino,Chimaltenango,Tecpán Guatemala,Jubilado,Todos los días,Supermercado,Familia,Menos de Q25,ChocoKick Bites,Chocolate,Familiar,Q21 - Q30,Sí,No,Brasil,Definitivamente sí,Argentina,Kylian Mbappé,Premios y sorteos,Descuento directo,Sí,Edición con tarjetas coleccionables
28,2026-03-14,08:34:22,25 - 34 años,Femenino,Chimaltenango,Chimaltenango,Otro,1 a 2 veces por semana,Aplicación de delivery,Amigos,Menos de Q25,Energy Crunch Protein,Salado Tradicional,Individual,Q10 - Q15,No,Sí,México,Tal vez,México,Lionel Messi; Jude Bellingham,Historias de aficionados,Producto gratis,Sí,Edición Inglaterra
29,2026-05-01,11:43:51,25 - 34 años,Masculino,Guatemala,San Miguel Petapa,Estudiante,3 a 5 veces por semana,Tienda de barrio,Amigos,Q25 - Q50,Gol Nachos Supreme,Barbacoa,Familiar,Q16 - Q20,No,Sí,España,Definitivamente sí,México,Ninguno,Historias de aficionados,Producto gratis,Sí,Edición con jugadores famosos
30,2026-03-09,10:15:42,25 - 34 años,Masculino,Guatemala,San Miguel Petapa,Empresario,Todos los días,Gasolinera,Amigos,Q51 - Q100,FutbolMix; Mundialitos Queso Picante,Dulce,Familiar,Q16 - Q20,Sí,Sí,Brasil,Probablemente sí,Argentina,Ninguno; Lionel Messi; Jude Bellingham,Un jugador famoso,Descuento directo,No,Edición Brasil
31,2026-02-17,15:28:47,25 - 34 años,Femenino,Sacatepéquez,Ciudad Vieja,Profesional independiente,Todos los días,Tienda de barrio,Amigos,Q25 - Q50,Fan Chips Jalapeño; CrunchMax BBQ,Picante Chapín,Tamaño fiesta o reunión,Q16 - Q20,No,Sí,Corea del Sur,Definitivamente sí,Estados Unidos,Rodri,Premios y sorteos,Producto gratis,Sí,Edición con tarjetas coleccionables
32,2026-03-16,16:02:47,18 - 24 años,Masculino,Escuintla,Santa Lucía Cotzumalguapa,Estudiante,1 a 2 veces por semana,Tienda de barrio,Familia,Q51 - Q100,Victory Pretzels; Fan Chips Jalapeño; Gol Nachos Supreme,Limón,Para compartir entre 2 personas,Q21 - Q30,Sí,Sí, ESTADOS UNIDOS ,Probablemente sí,Brasil,Cristiano Ronaldo; Vinícius Júnior; Alphonso Davies,Humor,2x1,No,Edición Brasil
33,2026-03-18,14:00:26,18 - 24 años,Femenino,Escuintla,Escuintla,Profesional independiente,Todos los días,Otro,Amigos,Q51 - Q100,Mundialitos Queso Picante; CrunchMax BBQ; Caramel Goal Popcorn,Jalapeño,Para compartir entre 2 personas,Q16 - Q20,No,Sí, FRANCIA ,Tal vez,Inglaterra,Harry Kane; Rodri,Historias de aficionados,2x1,No,Edición con jugadores famosos
34,2026-05-02,10:26:15,25 - 34 años,Femenino,Chimaltenango,Tecpán Guatemala,Empresario,Varias veces al mes,Supermercado,Familia,Q101 - Q150,CrunchMax BBQ,Barbacoa,Familiar,Q16 - Q20,No,Sí,Noruega,Probablemente sí,Francia,Lionel Messi,Una selección nacional,Producto gratis,Sí,Edición Inglaterra
35,2026-01-12,21:27:56,Menos de 18 años,Masculino,Guatemala,Guatemala,Empleado privado,Todos los días,Supermercado,Familia,Menos de Q25,Fan Chips Jalapeño,Picante Chapín,Familiar,Q16 - Q20,Sí,Sí,Brasil,Probablemente sí, PORTUGAL ,Christian Pulisic,Historias de aficionados,Sorteo de viajes,No,Edición Argentina
36,2026-03-24,15:20:27,25 - 34 años,Masculino,El Progreso,Cabecera municipal,Empleado privado,Todos los días,Tienda de barrio,Familia,Q51 - Q100,Caramel Goal Popcorn; ChocoKick Bites,Jalapeño,Para compartir entre 2 personas,Q10 - Q15,No,Sí,Argentina,Definitivamente sí,Jordania,Lamine Yamal,Una selección nacional,Sorteo de camisetas,Sí,Edición Mundial FIFA 2026
37,2026-02-19,10:42:21,18 - 24 años,Femenino,Quiché,Otro municipio,Profesional independiente,3 a 5 veces por semana,Supermercado,Solo,Q51 - Q100,ChocoKick Bites; Mundialitos Queso Picante; Fan Chips Jalapeño,,Familiar,Q21 - Q30,Sí,Sí,Portugal,Probablemente sí,Brasil,Federico Valverde,Un jugador famoso,Sorteo de viajes,Sí,Edición Francia
38,2026-02-28,16:58:55,25 - 34 años,Femenino,Guatemala, SAN MIGUEL PETAPA ,Profesional independiente,Rara vez,Aplicación de delivery,Otro,Q51 - Q100,FutbolMix; Energy Crunch Protein,Jalapeño,Familiar,Q16 - Q20,Sí,Sí,España,Probablemente sí,España,Lionel Messi; Jude Bellingham; Vinícius Júnior,Historias de aficionados,Descuento directo,No,Edición España
39,2026-04-26,07:48:49,Menos de 18 años,Masculino,Chiquimula,Cabecera municipal,Estudiante,Todos los días,Gasolinera,Compañeros de trabajo,Más de Q150,ChocoKick Bites; Caramel Goal Popcorn; FutbolMix,Limón,Individual,Q10 - Q15,No,Sí,Argentina,Definitivamente sí,México,Ninguno,Premios y sorteos,Sorteo de camisetas,Sí,Edición España
40,2026-01-29,13:20:10,45 - 54 años,Femenino,Quiché,Cabecera municipal,Empresario,3 a 5 veces por semana,,Familia,Menos de Q25,Fan Chips Jalapeño; ChocoKick Bites; FutbolMix,Limón,Individual,Más de Q30,Sí,Sí,Argentina,Definitivamente sí,México,Jude Bellingham,Una selección nacional,2x1,No,Edición Inglaterra
41,2026-01-25,19:16:37,18 - 24 años,Femenino,Quetzaltenango,Olintepeque,,3 a 5 veces por semana,Supermercado,Otro,Q101 - Q150,Mundialitos Queso Picante,Limón,Para compartir entre 2 personas,Q10 - Q15,Sí,Sí,Francia,Definitivamente sí,Francia,Cristiano Ronaldo; Vinícius Júnior; Rodri,Premios y sorteos,Descuento directo,Sí,Edición Brasil
42,2026-04-06,20:04:30,18 - 24 años,Femenino,Escuintla,Santa Lucía Cotzumalguapa,Ama de casa,1 a 2 veces por semana,Aplicación de delivery,Amigos,Q51 - Q100,Hot Stadium Peanuts; Caramel Goal Popcorn,Queso,Familiar,Q21 - Q30,Sí,Sí,Argentina,Definitivamente sí,Estados Unidos,Neymar Jr.; Julián Álvarez,Premios y sorteos,Tarjetas coleccionables,Sí,Edición Argentina
43,2026-03-14,22:44:27,18 - 24 años,Femenino, GUATEMALA ,Villa Nueva,Ama de casa,Todos los días,Tienda de barrio,Amigos,Menos de Q25,Energy Crunch Protein,Salado Tradicional,Individual,Más de Q30,Sí,Sí,Estados Unidos,Definitivamente sí,Inglaterra,Lamine Yamal; Kylian Mbappé,Historias de aficionados,Descuento directo,No,Edición Mundial FIFA 2026
44,2026-03-05,14:41:13,45 - 54 años,Masculino,Guatemala,Villa Nueva,Ama de casa,1 a 2 veces por semana,Supermercado,Amigos,Q51 - Q100,Energy Crunch Protein,Caramelo,Familiar,Q16 - Q20,No,Sí,Francia,Probablemente sí, PORTUGAL ,Neymar Jr.; Jude Bellingham,Historias de aficionados,2x1,Sí,Edición Argentina
45,2026-04-18,17:45:15,25 - 34 años,Femenino,Guatemala,Mixco,Estudiante,Varias veces al mes,Supermercado,Familia,Q25 - Q50,CrunchMax BBQ; Mundialitos Queso Picante; Caramel Goal Popcorn,Queso,Familiar,Q10 - Q15,No,Sí,Brasil,Probablemente sí,Portugal,Vinícius Júnior,Humor,Tarjetas coleccionables,No,Edición España
46,2026-03-16,20:47:20,45 - 54 años,Masculino,Quetzaltenango,Olintepeque,Estudiante,3 a 5 veces por semana,Tienda de barrio,Solo,Q25 - Q50,Hot Stadium Peanuts; Fan Chips Jalapeño; FutbolMix,Picante Chapín,Para compartir entre 2 personas,Más de Q30,No,Sí,Portugal,Tal vez,Argentina,Rodri; Jude Bellingham,Una selección nacional,Sorteo de camisetas,No,Edición con jugadores famosos
47,2026-01-21,18:25:48,35 - 44 años,Masculino,Guatemala,Guatemala,Comerciante,1 a 2 veces por semana,Tienda de barrio,Compañeros de trabajo,Q51 - Q100,Fan Chips Jalapeño; Gol Nachos Supreme,Limón,Individual,Q10 - Q15,Sí,No,Argentina,Definitivamente sí,Inglaterra,Ninguno; Lionel Messi; Vinícius Júnior,Un jugador famoso,2x1,Sí,Edición Francia
48,2026-03-12,21:44:33,35 - 44 años,Masculino,Chimaltenango,Chimaltenango,Estudiante,Todos los días,Gasolinera,Amigos,Q51 - Q100,CrunchMax BBQ,Queso,Individual,Más de Q30,Sí,Sí, ARGENTINA ,Tal vez,España,Lionel Messi,Una selección nacional,Descuento directo,Sí,Edición con tarjetas coleccionables
49,2026-02-22,18:11:52,45 - 54 años,Femenino,Totonicapán,Totonicapán,Empleado privado,Todos los días,Tienda de barrio,Familia,Q25 - Q50,CrunchMax BBQ,Queso,Familiar,Más de Q30,Sí,Sí,Argentina,Definitivamente sí,México,Neymar Jr.,Humor,Sorteo de viajes,No,Edición Inglaterra
50,2026-03-16,20:07:23,Menos de 18 años,Prefiero no indicarlo,Escuintla,Escuintla,Empleado privado,Todos los días,Gasolinera,Amigos,Q51 - Q100,ChocoKick Bites; Fan Chips Jalapeño,Dulce,Familiar,Q10 - Q15,No,Sí,Francia,Probablemente sí,Argentina,Cristiano Ronaldo,Un jugador famoso,Descuento directo,Sí,Edición con jugadores famosos
51,2026-01-25,21:57:57,18 - 24 años,Femenino,Chimaltenango,Chimaltenango,Empresario,1 a 2 veces por semana,Aplicación de delivery,Otro,Q101 - Q150,Mundialitos Queso Picante; Fan Chips Jalapeño; Gol Nachos Supreme,Picante Chapín,Para compartir entre 2 personas,Q16 - Q20,No,Sí,Estados Unidos,Probablemente sí,Uruguay,Lionel Messi; Christian Pulisic; Neymar Jr.,Una selección nacional,2x1,No,Edición Argentina
52,2026-03-10,07:50:56,35 - 44 años,Masculino,Sololá,Otro municipio,Empleado privado,Rara vez,Otro,Familia,Menos de Q25,FutbolMix,Salado Tradicional,Tamaño fiesta o reunión,Q21 - Q30,Sí,Sí,Portugal,Probablemente no,Argentina,Lionel Messi; Cristiano Ronaldo,Humor,Descuento directo,Sí,Edición Brasil
53,2026-01-27,21:25:44,25 - 34 años,Masculino,Sololá, OTRO MUNICIPIO ,Empleado privado,Varias veces al mes,Gasolinera,Amigos,Q51 - Q100,FutbolMix; CrunchMax BBQ; Gol Nachos Supreme,Queso,Tamaño fiesta o reunión,Menos de Q10,Sí,Sí,Argentina,Probablemente sí,Brasil,Neymar Jr.; Jude Bellingham; Lamine Yamal,Un jugador famoso,Tarjetas coleccionables,Sí,Edición con jugadores famosos
54,2026-02-04,18:07:03,18 - 24 años,Femenino,Guatemala,Santa Catarina Pinula,Profesional independiente,1 a 2 veces por semana,Tienda de barrio,Familia,Más de Q150,CrunchMax BBQ; Gol Nachos Supreme,Queso,Individual,Q16 - Q20,No,Sí,Francia,Probablemente sí,Brasil,Kylian Mbappé,Humor,Sorteo de balones,No,Edición Argentina
55,2026-01-19,08:12:58,25 - 34 años,Femenino, QUETZALTENANGO ,,Comerciante,Rara vez,Gasolinera,Compañeros de trabajo,Q51 - Q100,Victory Pretzels,Queso,Familiar,Q21 - Q30,Sí,Sí,México,Probablemente sí,Alemania,Federico Valverde; Vinícius Júnior; Ninguno,Un jugador famoso,Descuento directo,Sí,Edición Argentina
56,2026-04-13,10:57:46,18 - 24 años,Masculino,Escuintla,Escuintla,Estudiante,3 a 5 veces por semana,Tienda de barrio,Familia,Q51 - Q100,Mundialitos Queso Picante,Caramelo,Familiar,Q10 - Q15,Sí,Sí,Brasil,Definitivamente sí,México,Lionel Messi; Neymar Jr.; Vinícius Júnior,Humor,Descuento directo,Sí,Edición con jugadores famosos
57,2026-03-31,22:19:16,55 años o más,Femenino,Guatemala,Mixco,Comerciante,Varias veces al mes,Gasolinera,Familia,Q51 - Q100,ChocoKick Bites; Mundialitos Queso Picante; Gol Nachos Supreme,Queso,Para compartir entre 2 personas,Q10 - Q15,No,Sí,Estados Unidos,Tal vez,Brasil,Neymar Jr.; Federico Valverde,Un jugador famoso,Tarjetas coleccionables,Sí,Edición con tarjetas coleccionables
58,2026-03-30,19:18:16,25 - 34 años,Masculino,Quetzaltenango,Coatepeque,Empresario,Varias veces al mes,Supermercado,Familia,Q25 - Q50,CrunchMax BBQ; ChocoKick Bites; Gol Nachos Supreme,Picante Chapín,Para compartir entre 2 personas,Q16 - Q20,Sí,Sí,Uruguay,Tal vez,Brasil,Neymar Jr.; Harry Kane; Lamine Yamal,Un jugador famoso,Producto gratis,Sí,Edición Argentina
59,2026-03-06,12:51:11,18 - 24 años,Femenino,Guatemala,Santa Catarina Pinula,Empresario,1 a 2 veces por semana,Tienda de barrio,Familia,Q25 - Q50,Hot Stadium Peanuts,Jalapeño,Familiar,Menos de Q10,Sí,Sí,Inglaterra,Probablemente sí,Nueva Zelanda,Kylian Mbappé; Neymar Jr.,Una selección nacional,Descuento directo,No,Edición Brasil
60,2026-03-29,11:39:33,45 - 54 años,Masculino,Guatemala,Santa Catarina Pinula,Empleado privado,1 a 2 veces por semana,Otro,Amigos,Menos de Q25,CrunchMax BBQ,Picante Chapín,Familiar,Q16 - Q20,No,Sí,Argentina,Tal vez,Brasil,Federico Valverde,Un jugador famoso,Descuento directo,No,Edición España
61,2026-02-06,16:19:28,55 años o más,Femenino,Guatemala,Mixco,Estudiante,3 a 5 veces por semana,Otro,Familia,Q101 - Q150,CrunchMax BBQ,Picante Chapín,Para compartir entre 2 personas,Q16 - Q20,No,Sí,Brasil,Definitivamente sí,Uruguay,Julián Álvarez; Neymar Jr.,Un jugador famoso,2x1,No,Edición con jugadores famosos
62,2026-04-15,22:05:23,55 años o más,Masculino,Escuintla,Palín,Estudiante,3 a 5 veces por semana,Tienda de barrio,Amigos,Q51 - Q100,Hot Stadium Peanuts,Barbacoa,Individual,Q21 - Q30,No,Sí,Inglaterra,Definitivamente sí,Portugal,Rodri; Cristiano Ronaldo,Un jugador famoso,Sorteo de camisetas,Sí,Edición Mundial FIFA 2026
63,2026-04-16,16:26:02,18 - 24 años,Femenino,Santa Rosa,Otro municipio,Profesional independiente,Todos los días,Tienda de barrio,Familia,Q25 - Q50,Victory Pretzels; ChocoKick Bites,Picante Chapín,Para compartir entre 2 personas,Q16 - Q20,Sí,Sí,Brasil,Probablemente no,México,Julián Álvarez; Cristiano Ronaldo,Un jugador famoso,Sorteo de balones,Sí,Edición Francia
64,2026-04-02,20:04:58,25 - 34 años,Masculino,San Marcos,Otro municipio,Profesional independiente,3 a 5 veces por semana,,Compañeros de trabajo,Menos de Q25,Gol Nachos Supreme; FutbolMix; CrunchMax BBQ,Barbacoa,Individual,Menos de Q10,Sí,Sí,Austria,Probablemente sí,México,Lionel Messi; Jude Bellingham; Cristiano Ronaldo,Una selección nacional,Sorteo de camisetas,Sí,Edición Francia
65,2026-04-27,12:41:53,Menos de 18 años,Femenino,El Progreso,El Progreso,Jubilado,Varias veces al mes,Gasolinera,Compañeros de trabajo,Q101 - Q150,Mundialitos Queso Picante; ChocoKick Bites,Salado Tradicional,Tamaño fiesta o reunión,Q10 - Q15,No,Sí,Argentina,Tal vez,México,Neymar Jr.,Historias de aficionados,Sorteo de camisetas,No,Edición Mundial FIFA 2026
66,2026-02-21,15:38:32,25 - 34 años,Femenino,Guatemala,Santa Catarina Pinula,Estudiante,1 a 2 veces por semana,Supermercado,Compañeros de trabajo,Q51 - Q100,Gol Nachos Supreme,Limón,Individual,Q16 - Q20,Sí,Sí,Estados Unidos,Definitivamente no,Uruguay,Julián Álvarez; Cristiano Ronaldo,Un jugador famoso,2x1,No,Edición Inglaterra
67,2026-04-04,10:41:19,25 - 34 años,Femenino,Guatemala,San Miguel Petapa,Empleado privado,3 a 5 veces por semana,Kiosco escolar/universitario,Familia,Q25 - Q50,Mundialitos Queso Picante; Victory Pretzels; FutbolMix,Salado Tradicional,Familiar,Q16 - Q20,Sí,Sí,Türkiye,Definitivamente sí,Alemania,Lionel Messi; Vinícius Júnior,Un jugador famoso,2x1,Sí,Edición Mundial FIFA 2026
68,2026-01-15,20:39:40,Menos de 18 años,Femenino, ESCUINTLA ,Escuintla,Ama de casa,Varias veces al mes,Tienda de barrio,Solo,Q25 - Q50,ChocoKick Bites; Gol Nachos Supreme,Caramelo,Familiar,Q16 - Q20,No,Sí,México,Tal vez,Portugal,Lionel Messi; Kylian Mbappé,Un jugador famoso,Sorteo de camisetas,No,Edición Mundial FIFA 2026
69,2026-03-15,15:35:21,18 - 24 años,Masculino,Guatemala,Mixco,Empresario,1 a 2 veces por semana,Kiosco escolar/universitario,Otro,Q51 - Q100,FutbolMix,Limón,Tamaño fiesta o reunión,Q10 - Q15,Sí,Sí,España,Definitivamente no,Brasil,Neymar Jr.; Lionel Messi,Premios y sorteos,Sorteo de viajes,No,Edición Argentina
70,2026-02-26,18:48:18,45 - 54 años,Masculino,Guatemala,Villa Nueva,Estudiante,3 a 5 veces por semana,Supermercado,Amigos,Q51 - Q100,FutbolMix; Fan Chips Jalapeño,Jalapeño,Familiar,Q16 - Q20,Sí,Sí,Japón,Tal vez,España,Kylian Mbappé; Christian Pulisic,Una selección nacional,Producto gratis,Sí,Edición Argentina
71,2026-01-27,07:04:36,45 - 54 años,Femenino, ESCUINTLA ,Escuintla,Profesional independiente,1 a 2 veces por semana,Gasolinera,Amigos,Q25 - Q50,FutbolMix,Limón,Familiar,Q10 - Q15,Sí,Sí,Argentina,Probablemente no,España,Neymar Jr.; Kylian Mbappé,Premios y sorteos,2x1,Sí,Edición con jugadores famosos
72,2026-05-01,15:20:49,45 - 54 años,Femenino,Guatemala,Mixco,,3 a 5 veces por semana,Supermercado,Familia,Menos de Q25,ChocoKick Bites; Victory Pretzels,Chocolate,Familiar,Q10 - Q15,Sí,Sí,Inglaterra,Probablemente no,Francia,Lionel Messi; Lamine Yamal; Harry Kane,Premios y sorteos,Descuento directo,Sí,Edición con tarjetas coleccionables
73,2026-02-07,12:46:28,18 - 24 años,Femenino,Guatemala,Villa Nueva,Estudiante,1 a 2 veces por semana,Supermercado,Amigos,Q25 - Q50,ChocoKick Bites; Hot Stadium Peanuts,Limón,Para compartir entre 2 personas,Menos de Q10,No,Sí,Brasil,Definitivamente sí,Argentina,Lionel Messi; Ninguno,Humor,Tarjetas coleccionables,No,Edición España
74,2026-04-16,16:04:50,18 - 24 años,Femenino,Guatemala,Guatemala,Empleado público,3 a 5 veces por semana,Tienda de barrio,Familia,Más de Q150,Fan Chips Jalapeño,Salado Tradicional,Tamaño fiesta o reunión,Q10 - Q15,Sí,No,Noruega,Tal vez,Colombia,Vinícius Júnior,Humor,Sorteo de viajes,No,Edición Brasil
75,2026-01-19,08:45:23,25 - 34 años,Masculino,Quetzaltenango,Olintepeque,Profesional independiente,Todos los días,Tienda de barrio,Amigos,Menos de Q25,Caramel Goal Popcorn; FutbolMix; Mundialitos Queso Picante,Caramelo,Individual,Q16 - Q20,No,Sí, BRASIL ,Probablemente no,Argentina,Kylian Mbappé; Cristiano Ronaldo,Premios y sorteos,Tarjetas coleccionables,Sí,Edición España
76,2026-03-02,17:16:39,25 - 34 años,Femenino,Guatemala,San Miguel Petapa,Empleado privado,3 a 5 veces por semana,Tienda de barrio,Amigos,Q51 - Q100,CrunchMax BBQ,Chocolate,Individual,Menos de Q10,No,Sí,Alemania,Probablemente sí,Argentina,Lionel Messi; Federico Valverde; Vinícius Júnior,Una selección nacional,2x1,No,Edición Brasil
77,2026-05-05,18:39:40,25 - 34 años,Masculino,Retalhuleu,Otro municipio,Empleado privado,Varias veces al mes,Tienda de barrio,Amigos,Q25 - Q50,Caramel Goal Popcorn; CrunchMax BBQ; ChocoKick Bites,Caramelo,Individual,Q21 - Q30,Sí,Sí,Estados Unidos,Probablemente sí,Brasil,Cristiano Ronaldo; Neymar Jr.,Historias de aficionados,Descuento directo,No,Edición Mundial FIFA 2026
78,2026-04-15,22:25:07,45 - 54 años,Femenino,Guatemala,Santa Catarina Pinula,Jubilado,1 a 2 veces por semana,Supermercado,Amigos,Q25 - Q50,CrunchMax BBQ; Mundialitos Queso Picante,Picante Chapín,Individual,Q16 - Q20,Sí,Sí,Colombia,Probablemente sí, ESTADOS UNIDOS ,Jude Bellingham; Lionel Messi; Lamine Yamal,Un jugador famoso,Tarjetas coleccionables,No,Edición Brasil
79,2026-01-11,15:13:07,25 - 34 años,Femenino,Guatemala,Mixco,Ama de casa,3 a 5 veces por semana,Supermercado,Familia,Q25 - Q50,Caramel Goal Popcorn,Picante Chapín,Individual,,Sí,Sí,Brasil,Probablemente sí,Bosnia y Herzegovina,Harry Kane; Cristiano Ronaldo,Una selección nacional,Sorteo de viajes,Sí,Edición Inglaterra
80,2026-03-24,13:33:14,25 - 34 años,Masculino,Guatemala,Guatemala,Empleado privado,1 a 2 veces por semana,Tienda de barrio,Otro,Menos de Q25,Gol Nachos Supreme; CrunchMax BBQ,Salado Tradicional,Para compartir entre 2 personas,Q16 - Q20,No,Sí,Inglaterra,Definitivamente sí,Irán,Kylian Mbappé; Christian Pulisic,Un jugador famoso,Sorteo de viajes,No,Edición Inglaterra
81,2026-03-09,20:45:03,25 - 34 años,Masculino,Retalhuleu,Otro municipio,Jubilado,1 a 2 veces por semana,Supermercado,Familia,Menos de Q25,FutbolMix; Fan Chips Jalapeño, CARAMELO ,Individual,Q16 - Q20,Sí,Sí,Alemania,Probablemente no,Colombia,Neymar Jr.; Kylian Mbappé; Vinícius Júnior,Una selección nacional,Tarjetas coleccionables,No,Edición España
82,2026-04-07,13:00:52,45 - 54 años,Masculino,Guatemala,Villa Nueva,Empleado privado,1 a 2 veces por semana,Supermercado,Amigos,Menos de Q25,Caramel Goal Popcorn; Gol Nachos Supreme,Jalapeño,Para compartir entre 2 personas,Q16 - Q20,Sí,No,España,Tal vez,Brasil,Neymar Jr.,Humor,Sorteo de camisetas,Sí,Edición Mundial FIFA 2026
83,2026-04-14,09:29:14,25 - 34 años,Femenino,Quetzaltenango,Coatepeque,Estudiante,Varias veces al mes,Kiosco escolar/universitario,Familia,Menos de Q25,Gol Nachos Supreme; CrunchMax BBQ; FutbolMix,Limón,Tamaño fiesta o reunión,Q10 - Q15,Sí,Sí,México,Tal vez, ESPAÑA ,Kylian Mbappé; Jude Bellingham,Un jugador famoso,Sorteo de viajes,Sí,Edición con jugadores famosos
84,2026-05-05,20:39:30,25 - 34 años,Femenino,Guatemala,San Miguel Petapa,Ama de casa,Rara vez,Gasolinera,Familia,Q51 - Q100,Victory Pretzels; Mundialitos Queso Picante; CrunchMax BBQ, BARBACOA ,Familiar,Q21 - Q30,No,Sí,México,Definitivamente sí,Portugal,Neymar Jr.; Lionel Messi,Historias de aficionados,2x1,Sí,Edición España
85,2026-01-24,16:41:54,25 - 34 años,Femenino,Guatemala,San Miguel Petapa,Empleado privado,3 a 5 veces por semana,Supermercado,Amigos,Q51 - Q100,Mundialitos Queso Picante; Fan Chips Jalapeño; FutbolMix,Picante Chapín,Tamaño fiesta o reunión,Q21 - Q30,Sí,Sí,Colombia,Probablemente sí,Argentina,Lionel Messi,Una selección nacional,Tarjetas coleccionables,Sí,Edición Brasil
86,2026-01-15,16:30:03,Menos de 18 años,Femenino,Quetzaltenango,Olintepeque,Estudiante,Varias veces al mes,Supermercado,Compañeros de trabajo,Más de Q150,Gol Nachos Supreme; Hot Stadium Peanuts,Picante Chapín,Tamaño fiesta o reunión,Q10 - Q15,Sí,Sí,Brasil,Probablemente sí,México,Christian Pulisic; Kylian Mbappé,Una selección nacional,2x1,Sí,Edición Mundial FIFA 2026
87,2026-03-24,11:35:42,55 años o más,Femenino,Chimaltenango,Tecpán Guatemala,Comerciante,1 a 2 veces por semana,Tienda de barrio,Otro,Q51 - Q100,ChocoKick Bites; Fan Chips Jalapeño; CrunchMax BBQ,Queso,Familiar,Más de Q30,No,Sí,Brasil,Tal vez,Argentina,Neymar Jr.,Premios y sorteos,Sorteo de camisetas,Sí,Edición con jugadores famosos
88,2026-02-01,09:58:01,35 - 44 años,Masculino,Quetzaltenango,Coatepeque,Estudiante,1 a 2 veces por semana,Aplicación de delivery,Amigos,Más de Q150,CrunchMax BBQ; Fan Chips Jalapeño,Jalapeño,Tamaño fiesta o reunión,Q10 - Q15,Sí,Sí,Portugal,Definitivamente sí,México,Cristiano Ronaldo; Lamine Yamal; Neymar Jr.,Una selección nacional,Sorteo de balones,No,Edición con tarjetas coleccionables
89,2026-05-10,13:03:27,Menos de 18 años,Femenino,Guatemala,Guatemala,Empresario,3 a 5 veces por semana,Supermercado,Familia,Menos de Q25,CrunchMax BBQ; Fan Chips Jalapeño,Limón,Tamaño fiesta o reunión,Más de Q30,No,No,Alemania,Probablemente sí,,Lionel Messi; Jude Bellingham; Cristiano Ronaldo,Un jugador famoso,Descuento directo,Sí,Edición Argentina
90,2026-04-29,07:02:05,55 años o más,Femenino,Guatemala,,Ama de casa,Todos los días,Aplicación de delivery,Familia,Q25 - Q50,Caramel Goal Popcorn; Fan Chips Jalapeño; Hot Stadium Peanuts,Queso,Familiar,Q10 - Q15,No,Sí,Colombia,Probablemente sí,Francia,Cristiano Ronaldo,Humor,Sorteo de balones,Sí,Edición Francia
91,2026-03-05,18:44:08,18 - 24 años,Femenino,Petén,Flores,Comerciante,3 a 5 veces por semana,Supermercado,Familia,Menos de Q25,Victory Pretzels; Fan Chips Jalapeño,Limón,Tamaño fiesta o reunión,Q16 - Q20,Sí,Sí,Portugal,Probablemente sí,Argentina,Lionel Messi,Una selección nacional,Producto gratis,Sí,Edición con tarjetas coleccionables
92,2026-02-16,12:18:19,18 - 24 años,Femenino,Guatemala,Guatemala,Estudiante,3 a 5 veces por semana,Otro,Familia,Q101 - Q150,CrunchMax BBQ,Queso,Tamaño fiesta o reunión,Q21 - Q30,No,Sí,Brasil,Definitivamente sí,México,Harry Kane; Cristiano Ronaldo; Vinícius Júnior,Historias de aficionados,Descuento directo,No,Edición Brasil
93,2026-04-18,09:49:07,45 - 54 años,Masculino,Guatemala,Guatemala,Comerciante,3 a 5 veces por semana,Supermercado,Familia,Menos de Q25,Victory Pretzels; Gol Nachos Supreme; Caramel Goal Popcorn,Jalapeño,Familiar,Q16 - Q20,Sí,No,Suecia,Definitivamente no,Portugal,Cristiano Ronaldo; Vinícius Júnior,Una selección nacional,Descuento directo,Sí,Edición Mundial FIFA 2026
94,2026-03-13,08:33:49,35 - 44 años,Femenino,Guatemala,San Miguel Petapa,Empleado privado,Todos los días,Gasolinera,Compañeros de trabajo,Q25 - Q50,Fan Chips Jalapeño,Chocolate,Individual,Q21 - Q30,No,No,Argentina,Probablemente no,Portugal,Cristiano Ronaldo; Neymar Jr.; Lamine Yamal,Premios y sorteos,Sorteo de balones,Sí,Edición Mundial FIFA 2026
95,2026-03-18,07:22:43,25 - 34 años,Masculino,Guatemala,Guatemala,Ama de casa,Varias veces al mes,Otro,Familia,Más de Q150,Fan Chips Jalapeño; CrunchMax BBQ,Limón,Individual,Menos de Q10,Sí,Sí,España,Definitivamente sí,Austria,Lionel Messi; Alphonso Davies; Neymar Jr.,Un jugador famoso,Sorteo de viajes,No,Edición Mundial FIFA 2026
96,2026-04-07,08:03:07,45 - 54 años,Masculino,Alta Verapaz,Cabecera municipal,Empleado público,Varias veces al mes,Kiosco escolar/universitario,Familia,Menos de Q25,Energy Crunch Protein,Jalapeño,Para compartir entre 2 personas,Menos de Q10,Sí,Sí,España,Probablemente sí,Alemania,Vinícius Júnior; Federico Valverde,Un jugador famoso,2x1,Sí,Edición Francia
97,2026-04-17,08:17:23,25 - 34 años,Masculino,El Progreso,El Progreso,Jubilado,Todos los días,Aplicación de delivery,Amigos,Q51 - Q100,Victory Pretzels; CrunchMax BBQ; Caramel Goal Popcorn,Picante Chapín,Tamaño fiesta o reunión,Q21 - Q30,Sí,Sí,Portugal,Definitivamente sí,España,Cristiano Ronaldo,Una selección nacional,Tarjetas coleccionables,Sí,Edición Mundial FIFA 2026
98,2026-02-24,20:42:43,35 - 44 años,Femenino,Guatemala,Mixco,Estudiante,1 a 2 veces por semana,Tienda de barrio,Amigos,Q51 - Q100,Gol Nachos Supreme; Mundialitos Queso Picante,Limón,Individual,Q16 - Q20,Sí,Sí,México,Probablemente sí,Curaçao,Cristiano Ronaldo,Premios y sorteos,Tarjetas coleccionables,No,Edición Francia
99,2026-02-13,14:21:09,25 - 34 años,Femenino,Totonicapán,Otro municipio,Empleado privado,3 a 5 veces por semana,Tienda de barrio,Compañeros de trabajo,Menos de Q25,FutbolMix,Picante Chapín,Tamaño fiesta o reunión,Q16 - Q20,Sí,Sí,Argentina,Definitivamente no,México,Lionel Messi,Humor,2x1,No,Edición Brasil
100,2026-04-30,20:40:47,55 años o más,Masculino,Escuintla,Santa Lucía Cotzumalguapa,Empleado privado,3 a 5 veces por semana,Supermercado,Familia,Menos de Q25,Mundialitos Queso Picante,Barbacoa,Individual,Q16 - Q20,Sí,Sí,México,Definitivamente sí,Brasil,Lionel Messi; Neymar Jr.; Cristiano Ronaldo,Premios y sorteos,Tarjetas coleccionables,Sí,Edición con jugadores famosos
101,2026-01-16,14:15:41,18 - 24 años,Masculino,Escuintla,Escuintla,Empleado privado,Varias veces al mes,Tienda de barrio,Amigos,Q51 - Q100,Victory Pretzels; Mundialitos Queso Picante; Fan Chips Jalapeño,Limón,Individual,Q10 - Q15,Sí,Sí,Colombia,Tal vez,Irán,Harry Kane; Lionel Messi,Humor,2x1,No,Edición con jugadores famosos
102,2026-05-10,12:13:31,35 - 44 años,Femenino,Escuintla,Palín,Empleado privado,1 a 2 veces por semana,Tienda de barrio,Familia,Q25 - Q50,FutbolMix; Fan Chips Jalapeño,Dulce,Individual,Q21 - Q30,No,Sí,Portugal,Probablemente sí,Argentina,Jude Bellingham,Un jugador famoso,2x1,No,Edición Argentina
103,2026-03-30,13:59:45,55 años o más,Femenino,Alta Verapaz,Otro municipio,Empresario,Todos los días,Tienda de barrio,Amigos,Q51 - Q100,Fan Chips Jalapeño,,Individual,Q16 - Q20,Sí,Sí,Francia,Probablemente sí,Brasil,Lamine Yamal; Lionel Messi; Kylian Mbappé,Premios y sorteos,Tarjetas coleccionables,Sí,Edición Inglaterra
104,2026-03-29,17:45:36,25 - 34 años,Masculino,Guatemala,San Miguel Petapa,Estudiante,3 a 5 veces por semana,Gasolinera,Familia,Más de Q150,Caramel Goal Popcorn,Picante Chapín,Tamaño fiesta o reunión,Q21 - Q30,Sí,No,Panamá,Definitivamente sí,Portugal,Neymar Jr.; Cristiano Ronaldo; Federico Valverde,Un jugador famoso,Sorteo de camisetas,No,Edición con jugadores famosos
105,2026-02-05,18:15:46,35 - 44 años,Masculino,Guatemala,Villa Nueva,Ama de casa,Todos los días,Supermercado,Familia,Q51 - Q100,ChocoKick Bites; Caramel Goal Popcorn; CrunchMax BBQ,Limón,Familiar,Q10 - Q15,No,Sí,Francia,Probablemente sí,Alemania,Lamine Yamal; Vinícius Júnior,Humor,Sorteo de viajes,No,Edición con jugadores famosos
106,2026-03-12,09:49:06,35 - 44 años,Masculino,El Progreso,Otro municipio,Empleado público,3 a 5 veces por semana,Gasolinera,Familia,Q101 - Q150,CrunchMax BBQ,Barbacoa,Para compartir entre 2 personas,Q16 - Q20,Sí,Sí,Noruega,Definitivamente sí,Portugal,Lionel Messi; Vinícius Júnior; Harry Kane,Un jugador famoso,Sorteo de viajes,No,Edición Argentina
107,2026-03-25,19:17:25,35 - 44 años,Femenino,Guatemala,Villa Nueva,Empleado privado,Todos los días,Supermercado,Amigos,Q25 - Q50,Energy Crunch Protein,Queso,Familiar,Q21 - Q30,Sí,Sí,Estados Unidos,Probablemente sí,Argentina,Cristiano Ronaldo; Lamine Yamal,Historias de aficionados,Descuento directo,No,Edición Argentina
108,2026-03-13,07:04:47,18 - 24 años,Femenino,Sacatepéquez,Ciudad Vieja,Empleado privado,1 a 2 veces por semana,Gasolinera,Familia,Q25 - Q50,Gol Nachos Supreme,Barbacoa,Individual,Q10 - Q15,No,Sí,Argentina,Definitivamente sí,Estados Unidos,Kylian Mbappé; Lionel Messi,Un jugador famoso,Descuento directo,Sí,Edición España
109,2026-01-15,21:17:32,18 - 24 años,Femenino,Guatemala,Villa Nueva,Empleado privado,Varias veces al mes,Supermercado,Amigos,Q101 - Q150,Gol Nachos Supreme; ChocoKick Bites; Mundialitos Queso Picante,Queso,Para compartir entre 2 personas,Q10 - Q15,No,No,Inglaterra,Definitivamente sí,México,Julián Álvarez; Alphonso Davies,Una selección nacional,Producto gratis,No,Edición Argentina
110,2026-02-13,21:25:41,25 - 34 años,Femenino,Escuintla,Escuintla,Estudiante,Todos los días,Supermercado,Familia,Q51 - Q100,Hot Stadium Peanuts; Fan Chips Jalapeño; Victory Pretzels,Barbacoa,Familiar,Q16 - Q20,Sí,Sí,Argentina,Probablemente sí,Brasil,Kylian Mbappé; Cristiano Ronaldo,Historias de aficionados,Sorteo de camisetas,Sí,Edición con tarjetas coleccionables
111,2026-01-24,08:15:47,Menos de 18 años,Masculino,Escuintla,Santa Lucía Cotzumalguapa,Profesional independiente,Varias veces al mes,Kiosco escolar/universitario,Amigos,Q101 - Q150,ChocoKick Bites; CrunchMax BBQ; Hot Stadium Peanuts,Barbacoa,Tamaño fiesta o reunión,Menos de Q10,No,Sí,Brasil,Probablemente sí,Inglaterra,Vinícius Júnior; Cristiano Ronaldo; Federico Valverde,Una selección nacional,2x1,Sí,Edición Brasil
112,2026-03-19,09:58:39,25 - 34 años,Masculino,Alta Verapaz,Alta Verapaz,Estudiante,Todos los días,Kiosco escolar/universitario,Amigos,Q101 - Q150,Fan Chips Jalapeño,Salado Tradicional,Tamaño fiesta o reunión,Q16 - Q20,Sí,No,Argentina,Probablemente sí,México,Jude Bellingham; Cristiano Ronaldo; Lamine Yamal,Un jugador famoso,Producto gratis,Sí,Edición Brasil
113,2026-03-21,18:00:39,45 - 54 años,Femenino,Sololá,Cabecera municipal,Profesional independiente,Todos los días,Kiosco escolar/universitario,Familia,Q51 - Q100,Gol Nachos Supreme,Queso,Tamaño fiesta o reunión,Q21 - Q30,Sí,Sí, ALEMANIA ,Probablemente no,Brasil,Kylian Mbappé; Lionel Messi; Vinícius Júnior,Una selección nacional,Descuento directo,Sí,Edición Mundial FIFA 2026
114,2026-02-14,15:27:49,18 - 24 años,Masculino,Izabal,Izabal,Empleado privado,3 a 5 veces por semana,Aplicación de delivery,Familia,Q51 - Q100,Caramel Goal Popcorn; Mundialitos Queso Picante; CrunchMax BBQ,Salado Tradicional,Para compartir entre 2 personas,Q10 - Q15,Sí,Sí,España,Tal vez,Francia,Lionel Messi; Cristiano Ronaldo,Un jugador famoso,Producto gratis,No,Edición con tarjetas coleccionables
115,2026-04-14,12:50:46,35 - 44 años,Femenino,Guatemala,Mixco,Empleado privado,1 a 2 veces por semana,Tienda de barrio,Solo,Q25 - Q50,Gol Nachos Supreme; FutbolMix,Chocolate,Tamaño fiesta o reunión,Más de Q30,No,Sí,Estados Unidos,Probablemente sí,Argentina,Lamine Yamal,Un jugador famoso,Sorteo de viajes,No,Edición con tarjetas coleccionables
116,2026-04-26,13:45:33,18 - 24 años,Femenino,El Progreso,El Progreso,Empleado privado,Varias veces al mes,Supermercado,Solo,Q25 - Q50,Gol Nachos Supreme; CrunchMax BBQ; ChocoKick Bites, DULCE ,Individual,Q10 - Q15,No,Sí,Inglaterra,Definitivamente sí,Brasil,Lamine Yamal,Humor,2x1,No,Edición Francia
117,2026-04-17,17:20:43,25 - 34 años,Femenino,Zacapa,Zacapa,Empleado público,Varias veces al mes,Tienda de barrio,Familia,Q51 - Q100,Mundialitos Queso Picante; Fan Chips Jalapeño; CrunchMax BBQ,Picante Chapín,Individual,Q21 - Q30,Sí,Sí,España,Tal vez,México,Jude Bellingham; Cristiano Ronaldo,Un jugador famoso,Descuento directo,Sí,Edición Mundial FIFA 2026
118,2026-04-09,20:56:50,Menos de 18 años,Femenino,Guatemala,Santa Catarina Pinula,Empleado privado,3 a 5 veces por semana,Supermercado,Familia,Q51 - Q100,FutbolMix,Barbacoa,Tamaño fiesta o reunión,Q10 - Q15,No,No,México,Definitivamente sí,Brasil,Neymar Jr.; Lamine Yamal,Una selección nacional,2x1,Sí,Edición Inglaterra
119,2026-01-31,09:56:14,18 - 24 años,Femenino,Guate,Santa Catarina Pinula,Empleado privado,Todos los días,Otro,Familia,Q101 - Q150,Mundialitos Queso Picante; FutbolMix,Queso,Familiar,Q10 - Q15,Sí,Sí,México,Probablemente sí,Estados Unidos,Lionel Messi,Humor,2x1,No,Edición España
120,2026-04-25,19:09:54,18 - 24 años,Masculino,Guatemala,Guatemala,Empleado privado,Varias veces al mes,Gasolinera,Amigos,Q51 - Q100,ChocoKick Bites; FutbolMix; Mundialitos Queso Picante,Jalapeño,Individual,Menos de Q10,Sí,Sí,Brasil,Definitivamente sí,Argentina,Cristiano Ronaldo; Kylian Mbappé,Historias de aficionados,2x1,Sí,Edición Argentina
121,2026-04-01,19:47:19,18 - 24 años,Femenino, CHIQUIMULA ,Chiquimula,Estudiante,Todos los días,Kiosco escolar/universitario,Familia,Q25 - Q50,CrunchMax BBQ,Salado Tradicional,Tamaño fiesta o reunión,Más de Q30,Sí,Sí,Inglaterra,Tal vez, BRASIL ,Ninguno,Premios y sorteos,Sorteo de camisetas,Sí,Edición España
122,2026-01-13,12:47:13,25 - 34 años,Masculino,Huehuetenango,Huehuetenango,Ama de casa,Todos los días,Aplicación de delivery,Familia,Q25 - Q50,Fan Chips Jalapeño; Victory Pretzels,Salado Tradicional,Para compartir entre 2 personas,Q16 - Q20,Sí,Sí,España,Definitivamente no,España,Neymar Jr.; Kylian Mbappé; Cristiano Ronaldo,Un jugador famoso,Sorteo de viajes,Sí,Edición Inglaterra
123,2026-04-03,12:00:59,25 - 34 años,Femenino,Chimaltenango, CHIMALTENANGO ,Estudiante,1 a 2 veces por semana,Aplicación de delivery,Familia,Q25 - Q50,Mundialitos Queso Picante; Gol Nachos Supreme,Chocolate,Individual,Más de Q30,Sí,Sí,Argentina,Definitivamente sí,Brasil,Federico Valverde; Harry Kane,Una selección nacional,Sorteo de viajes,Sí,Edición España
124,2026-02-18,12:27:19,Menos de 18 años,Prefiero no indicarlo,Sacatepéquez,Antigua Guatemala,Empleado privado,Varias veces al mes,Supermercado,Compañeros de trabajo,Q51 - Q100,Fan Chips Jalapeño; Mundialitos Queso Picante; Victory Pretzels,Queso,Familiar,Q16 - Q20,Sí,Sí,México,Probablemente sí,Portugal,Jude Bellingham,Humor,Sorteo de camisetas,No,Edición Brasil
125,2026-03-20,18:05:01,45 - 54 años,Masculino,Guatemala,Santa Catarina Pinula,Estudiante,Varias veces al mes,Kiosco escolar/universitario,Familia,Q25 - Q50,Fan Chips Jalapeño,Queso,Familiar,Q21 - Q30,Sí,Sí,Brasil,Definitivamente sí,Brasil,Jude Bellingham,Humor,Sorteo de balones,No,Edición con jugadores famosos
126,2026-02-18,22:50:24,25 - 34 años,Masculino,Chimaltenango,Chimaltenango,Empleado privado,1 a 2 veces por semana,Tienda de barrio,Compañeros de trabajo,Q51 - Q100,Caramel Goal Popcorn,Chocolate,Familiar,Q10 - Q15,Sí,Sí,Alemania,Probablemente sí,España,Cristiano Ronaldo,Un jugador famoso,Producto gratis,Sí,Edición Mundial FIFA 2026
127,2026-02-23,18:41:55,25 - 34 años,Masculino,Escuintla,Palín,Profesional independiente,3 a 5 veces por semana,Supermercado,Compañeros de trabajo,Q51 - Q100,FutbolMix; Victory Pretzels; Fan Chips Jalapeño,Salado Tradicional,Para compartir entre 2 personas,Q16 - Q20,No,Sí,México,Definitivamente sí,Argentina,Lionel Messi; Kylian Mbappé,Un jugador famoso,Tarjetas coleccionables,Sí,Edición con tarjetas coleccionables
128,2026-01-31,16:11:37,35 - 44 años,Femenino,Guatemala,Guatemala,Ama de casa,Varias veces al mes,Otro,Familia,Q25 - Q50,CrunchMax BBQ; FutbolMix; Gol Nachos Supreme,Caramelo,Tamaño fiesta o reunión,Más de Q30,Sí,Sí,Estados Unidos,Probablemente no,Estados Unidos,Julián Álvarez; Vinícius Júnior,Una selección nacional,2x1,Sí,Edición con jugadores famosos
129,2026-03-10,21:32:23,45 - 54 años,Femenino,Petén,Poptún,Empleado privado,Varias veces al mes,Supermercado,Familia,Q25 - Q50,Victory Pretzels; CrunchMax BBQ; Mundialitos Queso Picante,Limón,Tamaño fiesta o reunión,Menos de Q10,No,Sí,España,Probablemente no,Estados Unidos,Kylian Mbappé; Lionel Messi,Una selección nacional,Descuento directo,Sí,Edición con jugadores famosos
130,2026-01-28,18:08:16,18 - 24 años,Femenino,Escuintla,Santa Lucía Cotzumalguapa,Comerciante,1 a 2 veces por semana,Otro,Amigos,Más de Q150,Caramel Goal Popcorn,Limón,Individual,Q10 - Q15,Sí,Sí,Portugal,Probablemente sí,Argentina,Vinícius Júnior; Julián Álvarez,Una selección nacional,Tarjetas coleccionables,Sí,Edición Inglaterra
131,2026-03-22,18:28:25,25 - 34 años,Femenino,Guatemala,Santa Catarina Pinula,Empleado privado,3 a 5 veces por semana,Supermercado,Familia,Q51 - Q100,Mundialitos Queso Picante,Picante Chapín,Individual,Q10 - Q15,Sí,Sí,México,Probablemente sí,Argentina,Vinícius Júnior; Ninguno,Un jugador famoso,Tarjetas coleccionables,No,Edición Brasil
132,2026-03-06,12:28:32,18 - 24 años,Masculino,Retalhuleu,Retalhuleu,Otro,Varias veces al mes,Supermercado,Amigos,Menos de Q25,Mundialitos Queso Picante; Caramel Goal Popcorn; Gol Nachos Supreme,Queso,Individual,Q21 - Q30,Sí,Sí,Portugal,Probablemente sí,México,Kylian Mbappé; Lionel Messi,Premios y sorteos,Descuento directo,Sí,Edición con jugadores famosos
133,2026-02-19,07:07:31,25 - 34 años,Masculino,Sololá,Cabecera municipal,Empleado privado,3 a 5 veces por semana,Aplicación de delivery,Compañeros de trabajo,Q25 - Q50,CrunchMax BBQ; Mundialitos Queso Picante; Fan Chips Jalapeño,Caramelo,Familiar,Q10 - Q15,Sí,Sí,Inglaterra,Probablemente sí,México,Kylian Mbappé,Premios y sorteos,Descuento directo,No,Edición con tarjetas coleccionables
134,2026-04-27,11:34:20,18 - 24 años,Masculino,Escuintla,Santa Lucía Cotzumalguapa,Empleado privado,1 a 2 veces por semana,Supermercado,Amigos,Q101 - Q150,Gol Nachos Supreme; Mundialitos Queso Picante,Jalapeño,Individual,Q21 - Q30,No,Sí,Brasil,Probablemente sí,Inglaterra,Neymar Jr.; Jude Bellingham; Kylian Mbappé,Historias de aficionados,Sorteo de viajes,Sí,Edición Inglaterra
135,2026-05-09,22:28:55,35 - 44 años,Prefiero no indicarlo,Alta Verapaz,Otro municipio,Profesional independiente,1 a 2 veces por semana,Aplicación de delivery,Familia,Q101 - Q150,Caramel Goal Popcorn; Hot Stadium Peanuts,Salado Tradicional,Para compartir entre 2 personas,Q10 - Q15,No,Sí,Argentina,Probablemente sí,España,Lionel Messi; Christian Pulisic,Historias de aficionados,2x1,No,Edición con jugadores famosos
136,2026-04-04,13:53:45,18 - 24 años,Masculino,Zacapa,Cabecera municipal,Profesional independiente,1 a 2 veces por semana,Tienda de barrio,Otro,Q25 - Q50,Mundialitos Queso Picante; Hot Stadium Peanuts; FutbolMix,Salado Tradicional,Individual,Q21 - Q30,Sí,No,México,Tal vez,Argentina,Lionel Messi; Neymar Jr.,Humor,Descuento directo,Sí,Edición España
137,2026-03-09,11:05:33,45 - 54 años,Masculino,Quiché,Cabecera municipal,Estudiante,1 a 2 veces por semana,Supermercado,Amigos,Q51 - Q100,Gol Nachos Supreme,Queso,Familiar,Q16 - Q20,No,Sí,España,Probablemente sí,Portugal,Lamine Yamal; Cristiano Ronaldo,Humor,Descuento directo,No,Edición España
138,2026-03-28,09:46:46,45 - 54 años,Masculino,Sacatepéquez,Sumpango,Estudiante,3 a 5 veces por semana,Tienda de barrio,Familia,Q51 - Q100,Hot Stadium Peanuts,Limón,Tamaño fiesta o reunión,Q10 - Q15,Sí,Sí,España,Probablemente sí, PORTUGAL ,Harry Kane; Lamine Yamal,Un jugador famoso,Producto gratis,Sí,Edición España
139,2026-02-02,21:49:10,25 - 34 años,Masculino,Guatemala,Guatemala,Estudiante,1 a 2 veces por semana,Tienda de barrio,Amigos,Q25 - Q50,Gol Nachos Supreme,Jalapeño,Para compartir entre 2 personas,Q16 - Q20,Sí,Sí,Argentina,Definitivamente sí,México,Neymar Jr.; Christian Pulisic,Un jugador famoso,Sorteo de camisetas,Sí,Edición Argentina
140,2026-02-15,18:31:25,45 - 54 años,Masculino,Guatemala,Guatemala,Empleado privado,1 a 2 veces por semana,Supermercado,Otro,Q25 - Q50,CrunchMax BBQ; Mundialitos Queso Picante,Jalapeño,Familiar,Q16 - Q20,Sí,Sí,Portugal,Probablemente no,Brasil,Kylian Mbappé; Cristiano Ronaldo; Lionel Messi,Historias de aficionados,Sorteo de viajes,Sí,Edición Brasil
141,2026-03-10,17:28:11,25 - 34 años,Masculino,Guatemala,Santa Catarina Pinula,Comerciante,Todos los días,Supermercado,Familia,Menos de Q25,Mundialitos Queso Picante; Fan Chips Jalapeño,Queso,Individual,Menos de Q10,Sí,Sí, ESPAÑA ,Probablemente sí,Argentina,Neymar Jr.; Lamine Yamal; Alphonso Davies,Premios y sorteos,Descuento directo,No,Edición Argentina
142,2026-03-07,17:13:01,45 - 54 años,Masculino,Guatemala,Mixco,Empleado privado,1 a 2 veces por semana,Supermercado,Familia,Q25 - Q50,FutbolMix; ChocoKick Bites; Energy Crunch Protein,Queso,Familiar,Q16 - Q20,Sí,Sí,México,Probablemente sí,Argentina,Alphonso Davies; Lionel Messi; Lamine Yamal,Una selección nacional,Producto gratis,Sí,Edición España
143,2026-01-28,18:56:02,25 - 34 años,Masculino,Guatemala,Mixco,Profesional independiente,Rara vez,Tienda de barrio,Amigos,Q51 - Q100,Fan Chips Jalapeño,Barbacoa,Para compartir entre 2 personas,Q16 - Q20,Sí,Sí,Alemania,Probablemente sí,Senegal,Lionel Messi,Un jugador famoso,Tarjetas coleccionables,Sí,Edición con tarjetas coleccionables
144,2026-01-17,22:14:31,35 - 44 años,Masculino,Quiché,Cabecera municipal,Estudiante,1 a 2 veces por semana,Supermercado,Amigos,Q25 - Q50,CrunchMax BBQ,Salado Tradicional,Individual,Q16 - Q20,Sí,Sí,Inglaterra,Tal vez,Argentina,Lionel Messi,Historias de aficionados,2x1,No,Edición Brasil
145,2026-04-12,15:26:21,25 - 34 años,Masculino,Guatemala,Guatemala,Empleado privado,1 a 2 veces por semana,Tienda de barrio,Amigos,Q25 - Q50,ChocoKick Bites,Picante Chapín,Para compartir entre 2 personas,Q21 - Q30,Sí,Sí,España,Probablemente sí,Brasil,Lionel Messi; Cristiano Ronaldo; Vinícius Júnior,Historias de aficionados,Descuento directo,No,Edición Argentina
146,2026-02-27,07:28:44,25 - 34 años,Femenino,Quetzaltenango,Quetzaltenango,Otro,1 a 2 veces por semana,Supermercado,Familia,Q101 - Q150,ChocoKick Bites; Hot Stadium Peanuts,Caramelo,Familiar,Q10 - Q15,Sí,Sí,Estados Unidos,Definitivamente sí,Portugal,Lionel Messi; Cristiano Ronaldo,Historias de aficionados,Descuento directo,No,Edición Brasil
147,2026-04-26,15:03:01,55 años o más,Femenino,Guatemala,Villa Nueva,Estudiante,Todos los días,Tienda de barrio,Amigos,Q25 - Q50,Victory Pretzels,Barbacoa,Familiar,Q16 - Q20,Sí,Sí,Brasil,Probablemente no,Argentina,Kylian Mbappé,Historias de aficionados,2x1,Sí,Edición con jugadores famosos
148,2026-03-08,07:32:23,55 años o más,Femenino,Escuintla,Santa Lucía Cotzumalguapa,Estudiante,Varias veces al mes,Gasolinera,Amigos,Q51 - Q100,Caramel Goal Popcorn; Victory Pretzels; Mundialitos Queso Picante,Jalapeño,Para compartir entre 2 personas,Q16 - Q20,No,Sí,Brasil,Probablemente no,Argentina,Lionel Messi; Christian Pulisic; Vinícius Júnior,Un jugador famoso,Tarjetas coleccionables,No,Edición España
149,2026-04-01,15:29:11,35 - 44 años,Masculino,Guatemala,Villa Nueva,Comerciante,1 a 2 veces por semana,Gasolinera,Familia,Q101 - Q150,Gol Nachos Supreme; Fan Chips Jalapeño,Salado Tradicional,Tamaño fiesta o reunión,Q16 - Q20,No,No,Brasil,Tal vez,Brasil,Christian Pulisic,Un jugador famoso,Descuento directo,No,Edición Francia
150,2026-04-19,18:54:41,55 años o más,Femenino,Sacatepéquez,Antigua Guatemala,Comerciante,3 a 5 veces por semana,Supermercado,Solo,Q51 - Q100,Fan Chips Jalapeño,Picante Chapín,Para compartir entre 2 personas,Q10 - Q15,No,Sí,Portugal,Tal vez,México,Kylian Mbappé; Julián Álvarez,Un jugador famoso,Sorteo de balones,No,Edición Brasil
151,2026-01-15,18:11:58,25 - 34 años,Masculino,Guatemala,San Miguel Petapa,Empleado privado,Varias veces al mes,Aplicación de delivery,Solo,Q51 - Q100,Caramel Goal Popcorn; Fan Chips Jalapeño,Limón,Familiar,Q16 - Q20,No,Sí,Argentina,Probablemente sí,Colombia,Lamine Yamal; Neymar Jr.,Humor,Descuento directo,Sí,Edición Mundial FIFA 2026
152,2026-01-30,13:11:27,25 - 34 años,Masculino,Guatemala,Mixco,Empresario,Rara vez,,Amigos,Más de Q150,Hot Stadium Peanuts; Gol Nachos Supreme; Energy Crunch Protein,Jalapeño,Tamaño fiesta o reunión,Q10 - Q15,No,Sí,Inglaterra,Definitivamente sí,Francia,Lionel Messi,Un jugador famoso,Sorteo de camisetas,Sí,Edición Mundial FIFA 2026
153,2026-03-28,09:20:59,35 - 44 años,Masculino,Quetzaltenango,Coatepeque,Empleado privado,1 a 2 veces por semana,Supermercado,Familia,Q51 - Q100,CrunchMax BBQ,Dulce,Individual,Q16 - Q20,No,No,Uruguay,Definitivamente no,Argentina,Vinícius Júnior; Cristiano Ronaldo,Un jugador famoso,2x1,Sí,Edición con jugadores famosos
154,2026-04-02,19:44:19,25 - 34 años,Masculino,Chimaltenango,Chimaltenango,Empleado privado,Todos los días,Kiosco escolar/universitario,Compañeros de trabajo,Q51 - Q100,CrunchMax BBQ; Gol Nachos Supreme,Queso,Individual,Q10 - Q15,Sí,Sí,Portugal,Definitivamente sí,Argentina,Cristiano Ronaldo,Premios y sorteos,2x1,No,Edición España
155,2026-01-23,21:08:07,35 - 44 años,Masculino,Guatemala,San Miguel Petapa,Empleado privado,3 a 5 veces por semana,Tienda de barrio,Amigos,Q25 - Q50,Mundialitos Queso Picante; FutbolMix,Jalapeño,Individual,Q16 - Q20,Sí,Sí,Francia,Probablemente sí,México,Cristiano Ronaldo; Ninguno; Federico Valverde,Premios y sorteos,Descuento directo,Sí,Edición Inglaterra
156,2026-02-22,19:10:38,25 - 34 años,Femenino,Guatemala,Santa Catarina Pinula,Empleado privado,Varias veces al mes,Supermercado,Amigos,Q25 - Q50,CrunchMax BBQ; Mundialitos Queso Picante; FutbolMix,Queso,Para compartir entre 2 personas,Q16 - Q20,No,Sí,México,Definitivamente no,Estados Unidos,Cristiano Ronaldo,Una selección nacional,Descuento directo,No,Edición Inglaterra
157,2026-05-01,17:20:17,25 - 34 años,Prefiero no indicarlo,Escuintla,Palín,Otro,1 a 2 veces por semana,Gasolinera,Solo,Q51 - Q100,CrunchMax BBQ,Picante Chapín,Familiar,Q10 - Q15,No,Sí,Argentina,Tal vez,Estados Unidos,Neymar Jr.; Vinícius Júnior,Premios y sorteos,2x1,Sí,Edición Brasil
158,2026-02-25,20:41:36,25 - 34 años,Masculino,Suchitepéquez,Otro municipio,Empleado privado,3 a 5 veces por semana,Supermercado,Familia,Q25 - Q50,Fan Chips Jalapeño; Energy Crunch Protein,Jalapeño,Individual,Menos de Q10,No,Sí,Francia,Probablemente sí,México,Lionel Messi,Un jugador famoso,Tarjetas coleccionables,No,Edición España
159,2026-01-28,17:36:47,35 - 44 años,Femenino,Chimaltenango,Patzún,Estudiante,1 a 2 veces por semana,Supermercado,Otro,Q51 - Q100,Fan Chips Jalapeño,Queso,Individual,Q16 - Q20,Sí,Sí, MÉXICO ,Definitivamente no,Uruguay,Kylian Mbappé; Vinícius Júnior,Una selección nacional,Descuento directo,Sí,Edición Francia
160,2026-02-23,19:30:06,35 - 44 años,Femenino,Guatemala,San Miguel Petapa,Empleado privado,Rara vez,Gasolinera,Familia,Q25 - Q50,Hot Stadium Peanuts; Caramel Goal Popcorn,Barbacoa,Para compartir entre 2 personas,Q16 - Q20,No,Sí,Estados Unidos,Definitivamente sí,Portugal,Christian Pulisic; Cristiano Ronaldo,Un jugador famoso,Sorteo de camisetas,Sí,Edición Brasil
161,2026-01-26,20:33:24,35 - 44 años,Masculino,Huehuetenango,Cabecera municipal,Estudiante,Varias veces al mes,Supermercado,Familia,Q101 - Q150,FutbolMix,Picante Chapín,Individual,Q21 - Q30,Sí,Sí,Inglaterra,Probablemente no,México,Cristiano Ronaldo; Jude Bellingham,Un jugador famoso,Descuento directo,Sí,Edición España
162,2026-02-19,09:10:46,25 - 34 años,Masculino,Guatemala,Mixco,Empleado privado,3 a 5 veces por semana,Tienda de barrio,Familia,Q51 - Q100,Energy Crunch Protein,Barbacoa,Para compartir entre 2 personas,Menos de Q10,No,Sí, PORTUGAL ,Probablemente no,Brasil,Kylian Mbappé; Lamine Yamal,Premios y sorteos,Descuento directo,No,Edición Mundial FIFA 2026
163,2026-01-21,09:40:01,Menos de 18 años,Femenino,Guatemala,Guatemala,Profesional independiente,1 a 2 veces por semana,Supermercado,Amigos,Q51 - Q100,FutbolMix; ChocoKick Bites; Mundialitos Queso Picante,Barbacoa,Tamaño fiesta o reunión,Q10 - Q15,Sí,Sí,Argentina,Tal vez,Argentina,Lionel Messi; Lamine Yamal; Kylian Mbappé,Una selección nacional,Descuento directo,No,Edición Mundial FIFA 2026
164,2026-01-16,19:58:04,Menos de 18 años,Masculino,Quetzaltenango,Quetzaltenango,Estudiante,3 a 5 veces por semana,Supermercado,Familia,Más de Q150,Gol Nachos Supreme; Victory Pretzels; Mundialitos Queso Picante,Queso,Tamaño fiesta o reunión,Q16 - Q20,Sí,Sí, MÉXICO ,Probablemente no,Cabo Verde,Lionel Messi; Vinícius Júnior; Federico Valverde,Una selección nacional,Sorteo de viajes,Sí,Edición con jugadores famosos
165,2026-02-28,10:43:12,25 - 34 años,Femenino,Guatemala, GUATEMALA ,Estudiante,1 a 2 veces por semana,Tienda de barrio,Familia,Q25 - Q50,Gol Nachos Supreme; Mundialitos Queso Picante,Dulce,Familiar,Q16 - Q20,Sí,Sí,Uruguay,Probablemente sí,Argentina,Christian Pulisic; Neymar Jr.,Historias de aficionados,Tarjetas coleccionables,Sí,Edición Brasil
166,2026-04-06,07:59:35,55 años o más,Masculino,Zacapa,Otro municipio,Empleado privado,Todos los días,Gasolinera,Familia,Menos de Q25,CrunchMax BBQ; Mundialitos Queso Picante; FutbolMix,Picante Chapín,Tamaño fiesta o reunión,Q10 - Q15,Sí,Sí,Argentina,Tal vez,Francia,Lionel Messi; Kylian Mbappé,Un jugador famoso,Producto gratis,No,Edición Brasil
167,2026-02-24,21:37:34,18 - 24 años,Femenino,Guatemala,Mixco,Empleado privado,1 a 2 veces por semana,Otro,Compañeros de trabajo,Q25 - Q50,Mundialitos Queso Picante; Gol Nachos Supreme; CrunchMax BBQ,Dulce,Individual,Q16 - Q20,Sí,Sí,Estados Unidos,Probablemente no,Inglaterra,Cristiano Ronaldo; Lionel Messi; Kylian Mbappé,Un jugador famoso,Tarjetas coleccionables,No,Edición con jugadores famosos
168,2026-04-27,15:47:27,18 - 24 años,Masculino,Chiquimula,Otro municipio,Empleado privado,3 a 5 veces por semana,Tienda de barrio,Amigos,Q101 - Q150,Gol Nachos Supreme; FutbolMix; CrunchMax BBQ,Barbacoa,Individual,Q10 - Q15,Sí,Sí,Argentina,Tal vez,,Jude Bellingham; Rodri,Humor,Sorteo de balones,No,Edición con tarjetas coleccionables
169,2026-04-16,17:17:55,18 - 24 años,Femenino,Guatemala,Guatemala,Empleado privado,Varias veces al mes,Supermercado,Solo,Menos de Q25,Hot Stadium Peanuts; Caramel Goal Popcorn,Limón,Individual,Q16 - Q20,Sí,Sí,Brasil,Definitivamente sí,Alemania,Christian Pulisic; Cristiano Ronaldo; Lionel Messi,Una selección nacional,Producto gratis,No,Edición con jugadores famosos
170,2026-04-08,09:01:11,35 - 44 años,Masculino,Guatemala,Santa Catarina Pinula,Profesional independiente,3 a 5 veces por semana,Tienda de barrio,Amigos,Q25 - Q50,Hot Stadium Peanuts,Queso,Individual,Q16 - Q20,Sí,Sí,Brasil,Definitivamente no,Brasil,Jude Bellingham,Un jugador famoso,2x1,No,Edición Argentina
171,2026-02-18,07:29:40,25 - 34 años,Femenino,Alta Verapaz,Cabecera municipal,Profesional independiente,1 a 2 veces por semana,Supermercado,Amigos,Q25 - Q50,Fan Chips Jalapeño; ChocoKick Bites,Picante Chapín,Para compartir entre 2 personas,Q10 - Q15,Sí,Sí,Paraguay,Probablemente no,México,Rodri,Un jugador famoso,Tarjetas coleccionables,Sí,Edición con tarjetas coleccionables
172,2026-04-05,07:16:34,45 - 54 años,Masculino,Guatemala,San Miguel Petapa,Estudiante,1 a 2 veces por semana,Gasolinera,Amigos,Q101 - Q150,Caramel Goal Popcorn,Salado Tradicional,Para compartir entre 2 personas,Más de Q30,No,Sí,Brasil,Probablemente no,Alemania,Kylian Mbappé,Premios y sorteos,Producto gratis,No,Edición con jugadores famosos
173,2026-04-04,19:01:09,Menos de 18 años,Femenino,Guatemala,Mixco,Empleado privado,Varias veces al mes,Gasolinera,Familia,Más de Q150,Fan Chips Jalapeño; Mundialitos Queso Picante; Gol Nachos Supreme,Jalapeño,Individual,Q21 - Q30,Sí,Sí,Alemania,Probablemente sí,South Africa,Neymar Jr.; Lionel Messi; Christian Pulisic,Premios y sorteos,Tarjetas coleccionables,Sí,Edición Inglaterra
174,2026-03-31,08:46:43,18 - 24 años,Femenino,Guatemala,Santa Catarina Pinula,Empresario,Todos los días,Supermercado,Familia,Menos de Q25,FutbolMix,Caramelo,Individual,Q16 - Q20,No,Sí,Francia,Definitivamente sí,Argentina,Vinícius Júnior; Lionel Messi; Cristiano Ronaldo,Premios y sorteos,Descuento directo,Sí,Edición con tarjetas coleccionables
175,2026-02-07,19:55:28,Menos de 18 años,Masculino,San Marcos,Cabecera municipal,Profesional independiente,Rara vez,,Compañeros de trabajo,Q51 - Q100,Mundialitos Queso Picante,Jalapeño,Para compartir entre 2 personas,Q16 - Q20,Sí,Sí,España,Definitivamente sí,España,Ninguno,Premios y sorteos,Sorteo de camisetas,Sí,Edición Mundial FIFA 2026
176,2026-01-18,11:08:35,35 - 44 años,Femenino,Guatemala,Guatemala,Empleado privado,1 a 2 veces por semana,Tienda de barrio,Compañeros de trabajo,Q51 - Q100,Hot Stadium Peanuts,Picante Chapín,Para compartir entre 2 personas,Q10 - Q15,Sí,Sí,Argentina,Probablemente sí,México,Jude Bellingham,Un jugador famoso,Sorteo de camisetas,Sí,Edición Brasil
177,2026-02-12,17:30:22,35 - 44 años,Masculino,Petén,San Benito,Empleado privado,Varias veces al mes,Tienda de barrio,Familia,Q51 - Q100,ChocoKick Bites; Gol Nachos Supreme; CrunchMax BBQ,Jalapeño,Familiar,Q21 - Q30,Sí,No,Egipto,Tal vez,Argentina,Lionel Messi,Humor,Producto gratis,Sí,Edición Mundial FIFA 2026
178,2026-02-26,16:51:50,45 - 54 años,Femenino,Sacatepéquez,Antigua Guatemala,Comerciante,Varias veces al mes,Supermercado,Amigos,Q25 - Q50,Gol Nachos Supreme,Barbacoa,Para compartir entre 2 personas,Q10 - Q15,Sí,Sí,España,Probablemente sí, MÉXICO ,Jude Bellingham; Cristiano Ronaldo; Kylian Mbappé,Un jugador famoso,Descuento directo,Sí,Edición Brasil
179,2026-03-02,10:58:59,25 - 34 años,Femenino,Guatemala,San Miguel Petapa,Profesional independiente,Varias veces al mes,Kiosco escolar/universitario,Amigos,Q101 - Q150,Gol Nachos Supreme,Barbacoa,Individual,Más de Q30,Sí,Sí,Alemania,Probablemente sí,Ghana,Vinícius Júnior; Neymar Jr.; Kylian Mbappé,Un jugador famoso,2x1,Sí,Edición con jugadores famosos
180,2026-02-02,19:51:36,25 - 34 años,Masculino,Guatemala, GUATEMALA ,Empleado privado,3 a 5 veces por semana,Supermercado,Amigos,Menos de Q25,Hot Stadium Peanuts; Victory Pretzels,Dulce,Para compartir entre 2 personas,Q21 - Q30,Sí,No,Alemania,Tal vez,Estados Unidos,Jude Bellingham; Neymar Jr.; Julián Álvarez,Premios y sorteos,Descuento directo,Sí,Edición con jugadores famosos
181,2026-03-10,12:48:59,18 - 24 años,Masculino,Guatemala,San Miguel Petapa,Profesional independiente,3 a 5 veces por semana,Supermercado,Otro,Q101 - Q150,Hot Stadium Peanuts; Energy Crunch Protein; ChocoKick Bites,Barbacoa,Familiar,Q21 - Q30,No,Sí,Brasil,Definitivamente sí,México,Jude Bellingham; Alphonso Davies; Kylian Mbappé,Historias de aficionados,Sorteo de camisetas,Sí,Edición Mundial FIFA 2026
182,2026-01-29,12:27:33,35 - 44 años,Femenino,Sacatepéquez,Jocotenango,Estudiante,3 a 5 veces por semana,Otro,Amigos,Q51 - Q100,Mundialitos Queso Picante; ChocoKick Bites,Picante Chapín,Para compartir entre 2 personas,Q10 - Q15,No,Sí,Brasil,Probablemente sí,Paraguay,Kylian Mbappé; Harry Kane,Una selección nacional,Sorteo de balones,Sí,Edición con jugadores famosos
183,2026-03-08,22:52:56,18 - 24 años,Masculino,Jalapa,Otro municipio,Comerciante,1 a 2 veces por semana,Supermercado,Familia,Q25 - Q50,CrunchMax BBQ,Barbacoa,Familiar,Q10 - Q15,No,Sí,Francia,Definitivamente sí,Brasil,Lionel Messi,Una selección nacional,Descuento directo,Sí,Edición con jugadores famosos
184,2026-03-04,11:42:21,25 - 34 años,Femenino,Petén,San Benito,Estudiante,1 a 2 veces por semana,Aplicación de delivery,Amigos,Q101 - Q150,Caramel Goal Popcorn; Victory Pretzels; CrunchMax BBQ,Queso,Familiar,Q10 - Q15,Sí,Sí,Argentina,Probablemente no,Argentina,Cristiano Ronaldo; Federico Valverde; Vinícius Júnior,Un jugador famoso,Tarjetas coleccionables,Sí,Edición con jugadores famosos
185,2026-05-08,22:27:45,Menos de 18 años,Prefiero no indicarlo,Guatemala,Villa Nueva,Estudiante,3 a 5 veces por semana,Tienda de barrio,Amigos,Q25 - Q50,Fan Chips Jalapeño,Limón,Familiar,Q16 - Q20,Sí,Sí,Brasil,Definitivamente no,Inglaterra,Lionel Messi; Harry Kane; Neymar Jr.,Premios y sorteos,Sorteo de camisetas,Sí,Edición Argentina
186,2026-02-07,21:54:54,45 - 54 años,Femenino,Guatemala,Mixco,Empleado privado,3 a 5 veces por semana,Tienda de barrio,Familia,Q25 - Q50,Fan Chips Jalapeño; Hot Stadium Peanuts; Mundialitos Queso Picante,Picante Chapín,Para compartir entre 2 personas,Q16 - Q20,Sí,Sí,Argentina,Probablemente no,México,Neymar Jr.; Jude Bellingham; Lionel Messi,Un jugador famoso,2x1,No,Edición con tarjetas coleccionables
187,2026-02-26,10:50:03,55 años o más,Masculino,Escuintla,Santa Lucía Cotzumalguapa,Estudiante,1 a 2 veces por semana,Gasolinera,Familia,Menos de Q25,Gol Nachos Supreme; Hot Stadium Peanuts,Jalapeño,Familiar,Q16 - Q20,No,Sí,Uruguay,Probablemente no,Brasil,Vinícius Júnior; Neymar Jr.,Humor,Descuento directo,Sí,Edición Mundial FIFA 2026
188,2026-05-08,11:36:28,25 - 34 años,Masculino,Santa Rosa,Otro municipio,Comerciante,Varias veces al mes,Tienda de barrio,Otro,Más de Q150,ChocoKick Bites; Fan Chips Jalapeño; CrunchMax BBQ,Caramelo,Individual,Q21 - Q30,No,No,Corea del Sur,Tal vez,Estados Unidos,Lionel Messi,Humor,2x1,Sí,Edición Mundial FIFA 2026
189,2026-03-24,13:32:46,18 - 24 años,Femenino, ZACAPA ,Cabecera municipal,Comerciante,Rara vez,Supermercado,Amigos,Q25 - Q50,Caramel Goal Popcorn,Barbacoa,Tamaño fiesta o reunión,Menos de Q10,Sí,Sí,México,Probablemente sí,México,Cristiano Ronaldo,Una selección nacional,Sorteo de camisetas,No,Edición Brasil
190,2026-04-08,14:14:55,45 - 54 años,Femenino,Guatemala,Guatemala,Empleado privado,Rara vez,Tienda de barrio,Amigos,Q25 - Q50,ChocoKick Bites; Fan Chips Jalapeño; Mundialitos Queso Picante,Queso,Tamaño fiesta o reunión,Q10 - Q15,No,Sí,Túnez,Probablemente no,Brasil,Kylian Mbappé; Lionel Messi,Premios y sorteos,Descuento directo,No,Edición con jugadores famosos
191,2026-02-03,12:14:07,18 - 24 años,Masculino,Escuintla,Escuintla,Profesional independiente,Todos los días,Tienda de barrio,Familia,Q25 - Q50,Caramel Goal Popcorn,Salado Tradicional,Familiar,Q10 - Q15,Sí,Sí,Argentina,Definitivamente sí,Uzbekistán,Vinícius Júnior,Un jugador famoso,2x1,Sí,Edición Brasil
192,2026-03-21,09:50:43,25 - 34 años,Masculino,Guatemala,Guatemala,Empleado privado,1 a 2 veces por semana,Supermercado,Compañeros de trabajo,Q25 - Q50,Fan Chips Jalapeño; CrunchMax BBQ,Caramelo,Para compartir entre 2 personas,Q21 - Q30,Sí,Sí,Argentina,Probablemente sí,Haití,Lamine Yamal,Historias de aficionados,Sorteo de camisetas,No,Edición Argentina
193,2026-03-21,18:48:04,25 - 34 años,Femenino,Baja Verapaz,Baja Verapaz,Comerciante,1 a 2 veces por semana,Aplicación de delivery,Familia,Q51 - Q100,Mundialitos Queso Picante; Victory Pretzels; FutbolMix,Barbacoa,Tamaño fiesta o reunión,Q16 - Q20,Sí,No,Argentina,Probablemente sí,Brasil,Harry Kane; Vinícius Júnior; Cristiano Ronaldo,Premios y sorteos,2x1,Sí,Edición con tarjetas coleccionables
194,2026-05-06,17:06:43,18 - 24 años,Masculino,Petén,Poptún,Comerciante,1 a 2 veces por semana,Supermercado,Familia,Q51 - Q100,Fan Chips Jalapeño; Gol Nachos Supreme; Caramel Goal Popcorn,Barbacoa,Familiar,Q21 - Q30,No,Sí,Argentina,Definitivamente no,Argentina,Lamine Yamal; Federico Valverde,Una selección nacional,Producto gratis,No,Edición Mundial FIFA 2026
195,2026-03-02,18:44:56,25 - 34 años,Femenino,Guatemala,Santa Catarina Pinula,Estudiante,Todos los días,Tienda de barrio,Familia,Menos de Q25,Hot Stadium Peanuts,Limón,Familiar,Q10 - Q15,Sí,Sí,Francia,Definitivamente sí,Argentina,Jude Bellingham,Humor,Producto gratis,Sí,Edición Brasil
196,2026-01-31,20:28:30,18 - 24 años,Prefiero no indicarlo,Escuintla,Escuintla,Empleado privado,Todos los días,Tienda de barrio,Familia,Q25 - Q50,ChocoKick Bites; Mundialitos Queso Picante,Chocolate,Familiar,Q10 - Q15,No,Sí,Inglaterra,Probablemente sí,Francia,Federico Valverde,Un jugador famoso,2x1,Sí,Edición Brasil
197,2026-03-16,16:55:50,45 - 54 años,Femenino,Sacatepéquez,Antigua Guatemala,Estudiante,Todos los días,Tienda de barrio,Amigos,Q25 - Q50,ChocoKick Bites,Chocolate,Familiar,Menos de Q10,Sí,Sí,Cabo Verde,Probablemente no,Francia,Cristiano Ronaldo,Humor,2x1,Sí,Edición con jugadores famosos
198,2026-01-22,21:47:13,45 - 54 años,Masculino,Huehuetenango,Otro municipio,Comerciante,Todos los días,Supermercado,Familia,Más de Q150,Mundialitos Queso Picante,Limón,Tamaño fiesta o reunión,Menos de Q10,Sí,Sí,Argentina,Probablemente sí,Brasil,Neymar Jr.,Un jugador famoso,2x1,No,Edición con jugadores famosos
199,2026-01-23,10:40:18,45 - 54 años,Masculino,Izabal,Cabecera municipal,Empleado privado,3 a 5 veces por semana,Tienda de barrio,Amigos,Q25 - Q50,Fan Chips Jalapeño; Energy Crunch Protein; Hot Stadium Peanuts,Queso,Para compartir entre 2 personas,Q21 - Q30,Sí,No,Brasil,Tal vez,Brasil,Lionel Messi; Vinícius Júnior,Una selección nacional,Descuento directo,Sí,Edición Francia
200,2026-01-13,14:48:43,18 - 24 años,Femenino,Escuintla,Escuintla,Empleado privado,1 a 2 veces por semana,Aplicación de delivery,Familia,Q25 - Q50,Gol Nachos Supreme; CrunchMax BBQ; Caramel Goal Popcorn,Barbacoa,Familiar,Q10 - Q15,Sí,Sí,Uruguay,Definitivamente sí,México,Lionel Messi,Historias de aficionados,2x1,Sí,Edición Francia
201,2026-04-28,22:38:41,18 - 24 años,Femenino,Guatemala,Guatemala,Profesional independiente,3 a 5 veces por semana,Supermercado,Amigos,Q51 - Q100,FutbolMix; CrunchMax BBQ,Barbacoa,Individual,Q10 - Q15,Sí,Sí,Brasil,Probablemente sí,México,Christian Pulisic; Cristiano Ronaldo; Federico Valverde,Premios y sorteos,Descuento directo,Sí,Edición España
202,2026-02-16,13:03:46,25 - 34 años,Femenino,Baja Verapaz,Cabecera municipal,Ama de casa,Todos los días,Tienda de barrio,Familia,Más de Q150,Energy Crunch Protein,Queso,Para compartir entre 2 personas,Q16 - Q20,Sí,No,Francia,Tal vez,Portugal,Neymar Jr.; Lionel Messi; Cristiano Ronaldo,Una selección nacional,Descuento directo,No,Edición con jugadores famosos
203,2026-02-18,07:54:13,18 - 24 años,Femenino,Sololá,Cabecera municipal,Estudiante,1 a 2 veces por semana,Gasolinera,Familia,Q51 - Q100,Mundialitos Queso Picante; CrunchMax BBQ; Fan Chips Jalapeño,Queso,Familiar,Q21 - Q30,No,Sí,Inglaterra,Tal vez,México,Lamine Yamal; Jude Bellingham,Humor,2x1,No,Edición Francia
204,2026-04-23,20:55:34,35 - 44 años,Masculino,Escuintla,Santa Lucía Cotzumalguapa,Empresario,1 a 2 veces por semana,Supermercado,Compañeros de trabajo,Q25 - Q50,Hot Stadium Peanuts; Fan Chips Jalapeño; Caramel Goal Popcorn,Limón,Individual,Menos de Q10,Sí,Sí,España,Definitivamente sí,México,Lionel Messi,Un jugador famoso,Sorteo de balones,Sí,Edición con jugadores famosos
205,2026-02-05,08:39:03,Menos de 18 años,Masculino,Guatemala,Guatemala,Estudiante,3 a 5 veces por semana,Supermercado,Familia,Q25 - Q50,FutbolMix; Gol Nachos Supreme,Jalapeño,Para compartir entre 2 personas,Q21 - Q30,Sí,Sí,Inglaterra,Probablemente sí,Portugal,Vinícius Júnior; Lionel Messi; Kylian Mbappé,Un jugador famoso,Descuento directo,No,Edición Mundial FIFA 2026
206,2026-03-24,18:14:24,55 años o más,Femenino,Guatemala,Mixco,Empleado privado,Todos los días,Tienda de barrio,Familia,Q51 - Q100,Energy Crunch Protein; ChocoKick Bites; CrunchMax BBQ,Queso,Familiar,Q16 - Q20,No,Sí,Alemania,Tal vez,España,Kylian Mbappé; Cristiano Ronaldo,Un jugador famoso,2x1,No,Edición Francia
207,2026-01-23,18:24:47,25 - 34 años,Femenino,Guatemala,San Miguel Petapa,Empleado privado,Todos los días,Supermercado,Familia,Q51 - Q100,CrunchMax BBQ; Fan Chips Jalapeño; Hot Stadium Peanuts,Chocolate,Familiar,Q16 - Q20,Sí,Sí,México,Probablemente sí,Estados Unidos,Neymar Jr.; Lamine Yamal,Premios y sorteos,Tarjetas coleccionables,Sí,Edición Francia
208,2026-01-20,11:19:51,35 - 44 años,Femenino,El Progreso,,Otro,3 a 5 veces por semana,Tienda de barrio,Familia,Q101 - Q150,Mundialitos Queso Picante; Fan Chips Jalapeño; Victory Pretzels,Barbacoa,Para compartir entre 2 personas,Q10 - Q15,Sí,Sí,Inglaterra,Definitivamente sí,Inglaterra,Lionel Messi,Premios y sorteos,2x1,Sí,Edición Argentina
209,2026-03-09,12:05:44,25 - 34 años,Femenino,Guatemala,Mixco,Ama de casa,1 a 2 veces por semana,Supermercado,Familia,Q51 - Q100,CrunchMax BBQ,Barbacoa,Para compartir entre 2 personas,Q10 - Q15,Sí,Sí,Colombia,Probablemente sí,Francia,Lionel Messi; Julián Álvarez; Lamine Yamal,Premios y sorteos,Descuento directo,No,Edición con jugadores famosos
210,2026-03-04,19:37:06,45 - 54 años,Femenino,Guatemala,Mixco,Empleado privado,1 a 2 veces por semana,Kiosco escolar/universitario,Amigos,Menos de Q25,ChocoKick Bites; Mundialitos Queso Picante; Fan Chips Jalapeño,Queso,Para compartir entre 2 personas,Q21 - Q30,No,Sí, FRANCIA ,Probablemente no,Colombia,Neymar Jr.; Vinícius Júnior,Premios y sorteos,Producto gratis,No,Edición Mundial FIFA 2026
211,2026-05-07,19:20:58,55 años o más,Masculino,Baja Verapaz,Cabecera municipal,Empresario,Varias veces al mes,Gasolinera,Solo,Más de Q150,Mundialitos Queso Picante,Queso,Individual,Q10 - Q15,Sí,Sí,España,Definitivamente sí,Francia,Lionel Messi; Jude Bellingham; Lamine Yamal,Humor,Tarjetas coleccionables,Sí,Edición Argentina
212,2026-01-29,18:27:33,35 - 44 años,Femenino,Guatemala,Santa Catarina Pinula,Estudiante,3 a 5 veces por semana,Otro,Familia,Q25 - Q50,Energy Crunch Protein; Caramel Goal Popcorn; Gol Nachos Supreme,Chocolate,Individual,Q10 - Q15,No,No,Bosnia y Herzegovina,Tal vez,Francia,Kylian Mbappé; Lionel Messi,Premios y sorteos,2x1,Sí,Edición Brasil
213,2026-03-07,12:38:58,25 - 34 años,Masculino,Guatemala,Guatemala,Empleado privado,3 a 5 veces por semana,Otro,Familia,Más de Q150,Gol Nachos Supreme, JALAPEÑO ,Para compartir entre 2 personas,Q16 - Q20,Sí,Sí,Alemania,Definitivamente sí,Francia,Vinícius Júnior,Una selección nacional,2x1,No,Edición con jugadores famosos
214,2026-01-22,10:33:29,25 - 34 años,Masculino,Guatemala,Guatemala,Estudiante,1 a 2 veces por semana,Supermercado,Familia,Q51 - Q100,Gol Nachos Supreme,Limón,Familiar,Q16 - Q20,Sí,Sí,España,Tal vez, BRASIL ,Jude Bellingham,Humor,Sorteo de camisetas,No,Edición Inglaterra
215,2026-04-01,16:21:47,45 - 54 años,Masculino,Escuintla,Escuintla,Estudiante,1 a 2 veces por semana,Tienda de barrio,Amigos,Q25 - Q50,Victory Pretzels; ChocoKick Bites,Salado Tradicional,Familiar,Q21 - Q30,Sí,Sí,México,Definitivamente sí,Croacia,Lionel Messi; Lamine Yamal; Christian Pulisic,Un jugador famoso,Descuento directo,No,Edición Inglaterra
216,2026-04-03,10:39:57,18 - 24 años,Femenino,Guatemala,Santa Catarina Pinula,Comerciante,1 a 2 veces por semana,Aplicación de delivery,Familia,Q25 - Q50,ChocoKick Bites; Fan Chips Jalapeño; Hot Stadium Peanuts,Limón,Individual,Q10 - Q15,No,Sí,Estados Unidos,Probablemente sí,Francia,Cristiano Ronaldo; Lionel Messi; Kylian Mbappé,Premios y sorteos,Descuento directo,Sí,Edición Brasil
217,2026-05-08,13:18:39,45 - 54 años,Femenino,Escuintla,Escuintla,Empleado privado,1 a 2 veces por semana,Supermercado,Amigos,Q25 - Q50,CrunchMax BBQ; Gol Nachos Supreme,Jalapeño,Para compartir entre 2 personas,Q16 - Q20,No,No,Brasil,Probablemente sí,Argentina,Vinícius Júnior; Cristiano Ronaldo,Premios y sorteos,Tarjetas coleccionables,No,Edición Argentina
218,2026-04-26,22:52:59,45 - 54 años,Masculino,Guatemala,Mixco,Estudiante,Rara vez,Gasolinera,Familia,Q25 - Q50,Gol Nachos Supreme,Barbacoa,Para compartir entre 2 personas,Q21 - Q30,No,Sí,México,Probablemente sí,Argentina,Cristiano Ronaldo,Una selección nacional,Descuento directo,No,Edición Mundial FIFA 2026
219,2026-04-04,13:48:36,35 - 44 años,Femenino,Chimaltenango,Chimaltenango,Empleado privado,Todos los días,Supermercado,Amigos,Q101 - Q150,Fan Chips Jalapeño,Limón,Para compartir entre 2 personas,Q16 - Q20,No,Sí,Francia,Definitivamente sí,Brasil,Lionel Messi; Neymar Jr.,Una selección nacional,Tarjetas coleccionables,Sí,Edición España
220,2026-02-15,07:12:56,18 - 24 años,Femenino,Alta Verapaz,Otro municipio,Estudiante,Varias veces al mes,Supermercado,Amigos,Q25 - Q50,CrunchMax BBQ,Queso,Familiar,Q10 - Q15,Sí,Sí,Argentina,Definitivamente sí,México,Cristiano Ronaldo; Lionel Messi,Un jugador famoso,Tarjetas coleccionables,No,Edición con jugadores famosos
221,2026-01-19,21:42:28,18 - 24 años,Femenino,Escuintla,Santa Lucía Cotzumalguapa,Empresario,3 a 5 veces por semana,Tienda de barrio,Amigos,Q25 - Q50,Mundialitos Queso Picante; FutbolMix,Limón,Familiar,Q10 - Q15,Sí,Sí,Argentina,Probablemente no,Alemania,Lionel Messi; Christian Pulisic; Neymar Jr.,Una selección nacional,Tarjetas coleccionables,No,Edición con jugadores famosos
222,2026-04-12,16:19:29,55 años o más,Masculino,Guatemala,San Miguel Petapa,Estudiante,1 a 2 veces por semana,Aplicación de delivery,Familia,Q25 - Q50,Victory Pretzels; Mundialitos Queso Picante,Picante Chapín,Familiar,Q10 - Q15,Sí,Sí,Argentina,Definitivamente sí,Uruguay,Kylian Mbappé,Una selección nacional,Sorteo de viajes,No,Edición Francia
223,2026-02-15,18:38:08,Menos de 18 años,Femenino,Guatemala,Mixco,Empleado privado,3 a 5 veces por semana,Supermercado,Amigos,Q101 - Q150,Gol Nachos Supreme,Barbacoa,Individual,Q10 - Q15,Sí,No,España,Probablemente sí,México,Jude Bellingham; Cristiano Ronaldo,Premios y sorteos,Tarjetas coleccionables,Sí,Edición Brasil
224,2026-02-16,16:26:46,35 - 44 años,Masculino,Chimaltenango,Tecpán Guatemala,Empresario,Todos los días,Gasolinera,Solo,Q25 - Q50,Fan Chips Jalapeño; Mundialitos Queso Picante,Picante Chapín,Tamaño fiesta o reunión,Más de Q30,No,Sí,Argentina,Probablemente no,Brasil,Alphonso Davies; Lionel Messi,Un jugador famoso,Descuento directo,Sí,Edición con tarjetas coleccionables
225,2026-01-13,15:54:17,25 - 34 años,Masculino,Guatemala,Santa Catarina Pinula,Estudiante,1 a 2 veces por semana,Gasolinera,Familia,Menos de Q25,Mundialitos Queso Picante; Fan Chips Jalapeño; FutbolMix,Picante Chapín,Individual,Q16 - Q20,No,Sí,Francia,Definitivamente sí,Argentina,Cristiano Ronaldo,Premios y sorteos,2x1,No,Edición Inglaterra
226,2026-03-22,08:04:44,35 - 44 años,Femenino,Guatemala,San Miguel Petapa,Empleado público,3 a 5 veces por semana,Supermercado,Familia,Q51 - Q100,Gol Nachos Supreme; FutbolMix; Caramel Goal Popcorn,Salado Tradicional,Individual,Q16 - Q20,Sí,Sí, BRASIL ,Definitivamente sí,Argentina,Cristiano Ronaldo,Historias de aficionados,Producto gratis,Sí,Edición Argentina
227,2026-01-13,18:51:18,35 - 44 años,Masculino,Alta Verapaz,Cabecera municipal,Otro,Varias veces al mes,Supermercado,Compañeros de trabajo,Q51 - Q100,Fan Chips Jalapeño,Salado Tradicional,Familiar,Menos de Q10,No,Sí,Inglaterra,Definitivamente sí,Brasil,Lionel Messi; Vinícius Júnior; Christian Pulisic,Una selección nacional,Descuento directo,Sí,Edición con tarjetas coleccionables
228,2026-04-06,18:31:24,35 - 44 años,Femenino,Chimaltenango, CHIMALTENANGO ,Empleado público,Todos los días,Tienda de barrio,Amigos,Menos de Q25,CrunchMax BBQ,Jalapeño,Tamaño fiesta o reunión,Q21 - Q30,Sí,Sí,Brasil,Probablemente sí,Argentina,Christian Pulisic; Harry Kane; Lamine Yamal,Un jugador famoso,Sorteo de viajes,Sí,Edición España
229,2026-02-03,22:11:50,45 - 54 años,Femenino,Jalapa,Otro municipio,Profesional independiente,1 a 2 veces por semana,Supermercado,Familia,Q25 - Q50,Energy Crunch Protein,Barbacoa,Tamaño fiesta o reunión,Q21 - Q30,Sí,Sí,Argentina,Probablemente sí,Portugal,Lamine Yamal; Cristiano Ronaldo; Vinícius Júnior,Humor,2x1,No,Edición con tarjetas coleccionables
230,2026-01-18,19:53:36,Menos de 18 años,Masculino,Guatemala,Villa Nueva,Ama de casa,Todos los días,Supermercado,Familia,Q101 - Q150,Hot Stadium Peanuts; Gol Nachos Supreme,Chocolate,Tamaño fiesta o reunión,Q16 - Q20,Sí,Sí,Argentina,Probablemente sí,Francia,Christian Pulisic; Lionel Messi,Una selección nacional,Descuento directo,No,Edición con jugadores famosos
231,2026-04-25,08:01:00,25 - 34 años,Femenino,Guatemala,Santa Catarina Pinula,Empleado privado,Todos los días,Kiosco escolar/universitario,Solo,Q25 - Q50,Energy Crunch Protein; Hot Stadium Peanuts; Gol Nachos Supreme,Picante Chapín,Individual,Q21 - Q30,No,Sí,Portugal,Definitivamente sí,Argentina,Christian Pulisic; Cristiano Ronaldo,Una selección nacional,2x1,Sí,Edición Inglaterra
232,2026-04-26,09:32:04,Menos de 18 años,Prefiero no indicarlo,Escuintla,Santa Lucía Cotzumalguapa,Empleado privado,3 a 5 veces por semana,Tienda de barrio,Familia,Q25 - Q50,Energy Crunch Protein; CrunchMax BBQ,Limón,Familiar,Más de Q30,No,Sí,México,Tal vez,Inglaterra,Jude Bellingham; Federico Valverde,Una selección nacional,Descuento directo,Sí,Edición Argentina
233,2026-02-11,09:21:39,18 - 24 años,Masculino,Sacatepéquez,Ciudad Vieja,Estudiante,Varias veces al mes,Supermercado,Familia,Q25 - Q50,Hot Stadium Peanuts; Mundialitos Queso Picante,Queso,Para compartir entre 2 personas,Q16 - Q20,No,Sí,Alemania,Tal vez,Czechia,Ninguno; Lamine Yamal; Kylian Mbappé,Humor,2x1,No,Edición Brasil
234,2026-02-24,13:43:47,25 - 34 años,Masculino,Chimaltenango,Patzún,Empleado privado,1 a 2 veces por semana,Tienda de barrio,Familia,Q25 - Q50,Energy Crunch Protein; Hot Stadium Peanuts,Jalapeño,Familiar,Q16 - Q20,Sí,Sí,Portugal,Tal vez,México,Cristiano Ronaldo,Humor,2x1,Sí,Edición Mundial FIFA 2026
235,2026-01-19,21:57:15,25 - 34 años,Prefiero no indicarlo, GUATEMALA ,San Miguel Petapa,Profesional independiente,Varias veces al mes,Tienda de barrio,Amigos,Más de Q150,Fan Chips Jalapeño; Gol Nachos Supreme,Limón,Tamaño fiesta o reunión,Q21 - Q30,Sí,Sí,México,Tal vez,Alemania,Cristiano Ronaldo; Kylian Mbappé; Jude Bellingham,Premios y sorteos,Tarjetas coleccionables,No,Edición con tarjetas coleccionables
236,2026-04-29,13:33:47,18 - 24 años,Masculino,Guatemala,Guatemala,Comerciante,3 a 5 veces por semana,Tienda de barrio,Familia,Q51 - Q100,Energy Crunch Protein,Picante Chapín,Familiar,Menos de Q10,Sí,Sí,Francia,Tal vez,España,Neymar Jr.; Alphonso Davies,Premios y sorteos,Sorteo de camisetas,Sí,Edición con jugadores famosos
237,2026-03-06,14:37:13,45 - 54 años,Masculino,Guatemala,Mixco,Profesional independiente,Varias veces al mes,Aplicación de delivery,Compañeros de trabajo,Q25 - Q50,Mundialitos Queso Picante; ChocoKick Bites,Dulce,Individual,Q21 - Q30,Sí,Sí, FRANCIA ,Tal vez,Portugal,Cristiano Ronaldo,Un jugador famoso,Producto gratis,Sí,Edición Francia
238,2026-02-01,19:18:33,25 - 34 años,Masculino,Guatemala,Guatemala,Ama de casa,Varias veces al mes,Aplicación de delivery,Compañeros de trabajo,Más de Q150,Fan Chips Jalapeño; Mundialitos Queso Picante; Energy Crunch Protein,Jalapeño,Individual,Q16 - Q20,No,Sí,México,Definitivamente sí,,Lionel Messi; Neymar Jr.,Una selección nacional,2x1,No,Edición Brasil
239,2026-04-11,19:53:44,35 - 44 años,Masculino,Guatemala,Villa Nueva,Profesional independiente,Todos los días,Supermercado,Amigos,Q51 - Q100,CrunchMax BBQ; Mundialitos Queso Picante,Picante Chapín,Familiar,Q10 - Q15,No,Sí,Argentina,Tal vez,Inglaterra,Vinícius Júnior; Christian Pulisic,Premios y sorteos,Producto gratis,Sí,Edición Argentina
240,2026-04-19,13:16:37,18 - 24 años,Femenino,Guatemala,Mixco,Comerciante,3 a 5 veces por semana,Tienda de barrio,Amigos,Q25 - Q50,CrunchMax BBQ; FutbolMix; Mundialitos Queso Picante,Queso,Individual,Más de Q30,Sí,Sí,Portugal,Definitivamente sí,España,Lionel Messi; Federico Valverde,Humor,2x1,Sí,Edición con tarjetas coleccionables
241,2026-01-25,21:27:35,25 - 34 años,Femenino,Guatemala,San Miguel Petapa,Empleado privado,3 a 5 veces por semana,Gasolinera,Otro,Q51 - Q100,Caramel Goal Popcorn; Victory Pretzels,Salado Tradicional,Familiar,Q16 - Q20,Sí,Sí,Haití,Probablemente sí,Portugal,Rodri; Christian Pulisic; Lamine Yamal,Premios y sorteos,Tarjetas coleccionables,No,Edición Francia
242,2026-02-03,19:55:53,18 - 24 años,Masculino,Guatemala,Villa Nueva,Empleado público,Todos los días,Supermercado,Amigos,Menos de Q25,Gol Nachos Supreme; Mundialitos Queso Picante; Energy Crunch Protein,Queso,Familiar,Q16 - Q20,No,Sí,España,Definitivamente sí,Francia,Christian Pulisic,Un jugador famoso,Producto gratis,No,Edición Argentina
243,2026-04-12,21:11:00,25 - 34 años,Femenino,Guatemala,Santa Catarina Pinula,Estudiante,3 a 5 veces por semana,Aplicación de delivery,Familia,Q25 - Q50,ChocoKick Bites; Mundialitos Queso Picante,Picante Chapín,Familiar,Q16 - Q20,Sí,Sí, MÉXICO ,Probablemente no,Argentina,Kylian Mbappé; Federico Valverde,Una selección nacional,Sorteo de viajes,Sí,Edición España
244,2026-02-11,08:53:46,25 - 34 años,Femenino,Guatemala,Santa Catarina Pinula,Empleado privado,3 a 5 veces por semana,Aplicación de delivery,Familia,Menos de Q25,FutbolMix; Fan Chips Jalapeño,Jalapeño,Para compartir entre 2 personas,Q16 - Q20,No,Sí,Francia,Definitivamente sí,Inglaterra,Lionel Messi,Un jugador famoso,Descuento directo,No,Edición España
245,2026-05-05,22:15:50,45 - 54 años,Prefiero no indicarlo,Quetzaltenango,Olintepeque,,Todos los días,Tienda de barrio,Compañeros de trabajo,Q51 - Q100,CrunchMax BBQ; Energy Crunch Protein; ChocoKick Bites,Limón,Para compartir entre 2 personas,Q21 - Q30,No,Sí,Alemania,Definitivamente sí,Argentina,Lionel Messi,Premios y sorteos,Descuento directo,Sí,Edición con tarjetas coleccionables
246,2026-05-02,13:40:43,35 - 44 años,Femenino,Guatemala,Santa Catarina Pinula,Comerciante,Varias veces al mes,Otro,Familia,Q51 - Q100,ChocoKick Bites,Jalapeño,Familiar,Q21 - Q30,Sí,Sí,Portugal,Definitivamente sí,Argentina,Cristiano Ronaldo; Lionel Messi; Harry Kane,Un jugador famoso,Producto gratis,No,Edición Mundial FIFA 2026
247,2026-05-06,20:15:14,25 - 34 años,Femenino,Huehuetenango,Cabecera municipal,Empleado público,3 a 5 veces por semana,Tienda de barrio,Amigos,Q51 - Q100,Hot Stadium Peanuts; Victory Pretzels,Barbacoa,Familiar,Q16 - Q20,No,Sí,Argentina,Definitivamente sí,España,Neymar Jr.,Una selección nacional,Sorteo de balones,No,Edición Mundial FIFA 2026
248,2026-04-27,18:25:04,25 - 34 años,Femenino,Guatemala,Guatemala,Empleado privado,Todos los días,Supermercado,Familia,Q51 - Q100,Victory Pretzels,Jalapeño,Para compartir entre 2 personas,Q10 - Q15,No,Sí,Brasil,Definitivamente sí,México,Cristiano Ronaldo; Federico Valverde,Historias de aficionados,Descuento directo,No,Edición Mundial FIFA 2026
249,2026-02-14,18:40:15,45 - 54 años,Masculino,Quetzaltenango,Olintepeque,Empleado privado,Varias veces al mes,Tienda de barrio,Familia,Menos de Q25,Energy Crunch Protein,Chocolate,Para compartir entre 2 personas,Q21 - Q30,Sí,Sí,Argentina,Probablemente no,México,Lionel Messi,Un jugador famoso,2x1,No,Edición Inglaterra
250,2026-04-30,21:15:43,45 - 54 años,Masculino,Quetzaltenango,Olintepeque,Profesional independiente,1 a 2 veces por semana,Gasolinera,Familia,Más de Q150,FutbolMix,Limón,Familiar,Q21 - Q30,No,Sí,Inglaterra,Definitivamente sí,Ecuador,Cristiano Ronaldo; Neymar Jr.,Un jugador famoso,Tarjetas coleccionables,No,Edición Francia
251,2026-01-26,19:04:37,25 - 34 años,Femenino,Guatemala,Guatemala,Estudiante,1 a 2 veces por semana,Gasolinera,Familia,Q51 - Q100,Mundialitos Queso Picante; FutbolMix; Gol Nachos Supreme,Picante Chapín,Individual,Q16 - Q20,Sí,Sí,Inglaterra,Tal vez,Alemania,Rodri; Lionel Messi; Neymar Jr.,Un jugador famoso,Descuento directo,No,Edición Mundial FIFA 2026
252,2026-02-15,21:18:52,55 años o más,Femenino,Guatemala,Santa Catarina Pinula,Empresario,3 a 5 veces por semana,Tienda de barrio,Amigos,Menos de Q25,Victory Pretzels; CrunchMax BBQ,Dulce,Tamaño fiesta o reunión,Q10 - Q15,Sí,Sí,Uruguay,Tal vez,Argentina,Jude Bellingham; Lionel Messi; Kylian Mbappé,Humor,2x1,No,Edición Francia
253,2026-03-20,19:27:20,25 - 34 años,Femenino,Chimaltenango,Tecpán Guatemala,Comerciante,3 a 5 veces por semana,Supermercado,Amigos,Q25 - Q50,Hot Stadium Peanuts; Fan Chips Jalapeño,Jalapeño,Familiar,Q16 - Q20,Sí,Sí,España,Definitivamente no,Noruega,Vinícius Júnior; Cristiano Ronaldo; Jude Bellingham,Un jugador famoso,Tarjetas coleccionables,Sí,Edición España
254,2026-02-07,22:03:31,25 - 34 años,Masculino,Guatemala,Santa Catarina Pinula,Comerciante,1 a 2 veces por semana,Tienda de barrio,Compañeros de trabajo,Q101 - Q150,Gol Nachos Supreme; Mundialitos Queso Picante; Energy Crunch Protein,Caramelo,Individual,Q16 - Q20,Sí,Sí,Estados Unidos,Tal vez,México,Neymar Jr.; Lamine Yamal,Premios y sorteos,Descuento directo,No,Edición Brasil
255,2026-04-06,13:06:59,55 años o más,Masculino,Guatemala,San Miguel Petapa,Empleado privado,1 a 2 veces por semana,Otro,Otro,Q25 - Q50,Gol Nachos Supreme; Fan Chips Jalapeño,Queso,Tamaño fiesta o reunión,Q10 - Q15,No,Sí,Brasil,Tal vez,Argentina,Neymar Jr.,Premios y sorteos,2x1,No,Edición con tarjetas coleccionables
256,2026-02-22,14:50:40,45 - 54 años,Masculino,Santa Rosa,Cabecera municipal,Empleado privado,1 a 2 veces por semana,Gasolinera,Amigos,Menos de Q25,CrunchMax BBQ; Energy Crunch Protein,Queso,Individual,Más de Q30,No,Sí,Brasil,Probablemente sí,México,Kylian Mbappé; Lionel Messi; Neymar Jr.,Historias de aficionados,Descuento directo,No,Edición con tarjetas coleccionables
257,2026-05-10,09:00:55,25 - 34 años,Femenino,Guatemala,San Miguel Petapa,Empleado privado,Todos los días,Tienda de barrio,Familia,Menos de Q25,Fan Chips Jalapeño; Caramel Goal Popcorn; FutbolMix,Limón,Para compartir entre 2 personas,Q16 - Q20,Sí,Sí,Argentina,Tal vez,Brasil,Cristiano Ronaldo,Premios y sorteos,Producto gratis,Sí,Edición Inglaterra
258,2026-05-10,11:34:46,45 - 54 años,Femenino,Zacapa,Otro municipio,Profesional independiente,3 a 5 veces por semana,Supermercado,Amigos,Q25 - Q50,Mundialitos Queso Picante; Caramel Goal Popcorn,Queso,Familiar,Q16 - Q20,No,Sí,Argentina,Tal vez,Portugal,Ninguno; Lamine Yamal,Un jugador famoso,Sorteo de camisetas,Sí,Edición con tarjetas coleccionables
259,2026-02-10,17:59:08,25 - 34 años,Femenino,Guatemala,Mixco,Empleado privado,Rara vez,Supermercado,Amigos,Q51 - Q100,Fan Chips Jalapeño; Mundialitos Queso Picante; ChocoKick Bites,Limón,Individual,Q10 - Q15,No,No,Irak,Tal vez,Argentina,Lamine Yamal; Vinícius Júnior,Historias de aficionados,Tarjetas coleccionables,Sí,Edición Brasil
260,2026-03-22,12:07:06,45 - 54 años,Masculino,Sacatepéquez,Jocotenango,Empleado privado,Todos los días,Supermercado,Amigos,Q25 - Q50,FutbolMix,Barbacoa,Familiar,,Sí,Sí,Francia,Probablemente no,México,Vinícius Júnior; Lionel Messi,Una selección nacional,Sorteo de viajes,No,Edición con jugadores famosos
261,2026-05-06,10:42:23,55 años o más,Masculino,Chimaltenango,Tecpán Guatemala,Estudiante,1 a 2 veces por semana,Gasolinera,Familia,Menos de Q25,ChocoKick Bites; Gol Nachos Supreme,Chocolate,Individual,Menos de Q10,No,No,Alemania,Tal vez,Argentina,Cristiano Ronaldo; Vinícius Júnior; Neymar Jr.,Un jugador famoso,Tarjetas coleccionables,Sí,Edición con jugadores famosos
262,2026-01-20,22:57:21,35 - 44 años,Masculino,Quetzaltenango,Coatepeque,Empleado privado,Varias veces al mes,Tienda de barrio,Familia,Menos de Q25,Fan Chips Jalapeño; Hot Stadium Peanuts; Mundialitos Queso Picante,Chocolate,Para compartir entre 2 personas,Q21 - Q30,Sí,Sí,Portugal,Tal vez,Francia,Lionel Messi; Christian Pulisic,Un jugador famoso,Descuento directo,No,Edición con jugadores famosos
263,2026-04-05,17:17:03,35 - 44 años,Masculino,Chimaltenango,Chimaltenango,Estudiante,3 a 5 veces por semana,Supermercado,Familia,Menos de Q25,CrunchMax BBQ; Mundialitos Queso Picante; Energy Crunch Protein,Limón,Para compartir entre 2 personas,Menos de Q10,No,Sí,Argentina,Definitivamente sí,México,Kylian Mbappé,Un jugador famoso,Producto gratis,Sí,Edición Mundial FIFA 2026
264,2026-02-15,17:10:28,25 - 34 años,Masculino,Guatemala,San Miguel Petapa,Jubilado,Todos los días,Kiosco escolar/universitario,Amigos,Q101 - Q150,Mundialitos Queso Picante; Gol Nachos Supreme; ChocoKick Bites,Chocolate,Tamaño fiesta o reunión,Q21 - Q30,No,No,Argentina,Tal vez,Francia,Neymar Jr.; Christian Pulisic; Cristiano Ronaldo,Premios y sorteos,Tarjetas coleccionables,Sí,Edición con tarjetas coleccionables
265,2026-03-15,15:52:47,35 - 44 años,Masculino,Huehuetenango,Otro municipio,Profesional independiente,Rara vez,Tienda de barrio,Amigos,Q51 - Q100,Gol Nachos Supreme; Hot Stadium Peanuts; Caramel Goal Popcorn,Chocolate,Familiar,Q16 - Q20,Sí,No,Argentina,Definitivamente sí,Estados Unidos,Jude Bellingham,Premios y sorteos,Descuento directo,Sí,Edición Brasil
266,2026-03-06,19:13:02,45 - 54 años,Masculino,Sololá,Cabecera municipal,Empleado público,Todos los días,Supermercado,Familia,Menos de Q25,Caramel Goal Popcorn; Mundialitos Queso Picante; Gol Nachos Supreme,Limón,Tamaño fiesta o reunión,Q10 - Q15,Sí,Sí,Egipto,Tal vez,Países Bajos,Neymar Jr.,Un jugador famoso,Sorteo de viajes,No,Edición Argentina
267,2026-01-10,19:16:14,35 - 44 años,Masculino,Jutiapa,Jutiapa,Empleado privado,Varias veces al mes,Gasolinera,Amigos,Q25 - Q50,ChocoKick Bites; Gol Nachos Supreme; FutbolMix,Dulce,Familiar,Q16 - Q20,Sí,Sí,Brasil,Probablemente sí,México,Jude Bellingham,Premios y sorteos,Sorteo de camisetas,Sí,Edición Mundial FIFA 2026
268,2026-01-26,21:22:34,25 - 34 años,Femenino,Guatemala,Mixco,Empleado privado,3 a 5 veces por semana,Gasolinera,Familia,Q51 - Q100,FutbolMix,Chocolate,Para compartir entre 2 personas,Q21 - Q30,Sí,Sí, FRANCIA ,Tal vez,México,Neymar Jr.,Una selección nacional,Sorteo de viajes,Sí,Edición con jugadores famosos
269,2026-01-11,08:04:00,25 - 34 años,Masculino, GUATEMALA ,Guatemala,Ama de casa,3 a 5 veces por semana,Kiosco escolar/universitario,Familia,Q51 - Q100,CrunchMax BBQ; Energy Crunch Protein,Barbacoa,Para compartir entre 2 personas,Q16 - Q20,Sí,Sí,México,Definitivamente sí,Inglaterra,Cristiano Ronaldo; Lionel Messi; Kylian Mbappé,Premios y sorteos,Descuento directo,No,Edición con tarjetas coleccionables
270,2026-03-16,19:19:05,18 - 24 años,Femenino,Huehuetenango,Otro municipio,Empleado público,1 a 2 veces por semana,Supermercado,Solo,Q25 - Q50,Energy Crunch Protein; Caramel Goal Popcorn,Picante Chapín,Tamaño fiesta o reunión,Q10 - Q15,Sí,Sí,Panamá,Tal vez,Argentina,Alphonso Davies; Federico Valverde; Cristiano Ronaldo,Un jugador famoso,Sorteo de viajes,Sí,Edición con jugadores famosos
271,2026-02-26,15:55:08,35 - 44 años,Femenino,Guatemala,San Miguel Petapa,Jubilado,Varias veces al mes,Tienda de barrio,Otro,Q25 - Q50,ChocoKick Bites,Queso,Tamaño fiesta o reunión,Menos de Q10,No,No,Argentina,Probablemente sí,México,Lionel Messi; Neymar Jr.,Un jugador famoso,Descuento directo,No,Edición Argentina
272,2026-03-28,09:41:22,25 - 34 años,Femenino,Guatemala,Guatemala,Empleado privado,Varias veces al mes,Tienda de barrio,Compañeros de trabajo,Menos de Q25,Fan Chips Jalapeño; ChocoKick Bites,Salado Tradicional,Familiar,Q16 - Q20,Sí,Sí,Uruguay,Probablemente sí,Argentina,Vinícius Júnior; Lamine Yamal,Un jugador famoso,Producto gratis,Sí,Edición Mundial FIFA 2026
273,2026-03-21,08:25:26,55 años o más,Femenino,Baja Verapaz,Baja Verapaz,Empresario,Varias veces al mes,Aplicación de delivery,Otro,Q51 - Q100,Caramel Goal Popcorn; FutbolMix; Mundialitos Queso Picante,Chocolate,Para compartir entre 2 personas,Q21 - Q30,Sí,Sí,Brasil,Probablemente sí,Inglaterra,Cristiano Ronaldo,Humor,Descuento directo,Sí,Edición Argentina
274,2026-04-20,15:38:02,45 - 54 años,Femenino,Escuintla,Escuintla,Profesional independiente,Todos los días,Gasolinera,Amigos,Más de Q150,FutbolMix; CrunchMax BBQ; Mundialitos Queso Picante,Queso,Para compartir entre 2 personas,Menos de Q10,No,Sí,Inglaterra,Definitivamente sí,España,Lionel Messi; Vinícius Júnior; Jude Bellingham,Un jugador famoso,Descuento directo,No,Edición Argentina
275,2026-01-19,19:15:32,55 años o más,Femenino,Guatemala,Santa Catarina Pinula,Jubilado,Rara vez,Tienda de barrio,Familia,Q25 - Q50,Gol Nachos Supreme; CrunchMax BBQ; Caramel Goal Popcorn,Barbacoa,Familiar,Q21 - Q30,No,Sí,España,Definitivamente sí,Túnez,Cristiano Ronaldo; Lionel Messi; Federico Valverde,Un jugador famoso,Sorteo de camisetas,No,Edición Francia
276,2026-04-15,12:19:22,18 - 24 años,Femenino,Escuintla,Santa Lucía Cotzumalguapa,Empleado privado,Varias veces al mes,Tienda de barrio,Familia,Q51 - Q100,Caramel Goal Popcorn; CrunchMax BBQ; Hot Stadium Peanuts,Picante Chapín,Individual,Q21 - Q30,Sí,No, BRASIL ,Tal vez,Suecia,Cristiano Ronaldo; Lionel Messi; Kylian Mbappé,Humor,2x1,No,Edición Inglaterra
277,2026-04-17,18:26:55,35 - 44 años,Masculino,Guatemala,San Miguel Petapa,Empleado privado,1 a 2 veces por semana,Supermercado,Familia,Q25 - Q50,CrunchMax BBQ; ChocoKick Bites; Fan Chips Jalapeño,Barbacoa,Para compartir entre 2 personas,Q16 - Q20,Sí,Sí,México,Tal vez,Croacia,Kylian Mbappé; Lionel Messi,Una selección nacional,Descuento directo,No,Edición Francia
278,2026-04-08,08:11:12,18 - 24 años,Femenino,Guatemala,Mixco,Estudiante,3 a 5 veces por semana,Tienda de barrio,Familia,Q51 - Q100,Victory Pretzels; Gol Nachos Supreme,Queso,Para compartir entre 2 personas,Q16 - Q20,Sí,Sí,Estados Unidos,Tal vez,Argentina,Kylian Mbappé; Cristiano Ronaldo; Jude Bellingham,Un jugador famoso,Tarjetas coleccionables,Sí,Edición Argentina
279,2026-03-10,16:02:10,Menos de 18 años,Femenino,El Progreso,El Progreso,Empresario,Varias veces al mes,Tienda de barrio,Amigos,Q101 - Q150,Caramel Goal Popcorn; Mundialitos Queso Picante,Salado Tradicional,Individual,Q16 - Q20,No,Sí,Estados Unidos,Definitivamente no,Argentina,Lionel Messi,Un jugador famoso,2x1,Sí,Edición con jugadores famosos
280,2026-04-21,20:41:09,35 - 44 años,Masculino,Santa Rosa,Otro municipio,Estudiante,1 a 2 veces por semana,Supermercado,Familia,Q51 - Q100,FutbolMix; CrunchMax BBQ; Mundialitos Queso Picante,Dulce,Para compartir entre 2 personas,Q21 - Q30,No,No,Francia,Definitivamente no,Inglaterra,Cristiano Ronaldo,Un jugador famoso,Tarjetas coleccionables,Sí,Edición Inglaterra
281,2026-03-03,17:54:10,45 - 54 años,Masculino,Guatemala,Santa Catarina Pinula,Otro,Rara vez,Gasolinera,Familia,Q25 - Q50,Hot Stadium Peanuts; Caramel Goal Popcorn; ChocoKick Bites,Picante Chapín,Tamaño fiesta o reunión,Q21 - Q30,No,Sí,Argentina,Probablemente sí,Brasil,Rodri; Cristiano Ronaldo,Un jugador famoso,Sorteo de camisetas,Sí,Edición Inglaterra
282,2026-02-23,18:21:03,18 - 24 años,Femenino,Huehuetenango,Cabecera municipal,Empleado privado,Todos los días,Gasolinera,Compañeros de trabajo,Más de Q150,Fan Chips Jalapeño; Energy Crunch Protein; Hot Stadium Peanuts,Queso,Tamaño fiesta o reunión,Menos de Q10,No,No,México,Definitivamente sí,Alemania,Lamine Yamal; Ninguno; Vinícius Júnior,Historias de aficionados,Descuento directo,No,Edición con jugadores famosos
283,2026-02-26,17:57:46,Menos de 18 años,Masculino,Guatemala,Mixco,Otro,3 a 5 veces por semana,Gasolinera,Familia,Q101 - Q150,Hot Stadium Peanuts,Caramelo,Para compartir entre 2 personas,Menos de Q10,Sí,Sí,Argentina,Tal vez,Portugal,Lionel Messi; Neymar Jr.,Una selección nacional,Tarjetas coleccionables,Sí,Edición Francia
284,2026-02-14,20:59:00,45 - 54 años,Femenino,Guatemala,Guatemala,Empleado privado,Varias veces al mes,Supermercado,Otro,Q25 - Q50,Hot Stadium Peanuts; Victory Pretzels; Mundialitos Queso Picante,Barbacoa,Familiar,Más de Q30,No,Sí,Portugal,Probablemente sí,España,Cristiano Ronaldo; Harry Kane,Historias de aficionados,Sorteo de balones,No,Edición con tarjetas coleccionables
285,2026-02-09,15:04:17,Menos de 18 años,Femenino,Sololá,Otro municipio,Comerciante,Todos los días,Tienda de barrio,Familia,Q51 - Q100,CrunchMax BBQ,,Individual,Menos de Q10,No,Sí,Francia,Tal vez, INGLATERRA ,Cristiano Ronaldo,Un jugador famoso,Descuento directo,Sí,Edición España
286,2026-02-03,11:37:44,Menos de 18 años,Femenino,Escuintla,Santa Lucía Cotzumalguapa,Empresario,Todos los días,Aplicación de delivery,Amigos,Más de Q150,CrunchMax BBQ; Fan Chips Jalapeño; Gol Nachos Supreme,Chocolate,Para compartir entre 2 personas,Q10 - Q15,No,Sí,Argentina,Definitivamente sí,Inglaterra,Alphonso Davies,Una selección nacional,Sorteo de camisetas,No,Edición con jugadores famosos
287,2026-02-21,21:05:25,Menos de 18 años,Masculino,Escuintla,Escuintla,Estudiante,3 a 5 veces por semana,Supermercado,Familia,Q51 - Q100,Hot Stadium Peanuts; Fan Chips Jalapeño; Gol Nachos Supreme,Salado Tradicional,Para compartir entre 2 personas,Q21 - Q30,Sí,Sí,México,Probablemente sí,Inglaterra,Lionel Messi; Alphonso Davies; Lamine Yamal,Historias de aficionados,2x1,Sí,Edición España
288,2026-03-19,13:09:51,18 - 24 años,Masculino,Guatemala,Guatemala,Jubilado,Varias veces al mes,Supermercado,Familia,Menos de Q25,CrunchMax BBQ; Hot Stadium Peanuts,Jalapeño,Individual,Q21 - Q30,Sí,Sí,Inglaterra,Tal vez,Argelia,Neymar Jr.; Vinícius Júnior,Un jugador famoso,Descuento directo,Sí,Edición con jugadores famosos
289,2026-01-16,17:43:08,35 - 44 años,Masculino,Quetzaltenango, COATEPEQUE ,Ama de casa,3 a 5 veces por semana,Supermercado,Familia,Q51 - Q100,Mundialitos Queso Picante,Chocolate,Familiar,Q16 - Q20,Sí,Sí,Argentina,Probablemente sí,Brasil,Lionel Messi; Neymar Jr.,Una selección nacional,Sorteo de camisetas,Sí,Edición con jugadores famosos
290,2026-05-07,15:25:33,Menos de 18 años,Masculino,Guatemala,San Miguel Petapa,Ama de casa,1 a 2 veces por semana,Otro,Familia,Q51 - Q100,Fan Chips Jalapeño; Caramel Goal Popcorn; CrunchMax BBQ,Chocolate,Individual,Q21 - Q30,Sí,Sí,Francia,Tal vez,Brasil,Cristiano Ronaldo,Un jugador famoso,Sorteo de viajes,No,Edición Argentina
291,2026-03-20,10:51:22,35 - 44 años,Masculino,Baja Verapaz,Cabecera municipal,Empresario,Todos los días,Gasolinera,Amigos,Q25 - Q50,Hot Stadium Peanuts; CrunchMax BBQ,,Familiar,Q10 - Q15,Sí,Sí,Argentina,Definitivamente sí,Brasil,Lamine Yamal; Neymar Jr.,Historias de aficionados,Sorteo de camisetas,Sí,Edición Mundial FIFA 2026
1595,2026-04-27,16:44:15,55 años o más,Femenino,Guatemala,Villa Nueva,Empleado privado,Varias veces al mes,Gasolinera,Familia,Q51 - Q100,FutbolMix; ChocoKick Bites,Barbacoa,Familiar,Q21 - Q30,Sí,Sí,Estados Unidos,Probablemente sí,México,Lionel Messi; Harry Kane; Neymar Jr.,Una selección nacional,Sorteo de viajes,Sí,Edición Mundial FIFA 2026
293,2026-01-10,12:00:32,35 - 44 años,Masculino,Guatemala,Villa Nueva,Estudiante,3 a 5 veces por semana,Otro,Familia,Q25 - Q50,Fan Chips Jalapeño; Gol Nachos Supreme; ChocoKick Bites,Chocolate,Familiar,Q16 - Q20,No,Sí,Colombia,Probablemente sí,Portugal,Vinícius Júnior,Un jugador famoso,Producto gratis,Sí,Edición con tarjetas coleccionables
294,2026-02-20,09:22:52,35 - 44 años,Prefiero no indicarlo,Guatemala,Villa Nueva,Comerciante,Rara vez,Supermercado,Familia,Q51 - Q100,Hot Stadium Peanuts; CrunchMax BBQ, DULCE ,Individual,Q16 - Q20,Sí,Sí,Czechia,Probablemente sí,Brasil,Vinícius Júnior,Humor,Tarjetas coleccionables,No,Edición con tarjetas coleccionables
295,2026-04-29,07:29:33,Menos de 18 años,Femenino,Guatemala,San Miguel Petapa,Empleado público,Varias veces al mes,Tienda de barrio,Familia,Q25 - Q50,Fan Chips Jalapeño, BARBACOA ,Para compartir entre 2 personas,Más de Q30,Sí,Sí,Brasil,Probablemente no,Brasil,Lionel Messi,Un jugador famoso,2x1,Sí,Edición Francia
296,2026-04-02,20:21:35,35 - 44 años,Femenino,Quetzaltenango,Coatepeque,Empleado público,Varias veces al mes,Kiosco escolar/universitario,Otro,Q25 - Q50,Fan Chips Jalapeño; Gol Nachos Supreme,Dulce,Familiar,Q10 - Q15,No,No,Argentina,Definitivamente no,Portugal,Jude Bellingham; Cristiano Ronaldo; Lionel Messi,Humor,Descuento directo,Sí,Edición España
297,2026-04-20,21:00:58,18 - 24 años,Femenino,Guatemala,Santa Catarina Pinula,Ama de casa,1 a 2 veces por semana,Supermercado,Solo,Q25 - Q50,FutbolMix; CrunchMax BBQ; Energy Crunch Protein,Picante Chapín,Para compartir entre 2 personas,Menos de Q10,No,Sí,Inglaterra,Probablemente sí,Colombia,Cristiano Ronaldo,Premios y sorteos,Descuento directo,Sí,Edición Argentina
298,2026-04-09,10:09:32,18 - 24 años,Masculino,El Progreso,Otro municipio,Empleado privado,1 a 2 veces por semana,Otro,Familia,Q25 - Q50,Caramel Goal Popcorn; Hot Stadium Peanuts; ChocoKick Bites,Picante Chapín,Tamaño fiesta o reunión,Q21 - Q30,Sí,Sí,Alemania,Probablemente sí,Brasil,Cristiano Ronaldo; Ninguno,Un jugador famoso,2x1,Sí,Edición con tarjetas coleccionables
299,2026-02-06,15:23:44,25 - 34 años,Masculino,Guatemala,Guatemala,Empleado privado,Todos los días,Aplicación de delivery,Amigos,Más de Q150,Caramel Goal Popcorn; Mundialitos Queso Picante; ChocoKick Bites,Jalapeño,Tamaño fiesta o reunión,Q10 - Q15,Sí,Sí,Francia,Tal vez,Francia,Lionel Messi,Historias de aficionados,Tarjetas coleccionables,No,Edición Argentina
300,2026-02-16,21:22:06,55 años o más,Masculino,Guatemala,San Miguel Petapa,Ama de casa,Todos los días,Tienda de barrio,Familia,Q25 - Q50,Caramel Goal Popcorn,Limón,Individual,Q10 - Q15,Sí,Sí,Argelia,Probablemente no, BRASIL ,Neymar Jr.,Premios y sorteos,Tarjetas coleccionables,Sí,Edición con jugadores famosos
301,2026-01-31,10:26:52,45 - 54 años,Femenino,Chiquimula,Chiquimula,Profesional independiente,Varias veces al mes,Otro,Amigos,Q51 - Q100,ChocoKick Bites; Hot Stadium Peanuts,Barbacoa,Individual,Q10 - Q15,No,Sí,Argelia,Probablemente sí,Alemania,Lamine Yamal,Un jugador famoso,Sorteo de balones,No,Edición Brasil
302,2026-04-28,15:06:40,45 - 54 años,Femenino,Guatemala,San Miguel Petapa,Empleado privado,1 a 2 veces por semana,Supermercado,Amigos,Q25 - Q50,FutbolMix; Hot Stadium Peanuts; Caramel Goal Popcorn,Dulce,Para compartir entre 2 personas,Q21 - Q30,No,No,Brasil,Definitivamente sí,España,Neymar Jr.,Premios y sorteos,Sorteo de viajes,No,Edición Argentina
303,2026-01-15,11:03:19,25 - 34 años,Femenino,Guatemala,Villa Nueva,Empleado privado,3 a 5 veces por semana,Supermercado,Amigos,Q51 - Q100,Victory Pretzels; Mundialitos Queso Picante; FutbolMix,Queso,Individual,Q16 - Q20,No,Sí,Francia,Definitivamente sí,México,Jude Bellingham,Un jugador famoso,Tarjetas coleccionables,Sí,Edición Brasil
304,2026-03-18,15:51:13,45 - 54 años,Prefiero no indicarlo,Guatemala,Guatemala,Empleado privado,3 a 5 veces por semana,Supermercado,Familia,Q25 - Q50,Hot Stadium Peanuts; Caramel Goal Popcorn,Jalapeño,Individual,Q16 - Q20,No,Sí,Argentina,Tal vez,España,Alphonso Davies; Vinícius Júnior; Kylian Mbappé,Una selección nacional,2x1,Sí,Edición Mundial FIFA 2026
305,2026-04-19,09:23:45,18 - 24 años,Masculino, GUATEMALA ,Santa Catarina Pinula,Empleado público,Rara vez,Tienda de barrio,Solo,Q51 - Q100,ChocoKick Bites; Gol Nachos Supreme,Limón,Individual,Q10 - Q15,Sí,Sí,México,Tal vez,Panamá,Neymar Jr.,Historias de aficionados,Sorteo de viajes,Sí,Edición con tarjetas coleccionables
306,2026-01-17,18:10:26,18 - 24 años,Femenino,Chiquimula,Otro municipio,Empleado público,3 a 5 veces por semana,Supermercado,Familia,Q51 - Q100,Mundialitos Queso Picante; CrunchMax BBQ; Hot Stadium Peanuts,Picante Chapín,Para compartir entre 2 personas,Menos de Q10,Sí,Sí,Argentina,Probablemente sí,Brasil,Harry Kane; Cristiano Ronaldo,Historias de aficionados,Tarjetas coleccionables,No,Edición Brasil
307,2026-01-31,12:04:25,35 - 44 años,Masculino,Quetzaltenango,Quetzaltenango,Empleado privado,1 a 2 veces por semana,Supermercado,Solo,Q51 - Q100,Fan Chips Jalapeño; Energy Crunch Protein,Picante Chapín,Familiar,Q10 - Q15,Sí,No,Uruguay,Probablemente no,Francia,Cristiano Ronaldo,Un jugador famoso,2x1,Sí,Edición Brasil
308,2026-02-01,09:38:12,Menos de 18 años,Masculino,Guatemala,San Miguel Petapa,Jubilado,Todos los días,Gasolinera,Familia,Q51 - Q100,Mundialitos Queso Picante; ChocoKick Bites; Fan Chips Jalapeño,Picante Chapín,Para compartir entre 2 personas,Menos de Q10,No,Sí,Uruguay,Definitivamente sí,México,Lamine Yamal; Vinícius Júnior,Humor,Tarjetas coleccionables,Sí,Edición con tarjetas coleccionables
309,2026-04-23,12:59:56,18 - 24 años,Femenino,Quetzaltenango,Olintepeque,Empleado privado,3 a 5 veces por semana,Tienda de barrio,Amigos,Q51 - Q100,FutbolMix; Caramel Goal Popcorn; Energy Crunch Protein,Dulce,Familiar,Q21 - Q30,Sí,Sí, BRASIL ,Tal vez,Portugal,Cristiano Ronaldo; Vinícius Júnior,Un jugador famoso,Descuento directo,Sí,Edición Inglaterra
310,2026-01-14,20:01:11,55 años o más,Femenino,Guatemala,Santa Catarina Pinula,Empleado privado,Rara vez,Supermercado,Solo,Q101 - Q150,Fan Chips Jalapeño,Dulce,Individual,Q16 - Q20,Sí,Sí,Estados Unidos,Probablemente sí,Brasil,Lionel Messi; Harry Kane,Premios y sorteos,Tarjetas coleccionables,Sí,Edición Argentina
311,2026-04-01,22:00:29,Menos de 18 años,Femenino,Baja Verapaz,Baja Verapaz,Empleado privado,1 a 2 veces por semana,Tienda de barrio,Amigos,Menos de Q25,Hot Stadium Peanuts; FutbolMix,Queso,Tamaño fiesta o reunión,Q10 - Q15,Sí,Sí,Uruguay,Probablemente sí,Argentina,Jude Bellingham,Una selección nacional,2x1,Sí,Edición España
312,2026-01-29,18:28:33,Menos de 18 años,Femenino,Guatemala,Guatemala,Comerciante,Varias veces al mes,Gasolinera,Familia,Menos de Q25,ChocoKick Bites; Caramel Goal Popcorn,Barbacoa,Individual,Q10 - Q15,No,Sí,México,Tal vez,Portugal,Lionel Messi; Neymar Jr.,Premios y sorteos,2x1,Sí,Edición Argentina
313,2026-02-05,08:27:57,18 - 24 años,Femenino,Quiché,Cabecera municipal,Empleado privado,Rara vez,Kiosco escolar/universitario,Solo,Q51 - Q100,Gol Nachos Supreme; FutbolMix; CrunchMax BBQ,Barbacoa,Para compartir entre 2 personas,Q21 - Q30,No,No,Brasil,Probablemente sí,Portugal,Vinícius Júnior,Humor,Producto gratis,Sí,Edición con tarjetas coleccionables
314,2026-03-26,07:53:56,25 - 34 años,Masculino,Jalapa,Cabecera municipal,Ama de casa,Todos los días,Gasolinera,Familia,Q101 - Q150,Caramel Goal Popcorn; Hot Stadium Peanuts; Fan Chips Jalapeño,Picante Chapín,Familiar,Q10 - Q15,Sí,Sí,Francia,Probablemente sí,Francia,Neymar Jr.; Cristiano Ronaldo,Un jugador famoso,Tarjetas coleccionables,Sí,Edición Brasil
315,2026-01-21,09:05:13,35 - 44 años,Femenino,Guatemala,Santa Catarina Pinula,Comerciante,3 a 5 veces por semana,Aplicación de delivery,Amigos,Q51 - Q100,FutbolMix; Fan Chips Jalapeño; CrunchMax BBQ,Picante Chapín,Tamaño fiesta o reunión,Q16 - Q20,Sí,Sí,Argentina,Probablemente no,Curaçao,Harry Kane; Vinícius Júnior; Lamine Yamal,Un jugador famoso,Descuento directo,Sí,Edición con jugadores famosos
316,2026-02-09,15:21:12,45 - 54 años,Masculino,Guatemala,Guatemala,Empleado público,Todos los días,Otro,Amigos,Q25 - Q50,Victory Pretzels; Fan Chips Jalapeño; Mundialitos Queso Picante,Picante Chapín,Para compartir entre 2 personas,Q16 - Q20,No,Sí,México,Definitivamente sí,Francia,Lionel Messi; Kylian Mbappé,Premios y sorteos,2x1,No,Edición con tarjetas coleccionables
317,2026-03-08,17:47:33,25 - 34 años,Masculino,Baja Verapaz,Baja Verapaz,Ama de casa,Rara vez,Tienda de barrio,Amigos,Q25 - Q50,Caramel Goal Popcorn; ChocoKick Bites,Salado Tradicional,Para compartir entre 2 personas,Más de Q30,Sí,No,Croacia,Tal vez,,Lionel Messi; Kylian Mbappé,Una selección nacional,2x1,Sí,Edición con tarjetas coleccionables
318,2026-04-16,13:05:41,18 - 24 años,Femenino,Quetzaltenango,Quetzaltenango,Empleado privado,1 a 2 veces por semana,Supermercado,Amigos,Menos de Q25,Mundialitos Queso Picante,Queso,Para compartir entre 2 personas,Q16 - Q20,Sí,No,Alemania,Definitivamente sí,Brasil,Lionel Messi; Jude Bellingham; Vinícius Júnior,Una selección nacional,Descuento directo,No,Edición con tarjetas coleccionables
319,2026-01-29,11:47:46,25 - 34 años,Femenino,Guatemala,Mixco,Empleado privado,Varias veces al mes,Tienda de barrio,Amigos,Q101 - Q150,Gol Nachos Supreme,Chocolate,Individual,Menos de Q10,No,Sí,México,Probablemente sí,Francia,Lionel Messi,Historias de aficionados,Sorteo de camisetas,Sí,Edición Brasil
320,2026-02-04,10:39:13,25 - 34 años,Masculino,Totonicapán,Otro municipio,Ama de casa,1 a 2 veces por semana,Tienda de barrio,Amigos,Q25 - Q50,Caramel Goal Popcorn; Gol Nachos Supreme; ChocoKick Bites,Barbacoa,Familiar,Q16 - Q20,No,Sí,Argentina,Probablemente no,Brasil,Lionel Messi; Federico Valverde,Un jugador famoso,Descuento directo,No,Edición Mundial FIFA 2026
321,2026-02-08,22:49:57,25 - 34 años,Masculino,Suchitepéquez,Cabecera municipal,Empleado privado,3 a 5 veces por semana,Supermercado,Amigos,Q101 - Q150,FutbolMix,Limón,Para compartir entre 2 personas,Q10 - Q15,No,Sí,Francia,Probablemente sí,Francia,Lionel Messi; Cristiano Ronaldo,Historias de aficionados,Tarjetas coleccionables,No,Edición con tarjetas coleccionables
322,2026-04-09,12:40:23,Menos de 18 años,Masculino,Guatemala,Villa Nueva,Empleado público,3 a 5 veces por semana,Gasolinera,Familia,Q101 - Q150,Energy Crunch Protein; Fan Chips Jalapeño,Picante Chapín,Tamaño fiesta o reunión,Q16 - Q20,Sí,Sí,Portugal,Probablemente sí,Argentina,Vinícius Júnior; Ninguno; Jude Bellingham,Historias de aficionados,Tarjetas coleccionables,Sí,Edición Brasil
323,2026-04-12,22:02:54,35 - 44 años,Femenino,Guatemala,Villa Nueva,Comerciante,1 a 2 veces por semana,Aplicación de delivery,Solo,Q25 - Q50,Hot Stadium Peanuts; Caramel Goal Popcorn,Salado Tradicional,Para compartir entre 2 personas,Más de Q30,No,No,Argentina,Definitivamente sí,Uzbekistán,Neymar Jr.; Harry Kane; Lamine Yamal,Un jugador famoso,Producto gratis,No,Edición España
324,2026-02-09,07:16:47,45 - 54 años,Femenino,Chimaltenango,Chimaltenango,,1 a 2 veces por semana,Supermercado,Amigos,Q101 - Q150,Gol Nachos Supreme,Salado Tradicional,Individual,Q16 - Q20,Sí,Sí,Brasil,Probablemente sí,Argentina,Harry Kane,Un jugador famoso,Descuento directo,Sí,Edición con jugadores famosos
325,2026-03-22,11:45:22,25 - 34 años,Masculino,San Marcos,Otro municipio,Jubilado,3 a 5 veces por semana,Otro,Familia,Q51 - Q100,Hot Stadium Peanuts; FutbolMix; Energy Crunch Protein,Jalapeño,Para compartir entre 2 personas,Q16 - Q20,Sí,Sí,Argentina,Definitivamente sí,Uruguay,Cristiano Ronaldo; Lionel Messi,Premios y sorteos,Tarjetas coleccionables,Sí,Edición España
326,2026-05-10,22:11:45,25 - 34 años,Masculino,Baja Verapaz,Cabecera municipal,Profesional independiente,Varias veces al mes,Gasolinera,Familia,Q51 - Q100,Energy Crunch Protein; Mundialitos Queso Picante; Caramel Goal Popcorn,Queso,Para compartir entre 2 personas,Q16 - Q20,No,Sí,Alemania,Probablemente sí,Argentina,Vinícius Júnior; Cristiano Ronaldo; Christian Pulisic,Premios y sorteos,Producto gratis,Sí,Edición Brasil
327,2026-02-24,14:37:04,25 - 34 años,Masculino,Guatemala,San Miguel Petapa,Empleado privado,1 a 2 veces por semana,Kiosco escolar/universitario,Solo,Q25 - Q50,ChocoKick Bites,Caramelo,Tamaño fiesta o reunión,Q16 - Q20,Sí,No,Francia,Tal vez,Brasil,Neymar Jr.; Julián Álvarez; Lamine Yamal,Un jugador famoso,Sorteo de camisetas,Sí,Edición con tarjetas coleccionables
328,2026-03-16,17:08:19,Menos de 18 años,Masculino,Chimaltenango,Tecpán Guatemala,Estudiante,1 a 2 veces por semana,Tienda de barrio,Familia,Q51 - Q100,Mundialitos Queso Picante; Fan Chips Jalapeño; ChocoKick Bites,Queso,Para compartir entre 2 personas,Q21 - Q30,Sí,Sí,Brasil,Tal vez,Corea del Sur,Lionel Messi; Federico Valverde,Premios y sorteos,Tarjetas coleccionables,No,Edición Mundial FIFA 2026
329,2026-03-28,15:09:27,35 - 44 años,Masculino,Petén,Poptún,Empleado privado,Rara vez,Aplicación de delivery,Amigos,Q25 - Q50,Energy Crunch Protein; Fan Chips Jalapeño,Picante Chapín,Familiar,Menos de Q10,Sí,Sí,Argentina,Definitivamente no,México,Vinícius Júnior; Harry Kane; Kylian Mbappé,Historias de aficionados,Sorteo de balones,Sí,Edición Mundial FIFA 2026
330,2026-01-25,20:12:55,45 - 54 años,Femenino,Guatemala,Villa Nueva,Empresario,Rara vez,Gasolinera,Familia,Menos de Q25,CrunchMax BBQ; FutbolMix; Hot Stadium Peanuts,Jalapeño,Para compartir entre 2 personas,Q21 - Q30,No,No,Curaçao,Definitivamente sí,México,Kylian Mbappé; Jude Bellingham,Premios y sorteos,Tarjetas coleccionables,Sí,Edición Brasil
331,2026-02-15,08:57:52,35 - 44 años,Masculino,Quetzaltenango,Coatepeque,Ama de casa,1 a 2 veces por semana,Tienda de barrio,Familia,Menos de Q25,Mundialitos Queso Picante; Caramel Goal Popcorn; Gol Nachos Supreme,Salado Tradicional,Tamaño fiesta o reunión,Q10 - Q15,No,Sí,Portugal,Definitivamente sí,Estados Unidos,Kylian Mbappé,Historias de aficionados,Descuento directo,Sí,Edición Brasil
332,2026-02-05,12:55:02,25 - 34 años,Femenino,Chimaltenango,Chimaltenango,Profesional independiente,1 a 2 veces por semana,Tienda de barrio,Familia,Q51 - Q100,FutbolMix; Mundialitos Queso Picante; Gol Nachos Supreme,Barbacoa,Individual,Q21 - Q30,Sí,Sí,España,Tal vez,Colombia,Lionel Messi; Cristiano Ronaldo,Un jugador famoso,2x1,Sí,Edición con jugadores famosos
333,2026-02-17,21:56:37,18 - 24 años,Masculino,Guatemala,Mixco,Empleado público,Varias veces al mes,Supermercado,Familia,Q25 - Q50,Mundialitos Queso Picante,Jalapeño,Tamaño fiesta o reunión,Q10 - Q15,Sí,Sí,México,Definitivamente sí,Alemania,Cristiano Ronaldo,Historias de aficionados,Sorteo de camisetas,No,Edición Mundial FIFA 2026
334,2026-05-01,18:54:05,45 - 54 años,Femenino,Guatemala,Guatemala,Comerciante,Varias veces al mes,Otro,Amigos,Q25 - Q50,Hot Stadium Peanuts; ChocoKick Bites,Dulce,Familiar,Q16 - Q20,Sí,Sí,Francia,Tal vez,Uruguay,Vinícius Júnior; Julián Álvarez,Historias de aficionados,Descuento directo,No,Edición Brasil
335,2026-04-22,15:11:45,35 - 44 años,Masculino,Petén,Flores,Empleado privado,Todos los días,Kiosco escolar/universitario,Amigos,Q25 - Q50,ChocoKick Bites; Gol Nachos Supreme; Caramel Goal Popcorn,Queso,Para compartir entre 2 personas,Q16 - Q20,Sí,Sí,México,Probablemente no,,Lamine Yamal; Jude Bellingham,Un jugador famoso,Tarjetas coleccionables,No,Edición con tarjetas coleccionables
336,2026-05-02,16:43:32,Menos de 18 años,Femenino,Totonicapán,Totonicapán,Profesional independiente,1 a 2 veces por semana,Supermercado,Solo,Q25 - Q50,CrunchMax BBQ,Barbacoa,Individual,Q10 - Q15,No,Sí,Portugal,Definitivamente sí,Portugal,Lamine Yamal; Christian Pulisic,Una selección nacional,Sorteo de balones,No,Edición Mundial FIFA 2026
337,2026-01-17,12:01:06,55 años o más,Masculino,Escuintla,,Empleado público,1 a 2 veces por semana,Supermercado,Solo,Q25 - Q50,Fan Chips Jalapeño,Picante Chapín,Para compartir entre 2 personas,Q16 - Q20,No,Sí,Colombia,Probablemente sí,Argentina,Neymar Jr.; Lionel Messi; Kylian Mbappé,Un jugador famoso,Descuento directo,Sí,Edición Mundial FIFA 2026
338,2026-02-26,14:03:07,25 - 34 años,Femenino,Alta Verapaz,Otro municipio,Empresario,1 a 2 veces por semana,Supermercado,Familia,Q25 - Q50,Fan Chips Jalapeño,Queso,Familiar,Q10 - Q15,No,Sí,Argentina,Definitivamente sí,España,Vinícius Júnior; Cristiano Ronaldo,Historias de aficionados,Sorteo de balones,No,Edición Inglaterra
339,2026-04-02,18:18:16,25 - 34 años,Masculino,Jalapa,Jalapa,Comerciante,Todos los días,Supermercado,Familia,Q25 - Q50,FutbolMix; CrunchMax BBQ; Hot Stadium Peanuts,Jalapeño,Familiar,Q16 - Q20,Sí,Sí,Brasil,Definitivamente no,España,Cristiano Ronaldo; Julián Álvarez; Kylian Mbappé,Una selección nacional,Producto gratis,Sí,Edición con jugadores famosos
340,2026-02-04,17:50:17,25 - 34 años,Masculino,Chimaltenango,Patzún,Empleado público,3 a 5 veces por semana,Kiosco escolar/universitario,Amigos,Q51 - Q100,Gol Nachos Supreme,Barbacoa,Tamaño fiesta o reunión,Q10 - Q15,Sí,No,Alemania,Tal vez,Estados Unidos,Cristiano Ronaldo,Un jugador famoso,2x1,Sí,Edición Argentina
341,2026-02-28,17:10:40,25 - 34 años,Masculino,Baja Verapaz,,Empleado privado,Rara vez,Supermercado,Compañeros de trabajo,Más de Q150,Mundialitos Queso Picante; Gol Nachos Supreme,Picante Chapín,Individual,Q21 - Q30,Sí,Sí,Argentina,Probablemente sí,España,Lionel Messi; Ninguno,Una selección nacional,2x1,No,Edición Francia
342,2026-02-16,16:17:44,35 - 44 años,Masculino,Sololá,Cabecera municipal,Profesional independiente,3 a 5 veces por semana,Supermercado,Amigos,Q51 - Q100,FutbolMix,Picante Chapín,Individual,Q21 - Q30,Sí,Sí,Argentina,Tal vez,Argentina,Cristiano Ronaldo,Una selección nacional,Sorteo de camisetas,Sí,Edición con jugadores famosos
343,2026-04-07,15:50:10,45 - 54 años,Masculino,Santa Rosa,Santa Rosa,Empleado privado,Todos los días,Tienda de barrio,Familia,Q51 - Q100,Victory Pretzels; CrunchMax BBQ,Jalapeño,Familiar,Q10 - Q15,Sí,No,Alemania,Definitivamente sí,España,Kylian Mbappé; Cristiano Ronaldo; Vinícius Júnior,Una selección nacional,Descuento directo,Sí,Edición con tarjetas coleccionables
344,2026-04-07,09:09:14,25 - 34 años,Femenino,Sacatepéquez,Antigua Guatemala,Profesional independiente,Varias veces al mes,Tienda de barrio,Amigos,Q51 - Q100,FutbolMix,Dulce,Familiar,,No,Sí,México,Probablemente sí,Brasil,Kylian Mbappé,Historias de aficionados,Tarjetas coleccionables,No,Edición Brasil
345,2026-03-04,13:58:34,18 - 24 años,Femenino,Guatemala,Guatemala,Comerciante,Todos los días,Gasolinera,Familia,Q25 - Q50,Gol Nachos Supreme; Caramel Goal Popcorn,Jalapeño,Para compartir entre 2 personas,Menos de Q10,Sí,Sí,Brasil,Definitivamente sí,España,Rodri; Alphonso Davies,Una selección nacional,Tarjetas coleccionables,Sí,Edición Argentina
346,2026-02-09,17:18:20,45 - 54 años,Femenino,Sololá,Cabecera municipal,Profesional independiente,Todos los días,Supermercado,Compañeros de trabajo,Menos de Q25,Hot Stadium Peanuts; Mundialitos Queso Picante; Victory Pretzels,Barbacoa,Individual,Q10 - Q15,Sí,Sí,Inglaterra,Probablemente sí,Argentina,Lionel Messi,Historias de aficionados,2x1,Sí,Edición Brasil
347,2026-01-28,07:31:10,18 - 24 años,Femenino,Guatemala,San Miguel Petapa,Empleado privado,Varias veces al mes,Tienda de barrio,Familia,Menos de Q25,Mundialitos Queso Picante; CrunchMax BBQ; Fan Chips Jalapeño,Picante Chapín,Individual,Q16 - Q20,Sí,Sí,Argentina,Tal vez,Brasil,Christian Pulisic,Una selección nacional,Descuento directo,Sí,Edición Argentina
348,2026-03-13,12:32:12,18 - 24 años,Masculino,Guatemala,Mixco,Empleado privado,Todos los días,Tienda de barrio,Familia,Menos de Q25,Fan Chips Jalapeño,Queso,Para compartir entre 2 personas,Q21 - Q30,Sí,Sí,Estados Unidos,Probablemente no,Estados Unidos,Cristiano Ronaldo,Una selección nacional,Tarjetas coleccionables,Sí,Edición Brasil
1960,2026-01-19,13:17:45,18 - 24 años,Femenino,Guatemala,Villa Nueva,Empleado privado,3 a 5 veces por semana,Supermercado,Familia,Más de Q150,FutbolMix; Gol Nachos Supreme; Energy Crunch Protein,Jalapeño,Tamaño fiesta o reunión,Más de Q30,No,Sí,Brasil,Probablemente sí,Cabo Verde,Julián Álvarez,Una selección nacional,2x1,No,Edición Mundial FIFA 2026
350,2026-03-28,18:34:11,35 - 44 años,Femenino,Santa Rosa,Cabecera municipal,Empleado privado,1 a 2 veces por semana,Gasolinera,Amigos,Q51 - Q100,Caramel Goal Popcorn; Gol Nachos Supreme; FutbolMix,Barbacoa,Familiar,Q10 - Q15,Sí,Sí,Argentina,Tal vez,Colombia,Cristiano Ronaldo; Neymar Jr.; Lionel Messi,Humor,Producto gratis,Sí,Edición Brasil
351,2026-05-08,14:04:00,18 - 24 años,Femenino,Guatemala,Santa Catarina Pinula,Empleado privado,1 a 2 veces por semana,Gasolinera,Amigos,Q51 - Q100,Fan Chips Jalapeño; ChocoKick Bites,Limón,Familiar,Q16 - Q20,Sí,Sí,Japón,Tal vez,Argentina,Lamine Yamal; Cristiano Ronaldo; Julián Álvarez,Una selección nacional,2x1,No,Edición Mundial FIFA 2026
352,2026-03-29,12:26:42,25 - 34 años,Masculino,Guatemala,Mixco,Empleado privado,1 a 2 veces por semana,Gasolinera,Familia,Q101 - Q150,Mundialitos Queso Picante; FutbolMix,Limón,Familiar,Q21 - Q30,No,Sí,Portugal,Tal vez,Francia,Alphonso Davies; Christian Pulisic; Cristiano Ronaldo,Un jugador famoso,Producto gratis,No,Edición Mundial FIFA 2026
353,2026-02-01,13:07:06,18 - 24 años,Masculino,San Marcos,Otro municipio,Profesional independiente,1 a 2 veces por semana,Tienda de barrio,Amigos,Q101 - Q150,ChocoKick Bites; FutbolMix,Jalapeño,Para compartir entre 2 personas,Q10 - Q15,Sí,Sí,Brasil,Probablemente sí, ARGENTINA ,Harry Kane; Lionel Messi; Lamine Yamal,Un jugador famoso,Descuento directo,Sí,Edición con jugadores famosos
354,2026-05-10,20:10:19,18 - 24 años,Femenino,Escuintla,Palín,Ama de casa,Todos los días,Tienda de barrio,Familia,Q25 - Q50,Mundialitos Queso Picante; Gol Nachos Supreme; Caramel Goal Popcorn,Barbacoa,Para compartir entre 2 personas,Q16 - Q20,Sí,Sí,España,Definitivamente sí,Brasil,Cristiano Ronaldo,Historias de aficionados,2x1,No,Edición con jugadores famosos
355,2026-04-22,15:08:38,35 - 44 años,Masculino,Guatemala,Guatemala,Otro,3 a 5 veces por semana,Tienda de barrio,Familia,Q51 - Q100,ChocoKick Bites; FutbolMix,Limón,Tamaño fiesta o reunión,Q21 - Q30,Sí,Sí,Brasil,Definitivamente sí,Francia,Neymar Jr.; Lionel Messi; Vinícius Júnior,Historias de aficionados,Tarjetas coleccionables,Sí,Edición Francia
356,2026-05-03,08:38:29,25 - 34 años,Masculino,Sacatepéquez,Jocotenango,Estudiante,Varias veces al mes,Tienda de barrio,Familia,Q25 - Q50,Hot Stadium Peanuts; Victory Pretzels; Fan Chips Jalapeño,Chocolate,Tamaño fiesta o reunión,Q10 - Q15,No,Sí,Brasil,Probablemente sí,Francia,Neymar Jr.; Vinícius Júnior; Cristiano Ronaldo,Premios y sorteos,2x1,No,Edición España
357,2026-03-21,10:30:37,18 - 24 años,Femenino,Sacatepéquez,Antigua Guatemala,Empleado privado,Varias veces al mes,Gasolinera,Solo,Q101 - Q150,Gol Nachos Supreme,Queso,Para compartir entre 2 personas,Q16 - Q20,Sí,Sí,España,Definitivamente sí,Argentina,Cristiano Ronaldo; Federico Valverde,Un jugador famoso,2x1,No,Edición con tarjetas coleccionables
358,2026-01-23,22:32:30,25 - 34 años,Femenino,Izabal,Izabal,Estudiante,3 a 5 veces por semana,Supermercado,Amigos,Q51 - Q100,Caramel Goal Popcorn; FutbolMix; Mundialitos Queso Picante,Jalapeño,Individual,Q21 - Q30,Sí,Sí,Brasil,Probablemente sí,Brasil,Kylian Mbappé; Lionel Messi; Cristiano Ronaldo,Una selección nacional,Tarjetas coleccionables,No,Edición Inglaterra
359,2026-04-10,20:21:01,25 - 34 años,Femenino,Guatemala,Villa Nueva,Otro,Todos los días,Gasolinera,Amigos,Más de Q150,Fan Chips Jalapeño; CrunchMax BBQ,Queso,Familiar,Q10 - Q15,Sí,Sí,Czechia,Definitivamente sí,Portugal,Lionel Messi; Julián Álvarez; Cristiano Ronaldo,Un jugador famoso,2x1,Sí,Edición Mundial FIFA 2026
360,2026-04-19,19:22:39,55 años o más,Prefiero no indicarlo,Sacatepéquez,Ciudad Vieja,Estudiante,Varias veces al mes,Supermercado,Amigos,Menos de Q25,ChocoKick Bites; CrunchMax BBQ; Caramel Goal Popcorn,Dulce,Para compartir entre 2 personas,Q16 - Q20,No,Sí,España,Probablemente sí,México,Lionel Messi; Jude Bellingham; Vinícius Júnior,Historias de aficionados,Tarjetas coleccionables,No,Edición Mundial FIFA 2026
361,2026-04-05,15:49:15,45 - 54 años,Femenino,Guatemala,Santa Catarina Pinula,Empleado público,1 a 2 veces por semana,Otro,Familia,Q25 - Q50,Fan Chips Jalapeño,Queso,Para compartir entre 2 personas,Q21 - Q30,Sí,Sí,Francia,Definitivamente sí,México,Lamine Yamal,Un jugador famoso,Sorteo de camisetas,No,Edición con jugadores famosos
362,2026-02-16,10:25:29,Menos de 18 años,Masculino,Escuintla,Escuintla,Ama de casa,3 a 5 veces por semana,Aplicación de delivery,Amigos,Q51 - Q100,Mundialitos Queso Picante; Fan Chips Jalapeño,Picante Chapín,Individual,Q10 - Q15,Sí,Sí,Brasil,Probablemente sí,Argentina,Vinícius Júnior; Harry Kane,Premios y sorteos,Tarjetas coleccionables,No,Edición España
363,2026-03-18,10:55:43,18 - 24 años,Femenino,Guatemala,Santa Catarina Pinula,Empleado privado,3 a 5 veces por semana,Tienda de barrio,Amigos,Menos de Q25,Gol Nachos Supreme,Salado Tradicional,Familiar,Q10 - Q15,Sí,Sí,Francia,Probablemente no,Argentina,Federico Valverde; Lionel Messi,Premios y sorteos,2x1,Sí,Edición España
364,2026-01-20,07:59:54,18 - 24 años,Masculino,Guatemala,Villa Nueva,Empleado privado,1 a 2 veces por semana,Supermercado,Familia,Q25 - Q50,Fan Chips Jalapeño; Mundialitos Queso Picante,Jalapeño,Individual,Q10 - Q15,Sí,Sí,Alemania,Definitivamente no,Argentina,Julián Álvarez; Lionel Messi; Vinícius Júnior,Un jugador famoso,Sorteo de camisetas,Sí,Edición Mundial FIFA 2026
365,2026-03-01,18:45:25,18 - 24 años,Masculino,Petén,San Benito,Empresario,3 a 5 veces por semana,Aplicación de delivery,Amigos,Q51 - Q100,ChocoKick Bites; Energy Crunch Protein; Caramel Goal Popcorn,Salado Tradicional,Tamaño fiesta o reunión,Más de Q30,No,No,Czechia,Tal vez,Argentina,Federico Valverde,Un jugador famoso,Producto gratis,Sí,Edición con jugadores famosos
366,2026-03-26,16:36:27,25 - 34 años,Femenino,Guatemala,Villa Nueva,Ama de casa,3 a 5 veces por semana,Tienda de barrio,Solo,Menos de Q25,FutbolMix; CrunchMax BBQ,Queso,Familiar,Q10 - Q15,Sí,Sí,España,Definitivamente sí,Alemania,Kylian Mbappé; Lionel Messi; Alphonso Davies,Una selección nacional,Descuento directo,Sí,Edición España
367,2026-02-28,15:16:12,35 - 44 años,Masculino,Escuintla,Escuintla,Empleado privado,3 a 5 veces por semana,Supermercado,Familia,Q51 - Q100,Fan Chips Jalapeño; Gol Nachos Supreme; Victory Pretzels, JALAPEÑO ,Tamaño fiesta o reunión,Q16 - Q20,Sí,Sí,España,Definitivamente no,Brasil,Christian Pulisic; Cristiano Ronaldo; Rodri,Un jugador famoso,Descuento directo,Sí,Edición Brasil
368,2026-02-17,12:08:52,35 - 44 años,Masculino,Escuintla,Escuintla,Empleado privado,3 a 5 veces por semana,Supermercado,Amigos,Q25 - Q50,FutbolMix,Picante Chapín,Para compartir entre 2 personas,Q16 - Q20,No,Sí,Argentina,Definitivamente sí,Colombia,Kylian Mbappé,Historias de aficionados,Descuento directo,Sí,Edición con tarjetas coleccionables
369,2026-04-26,14:12:47,25 - 34 años,Femenino,Guatemala,Guatemala,Ama de casa,Todos los días,Supermercado,Familia,Q51 - Q100,Energy Crunch Protein,Barbacoa,Familiar,Menos de Q10,Sí,No,Alemania,Definitivamente sí,España,Cristiano Ronaldo; Vinícius Júnior; Neymar Jr.,Una selección nacional,Sorteo de camisetas,Sí,Edición Francia
370,2026-04-14,20:46:28,18 - 24 años,Femenino,Quetzaltenango,,Empleado privado,1 a 2 veces por semana,Supermercado,Familia,Q101 - Q150,CrunchMax BBQ,Jalapeño,Individual,Q21 - Q30,No,Sí,Suecia,Probablemente no,Inglaterra,Rodri; Kylian Mbappé,Una selección nacional,Descuento directo,Sí,Edición Mundial FIFA 2026
371,2026-02-17,19:54:47,45 - 54 años,Masculino,Guatemala,Santa Catarina Pinula,Empleado privado,1 a 2 veces por semana,Gasolinera,Amigos,Más de Q150,Fan Chips Jalapeño; ChocoKick Bites,Barbacoa,Familiar,Q21 - Q30,Sí,Sí,España,Definitivamente sí,Alemania,Vinícius Júnior; Cristiano Ronaldo; Neymar Jr.,Un jugador famoso,Descuento directo,Sí,Edición Argentina
372,2026-03-01,20:11:48,35 - 44 años,Masculino,Guatemala,Santa Catarina Pinula,Empleado privado,1 a 2 veces por semana,Tienda de barrio,Familia,Q51 - Q100,ChocoKick Bites; Energy Crunch Protein; CrunchMax BBQ,Picante Chapín,Tamaño fiesta o reunión,Q16 - Q20,Sí,Sí,Portugal,Definitivamente sí,Brasil,Kylian Mbappé; Ninguno; Neymar Jr.,Una selección nacional,Sorteo de viajes,No,Edición Argentina
373,2026-04-04,10:10:53,25 - 34 años,Femenino,Guatemala,Mixco,Comerciante,1 a 2 veces por semana,Tienda de barrio,Otro,Menos de Q25,ChocoKick Bites; Gol Nachos Supreme; FutbolMix,Dulce,Individual,Q16 - Q20,Sí,Sí,Francia,Probablemente sí,Argentina,Federico Valverde; Lionel Messi; Cristiano Ronaldo,Una selección nacional,Sorteo de viajes,Sí,Edición con jugadores famosos
374,2026-03-04,10:06:32,55 años o más,Femenino,Guatemala,Santa Catarina Pinula,Profesional independiente,Rara vez,Supermercado,Amigos,Q51 - Q100,FutbolMix; Gol Nachos Supreme,Picante Chapín,Individual,Menos de Q10,No,Sí,Túnez,Probablemente sí,Uruguay,Federico Valverde; Neymar Jr.,Premios y sorteos,Sorteo de camisetas,No,Edición con jugadores famosos
375,2026-04-18,10:51:42,18 - 24 años,Masculino,Quetzaltenango,Quetzaltenango,Profesional independiente,Todos los días,Tienda de barrio,Solo,Q51 - Q100,FutbolMix; Mundialitos Queso Picante; Gol Nachos Supreme,Barbacoa,Familiar,Q16 - Q20,Sí,Sí,México,Definitivamente sí,Argentina,Cristiano Ronaldo,Premios y sorteos,Sorteo de viajes,No,Edición Mundial FIFA 2026
376,2026-04-03,17:52:33,Menos de 18 años,Masculino,Sacatepéquez,Antigua Guatemala,Comerciante,Varias veces al mes,Supermercado,Amigos,Q25 - Q50,ChocoKick Bites; Mundialitos Queso Picante,Salado Tradicional,Familiar,Q16 - Q20,Sí,Sí,Argentina,Definitivamente sí,Argentina,Lionel Messi; Alphonso Davies,Un jugador famoso,Producto gratis,No,Edición Argentina
377,2026-03-20,14:30:28,18 - 24 años,Masculino,Escuintla,Escuintla,Empresario,1 a 2 veces por semana,Tienda de barrio,Amigos,Q51 - Q100,Hot Stadium Peanuts; Mundialitos Queso Picante; Victory Pretzels,Limón,Individual,Q10 - Q15,No,Sí,España,Probablemente sí,Uruguay,Lionel Messi,Historias de aficionados,Tarjetas coleccionables,No,Edición Mundial FIFA 2026
378,2026-02-01,20:22:09,55 años o más,Femenino,Izabal,Izabal,Empresario,1 a 2 veces por semana,Tienda de barrio,Solo,Q101 - Q150,Energy Crunch Protein; CrunchMax BBQ,Barbacoa,Para compartir entre 2 personas,Q10 - Q15,Sí,No,Brasil,Definitivamente sí,México,Kylian Mbappé; Lionel Messi; Alphonso Davies,Una selección nacional,Sorteo de viajes,No,Edición con tarjetas coleccionables
379,2026-03-28,20:22:42,25 - 34 años,Femenino,Quetzaltenango,Olintepeque,Estudiante,3 a 5 veces por semana,Supermercado,Amigos,Q25 - Q50,FutbolMix,Picante Chapín,Para compartir entre 2 personas,Menos de Q10,No,Sí,Brasil,Probablemente sí,Argentina,Cristiano Ronaldo; Neymar Jr.,Una selección nacional,Producto gratis,Sí,Edición Inglaterra
380,2026-02-19,11:01:07,18 - 24 años,Femenino,Escuintla,Santa Lucía Cotzumalguapa,Ama de casa,Varias veces al mes,Tienda de barrio,Solo,Q51 - Q100,Fan Chips Jalapeño,Barbacoa,Tamaño fiesta o reunión,Q21 - Q30,Sí,Sí,Estados Unidos,Definitivamente sí, FRANCIA ,Lamine Yamal; Kylian Mbappé,Un jugador famoso,Sorteo de balones,Sí,Edición España
381,2026-05-02,22:26:59,55 años o más,Femenino,Guatemala,Villa Nueva,Empleado privado,3 a 5 veces por semana,Kiosco escolar/universitario,Familia,Q51 - Q100,Mundialitos Queso Picante; Caramel Goal Popcorn; Gol Nachos Supreme,Jalapeño,Familiar,Q21 - Q30,Sí,Sí,Panamá,Definitivamente sí,Argentina,Lionel Messi; Jude Bellingham,Una selección nacional,Descuento directo,Sí,Edición Argentina
382,2026-03-03,15:29:46,25 - 34 años,Masculino,Huehuetenango,Otro municipio,Comerciante,1 a 2 veces por semana,Tienda de barrio,Amigos,Q51 - Q100,Fan Chips Jalapeño,Chocolate,Familiar,Q10 - Q15,Sí,No,Argentina,Definitivamente sí,Brasil,Kylian Mbappé; Cristiano Ronaldo; Ninguno,Una selección nacional,Tarjetas coleccionables,Sí,Edición Francia
383,2026-04-27,18:26:39,35 - 44 años,Femenino,Guatemala,Mixco,Empleado privado,1 a 2 veces por semana,Otro,Amigos,Q25 - Q50,ChocoKick Bites,Barbacoa,Para compartir entre 2 personas,Q16 - Q20,Sí,Sí,Francia,Definitivamente sí,Brasil,Kylian Mbappé; Alphonso Davies,Historias de aficionados,Tarjetas coleccionables,No,Edición Francia
384,2026-04-02,17:03:40,25 - 34 años,Masculino,Guatemala,San Miguel Petapa,Comerciante,1 a 2 veces por semana,Gasolinera,Amigos,Q51 - Q100,Hot Stadium Peanuts,Picante Chapín,Individual,Q10 - Q15,Sí,Sí,México,Definitivamente no,Portugal,Cristiano Ronaldo; Alphonso Davies; Jude Bellingham,Una selección nacional,Sorteo de balones,No,Edición Brasil
385,2026-01-16,10:41:02,35 - 44 años,Masculino,Guatemala,San Miguel Petapa,Empleado privado,3 a 5 veces por semana,Supermercado,Amigos,Q25 - Q50,CrunchMax BBQ; Fan Chips Jalapeño; Hot Stadium Peanuts,Picante Chapín,Familiar,Q16 - Q20,Sí,Sí,Argentina,Probablemente sí,Inglaterra,Lionel Messi,Premios y sorteos,Tarjetas coleccionables,No,Edición España
386,2026-04-03,10:13:26,18 - 24 años,Masculino,Guatemala,,Empleado privado,Varias veces al mes,Gasolinera,Familia,Q51 - Q100,Gol Nachos Supreme; Victory Pretzels; CrunchMax BBQ,Chocolate,Individual,Q10 - Q15,No,Sí,Uzbekistán,Probablemente no,Francia,Lionel Messi; Vinícius Júnior; Alphonso Davies,Un jugador famoso,Producto gratis,Sí,Edición Argentina
387,2026-02-01,11:54:06,25 - 34 años,Masculino,Guatemala,Guatemala,Estudiante,Todos los días,Supermercado,Amigos,Q25 - Q50,Mundialitos Queso Picante; FutbolMix; CrunchMax BBQ, BARBACOA ,Individual,Menos de Q10,Sí,Sí,Japón,Tal vez,España,Cristiano Ronaldo; Lionel Messi; Kylian Mbappé,Un jugador famoso,Descuento directo,Sí,Edición Francia
388,2026-01-10,13:57:39,25 - 34 años,Femenino,Guatemala,Santa Catarina Pinula,Empleado público,3 a 5 veces por semana,Gasolinera,Amigos,Q51 - Q100,ChocoKick Bites,Limón,Individual,Q10 - Q15,No,Sí,Brasil,Probablemente no,México,Julián Álvarez,Una selección nacional,Tarjetas coleccionables,Sí,Edición con tarjetas coleccionables
389,2026-04-09,16:45:17,Menos de 18 años,Masculino,Escuintla,Escuintla,Empresario,Varias veces al mes,Tienda de barrio,Familia,Q25 - Q50,Caramel Goal Popcorn; Gol Nachos Supreme; ChocoKick Bites,Picante Chapín,Individual,Más de Q30,No,Sí,Brasil,Tal vez,Inglaterra,Jude Bellingham; Rodri,Un jugador famoso,Sorteo de balones,No,Edición Mundial FIFA 2026
390,2026-01-18,21:22:48,Menos de 18 años,Femenino,Guatemala,Mixco,Estudiante,Varias veces al mes,Supermercado,Amigos,Q25 - Q50,Mundialitos Queso Picante; CrunchMax BBQ; Fan Chips Jalapeño,Picante Chapín,Para compartir entre 2 personas,Q16 - Q20,Sí,No,Suiza,Probablemente sí,Argentina,Lamine Yamal,Historias de aficionados,Producto gratis,Sí,Edición Mundial FIFA 2026
391,2026-03-06,19:29:00,35 - 44 años,Femenino, GUATEMALA , SANTA CATARINA PINULA ,Empleado privado,Varias veces al mes,Supermercado,Familia,Q25 - Q50,Gol Nachos Supreme,Caramelo,Individual,Q16 - Q20,No,Sí,Argentina,Definitivamente sí,Inglaterra,Cristiano Ronaldo,Una selección nacional,Sorteo de balones,Sí,Edición Argentina
392,2026-04-06,10:11:06,45 - 54 años,Masculino,Guatemala,Villa Nueva,Profesional independiente,Todos los días,Supermercado,Familia,Q51 - Q100,Gol Nachos Supreme; Victory Pretzels; Mundialitos Queso Picante,Chocolate,Para compartir entre 2 personas,Q10 - Q15,No,Sí,Brasil,Definitivamente sí,Cabo Verde,Christian Pulisic; Kylian Mbappé; Vinícius Júnior,Premios y sorteos,Descuento directo,Sí,Edición Argentina
393,2026-04-02,20:42:05,18 - 24 años,Masculino,Guatemala,Guatemala,Empleado privado,Varias veces al mes,Supermercado,Compañeros de trabajo,Q25 - Q50,CrunchMax BBQ; Fan Chips Jalapeño; Energy Crunch Protein,Picante Chapín,Individual,Q16 - Q20,Sí,Sí,Argentina,Probablemente sí,México,Neymar Jr.,Premios y sorteos,Tarjetas coleccionables,Sí,Edición Francia
394,2026-01-17,15:35:31,18 - 24 años,Masculino,Escuintla,Santa Lucía Cotzumalguapa,Empresario,1 a 2 veces por semana,Tienda de barrio,Familia,Q51 - Q100,Fan Chips Jalapeño; Gol Nachos Supreme,Limón,Individual,Q16 - Q20,Sí,Sí,México,Definitivamente sí,Francia,Kylian Mbappé; Lionel Messi,Humor,Descuento directo,Sí,Edición Brasil
395,2026-03-27,07:56:18,25 - 34 años,Femenino,Alta Verapaz,Cabecera municipal,Ama de casa,Todos los días,Supermercado,Familia,Q25 - Q50,CrunchMax BBQ; Gol Nachos Supreme; Energy Crunch Protein,Caramelo,Familiar,Q21 - Q30,Sí,No,Portugal,Probablemente sí,Portugal,Neymar Jr.,Humor,Sorteo de viajes,Sí,Edición Brasil
396,2026-03-26,11:17:26,18 - 24 años,Femenino,Chimaltenango,Patzún,Estudiante,3 a 5 veces por semana,Tienda de barrio,Familia,Q101 - Q150,ChocoKick Bites; FutbolMix,Caramelo,Familiar,Q16 - Q20,Sí,Sí,Argentina,Definitivamente sí,Francia,Julián Álvarez; Jude Bellingham,Premios y sorteos,Descuento directo,No,Edición Mundial FIFA 2026
397,2026-03-13,16:34:44,55 años o más,Femenino,Guatemala,Santa Catarina Pinula,Empleado privado,3 a 5 veces por semana,Tienda de barrio,Familia,Más de Q150,Victory Pretzels; Gol Nachos Supreme, QUESO ,Individual,Q16 - Q20,No,Sí,México,Definitivamente sí,Argentina,Cristiano Ronaldo,Historias de aficionados,Descuento directo,Sí,Edición Mundial FIFA 2026
398,2026-03-04,17:27:55,35 - 44 años,Femenino,Sacatepéquez,Ciudad Vieja,Comerciante,Todos los días,Tienda de barrio,Amigos,Menos de Q25,Victory Pretzels; FutbolMix, PICANTE CHAPÍN ,Para compartir entre 2 personas,Q16 - Q20,No,Sí,México,Definitivamente sí,Portugal,Lionel Messi; Cristiano Ronaldo,Una selección nacional,Sorteo de balones,No,Edición con tarjetas coleccionables
399,2026-02-09,11:57:43,Menos de 18 años,Masculino,Totonicapán,Totonicapán,Profesional independiente,1 a 2 veces por semana,Gasolinera,Familia,Q51 - Q100,Gol Nachos Supreme,Barbacoa,Para compartir entre 2 personas,Más de Q30,Sí,Sí,Francia,Probablemente sí,Portugal,Jude Bellingham,Un jugador famoso,2x1,Sí,Edición España
400,2026-05-10,18:33:36,18 - 24 años,Masculino,Quetzaltenango,Olintepeque,Empleado privado,Varias veces al mes,Gasolinera,Familia,Menos de Q25,CrunchMax BBQ,Barbacoa,Para compartir entre 2 personas,Q16 - Q20,Sí,Sí,Francia,Definitivamente sí,Brasil,Neymar Jr.,Historias de aficionados,Descuento directo,No,Edición con tarjetas coleccionables
401,2026-04-08,18:22:34,18 - 24 años,Masculino,Sacatepéquez,Jocotenango,Estudiante,1 a 2 veces por semana,Aplicación de delivery,Amigos,Q51 - Q100,Victory Pretzels; Mundialitos Queso Picante; Fan Chips Jalapeño,Salado Tradicional,Familiar,Q16 - Q20,Sí,Sí,Austria,Definitivamente sí,Argentina,Cristiano Ronaldo; Alphonso Davies,Una selección nacional,Descuento directo,No,Edición Brasil
402,2026-01-26,07:50:09,55 años o más,Femenino,Guatemala,Villa Nueva,Empleado privado,Varias veces al mes,Aplicación de delivery,Compañeros de trabajo,Q101 - Q150,Fan Chips Jalapeño; FutbolMix,Queso,Familiar,Q10 - Q15,Sí,Sí,México,Definitivamente sí,Portugal,Lamine Yamal; Lionel Messi,Un jugador famoso,Tarjetas coleccionables,Sí,Edición Argentina
403,2026-02-14,16:25:50,25 - 34 años,Masculino,Quetzaltenango,Coatepeque,Otro,3 a 5 veces por semana,Tienda de barrio,Familia,Q51 - Q100,CrunchMax BBQ; Mundialitos Queso Picante,Salado Tradicional,Tamaño fiesta o reunión,Q21 - Q30,No,Sí,Portugal,Probablemente sí,Portugal,Vinícius Júnior; Cristiano Ronaldo; Lionel Messi,Humor,Producto gratis,Sí,Edición con jugadores famosos
404,2026-02-01,07:47:08,Menos de 18 años,Femenino,Chimaltenango,Patzún,Comerciante,Rara vez,Supermercado,Amigos,Q51 - Q100,Gol Nachos Supreme,Jalapeño,Para compartir entre 2 personas,Q16 - Q20,Sí,Sí,Argentina,Definitivamente sí,Estados Unidos,Vinícius Júnior; Cristiano Ronaldo,Una selección nacional,Producto gratis,Sí,Edición con tarjetas coleccionables
405,2026-01-29,17:47:06,45 - 54 años,Femenino,Guatemala,Villa Nueva,Empresario,1 a 2 veces por semana,Otro,Familia,Menos de Q25,Gol Nachos Supreme; FutbolMix,Barbacoa,Para compartir entre 2 personas,Q21 - Q30,Sí,Sí,Estados Unidos,Probablemente sí,México,Lamine Yamal; Christian Pulisic; Lionel Messi,Historias de aficionados,Tarjetas coleccionables,Sí,Edición Inglaterra
406,2026-03-17,08:32:04,25 - 34 años,Masculino,Guatemala,Santa Catarina Pinula,Empleado privado,Todos los días,Gasolinera,Amigos,Q51 - Q100,ChocoKick Bites; FutbolMix; Fan Chips Jalapeño, JALAPEÑO ,Para compartir entre 2 personas,Q16 - Q20,Sí,Sí,Inglaterra,Definitivamente sí, ALEMANIA ,Alphonso Davies,Un jugador famoso,Descuento directo,No,Edición con tarjetas coleccionables
407,2026-03-26,10:55:43,25 - 34 años,Prefiero no indicarlo,Chiquimula,Chiquimula,Empresario,Varias veces al mes,Tienda de barrio,Familia,Q51 - Q100,Fan Chips Jalapeño,Dulce,Familiar,Q16 - Q20,Sí,No,Brasil,Probablemente sí,Argentina,Lamine Yamal,Una selección nacional,Producto gratis,No,Edición Argentina
408,2026-01-26,20:08:59,25 - 34 años,Femenino,Guatemala,San Miguel Petapa,Profesional independiente,3 a 5 veces por semana,Supermercado,Compañeros de trabajo,Q101 - Q150,Gol Nachos Supreme,Queso,Para compartir entre 2 personas,Q16 - Q20,Sí,Sí,Brasil,Definitivamente sí,Brasil,Cristiano Ronaldo,Una selección nacional,Sorteo de balones,Sí,Edición con tarjetas coleccionables
409,2026-05-06,17:20:42,25 - 34 años,Femenino,Petén,Poptún,Comerciante,Rara vez,Aplicación de delivery,Familia,Q25 - Q50,FutbolMix,Picante Chapín,Tamaño fiesta o reunión,Q16 - Q20,Sí,Sí,Brasil,Definitivamente no,México,Kylian Mbappé,Historias de aficionados,Tarjetas coleccionables,Sí,Edición Francia
410,2026-02-27,20:18:06,18 - 24 años,Masculino,Guatemala,Guatemala,Empleado privado,3 a 5 veces por semana,Tienda de barrio,Familia,Q51 - Q100,Energy Crunch Protein,Jalapeño,Individual,Q10 - Q15,No,Sí,México,Probablemente sí,Brasil,Kylian Mbappé; Jude Bellingham,Una selección nacional,2x1,Sí,Edición España
411,2026-03-06,20:09:57,18 - 24 años,Masculino,Guatemala,Guatemala,Empleado privado,Varias veces al mes,Aplicación de delivery,Familia,Q51 - Q100,Mundialitos Queso Picante; CrunchMax BBQ,Jalapeño,Para compartir entre 2 personas,Q10 - Q15,Sí,Sí,Brasil,Probablemente no,Francia,Vinícius Júnior; Julián Álvarez,Una selección nacional,2x1,Sí,Edición Mundial FIFA 2026
412,2026-01-27,15:10:17,25 - 34 años,Femenino,Quiché,Quiché,Empleado privado,Rara vez,Supermercado,Familia,Q25 - Q50,Mundialitos Queso Picante; FutbolMix; Fan Chips Jalapeño,Chocolate,Familiar,Q10 - Q15,No,Sí,Brasil,Tal vez,Alemania,Cristiano Ronaldo,Humor,Descuento directo,Sí,Edición Francia
413,2026-03-17,20:06:42,45 - 54 años,Femenino,Zacapa,Cabecera municipal,Empleado privado,Rara vez,Aplicación de delivery,Familia,Q25 - Q50,ChocoKick Bites; Gol Nachos Supreme; Caramel Goal Popcorn,Barbacoa,Individual,Q16 - Q20,No,Sí,Estados Unidos,Definitivamente no,México,Vinícius Júnior; Kylian Mbappé,Una selección nacional,Producto gratis,Sí,Edición con tarjetas coleccionables
414,2026-04-01,21:38:42,55 años o más,Femenino,Guatemala,Mixco,Empleado público,3 a 5 veces por semana,Tienda de barrio,Familia,Q101 - Q150,Energy Crunch Protein,Barbacoa,Individual,Q10 - Q15,No,Sí,Uruguay,Probablemente sí,Türkiye,Rodri,Historias de aficionados,Sorteo de balones,Sí,Edición Argentina
415,2026-04-13,22:59:04,18 - 24 años,Femenino,Sacatepéquez,Antigua Guatemala,Empleado privado,Varias veces al mes,Supermercado,Compañeros de trabajo,Q25 - Q50,Gol Nachos Supreme,Barbacoa,Para compartir entre 2 personas,Q16 - Q20,No,Sí,Francia,Probablemente sí,Argentina,Lionel Messi,Una selección nacional,Descuento directo,No,Edición con jugadores famosos
416,2026-01-22,12:05:55,25 - 34 años,Masculino,Quetzaltenango,Quetzaltenango,Empleado público,1 a 2 veces por semana,Aplicación de delivery,Amigos,Menos de Q25,Mundialitos Queso Picante; Caramel Goal Popcorn; Fan Chips Jalapeño,Queso,Tamaño fiesta o reunión,Q16 - Q20,No,Sí,Brasil,Probablemente sí,Brasil,Julián Álvarez,Historias de aficionados,Descuento directo,Sí,Edición Argentina
417,2026-03-10,18:21:05,45 - 54 años,Masculino,Jalapa,Jalapa,Estudiante,1 a 2 veces por semana,Supermercado,Amigos,Q51 - Q100,Gol Nachos Supreme; Victory Pretzels,Picante Chapín,Individual,Q16 - Q20,No,Sí,Estados Unidos,Definitivamente no,Argentina,Jude Bellingham; Lionel Messi; Cristiano Ronaldo,Una selección nacional,Tarjetas coleccionables,Sí,Edición con tarjetas coleccionables
418,2026-05-04,08:34:43,55 años o más,Femenino,Guate,Guatemala,Empleado privado,Todos los días,Tienda de barrio,Familia,Menos de Q25,FutbolMix,Jalapeño,Individual,Q21 - Q30,Sí,Sí,México,Probablemente sí,Argentina,Lionel Messi; Julián Álvarez; Kylian Mbappé,Una selección nacional,Descuento directo,No,Edición Argentina
97,2026-04-17,08:17:23,25 - 34 años,Masculino,El Progreso,El Progreso,Jubilado,Todos los días,Aplicación de delivery,Amigos,Q51 - Q100,Victory Pretzels; CrunchMax BBQ; Caramel Goal Popcorn,Picante Chapín,Tamaño fiesta o reunión,Q21 - Q30,Sí,Sí,Portugal,Definitivamente sí,España,Cristiano Ronaldo,Una selección nacional,Tarjetas coleccionables,Sí,Edición Mundial FIFA 2026
420,2026-05-01,19:09:13,25 - 34 años,Femenino,Quetzaltenango,Quetzaltenango,Empleado privado,1 a 2 veces por semana,Tienda de barrio,Familia,Q51 - Q100,Fan Chips Jalapeño,Jalapeño,Para compartir entre 2 personas,Q10 - Q15,Sí,Sí,Portugal,Probablemente sí,Brasil,Vinícius Júnior; Cristiano Ronaldo; Harry Kane,Una selección nacional,Descuento directo,Sí,Edición Argentina
421,2026-02-09,10:47:40,18 - 24 años,Femenino,Guatemala,San Miguel Petapa,Empleado privado,3 a 5 veces por semana,Supermercado,Familia,Menos de Q25,Gol Nachos Supreme; Energy Crunch Protein,Barbacoa,Individual,Q16 - Q20,Sí,Sí,Alemania,Probablemente sí,Nueva Zelanda,Lamine Yamal; Lionel Messi,Un jugador famoso,2x1,No,Edición Mundial FIFA 2026
422,2026-03-13,17:28:42,18 - 24 años,Masculino,Guatemala,Guatemala,Profesional independiente,Varias veces al mes,Aplicación de delivery,Amigos,Q51 - Q100,Gol Nachos Supreme,Salado Tradicional,Para compartir entre 2 personas,Q16 - Q20,Sí,Sí,México,Tal vez,Argentina,Neymar Jr.,Un jugador famoso,2x1,No,Edición Argentina
423,2026-04-30,16:37:50,25 - 34 años,Masculino,Guatemala,Santa Catarina Pinula,Comerciante,3 a 5 veces por semana,,Otro,Menos de Q25,CrunchMax BBQ; Caramel Goal Popcorn,Queso,Individual,Menos de Q10,No,Sí,Portugal,Probablemente sí,Inglaterra,Jude Bellingham,Una selección nacional,Producto gratis,No,Edición con jugadores famosos
424,2026-04-14,07:34:59,25 - 34 años,Femenino,Sololá,Sololá,Ama de casa,Todos los días,Tienda de barrio,Amigos,Q51 - Q100,ChocoKick Bites; CrunchMax BBQ; Caramel Goal Popcorn,Chocolate,Familiar,Q16 - Q20,No,Sí,Francia,Tal vez,Portugal,Lamine Yamal; Vinícius Júnior,Premios y sorteos,Tarjetas coleccionables,Sí,Edición Francia
425,2026-03-21,14:51:07,45 - 54 años,Masculino,Chimaltenango,Chimaltenango,Comerciante,3 a 5 veces por semana,Gasolinera,Amigos,Más de Q150,CrunchMax BBQ,Picante Chapín,Familiar,Q21 - Q30,No,Sí,Argentina,Probablemente sí,España,Julián Álvarez,Una selección nacional,Tarjetas coleccionables,Sí,Edición España
426,2026-04-10,17:18:33,25 - 34 años,Femenino,Huehuetenango,Cabecera municipal,Ama de casa,Todos los días,Kiosco escolar/universitario,Amigos,Q51 - Q100,Fan Chips Jalapeño; Gol Nachos Supreme,Queso,Familiar,Q16 - Q20,No,Sí,Colombia,Tal vez,Brasil,Vinícius Júnior,Un jugador famoso,Descuento directo,No,Edición Mundial FIFA 2026
427,2026-03-22,21:29:09,25 - 34 años,Masculino,Guatemala,Mixco,Empleado privado,1 a 2 veces por semana,Kiosco escolar/universitario,Familia,Q51 - Q100,CrunchMax BBQ; Mundialitos Queso Picante,Picante Chapín,Para compartir entre 2 personas,Q21 - Q30,Sí,Sí,Estados Unidos,Probablemente sí,Brasil,Cristiano Ronaldo; Jude Bellingham,Un jugador famoso,Sorteo de camisetas,Sí,Edición Mundial FIFA 2026
428,2026-03-28,07:49:23,Menos de 18 años,Masculino,Guatemala,Mixco,Otro,3 a 5 veces por semana,Gasolinera,Familia,Q25 - Q50,Gol Nachos Supreme; Mundialitos Queso Picante,Salado Tradicional,Individual,Q10 - Q15,No,Sí,Argentina,Tal vez,México,Lionel Messi; Rodri; Lamine Yamal,Premios y sorteos,Tarjetas coleccionables,Sí,Edición con tarjetas coleccionables
429,2026-04-12,08:58:56,25 - 34 años,Femenino,Chimaltenango,Chimaltenango,Estudiante,Varias veces al mes,Aplicación de delivery,Familia,Q51 - Q100,CrunchMax BBQ,Barbacoa,Individual,Q16 - Q20,Sí,Sí,Brasil,Probablemente sí,Argentina,Cristiano Ronaldo,Humor,Sorteo de camisetas,No,Edición Brasil
430,2026-01-20,08:05:12,35 - 44 años,Femenino,Guatemala,Mixco,,1 a 2 veces por semana,Supermercado,Familia,Q51 - Q100,Caramel Goal Popcorn; Hot Stadium Peanuts; Mundialitos Queso Picante,Caramelo,Para compartir entre 2 personas,Q16 - Q20,Sí,Sí,Francia,Definitivamente sí,España,Lamine Yamal,Humor,Sorteo de viajes,No,Edición Mundial FIFA 2026
431,2026-04-11,18:22:25,45 - 54 años,Masculino,Guatemala,Villa Nueva,Otro,Todos los días,Kiosco escolar/universitario,Familia,Q25 - Q50,CrunchMax BBQ; Mundialitos Queso Picante; FutbolMix,Jalapeño,Tamaño fiesta o reunión,Q16 - Q20,No,Sí,Argentina,Probablemente no,Uruguay,Lionel Messi; Lamine Yamal; Christian Pulisic,Premios y sorteos,Sorteo de viajes,Sí,Edición España
432,2026-01-23,17:42:31,18 - 24 años,Masculino,Jalapa,Cabecera municipal,Comerciante,3 a 5 veces por semana,Aplicación de delivery,Amigos,Q51 - Q100,Hot Stadium Peanuts,Jalapeño,Familiar,Q10 - Q15,No,No,Brasil,Definitivamente sí,Francia,Federico Valverde; Cristiano Ronaldo; Kylian Mbappé,Una selección nacional,Descuento directo,Sí,Edición con jugadores famosos
433,2026-03-18,22:48:02,55 años o más,Femenino,Escuintla,Santa Lucía Cotzumalguapa,Empleado público,1 a 2 veces por semana,Supermercado,Familia,Q25 - Q50,CrunchMax BBQ,Queso,Para compartir entre 2 personas,Q21 - Q30,Sí,Sí,México,Tal vez,México,Harry Kane,Un jugador famoso,Tarjetas coleccionables,Sí,Edición con tarjetas coleccionables
434,2026-03-30,15:07:11,18 - 24 años,Femenino,Chimaltenango,Patzún,Empleado público,Rara vez,Gasolinera,Otro,Menos de Q25,Energy Crunch Protein; Gol Nachos Supreme,Picante Chapín,Para compartir entre 2 personas,Q10 - Q15,Sí,Sí,Argentina,Tal vez,Francia,Vinícius Júnior; Lamine Yamal; Rodri,Historias de aficionados,2x1,Sí,Edición Brasil
435,2026-01-12,13:42:23,25 - 34 años,Masculino,Guatemala,Mixco,Empleado privado,1 a 2 veces por semana,Supermercado,Compañeros de trabajo,Menos de Q25,Victory Pretzels; Fan Chips Jalapeño,Picante Chapín,Familiar,Menos de Q10,No,Sí,Colombia,Definitivamente sí,Brasil,Vinícius Júnior,Premios y sorteos,2x1,Sí,Edición Francia
436,2026-02-14,11:55:50,55 años o más,Femenino,Quetzaltenango,Olintepeque,Empleado privado,Todos los días,Tienda de barrio,Familia,Q25 - Q50,Fan Chips Jalapeño; Mundialitos Queso Picante,Dulce,Familiar,Q10 - Q15,No,Sí,México,Tal vez,México,Cristiano Ronaldo; Lionel Messi; Kylian Mbappé,Una selección nacional,2x1,Sí,Edición Mundial FIFA 2026
437,2026-04-21,19:49:26,55 años o más,Masculino,Baja Verapaz,Cabecera municipal,Comerciante,1 a 2 veces por semana,Tienda de barrio,Familia,Q25 - Q50,CrunchMax BBQ; Energy Crunch Protein,Queso,Familiar,Q16 - Q20,No,Sí,Estados Unidos,Definitivamente no,Brasil,Jude Bellingham; Lionel Messi,Historias de aficionados,Tarjetas coleccionables,Sí,Edición con jugadores famosos
438,2026-02-03,17:53:46,55 años o más,Masculino,Guatemala,San Miguel Petapa,Empleado privado,3 a 5 veces por semana,Kiosco escolar/universitario,Familia,Q51 - Q100,Caramel Goal Popcorn,Jalapeño,Familiar,Q10 - Q15,No,Sí,Colombia,Probablemente sí,Brasil,Lionel Messi; Vinícius Júnior,Un jugador famoso,Descuento directo,No,Edición Brasil
439,2026-04-24,19:40:32,18 - 24 años,Femenino,Escuintla,Santa Lucía Cotzumalguapa,Empresario,1 a 2 veces por semana,Tienda de barrio,Solo,Q51 - Q100,Gol Nachos Supreme,Dulce,Familiar,Q21 - Q30,Sí,Sí,México,Definitivamente no,Portugal,Neymar Jr.; Jude Bellingham; Christian Pulisic,Premios y sorteos,Sorteo de balones,Sí,Edición Francia
440,2026-01-22,10:58:02,18 - 24 años,Masculino,Guatemala,San Miguel Petapa,Empleado privado,Varias veces al mes,Tienda de barrio,Amigos,Q25 - Q50,Gol Nachos Supreme; Caramel Goal Popcorn,Jalapeño,Individual,Q21 - Q30,No,No,Inglaterra,Probablemente sí,Portugal,Lamine Yamal; Neymar Jr.,Premios y sorteos,2x1,Sí,Edición Argentina
441,2026-02-03,12:16:19,25 - 34 años,Masculino,Baja Verapaz,Otro municipio,Ama de casa,1 a 2 veces por semana,Tienda de barrio,Familia,Q101 - Q150,CrunchMax BBQ; Fan Chips Jalapeño,Limón,Tamaño fiesta o reunión,Q21 - Q30,Sí,Sí,España,Probablemente sí,México,Rodri; Jude Bellingham,Premios y sorteos,Producto gratis,Sí,Edición Argentina
442,2026-01-23,13:04:23,25 - 34 años,Femenino,Guatemala,San Miguel Petapa,Empleado privado,3 a 5 veces por semana,Gasolinera,Familia,Menos de Q25,Energy Crunch Protein; Gol Nachos Supreme; Caramel Goal Popcorn,Jalapeño,Familiar,Q16 - Q20,No,Sí,Portugal,Probablemente sí,México,Cristiano Ronaldo; Lionel Messi,Premios y sorteos,Producto gratis,No,Edición Mundial FIFA 2026
443,2026-03-27,13:39:41,25 - 34 años,Masculino,Jalapa,Otro municipio,Estudiante,Rara vez,Tienda de barrio,Amigos,Q25 - Q50,Energy Crunch Protein; CrunchMax BBQ; Gol Nachos Supreme,Barbacoa,Familiar,Q10 - Q15,Sí,Sí,México,Tal vez,Colombia,Neymar Jr.; Kylian Mbappé,Una selección nacional,Tarjetas coleccionables,Sí,Edición con jugadores famosos
444,2026-03-21,15:23:49,25 - 34 años,Femenino,San Marcos,San Marcos,Empleado privado,3 a 5 veces por semana,Supermercado,Familia,Menos de Q25,FutbolMix,Barbacoa,Para compartir entre 2 personas,Q21 - Q30,No,Sí,España,Definitivamente no, ARGENTINA ,Christian Pulisic; Lionel Messi; Lamine Yamal,Un jugador famoso,Tarjetas coleccionables,No,Edición Francia
445,2026-03-26,10:56:09,25 - 34 años,Femenino,Escuintla,Palín,Empleado privado,Rara vez,Tienda de barrio,Otro,Q25 - Q50,CrunchMax BBQ; Gol Nachos Supreme,Barbacoa,Tamaño fiesta o reunión,Q21 - Q30,No,Sí,Brasil,Tal vez,Argentina,Kylian Mbappé,Humor,Descuento directo,No,Edición Brasil
446,2026-05-01,15:55:51,45 - 54 años,Femenino,Escuintla,Palín,Ama de casa,Rara vez,Otro,Amigos,Q51 - Q100,CrunchMax BBQ,Dulce,Familiar,Q10 - Q15,Sí,Sí,México,Probablemente no, ARGENTINA ,Lionel Messi; Kylian Mbappé,Un jugador famoso,Sorteo de camisetas,Sí,Edición Mundial FIFA 2026
447,2026-04-16,17:52:38,25 - 34 años,Masculino,Guatemala,Santa Catarina Pinula,Empleado público,Todos los días,Tienda de barrio,Familia,Menos de Q25,CrunchMax BBQ; Gol Nachos Supreme,Dulce,Individual,Más de Q30,Sí,Sí,Argentina,Definitivamente sí,South Africa,Neymar Jr.; Kylian Mbappé,Premios y sorteos,Sorteo de balones,Sí,Edición Argentina
448,2026-01-31,07:37:22,25 - 34 años,Femenino,Escuintla,Escuintla,Empleado privado,Todos los días,Otro,Familia,Q25 - Q50,Mundialitos Queso Picante,Jalapeño,Para compartir entre 2 personas,Q10 - Q15,No,Sí,Francia,Definitivamente sí, BRASIL ,Cristiano Ronaldo; Lionel Messi,Un jugador famoso,Sorteo de balones,No,Edición Brasil
449,2026-03-14,18:45:18,25 - 34 años,Femenino,Alta Verapaz,Cabecera municipal,Empleado privado,3 a 5 veces por semana,Kiosco escolar/universitario,Amigos,Q51 - Q100,FutbolMix; Fan Chips Jalapeño,Queso,Para compartir entre 2 personas,Q16 - Q20,Sí,Sí,Argentina,Definitivamente sí,México,Lionel Messi,Un jugador famoso,Sorteo de viajes,Sí,Edición Argentina
1193,2026-04-04,22:35:00,25 - 34 años,Masculino,Sacatepéquez,Sumpango,Empleado privado,Todos los días,Supermercado,Familia,Q25 - Q50,Mundialitos Queso Picante; Caramel Goal Popcorn,Jalapeño,Individual,Menos de Q10,Sí,Sí,Suecia,Tal vez,Francia,Vinícius Júnior; Cristiano Ronaldo,Historias de aficionados,Producto gratis,No,Edición España
451,2026-04-22,09:07:08,18 - 24 años,Masculino,Guatemala,Guatemala,,Todos los días,Kiosco escolar/universitario,Otro,Q51 - Q100,Gol Nachos Supreme; Victory Pretzels; CrunchMax BBQ,Chocolate,Tamaño fiesta o reunión,Q10 - Q15,Sí,Sí,España,Probablemente sí,España,Lionel Messi,Historias de aficionados,Producto gratis,Sí,Edición España
452,2026-02-23,22:42:06,18 - 24 años,Masculino,Suchitepéquez,Otro municipio,Comerciante,3 a 5 veces por semana,Gasolinera,Familia,Q51 - Q100,FutbolMix,Salado Tradicional,Familiar,Q10 - Q15,Sí,Sí,México,Definitivamente sí,México,Jude Bellingham; Lamine Yamal,Una selección nacional,Descuento directo,Sí,Edición Francia
453,2026-03-24,22:39:48,25 - 34 años,Masculino, QUICHÉ ,Cabecera municipal,Comerciante,Rara vez,Supermercado,Familia,Q25 - Q50,CrunchMax BBQ; Gol Nachos Supreme; Fan Chips Jalapeño,Caramelo,Individual,Q16 - Q20,Sí,Sí,México,Tal vez,Argentina,Lamine Yamal; Cristiano Ronaldo,Una selección nacional,Descuento directo,No,Edición Francia
454,2026-03-29,22:02:16,45 - 54 años,Femenino,Petén,San Benito,Empleado privado,Rara vez,Supermercado,Amigos,Q101 - Q150,Hot Stadium Peanuts; ChocoKick Bites,Queso,Familiar,Q10 - Q15,Sí,Sí,Estados Unidos,Probablemente sí,Estados Unidos,Neymar Jr.; Vinícius Júnior,Una selección nacional,Sorteo de viajes,No,Edición Mundial FIFA 2026
455,2026-03-21,21:14:00,25 - 34 años,Femenino,Guatemala,Mixco,Estudiante,Varias veces al mes,Supermercado,Familia,Q51 - Q100,Mundialitos Queso Picante,Limón,Individual,Q21 - Q30,No,Sí,Portugal,Probablemente sí,Suiza,Vinícius Júnior,Un jugador famoso,2x1,Sí,Edición Francia
456,2026-02-15,21:46:33,25 - 34 años,Femenino,Guatemala,Santa Catarina Pinula,Empleado público,1 a 2 veces por semana,Tienda de barrio,Amigos,Q101 - Q150,FutbolMix; Caramel Goal Popcorn; CrunchMax BBQ,Queso,Para compartir entre 2 personas,Menos de Q10,No,Sí,Brasil,Tal vez,México,Cristiano Ronaldo,Un jugador famoso,2x1,Sí,Edición Mundial FIFA 2026
457,2026-03-26,18:44:31,55 años o más,Masculino,Guatemala, GUATEMALA ,Jubilado,Varias veces al mes,Tienda de barrio,Amigos,Q101 - Q150,CrunchMax BBQ; Hot Stadium Peanuts,Queso,Para compartir entre 2 personas,Q21 - Q30,No,Sí,Escocia,Definitivamente sí,Uruguay,Federico Valverde; Cristiano Ronaldo; Christian Pulisic,Humor,Sorteo de viajes,No,Edición Argentina
458,2026-05-03,15:01:57,25 - 34 años,Femenino,Guatemala,Santa Catarina Pinula,Estudiante,Varias veces al mes,Otro,Amigos,Q101 - Q150,ChocoKick Bites,Salado Tradicional,Familiar,Q10 - Q15,Sí,Sí, MÉXICO ,Definitivamente sí,Argentina,Vinícius Júnior; Lionel Messi; Cristiano Ronaldo,Un jugador famoso,Sorteo de balones,No,Edición Argentina
459,2026-01-12,10:55:11,35 - 44 años,Masculino,Quetzaltenango, QUETZALTENANGO ,Empleado público,Todos los días,Gasolinera,Amigos,Q101 - Q150,Victory Pretzels; Mundialitos Queso Picante; Gol Nachos Supreme,Chocolate,Familiar,Q16 - Q20,No,Sí,Alemania,Probablemente sí,Francia,Vinícius Júnior,Un jugador famoso,Sorteo de viajes,Sí,Edición Mundial FIFA 2026
460,2026-02-05,11:35:44,25 - 34 años,Femenino,Quiché,Cabecera municipal,Otro,Todos los días,Tienda de barrio,Familia,Q101 - Q150,FutbolMix,Picante Chapín,Para compartir entre 2 personas,Q21 - Q30,No,Sí,Alemania,Definitivamente sí,Brasil,Julián Álvarez; Cristiano Ronaldo,Un jugador famoso,Descuento directo,No,Edición Mundial FIFA 2026
461,2026-01-13,13:08:47,Menos de 18 años,Femenino,Retalhuleu,Otro municipio,Estudiante,Todos los días,Tienda de barrio,Amigos,Q25 - Q50,Mundialitos Queso Picante; Gol Nachos Supreme,Barbacoa,Para compartir entre 2 personas,Q16 - Q20,Sí,Sí,Brasil,Tal vez,Canadá,Cristiano Ronaldo,Historias de aficionados,Producto gratis,Sí,Edición con tarjetas coleccionables
462,2026-05-07,14:33:50,25 - 34 años,Femenino,Sacatepéquez,Jocotenango,Ama de casa,3 a 5 veces por semana,Tienda de barrio,Otro,Menos de Q25,Mundialitos Queso Picante; Gol Nachos Supreme; CrunchMax BBQ,Queso,Individual,Q10 - Q15,No,Sí,Inglaterra,Tal vez,México,Cristiano Ronaldo,Historias de aficionados,Descuento directo,Sí,Edición Argentina
463,2026-04-15,09:59:57,25 - 34 años,Masculino,Guatemala,San Miguel Petapa,Comerciante,1 a 2 veces por semana,Supermercado,Familia,Menos de Q25,ChocoKick Bites,Chocolate,Familiar,Q10 - Q15,Sí,Sí,Estados Unidos,Probablemente sí,España,Neymar Jr.; Julián Álvarez,Un jugador famoso,Sorteo de viajes,Sí,Edición Brasil
1049,2026-02-06,22:38:59,25 - 34 años,Masculino, SACATEPÉQUEZ ,Antigua Guatemala,Empleado privado,3 a 5 veces por semana,Supermercado,Familia,Q25 - Q50,ChocoKick Bites; Caramel Goal Popcorn,Picante Chapín,Tamaño fiesta o reunión,Q21 - Q30,Sí,Sí,Brasil,Definitivamente sí,Japón,Neymar Jr.,Humor,Sorteo de balones,No,Edición Francia
465,2026-02-23,13:46:56,18 - 24 años,Femenino,Jutiapa,Otro municipio,Comerciante,Varias veces al mes,Aplicación de delivery,Amigos,Q25 - Q50,ChocoKick Bites; Mundialitos Queso Picante; CrunchMax BBQ, QUESO ,Tamaño fiesta o reunión,Q10 - Q15,Sí,Sí,México,Definitivamente sí,Francia,Neymar Jr.; Cristiano Ronaldo; Lionel Messi,Un jugador famoso,Descuento directo,No,Edición Mundial FIFA 2026
466,2026-01-14,17:10:29,35 - 44 años,Femenino,Escuintla,Palín,Empleado privado,Rara vez,Supermercado,Amigos,Q101 - Q150,Fan Chips Jalapeño; CrunchMax BBQ; Gol Nachos Supreme,Picante Chapín,Para compartir entre 2 personas,Q10 - Q15,Sí,No,México,Definitivamente sí,Brasil,Vinícius Júnior; Lamine Yamal; Cristiano Ronaldo,Un jugador famoso,2x1,Sí,Edición Brasil
467,2026-04-25,08:35:40,18 - 24 años,Femenino,Guatemala,Santa Catarina Pinula,Empleado privado,1 a 2 veces por semana,Tienda de barrio,Amigos,Q25 - Q50,Gol Nachos Supreme; Fan Chips Jalapeño,Salado Tradicional,Individual,Menos de Q10,Sí,Sí,Argentina,Probablemente sí,Brasil,Neymar Jr.,Una selección nacional,Tarjetas coleccionables,Sí,Edición Brasil
468,2026-04-11,13:20:29,45 - 54 años,Masculino,Quetzaltenango,Coatepeque,Otro,Varias veces al mes,Tienda de barrio,Amigos,Q25 - Q50,Mundialitos Queso Picante; Energy Crunch Protein,Barbacoa,Familiar,Q21 - Q30,Sí,Sí,Argentina,Tal vez,Colombia,Lamine Yamal; Lionel Messi; Cristiano Ronaldo,Un jugador famoso,2x1,Sí,Edición con jugadores famosos
469,2026-01-10,08:09:02,25 - 34 años,Femenino,Chimaltenango,Tecpán Guatemala,Otro,3 a 5 veces por semana,Aplicación de delivery,Amigos,Menos de Q25,Victory Pretzels; CrunchMax BBQ; FutbolMix,Barbacoa,Individual,Q16 - Q20,Sí,Sí,España,Definitivamente no,Argentina,Kylian Mbappé; Lionel Messi,Premios y sorteos,Sorteo de viajes,No,Edición con jugadores famosos
470,2026-04-23,09:33:19,18 - 24 años,Masculino, CHIMALTENANGO ,Chimaltenango,Ama de casa,Varias veces al mes,Kiosco escolar/universitario,Amigos,Q25 - Q50,ChocoKick Bites; Caramel Goal Popcorn; Hot Stadium Peanuts,Picante Chapín,Para compartir entre 2 personas,Q21 - Q30,No,Sí,Inglaterra,Probablemente sí,México,Kylian Mbappé,Historias de aficionados,Producto gratis,Sí,Edición Brasil
471,2026-03-20,13:55:07,25 - 34 años,Femenino,Guatemala,Mixco,Estudiante,Todos los días,Tienda de barrio,Familia,Q51 - Q100,Mundialitos Queso Picante; ChocoKick Bites,Queso,Individual,Q10 - Q15,Sí,No,Portugal,Definitivamente no,México,Alphonso Davies,Un jugador famoso,Descuento directo,Sí,Edición Mundial FIFA 2026
472,2026-01-23,07:17:00,18 - 24 años,Masculino,Guatemala,Mixco,Estudiante,Varias veces al mes,Tienda de barrio,Familia,Q25 - Q50,Hot Stadium Peanuts,Jalapeño,Familiar,Menos de Q10,No,Sí,Argentina,Definitivamente no,Argentina,Jude Bellingham,Un jugador famoso,2x1,No,Edición con tarjetas coleccionables
473,2026-02-17,08:12:17,25 - 34 años,Femenino,Zacapa,Otro municipio,Comerciante,1 a 2 veces por semana,Tienda de barrio,Amigos,Q25 - Q50,Fan Chips Jalapeño,Jalapeño,Familiar,Q10 - Q15,No,Sí,Francia,Probablemente sí,Argentina,Julián Álvarez; Christian Pulisic,Premios y sorteos,Sorteo de balones,Sí,Edición Mundial FIFA 2026
2439,2026-02-17,19:27:22,18 - 24 años,Femenino,Guatemala,Mixco,Estudiante,3 a 5 veces por semana,Otro,Familia,Más de Q150,CrunchMax BBQ; Hot Stadium Peanuts,Dulce,Familiar,Q16 - Q20,Sí,Sí,México,Probablemente sí,Brasil,Kylian Mbappé,Una selección nacional,Sorteo de balones,Sí,Edición Francia
475,2026-04-21,09:50:56,Menos de 18 años,Masculino,Quetzaltenango,Coatepeque,Empleado privado,3 a 5 veces por semana,Aplicación de delivery,Amigos,Q51 - Q100,FutbolMix,Chocolate,Tamaño fiesta o reunión,Q16 - Q20,No,Sí,Portugal,Tal vez,Francia,Harry Kane; Lionel Messi,Un jugador famoso,Descuento directo,Sí,Edición España
476,2026-01-26,17:08:02,25 - 34 años,Masculino,Guatemala,Santa Catarina Pinula,Estudiante,1 a 2 veces por semana,Kiosco escolar/universitario,Familia,Q51 - Q100,Gol Nachos Supreme; Fan Chips Jalapeño; CrunchMax BBQ,Queso,Tamaño fiesta o reunión,Q10 - Q15,Sí,Sí,Portugal,Probablemente sí,Uruguay,Vinícius Júnior,Una selección nacional,Descuento directo,No,Edición Mundial FIFA 2026
477,2026-03-22,07:59:50,35 - 44 años,Femenino,Guatemala,Guatemala,Profesional independiente,1 a 2 veces por semana,Supermercado,Amigos,Q25 - Q50,FutbolMix,Salado Tradicional,Individual,Q16 - Q20,Sí,No,Brasil,Probablemente no, INGLATERRA ,Kylian Mbappé; Neymar Jr.,Premios y sorteos,Descuento directo,Sí,Edición con tarjetas coleccionables
478,2026-01-23,14:40:00,35 - 44 años,Femenino,Guatemala,Santa Catarina Pinula,Estudiante,Varias veces al mes,Supermercado,Amigos,Q101 - Q150,FutbolMix; Energy Crunch Protein,Salado Tradicional,Familiar,Q16 - Q20,No,Sí,Brasil,Tal vez,Francia,Neymar Jr.; Lionel Messi,Historias de aficionados,Tarjetas coleccionables,Sí,Edición Mundial FIFA 2026
479,2026-04-25,10:23:41,35 - 44 años,Masculino,Totonicapán,Cabecera municipal,Profesional independiente,Todos los días,Supermercado,Compañeros de trabajo,Q51 - Q100,ChocoKick Bites; Fan Chips Jalapeño; Mundialitos Queso Picante,Picante Chapín,Familiar,Q21 - Q30,Sí,Sí,Haití,Probablemente no,Argentina,Rodri,Premios y sorteos,Producto gratis,No,Edición con tarjetas coleccionables
480,2026-05-03,14:50:39,18 - 24 años,Femenino,Santa Rosa,Santa Rosa,Empleado público,Varias veces al mes,Tienda de barrio,Amigos,Menos de Q25,Caramel Goal Popcorn; ChocoKick Bites; Gol Nachos Supreme,Limón,Individual,Q16 - Q20,No,Sí,Argentina,Definitivamente sí,Portugal,Kylian Mbappé; Julián Álvarez; Cristiano Ronaldo,Un jugador famoso,Sorteo de camisetas,Sí,Edición con tarjetas coleccionables
481,2026-05-02,20:31:44,25 - 34 años,Masculino,Guatemala,Santa Catarina Pinula,Empresario,1 a 2 veces por semana,Supermercado,Solo,Menos de Q25,Fan Chips Jalapeño; CrunchMax BBQ,Jalapeño,Individual,Q10 - Q15,Sí,Sí,Alemania,Probablemente sí, MÉXICO ,Kylian Mbappé; Cristiano Ronaldo,Premios y sorteos,Tarjetas coleccionables,Sí,Edición con tarjetas coleccionables
482,2026-03-18,17:23:19,25 - 34 años,Masculino,Guatemala,Santa Catarina Pinula,Empleado privado,3 a 5 veces por semana,Gasolinera,Solo,Q25 - Q50,ChocoKick Bites; Caramel Goal Popcorn,Queso,Familiar,Q21 - Q30,Sí,No,Argentina,Definitivamente sí,Francia,Vinícius Júnior; Alphonso Davies; Neymar Jr.,Historias de aficionados,Producto gratis,Sí,Edición Argentina
483,2026-03-15,19:15:36,25 - 34 años,Femenino,Izabal,Izabal,Empleado privado,3 a 5 veces por semana,Aplicación de delivery,Solo,Menos de Q25,Fan Chips Jalapeño; CrunchMax BBQ; Victory Pretzels,Salado Tradicional,Para compartir entre 2 personas,Q16 - Q20,Sí,Sí, BRASIL ,Tal vez,España,Neymar Jr.; Cristiano Ronaldo,Historias de aficionados,Sorteo de balones,Sí,Edición Mundial FIFA 2026
484,2026-01-23,18:05:31,55 años o más,Femenino,El Progreso,Otro municipio,Empleado privado,1 a 2 veces por semana,Gasolinera,Solo,Menos de Q25,CrunchMax BBQ; Hot Stadium Peanuts; Mundialitos Queso Picante,Chocolate,Tamaño fiesta o reunión,Q21 - Q30,Sí,Sí,Argentina,Probablemente sí,Brasil,Cristiano Ronaldo,Una selección nacional,2x1,No,Edición con tarjetas coleccionables
485,2026-05-02,22:13:49,45 - 54 años,Femenino, GUATEMALA ,Mixco,Empleado privado,1 a 2 veces por semana,Tienda de barrio,Amigos,Q51 - Q100,Gol Nachos Supreme; FutbolMix,Limón,Individual,Q21 - Q30,Sí,Sí,Alemania,Tal vez,Egipto,Lionel Messi,Premios y sorteos,2x1,Sí,Edición España
486,2026-04-17,09:12:57,25 - 34 años,Masculino,Guatemala,Guatemala,Estudiante,Rara vez,Tienda de barrio,Compañeros de trabajo,Q25 - Q50,Gol Nachos Supreme; Caramel Goal Popcorn; ChocoKick Bites,Limón,Individual,Q21 - Q30,No,Sí,Francia,Definitivamente sí,Francia,Kylian Mbappé,Humor,Descuento directo,No,Edición con jugadores famosos
487,2026-05-03,07:17:26,18 - 24 años,Masculino,Jalapa,Jalapa,Empleado privado,1 a 2 veces por semana,Supermercado,Familia,Q51 - Q100,CrunchMax BBQ; Mundialitos Queso Picante; ChocoKick Bites,Dulce,Para compartir entre 2 personas,Menos de Q10,Sí,Sí,Brasil,Probablemente sí,Congo DR,Lionel Messi; Cristiano Ronaldo; Vinícius Júnior,Un jugador famoso,Sorteo de camisetas,No,Edición Mundial FIFA 2026
488,2026-05-09,09:50:21,45 - 54 años,Femenino,Guatemala,San Miguel Petapa,Estudiante,Todos los días,Tienda de barrio,Familia,Q101 - Q150,FutbolMix; Mundialitos Queso Picante,Picante Chapín,Familiar,Q10 - Q15,No,Sí,Alemania,Probablemente sí,Brasil,Vinícius Júnior,Humor,Sorteo de viajes,Sí,Edición Argentina
489,2026-05-02,19:13:14,18 - 24 años,Masculino,Jalapa,Cabecera municipal,Empleado privado,3 a 5 veces por semana,Tienda de barrio,Familia,Más de Q150,Energy Crunch Protein; Caramel Goal Popcorn,Chocolate,Tamaño fiesta o reunión,Q21 - Q30,No,Sí,Inglaterra,Probablemente sí,México,Vinícius Júnior,Humor,Sorteo de camisetas,Sí,Edición con tarjetas coleccionables
490,2026-03-04,15:42:53,55 años o más,Prefiero no indicarlo,Chimaltenango,Patzún,Empleado privado,3 a 5 veces por semana,Gasolinera,Familia,Menos de Q25,Caramel Goal Popcorn; ChocoKick Bites; FutbolMix,Queso,Familiar,Q21 - Q30,Sí,Sí,Brasil,Tal vez,Brasil,Lamine Yamal; Harry Kane,Un jugador famoso,Descuento directo,Sí,Edición Francia
491,2026-02-17,13:56:41,18 - 24 años,Femenino,Guatemala,Villa Nueva,Profesional independiente,Rara vez,Supermercado,Familia,Q101 - Q150,Victory Pretzels; Fan Chips Jalapeño,Chocolate,Individual,Q10 - Q15,Sí,Sí,Inglaterra,Definitivamente sí,Argentina,Cristiano Ronaldo,Una selección nacional,2x1,Sí,Edición Francia
492,2026-02-15,14:10:54,45 - 54 años,Masculino,Guatemala,Guatemala,Empleado privado,1 a 2 veces por semana,Aplicación de delivery,Amigos,Más de Q150,FutbolMix; CrunchMax BBQ,Picante Chapín,Familiar,Q16 - Q20,Sí,Sí,Estados Unidos,Definitivamente sí,Argentina,Julián Álvarez; Ninguno,Una selección nacional,Sorteo de viajes,Sí,Edición con jugadores famosos
493,2026-05-02,19:00:58,45 - 54 años,Femenino,Chimaltenango,Patzún,Estudiante,3 a 5 veces por semana,Gasolinera,Familia,Menos de Q25,Fan Chips Jalapeño,Chocolate,Individual,Más de Q30,No,Sí,Inglaterra,Probablemente sí,Portugal,Neymar Jr.,Una selección nacional,Sorteo de balones,Sí,Edición Mundial FIFA 2026
494,2026-05-06,21:17:45,25 - 34 años,Masculino,Guatemala,San Miguel Petapa,Empleado privado,Varias veces al mes,Kiosco escolar/universitario,Familia,Q25 - Q50,Mundialitos Queso Picante; CrunchMax BBQ; FutbolMix, SALADO TRADICIONAL ,Individual,Q16 - Q20,Sí,Sí,Argentina,Probablemente sí,Argentina,Kylian Mbappé,Historias de aficionados,Tarjetas coleccionables,Sí,Edición España
495,2026-04-15,22:15:40,35 - 44 años,Masculino,Huehuetenango,Cabecera municipal,Empleado privado,1 a 2 veces por semana,Aplicación de delivery,Familia,Q101 - Q150,ChocoKick Bites; Mundialitos Queso Picante,Barbacoa,Para compartir entre 2 personas,Q16 - Q20,No,Sí,Estados Unidos,Tal vez,Brasil,Lamine Yamal; Lionel Messi,Premios y sorteos,Sorteo de camisetas,Sí,Edición Brasil
496,2026-03-21,14:34:20,18 - 24 años,Masculino,Chimaltenango,Chimaltenango,Estudiante,Todos los días,Tienda de barrio,Familia,Q25 - Q50,FutbolMix; Gol Nachos Supreme,Queso,Familiar,Q16 - Q20,Sí,Sí,México,Probablemente sí,España,Lionel Messi; Vinícius Júnior,Un jugador famoso,2x1,No,Edición Brasil
497,2026-01-29,13:03:35,18 - 24 años,Masculino,Chimaltenango,Tecpán Guatemala,Profesional independiente,1 a 2 veces por semana,Aplicación de delivery,Familia,Q51 - Q100,Mundialitos Queso Picante,Picante Chapín,Familiar,Q16 - Q20,No,Sí,Paraguay,Tal vez,España,Lamine Yamal,Un jugador famoso,2x1,No,Edición Mundial FIFA 2026
498,2026-04-22,16:18:28,Menos de 18 años,Masculino,Escuintla,Palín,Estudiante,1 a 2 veces por semana,Gasolinera,Familia,Menos de Q25,Caramel Goal Popcorn; Mundialitos Queso Picante; Gol Nachos Supreme,Chocolate,Tamaño fiesta o reunión,Q10 - Q15,Sí,Sí,Argentina,Probablemente sí,Estados Unidos,Neymar Jr.; Vinícius Júnior,Historias de aficionados,Descuento directo,Sí,Edición Brasil
499,2026-03-24,20:22:32,25 - 34 años,Masculino,El Progreso,El Progreso,Empleado privado,3 a 5 veces por semana,Supermercado,Solo,Q101 - Q150,ChocoKick Bites; Hot Stadium Peanuts,Dulce,Familiar,Más de Q30,Sí,Sí,Argentina,Probablemente sí,México,Cristiano Ronaldo,Un jugador famoso,Tarjetas coleccionables,Sí,Edición Mundial FIFA 2026
500,2026-04-08,09:00:03,35 - 44 años,Masculino,San Marcos,San Marcos,Empleado privado,Todos los días,Tienda de barrio,Familia,Q51 - Q100,ChocoKick Bites; Caramel Goal Popcorn; FutbolMix,,Tamaño fiesta o reunión,Menos de Q10,Sí,Sí,Brasil,Definitivamente no,Portugal,Julián Álvarez; Neymar Jr.,Un jugador famoso,Sorteo de balones,No,Edición Francia
501,2026-02-05,12:23:20,18 - 24 años,Masculino, CHIMALTENANGO ,Patzún,Empleado privado,Varias veces al mes,Supermercado,Familia,Q51 - Q100,Victory Pretzels,Queso,Familiar,Q10 - Q15,No,Sí,México,Definitivamente sí,Alemania,Cristiano Ronaldo; Vinícius Júnior,Una selección nacional,Tarjetas coleccionables,Sí,Edición Argentina
502,2026-02-08,22:26:11,25 - 34 años,Masculino,Suchitepéquez,Otro municipio,Empresario,Varias veces al mes,Tienda de barrio,Solo,Q25 - Q50,CrunchMax BBQ,Salado Tradicional,Tamaño fiesta o reunión,Q16 - Q20,Sí,Sí,Colombia,Tal vez,España,Lionel Messi,Historias de aficionados,Producto gratis,Sí,Edición Argentina
503,2026-01-16,16:30:47,25 - 34 años,Femenino,Quetzaltenango,Coatepeque,Ama de casa,1 a 2 veces por semana,Gasolinera,Familia,Q51 - Q100,Gol Nachos Supreme; Mundialitos Queso Picante,Queso,Tamaño fiesta o reunión,Q10 - Q15,Sí,Sí,Brasil,Probablemente no,Portugal,Lionel Messi; Julián Álvarez,Premios y sorteos,Descuento directo,Sí,Edición Argentina
504,2026-02-03,21:43:55,25 - 34 años,Masculino,Quetzaltenango,Quetzaltenango,Profesional independiente,3 a 5 veces por semana,Supermercado,Familia,Menos de Q25,Mundialitos Queso Picante; Fan Chips Jalapeño; FutbolMix,Picante Chapín,Familiar,Q21 - Q30,Sí,Sí,Francia,Probablemente no,Argentina,Cristiano Ronaldo,Premios y sorteos,Sorteo de camisetas,Sí,Edición Brasil
505,2026-02-22,07:34:26,45 - 54 años,Masculino,Guatemala,Santa Catarina Pinula,Estudiante,Varias veces al mes,Tienda de barrio,Amigos,Q51 - Q100,Victory Pretzels,Picante Chapín,Para compartir entre 2 personas,Q10 - Q15,Sí,Sí,Argentina,Definitivamente sí,Argentina,Cristiano Ronaldo; Julián Álvarez,Un jugador famoso,Sorteo de viajes,No,Edición con jugadores famosos
506,2026-05-10,21:45:43,Menos de 18 años,Femenino,Guatemala,Guatemala,Empleado privado,Varias veces al mes,Aplicación de delivery,Amigos,Menos de Q25,Gol Nachos Supreme; Caramel Goal Popcorn; FutbolMix,Barbacoa,Familiar,Q21 - Q30,No,Sí,Paraguay,Definitivamente sí,México,Christian Pulisic; Rodri,Humor,Sorteo de viajes,No,Edición Francia
507,2026-02-18,17:48:40,55 años o más,Masculino,Petén,San Benito,Empleado privado,1 a 2 veces por semana,Aplicación de delivery,Amigos,Q101 - Q150,Hot Stadium Peanuts; Caramel Goal Popcorn; Mundialitos Queso Picante,Barbacoa,Para compartir entre 2 personas,Q10 - Q15,Sí,Sí,México,Tal vez,Argentina,Christian Pulisic; Jude Bellingham,Premios y sorteos,2x1,Sí,Edición con tarjetas coleccionables
508,2026-03-23,20:23:11,35 - 44 años,Femenino,Guatemala,Mixco,Ama de casa,3 a 5 veces por semana,Gasolinera,Amigos,Q25 - Q50,FutbolMix; Hot Stadium Peanuts,Jalapeño,Familiar,Q10 - Q15,No,Sí,Francia,Probablemente sí,Argentina,Cristiano Ronaldo,Una selección nacional,Tarjetas coleccionables,Sí,Edición Mundial FIFA 2026
509,2026-04-18,15:41:33,35 - 44 años,Masculino,Guatemala,Guatemala,Jubilado,3 a 5 veces por semana,Otro,Amigos,Más de Q150,ChocoKick Bites; Gol Nachos Supreme,Barbacoa,Tamaño fiesta o reunión,Q16 - Q20,Sí,Sí,Francia,Tal vez,Noruega,Cristiano Ronaldo; Alphonso Davies; Lionel Messi,Humor,Producto gratis,Sí,Edición Argentina
510,2026-02-12,11:03:20,18 - 24 años,Masculino,Guatemala,Villa Nueva,Estudiante,Varias veces al mes,Supermercado,Amigos,Menos de Q25,Mundialitos Queso Picante; Caramel Goal Popcorn; Hot Stadium Peanuts, SALADO TRADICIONAL ,Individual,Q21 - Q30,Sí,Sí, BRASIL ,Tal vez,México,Lamine Yamal; Lionel Messi,Un jugador famoso,2x1,Sí,Edición Mundial FIFA 2026
511,2026-02-27,07:15:00,35 - 44 años,Masculino,Guatemala,Guatemala,,1 a 2 veces por semana,Supermercado,Compañeros de trabajo,Q51 - Q100,Hot Stadium Peanuts,Salado Tradicional,Individual,Menos de Q10,Sí,No,Francia,Probablemente no,Uruguay,Lionel Messi; Neymar Jr.; Ninguno,Humor,Producto gratis,Sí,Edición España
512,2026-04-11,11:41:44,55 años o más,Femenino,Suchitepéquez,,Empleado público,Varias veces al mes,Tienda de barrio,Compañeros de trabajo,Q25 - Q50,FutbolMix; Energy Crunch Protein; Victory Pretzels,Chocolate,Individual,Q10 - Q15,Sí,Sí,Argentina,Tal vez,Argentina,Kylian Mbappé,Una selección nacional,Tarjetas coleccionables,Sí,Edición Inglaterra
513,2026-01-21,14:32:09,35 - 44 años,Masculino,Sacatepéquez,Antigua Guatemala,Otro,3 a 5 veces por semana,Otro,Amigos,Q25 - Q50,CrunchMax BBQ; Fan Chips Jalapeño,Limón,Tamaño fiesta o reunión,Q16 - Q20,Sí,Sí,Haití,Probablemente sí,Francia,Neymar Jr.; Cristiano Ronaldo; Julián Álvarez,Un jugador famoso,Descuento directo,Sí,Edición Argentina
514,2026-05-04,16:54:52,35 - 44 años,Prefiero no indicarlo,Guatemala,Mixco,Comerciante,1 a 2 veces por semana,Supermercado,Familia,Q25 - Q50,Hot Stadium Peanuts; Fan Chips Jalapeño,,Para compartir entre 2 personas,Q10 - Q15,No,No,Argentina,Tal vez,Portugal,Cristiano Ronaldo,Un jugador famoso,Sorteo de viajes,No,Edición Francia
515,2026-03-26,21:26:52,18 - 24 años,Masculino,Guatemala,Mixco,Empleado privado,Varias veces al mes,Kiosco escolar/universitario,Familia,Q25 - Q50,CrunchMax BBQ; Hot Stadium Peanuts; Caramel Goal Popcorn,Queso,Para compartir entre 2 personas,Q10 - Q15,Sí,No,Estados Unidos,Probablemente sí,México,Cristiano Ronaldo; Vinícius Júnior,Una selección nacional,Sorteo de balones,Sí,Edición Brasil
516,2026-01-14,08:55:22,35 - 44 años,Masculino,Sacatepéquez,Sumpango,Profesional independiente,1 a 2 veces por semana,Supermercado,Compañeros de trabajo,Q51 - Q100,ChocoKick Bites; CrunchMax BBQ; Hot Stadium Peanuts,Caramelo,Tamaño fiesta o reunión,Q16 - Q20,Sí,Sí,España,Probablemente sí,México,Lionel Messi; Cristiano Ronaldo,Premios y sorteos,Producto gratis,Sí,Edición Brasil
517,2026-03-11,08:05:18,18 - 24 años,Masculino,Chimaltenango,Tecpán Guatemala,Profesional independiente,Varias veces al mes,Tienda de barrio,Otro,Q25 - Q50,Victory Pretzels,Salado Tradicional,Para compartir entre 2 personas,Q10 - Q15,No,Sí,Colombia,Probablemente sí,Portugal,Lionel Messi,Una selección nacional,Producto gratis,Sí,Edición con jugadores famosos
518,2026-02-18,17:21:16,Menos de 18 años,Femenino,Sacatepéquez,Sumpango,Otro,1 a 2 veces por semana,Supermercado,Amigos,Menos de Q25,Energy Crunch Protein; Hot Stadium Peanuts; CrunchMax BBQ,Queso,Tamaño fiesta o reunión,Menos de Q10,No,Sí,Francia,Probablemente sí,México,Jude Bellingham; Cristiano Ronaldo,Premios y sorteos,Sorteo de balones,No,Edición con tarjetas coleccionables
519,2026-05-08,22:08:52,25 - 34 años,Femenino,Escuintla,Palín,Comerciante,1 a 2 veces por semana,Supermercado,Familia,Q101 - Q150,CrunchMax BBQ; ChocoKick Bites; Fan Chips Jalapeño,Queso,Individual,Q10 - Q15,Sí,Sí,Uruguay,Tal vez,Costa de Marfil,Lionel Messi,Una selección nacional,2x1,No,Edición Brasil
520,2026-01-22,20:58:11,55 años o más,Masculino,Guatemala,San Miguel Petapa,Empleado público,3 a 5 veces por semana,Kiosco escolar/universitario,Familia,Q51 - Q100,CrunchMax BBQ,Limón,Para compartir entre 2 personas,Q10 - Q15,No,Sí,Uruguay,Definitivamente sí,Inglaterra,Harry Kane; Lionel Messi,Historias de aficionados,Sorteo de viajes,Sí,Edición con tarjetas coleccionables
521,2026-01-21,12:45:32,45 - 54 años,Masculino,Sacatepéquez,Jocotenango,Empleado privado,3 a 5 veces por semana,Supermercado,Amigos,Q101 - Q150,Mundialitos Queso Picante,Jalapeño,Para compartir entre 2 personas,Q10 - Q15,No,No,Japón,Probablemente sí,Argentina,Julián Álvarez; Federico Valverde; Neymar Jr.,Un jugador famoso,Descuento directo,No,Edición Brasil
522,2026-04-18,14:15:17,25 - 34 años,Femenino,Zacapa,Cabecera municipal,Jubilado,1 a 2 veces por semana,Supermercado,Solo,Q51 - Q100,Hot Stadium Peanuts; Energy Crunch Protein; Mundialitos Queso Picante,Queso,Familiar,Q21 - Q30,No,Sí,Alemania,Definitivamente sí,Brasil,Neymar Jr.; Cristiano Ronaldo; Kylian Mbappé,Una selección nacional,Tarjetas coleccionables,Sí,Edición con tarjetas coleccionables
523,2026-02-02,11:11:46,25 - 34 años,Masculino,Quetzaltenango,Coatepeque,Empleado privado,3 a 5 veces por semana,Tienda de barrio,Amigos,Menos de Q25,Caramel Goal Popcorn; CrunchMax BBQ; Fan Chips Jalapeño,Barbacoa,Familiar,Q10 - Q15,No,Sí,Estados Unidos,Probablemente sí,Uruguay,Cristiano Ronaldo; Vinícius Júnior; Neymar Jr.,Una selección nacional,Sorteo de camisetas,No,Edición Argentina
524,2026-04-18,16:07:32,35 - 44 años,Masculino,Guatemala,Villa Nueva,Estudiante,3 a 5 veces por semana,Aplicación de delivery,Amigos,Más de Q150,Energy Crunch Protein; CrunchMax BBQ,Queso,Para compartir entre 2 personas,Q21 - Q30,Sí,No,Senegal,Probablemente sí,Francia,Vinícius Júnior,Historias de aficionados,Tarjetas coleccionables,Sí,Edición con jugadores famosos
525,2026-04-17,16:48:39,25 - 34 años,Masculino,Guatemala,Mixco,Empresario,Rara vez,Kiosco escolar/universitario,Amigos,Q51 - Q100,FutbolMix; Hot Stadium Peanuts; Fan Chips Jalapeño,Salado Tradicional,Individual,Menos de Q10,No,No,Uruguay,Tal vez,Argentina,Christian Pulisic; Neymar Jr.,Una selección nacional,Sorteo de viajes,Sí,Edición Brasil
526,2026-01-21,19:35:23,Menos de 18 años,Femenino,Guatemala,Santa Catarina Pinula,Comerciante,1 a 2 veces por semana,Aplicación de delivery,Solo,Menos de Q25,FutbolMix; Gol Nachos Supreme,Limón,Familiar,Q16 - Q20,Sí,Sí,Brasil,Definitivamente sí,Marruecos,Lionel Messi; Jude Bellingham; Federico Valverde,Un jugador famoso,Sorteo de camisetas,Sí,Edición Inglaterra
527,2026-02-18,18:48:17,18 - 24 años,Masculino,Jutiapa,Jutiapa,Empleado privado,Varias veces al mes,Aplicación de delivery,Amigos,Más de Q150,Hot Stadium Peanuts; FutbolMix,Picante Chapín,Individual,Q16 - Q20,Sí,Sí,Uruguay,Probablemente sí,Costa de Marfil,Julián Álvarez,Premios y sorteos,Producto gratis,Sí,Edición con tarjetas coleccionables
528,2026-01-28,16:15:35,18 - 24 años,Masculino,Sololá,Otro municipio,Comerciante,3 a 5 veces por semana,Supermercado,Amigos,Más de Q150,Gol Nachos Supreme,Caramelo,Familiar,Q21 - Q30,Sí,Sí,Portugal,Probablemente sí,México,Lionel Messi; Harry Kane; Rodri,Historias de aficionados,Sorteo de balones,No,Edición con jugadores famosos
529,2026-02-13,08:43:04,25 - 34 años,Femenino,Guatemala,Villa Nueva,Estudiante,1 a 2 veces por semana,Otro,Amigos,Q25 - Q50,FutbolMix; CrunchMax BBQ,Limón,Familiar,Q16 - Q20,No,Sí,Inglaterra,Definitivamente sí,Argentina,Vinícius Júnior; Cristiano Ronaldo,Humor,Descuento directo,Sí,Edición Mundial FIFA 2026
530,2026-03-28,09:50:25,25 - 34 años,Masculino,Retalhuleu, CABECERA MUNICIPAL ,Profesional independiente,Todos los días,,Familia,Q25 - Q50,FutbolMix,Chocolate,Individual,Q10 - Q15,Sí,No,Portugal,Definitivamente sí,México,Lionel Messi,Premios y sorteos,Tarjetas coleccionables,No,Edición España
531,2026-04-04,21:32:48,18 - 24 años,Femenino,Jalapa,Otro municipio,Empresario,1 a 2 veces por semana,Aplicación de delivery,Amigos,Q51 - Q100,Hot Stadium Peanuts; Mundialitos Queso Picante; Fan Chips Jalapeño,Queso,Familiar,Q21 - Q30,No,Sí,Francia,Definitivamente sí,Portugal,Lamine Yamal,Una selección nacional,2x1,No,Edición Francia
532,2026-03-20,11:13:25,35 - 44 años,Femenino,Guatemala,San Miguel Petapa,Estudiante,Todos los días,Supermercado,Familia,Q51 - Q100,Gol Nachos Supreme; Caramel Goal Popcorn,Barbacoa,Tamaño fiesta o reunión,Q10 - Q15,Sí,Sí, BRASIL ,Definitivamente no,Francia,Federico Valverde,Premios y sorteos,2x1,No,Edición Argentina
533,2026-04-06,13:10:44,55 años o más,Femenino,Guatemala,Villa Nueva,,Rara vez,Tienda de barrio,Amigos,Q25 - Q50,Gol Nachos Supreme,Queso,Individual,Q16 - Q20,No,Sí,Argentina,Probablemente sí,Argentina,Vinícius Júnior,Una selección nacional,Descuento directo,No,Edición Brasil
534,2026-04-30,09:54:28,55 años o más,Masculino,Guatemala,San Miguel Petapa,Estudiante,Rara vez,Gasolinera,Amigos,Más de Q150,Victory Pretzels,Picante Chapín,Familiar,Q10 - Q15,No,Sí,Bélgica,Tal vez,Argentina,Vinícius Júnior; Lionel Messi; Harry Kane,Una selección nacional,Descuento directo,Sí,Edición con jugadores famosos
535,2026-02-28,16:11:41,25 - 34 años,Masculino,Sacatepéquez,Antigua Guatemala,Otro,3 a 5 veces por semana,Aplicación de delivery,Familia,Menos de Q25,CrunchMax BBQ,Salado Tradicional,Individual,Q21 - Q30,Sí,No,Brasil,Probablemente sí,Argentina,Vinícius Júnior; Jude Bellingham; Neymar Jr.,Una selección nacional,Sorteo de camisetas,No,Edición España
536,2026-01-22,22:38:24,25 - 34 años,Femenino,Chimaltenango,Chimaltenango,Profesional independiente,Todos los días,Tienda de barrio,Compañeros de trabajo,Q25 - Q50,Fan Chips Jalapeño; CrunchMax BBQ,Caramelo,Familiar,Q16 - Q20,Sí,Sí,Francia,Definitivamente sí,Estados Unidos,Federico Valverde; Kylian Mbappé; Lamine Yamal,Historias de aficionados,Sorteo de viajes,Sí,Edición Brasil
537,2026-03-18,15:11:14,25 - 34 años,Masculino,Escuintla,Santa Lucía Cotzumalguapa,Empleado privado,1 a 2 veces por semana,Supermercado,Familia,Más de Q150,Mundialitos Queso Picante; FutbolMix; Caramel Goal Popcorn,Limón,Para compartir entre 2 personas,Q16 - Q20,No,Sí,Colombia,Tal vez,Uruguay,Federico Valverde; Christian Pulisic,Un jugador famoso,Tarjetas coleccionables,Sí,Edición Mundial FIFA 2026
538,2026-03-10,10:06:14,35 - 44 años,Femenino,Guatemala,San Miguel Petapa,Empresario,Rara vez,Gasolinera,Amigos,Q101 - Q150,FutbolMix,Chocolate,Familiar,Q10 - Q15,Sí,Sí,Senegal,Definitivamente sí, MÉXICO ,Cristiano Ronaldo; Lionel Messi,Premios y sorteos,Producto gratis,Sí,Edición con tarjetas coleccionables
539,2026-04-09,17:29:50,18 - 24 años,Masculino,Guatemala, VILLA NUEVA ,Ama de casa,Todos los días,Tienda de barrio,Familia,Q25 - Q50,FutbolMix; Energy Crunch Protein,Dulce,Tamaño fiesta o reunión,Q10 - Q15,Sí,Sí,México,Definitivamente no,Brasil,Ninguno; Neymar Jr.; Jude Bellingham,Una selección nacional,Sorteo de balones,No,Edición España
540,2026-04-10,07:12:18,35 - 44 años,Femenino,San Marcos,Cabecera municipal,Comerciante,3 a 5 veces por semana,Supermercado,Solo,Q51 - Q100,CrunchMax BBQ; Energy Crunch Protein,Chocolate,Tamaño fiesta o reunión,Q10 - Q15,Sí,No,México,Probablemente sí,Brasil,Neymar Jr.; Cristiano Ronaldo,Historias de aficionados,Descuento directo,Sí,Edición con jugadores famosos
541,2026-01-28,21:49:28,18 - 24 años,Masculino,Guatemala,San Miguel Petapa,Comerciante,Todos los días,Tienda de barrio,Familia,Más de Q150,Hot Stadium Peanuts,Picante Chapín,Familiar,Q10 - Q15,Sí,Sí,México,Probablemente no,Irak,Cristiano Ronaldo; Lionel Messi,Un jugador famoso,Descuento directo,No,Edición con tarjetas coleccionables
542,2026-01-27,18:16:57,Menos de 18 años,Femenino,Guatemala,San Miguel Petapa,Ama de casa,1 a 2 veces por semana,,Amigos,Q25 - Q50,Victory Pretzels,Barbacoa,Familiar,Más de Q30,Sí,Sí,Estados Unidos,Definitivamente sí,México,Cristiano Ronaldo; Christian Pulisic,Humor,Descuento directo,No,Edición con tarjetas coleccionables
543,2026-03-21,14:08:25,18 - 24 años,Masculino,Guatemala,San Miguel Petapa,Profesional independiente,1 a 2 veces por semana,Gasolinera,Familia,Q25 - Q50,Victory Pretzels; Hot Stadium Peanuts; ChocoKick Bites,Dulce,Individual,Q21 - Q30,Sí,Sí,Portugal,Definitivamente sí,Alemania,Lionel Messi; Harry Kane,Una selección nacional,Descuento directo,Sí,Edición con tarjetas coleccionables
544,2026-05-06,07:20:58,25 - 34 años,Femenino,Quetzaltenango,,Comerciante,1 a 2 veces por semana,Otro,Amigos,Q25 - Q50,CrunchMax BBQ,Limón,Para compartir entre 2 personas,Q21 - Q30,Sí,Sí,Argentina,Definitivamente sí,Portugal,Cristiano Ronaldo; Lionel Messi; Neymar Jr.,Un jugador famoso,2x1,Sí,Edición Brasil
545,2026-03-20,11:10:15,25 - 34 años,Femenino,Quetzaltenango,Quetzaltenango,Empleado privado,Rara vez,Kiosco escolar/universitario,Compañeros de trabajo,Menos de Q25,Mundialitos Queso Picante; Caramel Goal Popcorn,Barbacoa,Familiar,Q10 - Q15,Sí,Sí,Brasil,Probablemente sí,Brasil,Vinícius Júnior; Cristiano Ronaldo,Historias de aficionados,Sorteo de balones,Sí,Edición Mundial FIFA 2026
546,2026-04-01,10:15:29,45 - 54 años,Femenino, GUATEMALA ,Villa Nueva,Empresario,1 a 2 veces por semana,Supermercado,Familia,Q51 - Q100,CrunchMax BBQ,Chocolate,Familiar,Q21 - Q30,No,Sí,Colombia,Definitivamente sí,Argentina,Jude Bellingham; Neymar Jr.; Vinícius Júnior,Un jugador famoso,Sorteo de camisetas,No,Edición con jugadores famosos
547,2026-05-03,16:40:33,18 - 24 años,Masculino,Guatemala,Santa Catarina Pinula,Empresario,3 a 5 veces por semana,Gasolinera,Solo,Q51 - Q100,Mundialitos Queso Picante; Fan Chips Jalapeño; Gol Nachos Supreme,Barbacoa,Individual,Q21 - Q30,Sí,Sí,Argentina,Definitivamente sí,Francia,Federico Valverde,Una selección nacional,Sorteo de camisetas,Sí,Edición Inglaterra
548,2026-02-04,15:45:00,18 - 24 años,Femenino,Sacatepéquez,Jocotenango,Ama de casa,Todos los días,Gasolinera,Otro,Q25 - Q50,ChocoKick Bites; CrunchMax BBQ,Jalapeño,Para compartir entre 2 personas,Más de Q30,Sí,Sí,Brasil,Tal vez,Uruguay,Vinícius Júnior,Premios y sorteos,Tarjetas coleccionables,No,Edición con jugadores famosos
549,2026-02-28,15:18:23,35 - 44 años,Masculino,Guatemala,Santa Catarina Pinula,Empleado privado,1 a 2 veces por semana,Kiosco escolar/universitario,Familia,Menos de Q25,FutbolMix; Mundialitos Queso Picante,Barbacoa,Individual,Más de Q30,Sí,Sí,Inglaterra,Definitivamente no,Argentina,Cristiano Ronaldo,Premios y sorteos,Producto gratis,Sí,Edición con tarjetas coleccionables
550,2026-03-03,13:59:18,25 - 34 años,Masculino,Guatemala,San Miguel Petapa,Empleado público,3 a 5 veces por semana,Tienda de barrio,Amigos,Q25 - Q50,CrunchMax BBQ; Mundialitos Queso Picante; Fan Chips Jalapeño,Jalapeño,Para compartir entre 2 personas,Q16 - Q20,No,Sí,Argentina,Definitivamente no,Brasil,Lamine Yamal; Alphonso Davies; Cristiano Ronaldo,Una selección nacional,Sorteo de camisetas,Sí,Edición Argentina
551,2026-03-29,08:30:44,55 años o más,Masculino,Izabal,Izabal,Empleado público,3 a 5 veces por semana,Tienda de barrio,Familia,Q25 - Q50,CrunchMax BBQ; Fan Chips Jalapeño; ChocoKick Bites,Picante Chapín,Familiar,Q10 - Q15,Sí,Sí,Brasil,Tal vez, ESTADOS UNIDOS ,Federico Valverde,Un jugador famoso,2x1,Sí,Edición con jugadores famosos
552,2026-04-19,09:54:37,18 - 24 años,Masculino,Quetzaltenango,Coatepeque,Empleado privado,Todos los días,Otro,Familia,Q25 - Q50,ChocoKick Bites,Jalapeño,Familiar,Q10 - Q15,No,Sí,Francia,Definitivamente no,Inglaterra,Lamine Yamal; Kylian Mbappé; Lionel Messi,Un jugador famoso,Descuento directo,Sí,Edición Francia
553,2026-04-28,15:10:56,45 - 54 años,Prefiero no indicarlo,El Progreso,Cabecera municipal,Estudiante,3 a 5 veces por semana,Tienda de barrio,Amigos,Q25 - Q50,Mundialitos Queso Picante; Fan Chips Jalapeño; CrunchMax BBQ,Chocolate,Familiar,Más de Q30,Sí,Sí,Brasil,Probablemente sí,Inglaterra,Jude Bellingham,Un jugador famoso,Descuento directo,Sí,Edición con tarjetas coleccionables
554,2026-01-18,19:02:07,18 - 24 años,Masculino,Guatemala,San Miguel Petapa,Empresario,1 a 2 veces por semana,Tienda de barrio,Amigos,Q25 - Q50,FutbolMix; Mundialitos Queso Picante; Hot Stadium Peanuts,Barbacoa,Familiar,Q10 - Q15,No,Sí,Argentina,Probablemente sí,Portugal,Lionel Messi,Premios y sorteos,Sorteo de viajes,No,Edición España
555,2026-04-23,14:35:17,18 - 24 años,Femenino,Baja Verapaz,Baja Verapaz,Comerciante,3 a 5 veces por semana,Tienda de barrio,Compañeros de trabajo,Q25 - Q50,CrunchMax BBQ,Queso,Familiar,Q16 - Q20,No,Sí,Francia,Definitivamente sí,España,Lionel Messi,Historias de aficionados,Tarjetas coleccionables,Sí,Edición con jugadores famosos
556,2026-03-05,07:18:42,Menos de 18 años,Femenino,Suchitepéquez,Suchitepéquez,Profesional independiente,Rara vez,Gasolinera,Familia,Menos de Q25,FutbolMix; CrunchMax BBQ; Mundialitos Queso Picante,Salado Tradicional,Individual,Q16 - Q20,Sí,Sí,Francia,Probablemente no,México,Neymar Jr.,Un jugador famoso,Sorteo de viajes,No,Edición España
557,2026-04-06,07:52:52,55 años o más,Femenino,Sacatepéquez,Antigua Guatemala,Empleado público,Varias veces al mes,Tienda de barrio,Familia,Menos de Q25,Victory Pretzels; ChocoKick Bites; CrunchMax BBQ,Barbacoa,Para compartir entre 2 personas,Q16 - Q20,Sí,Sí,Inglaterra,Definitivamente sí,España,Federico Valverde,Historias de aficionados,2x1,No,Edición con tarjetas coleccionables
558,2026-03-06,13:14:08,18 - 24 años,Femenino,Jutiapa,Otro municipio,Empleado privado,3 a 5 veces por semana,Supermercado,Amigos,Q51 - Q100,Gol Nachos Supreme,Queso,Para compartir entre 2 personas,Q16 - Q20,Sí,Sí,Portugal,Probablemente sí,Francia,Kylian Mbappé; Lionel Messi; Vinícius Júnior,Un jugador famoso,Sorteo de viajes,No,Edición Argentina
559,2026-03-01,13:55:31,45 - 54 años,Masculino,Escuintla,Palín,Empleado privado,Todos los días,Supermercado,Familia,Q101 - Q150,ChocoKick Bites,Queso,Para compartir entre 2 personas,Q10 - Q15,Sí,Sí,Brasil,Probablemente no,Argentina,Vinícius Júnior,Premios y sorteos,Descuento directo,Sí,Edición Inglaterra
560,2026-01-29,22:55:12,Menos de 18 años,Femenino,Guatemala,Villa Nueva,Estudiante,1 a 2 veces por semana,Tienda de barrio,Compañeros de trabajo,Q25 - Q50,ChocoKick Bites; Hot Stadium Peanuts,Chocolate,Familiar,Q10 - Q15,Sí,Sí,Francia,Definitivamente sí,,Lionel Messi; Christian Pulisic; Cristiano Ronaldo,Premios y sorteos,Tarjetas coleccionables,Sí,Edición Inglaterra
561,2026-04-13,11:43:57,45 - 54 años,Femenino,Guatemala,Guatemala,Empleado público,3 a 5 veces por semana,Supermercado,Familia,Más de Q150,Mundialitos Queso Picante; Caramel Goal Popcorn; FutbolMix,Queso,Familiar,Q10 - Q15,No,No,México,Tal vez,Francia,Vinícius Júnior; Jude Bellingham,Un jugador famoso,Sorteo de camisetas,Sí,Edición Mundial FIFA 2026
562,2026-01-20,11:32:37,55 años o más,Femenino,Sacatepéquez,Ciudad Vieja,Empleado público,Varias veces al mes,Tienda de barrio,Amigos,Q51 - Q100,Mundialitos Queso Picante; Caramel Goal Popcorn,Picante Chapín,Individual,Q21 - Q30,No,Sí,Argentina,Tal vez,Estados Unidos,Kylian Mbappé; Jude Bellingham; Lionel Messi,Una selección nacional,Tarjetas coleccionables,No,Edición con jugadores famosos
563,2026-03-04,17:11:13,45 - 54 años,Femenino,Quetzaltenango,Olintepeque,Estudiante,Todos los días,Tienda de barrio,Amigos,Q25 - Q50,Fan Chips Jalapeño; ChocoKick Bites; CrunchMax BBQ, LIMÓN ,Tamaño fiesta o reunión,Q21 - Q30,No,Sí,Portugal,Probablemente sí,Brasil,Neymar Jr.; Cristiano Ronaldo,Historias de aficionados,Producto gratis,Sí,Edición con jugadores famosos
564,2026-01-20,19:54:11,55 años o más,Femenino,Chimaltenango,Chimaltenango,Empleado privado,Todos los días,Tienda de barrio,Familia,Q51 - Q100,FutbolMix; Energy Crunch Protein,Barbacoa,Para compartir entre 2 personas,Q10 - Q15,No,Sí,Argentina,Definitivamente sí,España,Vinícius Júnior; Lamine Yamal; Lionel Messi,Una selección nacional,2x1,Sí,Edición Inglaterra
565,2026-04-03,11:23:14,Menos de 18 años,Femenino,Guatemala,Villa Nueva,Estudiante,Todos los días,Supermercado,Amigos,Menos de Q25,CrunchMax BBQ,Queso,Individual,Q16 - Q20,No,Sí,Francia,Definitivamente sí,Francia,Neymar Jr.,Premios y sorteos,Sorteo de camisetas,No,Edición Argentina
566,2026-03-13,17:30:29,35 - 44 años,Femenino,Huehuetenango,Otro municipio,Empleado privado,1 a 2 veces por semana,Supermercado,Compañeros de trabajo,Q25 - Q50,CrunchMax BBQ; ChocoKick Bites; Mundialitos Queso Picante,Caramelo,Individual,Q16 - Q20,No,Sí,Uruguay,Definitivamente sí,Uruguay,Lionel Messi; Alphonso Davies; Cristiano Ronaldo,Un jugador famoso,2x1,Sí,Edición con tarjetas coleccionables
567,2026-01-23,17:58:44,35 - 44 años,Femenino,Guatemala,San Miguel Petapa,Empleado privado,Rara vez,Aplicación de delivery,Familia,Q25 - Q50,Energy Crunch Protein,Salado Tradicional,Para compartir entre 2 personas,Q16 - Q20,Sí,Sí,Argentina,Definitivamente sí,Brasil,Cristiano Ronaldo,Premios y sorteos,Descuento directo,Sí,Edición Inglaterra
568,2026-02-11,07:55:44,45 - 54 años,Masculino,Guatemala, VILLA NUEVA ,Empleado público,1 a 2 veces por semana,Supermercado,Amigos,Q25 - Q50,CrunchMax BBQ; Fan Chips Jalapeño; Mundialitos Queso Picante,Barbacoa,Individual,Menos de Q10,No,Sí,México,Probablemente sí,Alemania,Jude Bellingham; Vinícius Júnior; Alphonso Davies,Una selección nacional,Tarjetas coleccionables,Sí,Edición Argentina
569,2026-02-01,14:47:08,35 - 44 años,Femenino,Guatemala,Villa Nueva,Profesional independiente,Varias veces al mes,Tienda de barrio,Amigos,Q51 - Q100,CrunchMax BBQ,Picante Chapín,Familiar,Q21 - Q30,Sí,Sí,Estados Unidos,Tal vez,Suecia,Kylian Mbappé,Un jugador famoso,Sorteo de balones,Sí,Edición Argentina
570,2026-03-20,11:06:11,35 - 44 años,Masculino,Guatemala,San Miguel Petapa,Ama de casa,Varias veces al mes,Tienda de barrio,Familia,Q25 - Q50,Victory Pretzels; Mundialitos Queso Picante,Queso,Tamaño fiesta o reunión,,No,Sí,México,Tal vez,Brasil,Cristiano Ronaldo; Lionel Messi; Kylian Mbappé,Premios y sorteos,2x1,Sí,Edición con tarjetas coleccionables
571,2026-01-30,22:40:33,25 - 34 años,Femenino,Guatemala,San Miguel Petapa,Estudiante,Varias veces al mes,Supermercado,Amigos,Más de Q150,Hot Stadium Peanuts,Barbacoa,Para compartir entre 2 personas,Más de Q30,Sí,Sí,Portugal,Tal vez,Francia,Alphonso Davies; Ninguno,Una selección nacional,Sorteo de camisetas,No,Edición Argentina
572,2026-03-10,08:51:12,18 - 24 años,Femenino,Chimaltenango,Tecpán Guatemala,Estudiante,Todos los días,Tienda de barrio,Compañeros de trabajo,Q25 - Q50,Caramel Goal Popcorn,Chocolate,Para compartir entre 2 personas,Q16 - Q20,Sí,Sí,Brasil,Probablemente sí,Francia,Lamine Yamal,Humor,2x1,No,Edición Mundial FIFA 2026
573,2026-03-15,22:48:19,18 - 24 años,Masculino,Escuintla,Palín,Otro,1 a 2 veces por semana,Supermercado,Familia,Menos de Q25,Fan Chips Jalapeño,Queso,Familiar,Q21 - Q30,Sí,Sí,Panamá,Definitivamente sí,España,Lionel Messi; Ninguno,Premios y sorteos,Descuento directo,No,Edición Argentina
574,2026-01-30,11:46:07,18 - 24 años,Femenino,Guatemala,Mixco,Empleado público,1 a 2 veces por semana,Kiosco escolar/universitario,Solo,Q51 - Q100,FutbolMix; Victory Pretzels,Queso,Familiar,Q10 - Q15,Sí,Sí,Colombia,Tal vez,Argentina,Neymar Jr.,Humor,Sorteo de camisetas,No,Edición con jugadores famosos
575,2026-05-01,22:56:45,18 - 24 años,Masculino,Izabal,Otro municipio,Empleado público,Todos los días,Tienda de barrio,Compañeros de trabajo,Q101 - Q150,Energy Crunch Protein; Victory Pretzels,Picante Chapín,Familiar,Q16 - Q20,Sí,Sí,Argentina,Definitivamente no,Alemania,Lionel Messi; Cristiano Ronaldo,Historias de aficionados,Producto gratis,Sí,Edición con tarjetas coleccionables
576,2026-04-07,17:23:52,18 - 24 años,Masculino,El Progreso,Cabecera municipal,Empleado privado,Rara vez,Tienda de barrio,Familia,Q25 - Q50,Caramel Goal Popcorn; Energy Crunch Protein,Barbacoa,Familiar,Menos de Q10,No,Sí,Arabia Saudita,Definitivamente no,Inglaterra,Neymar Jr.; Lionel Messi,Un jugador famoso,Tarjetas coleccionables,Sí,Edición Mundial FIFA 2026
577,2026-03-18,22:55:18,Menos de 18 años,Masculino,Guatemala,Mixco,Estudiante,3 a 5 veces por semana,Gasolinera,Amigos,Q25 - Q50,CrunchMax BBQ; Fan Chips Jalapeño; Energy Crunch Protein,Chocolate,Individual,Q16 - Q20,Sí,Sí, ESTADOS UNIDOS ,Probablemente sí,Brasil,Alphonso Davies,Premios y sorteos,2x1,Sí,Edición con jugadores famosos
578,2026-04-01,13:41:52,18 - 24 años,Prefiero no indicarlo,Jalapa,Cabecera municipal,Estudiante,1 a 2 veces por semana,Gasolinera,Compañeros de trabajo,Q25 - Q50,FutbolMix,Chocolate,Familiar,Q10 - Q15,Sí,Sí,Argentina,Tal vez,,Cristiano Ronaldo; Harry Kane,Un jugador famoso,Producto gratis,Sí,Edición Argentina
579,2026-04-27,22:25:44,25 - 34 años,Masculino,Guatemala,Guatemala,Estudiante,3 a 5 veces por semana,Tienda de barrio,Familia,Menos de Q25,Mundialitos Queso Picante; Energy Crunch Protein,Limón,Individual,Q16 - Q20,Sí,Sí,Argentina,Definitivamente sí,Estados Unidos,Kylian Mbappé,Humor,Tarjetas coleccionables,Sí,Edición España
580,2026-02-02,09:21:37,Menos de 18 años,Femenino,Guatemala,San Miguel Petapa,Estudiante,Todos los días,Supermercado,Familia,Menos de Q25,ChocoKick Bites; Hot Stadium Peanuts; FutbolMix,Limón,Para compartir entre 2 personas,Q16 - Q20,Sí,Sí,México,Definitivamente sí,Argentina,Rodri; Neymar Jr.; Jude Bellingham,Historias de aficionados,Descuento directo,No,Edición con tarjetas coleccionables
581,2026-01-28,12:34:27,18 - 24 años,Femenino,Guatemala,,Empresario,Todos los días,Tienda de barrio,Familia,Q51 - Q100,Gol Nachos Supreme; ChocoKick Bites,Salado Tradicional,Familiar,Q16 - Q20,Sí,Sí,Portugal,Probablemente sí,Francia,Vinícius Júnior,Una selección nacional,Descuento directo,No,Edición Brasil
582,2026-02-21,21:45:27,35 - 44 años,Masculino,Suchitepéquez,Suchitepéquez,Profesional independiente,3 a 5 veces por semana,Aplicación de delivery,Familia,Q25 - Q50,FutbolMix,Jalapeño,Tamaño fiesta o reunión,Q21 - Q30,No,Sí,Estados Unidos,Definitivamente sí,México,Kylian Mbappé; Cristiano Ronaldo; Neymar Jr.,Una selección nacional,Sorteo de camisetas,No,Edición con jugadores famosos
583,2026-03-10,21:30:57,25 - 34 años,Masculino,Guatemala,Mixco,Empleado privado,Rara vez,Gasolinera,Familia,Q25 - Q50,Caramel Goal Popcorn; Gol Nachos Supreme,Dulce,Para compartir entre 2 personas,Más de Q30,No,Sí,Escocia,Probablemente no,Argentina,Kylian Mbappé; Neymar Jr.,Una selección nacional,2x1,No,Edición Argentina
584,2026-01-24,12:15:58,55 años o más,Masculino,Chimaltenango,Patzún,Empleado privado,1 a 2 veces por semana,Tienda de barrio,Familia,Menos de Q25,ChocoKick Bites; Hot Stadium Peanuts; Gol Nachos Supreme,Barbacoa,Familiar,Menos de Q10,Sí,Sí,Inglaterra,Definitivamente sí,México,Lionel Messi,Una selección nacional,Descuento directo,Sí,Edición Mundial FIFA 2026
585,2026-02-05,22:11:01,25 - 34 años,Masculino,Sacatepéquez,Jocotenango,Profesional independiente,Varias veces al mes,Gasolinera,Amigos,Q101 - Q150,Gol Nachos Supreme,Queso,Tamaño fiesta o reunión,Q16 - Q20,Sí,Sí,Portugal,Definitivamente sí,Argentina,Neymar Jr.,Una selección nacional,Descuento directo,Sí,Edición Mundial FIFA 2026
586,2026-02-09,11:59:45,45 - 54 años,Masculino,Jutiapa,Jutiapa,Empleado privado,1 a 2 veces por semana,Gasolinera,Familia,Q25 - Q50,Fan Chips Jalapeño; CrunchMax BBQ,Queso,Familiar,Q16 - Q20,No,Sí,Portugal,Tal vez,Argentina,Alphonso Davies,Historias de aficionados,Descuento directo,No,Edición con jugadores famosos
587,2026-02-11,21:29:01,35 - 44 años,Femenino,Zacapa,Cabecera municipal,Comerciante,1 a 2 veces por semana,Tienda de barrio,Familia,Q51 - Q100,Mundialitos Queso Picante; CrunchMax BBQ,Picante Chapín,Para compartir entre 2 personas,Q16 - Q20,No,Sí,Inglaterra,Definitivamente sí,Inglaterra,Cristiano Ronaldo; Lionel Messi,Una selección nacional,2x1,No,Edición Argentina
588,2026-02-06,22:21:18,18 - 24 años,Masculino,Escuintla,Escuintla,Comerciante,1 a 2 veces por semana,Supermercado,Amigos,Q25 - Q50,Caramel Goal Popcorn,Picante Chapín,Individual,Q10 - Q15,Sí,Sí,México,Definitivamente no,Portugal,Lionel Messi,Premios y sorteos,Descuento directo,Sí,Edición España
589,2026-04-11,17:53:58,25 - 34 años,Femenino,Huehuetenango,Huehuetenango,Empleado privado,Varias veces al mes,Gasolinera,Amigos,Q25 - Q50,Hot Stadium Peanuts,Chocolate,Tamaño fiesta o reunión,Q16 - Q20,No,Sí,México,Tal vez,Estados Unidos,Alphonso Davies; Vinícius Júnior,Premios y sorteos,Sorteo de camisetas,No,Edición Mundial FIFA 2026
590,2026-02-04,10:49:40,18 - 24 años,Masculino,Quetzaltenango,Coatepeque,Ama de casa,Varias veces al mes,Gasolinera,Amigos,Más de Q150,CrunchMax BBQ; Caramel Goal Popcorn,Salado Tradicional,Individual,Q21 - Q30,Sí,Sí,Argentina,Definitivamente sí,Brasil,Harry Kane,Historias de aficionados,Sorteo de camisetas,Sí,Edición España
591,2026-03-25,14:55:48,25 - 34 años,Femenino,Guatemala,Santa Catarina Pinula,Jubilado,1 a 2 veces por semana,Kiosco escolar/universitario,Familia,Menos de Q25,Victory Pretzels; ChocoKick Bites, PICANTE CHAPÍN ,Individual,Q21 - Q30,Sí,Sí,Uruguay,Definitivamente sí,Francia,Lamine Yamal,Premios y sorteos,Sorteo de camisetas,Sí,Edición Argentina
592,2026-03-22,07:59:54,18 - 24 años,Masculino,Quetzaltenango,Olintepeque,Comerciante,Todos los días,Supermercado,Familia,Q51 - Q100,ChocoKick Bites,Queso,Familiar,Q16 - Q20,Sí,No,Argentina,Probablemente no,Brasil,Vinícius Júnior; Lamine Yamal; Harry Kane,Premios y sorteos,Sorteo de viajes,Sí,Edición España
593,2026-03-27,08:44:45,Menos de 18 años,Femenino,Guatemala,Mixco,Empleado privado,Rara vez,Tienda de barrio,Familia,Q51 - Q100,Gol Nachos Supreme; ChocoKick Bites; Caramel Goal Popcorn,Jalapeño,Para compartir entre 2 personas,Más de Q30,No,Sí,España,Probablemente sí,Portugal,Kylian Mbappé; Cristiano Ronaldo; Lionel Messi,Una selección nacional,2x1,Sí,Edición Inglaterra
594,2026-04-22,19:08:54,35 - 44 años,Masculino,Guatemala,Mixco,Empresario,Todos los días,Supermercado,Compañeros de trabajo,Q51 - Q100,FutbolMix; ChocoKick Bites,Barbacoa,Familiar,Q16 - Q20,Sí,Sí,México,Tal vez,Brasil,Cristiano Ronaldo,Una selección nacional,Tarjetas coleccionables,Sí,Edición Brasil
595,2026-01-25,19:27:05,45 - 54 años,Femenino,Guatemala,San Miguel Petapa,,1 a 2 veces por semana,Tienda de barrio,Familia,Q25 - Q50,Caramel Goal Popcorn; ChocoKick Bites; Hot Stadium Peanuts,Jalapeño,Familiar,Q16 - Q20,Sí,Sí,Inglaterra,Definitivamente sí,Argentina,Neymar Jr.; Lionel Messi; Julián Álvarez,Humor,2x1,Sí,Edición Brasil
596,2026-01-30,09:32:19,25 - 34 años,Masculino, QUETZALTENANGO ,Coatepeque,Estudiante,3 a 5 veces por semana,Aplicación de delivery,Amigos,Menos de Q25,Fan Chips Jalapeño; Mundialitos Queso Picante; FutbolMix,Queso,Para compartir entre 2 personas,Q10 - Q15,Sí,Sí,Colombia,Probablemente no,Brasil,Lionel Messi,Un jugador famoso,Tarjetas coleccionables,Sí,Edición España
597,2026-01-24,10:03:36,Menos de 18 años,Femenino,Chimaltenango,Chimaltenango,Comerciante,3 a 5 veces por semana,Gasolinera,Compañeros de trabajo,Q51 - Q100,FutbolMix,Picante Chapín,Para compartir entre 2 personas,Q10 - Q15,Sí,No,Estados Unidos,Tal vez,México,Cristiano Ronaldo; Vinícius Júnior; Kylian Mbappé,Una selección nacional,Descuento directo,Sí,Edición con tarjetas coleccionables
598,2026-01-18,15:11:43,Menos de 18 años,Masculino,Sacatepéquez,Antigua Guatemala,Empleado privado,3 a 5 veces por semana,Tienda de barrio,Familia,Q25 - Q50,FutbolMix; Mundialitos Queso Picante,Jalapeño,Familiar,Q16 - Q20,No,Sí,Argentina,Probablemente sí,Francia,Neymar Jr.; Cristiano Ronaldo; Jude Bellingham,Humor,2x1,Sí,Edición España
599,2026-02-16,10:35:22,25 - 34 años,Femenino,Guatemala,Villa Nueva,Empleado privado,3 a 5 veces por semana,Tienda de barrio,Amigos,Q25 - Q50,Gol Nachos Supreme; Mundialitos Queso Picante; Energy Crunch Protein,Salado Tradicional,Individual,Q10 - Q15,No,Sí,Portugal,Definitivamente no,Colombia,Vinícius Júnior; Jude Bellingham,Un jugador famoso,2x1,No,Edición Argentina
600,2026-02-15,15:39:28,45 - 54 años,Femenino,Guatemala,Santa Catarina Pinula,Ama de casa,1 a 2 veces por semana,Gasolinera,Solo,Más de Q150,Fan Chips Jalapeño; Gol Nachos Supreme; Caramel Goal Popcorn,Picante Chapín,Tamaño fiesta o reunión,Q21 - Q30,Sí,Sí,Francia,Probablemente sí,,Jude Bellingham; Neymar Jr.,Humor,Sorteo de viajes,Sí,Edición con jugadores famosos
601,2026-02-27,09:25:22,18 - 24 años,Masculino,Suchitepéquez,Otro municipio,Comerciante,3 a 5 veces por semana,Aplicación de delivery,Familia,Q51 - Q100,Victory Pretzels,Picante Chapín,Familiar,Q16 - Q20,Sí,Sí,Inglaterra,Probablemente sí,Brasil,Harry Kane; Cristiano Ronaldo; Lionel Messi,Humor,2x1,Sí,Edición Francia
602,2026-03-26,10:04:16,45 - 54 años,Masculino,Chimaltenango,Tecpán Guatemala,Empleado privado,1 a 2 veces por semana,Gasolinera,Solo,Q25 - Q50,Energy Crunch Protein,Jalapeño,Familiar,Q21 - Q30,No,Sí,Argentina,Definitivamente sí,Brasil,Cristiano Ronaldo; Neymar Jr.; Lionel Messi,Premios y sorteos,Tarjetas coleccionables,Sí,Edición Mundial FIFA 2026
603,2026-03-07,14:53:55,35 - 44 años,Femenino,Guatemala,San Miguel Petapa,Empresario,Varias veces al mes,Tienda de barrio,Familia,Menos de Q25,Caramel Goal Popcorn,Barbacoa,Familiar,Q16 - Q20,Sí,Sí,Portugal,Probablemente sí,Alemania,Lionel Messi; Jude Bellingham; Kylian Mbappé,Un jugador famoso,Descuento directo,No,Edición con jugadores famosos
604,2026-02-20,22:36:49,Menos de 18 años,Femenino,Chimaltenango,Patzún,Estudiante,3 a 5 veces por semana,Aplicación de delivery,Familia,Q51 - Q100,FutbolMix; Fan Chips Jalapeño; CrunchMax BBQ,Queso,Familiar,Q16 - Q20,Sí,Sí,Portugal,Probablemente sí,España,Vinícius Júnior,Una selección nacional,Descuento directo,Sí,Edición con tarjetas coleccionables
605,2026-03-01,11:23:35,25 - 34 años,Femenino,Chimaltenango,Tecpán Guatemala,Estudiante,3 a 5 veces por semana,Supermercado,Familia,Menos de Q25,CrunchMax BBQ; Caramel Goal Popcorn; FutbolMix,Barbacoa,Individual,Q16 - Q20,Sí,Sí,España,Definitivamente sí,Argentina,Neymar Jr.,Premios y sorteos,Producto gratis,No,Edición Brasil
606,2026-03-02,22:21:48,25 - 34 años,Femenino,Quetzaltenango,Coatepeque,Empleado privado,3 a 5 veces por semana,Supermercado,Compañeros de trabajo,Q51 - Q100,Hot Stadium Peanuts; FutbolMix,Jalapeño,Tamaño fiesta o reunión,Q16 - Q20,Sí,Sí,Portugal,Probablemente sí,Francia,Jude Bellingham,Una selección nacional,Sorteo de balones,Sí,Edición Mundial FIFA 2026
607,2026-03-08,08:30:20,Menos de 18 años,Masculino,Huehuetenango,Huehuetenango,Empleado privado,1 a 2 veces por semana,Tienda de barrio,Familia,Q51 - Q100,Fan Chips Jalapeño; Mundialitos Queso Picante,Queso,Para compartir entre 2 personas,Q16 - Q20,Sí,Sí,Estados Unidos,Tal vez,Brasil,Christian Pulisic; Lionel Messi; Harry Kane,Un jugador famoso,Descuento directo,Sí,Edición Francia
608,2026-05-05,11:33:44,25 - 34 años,Masculino,Guatemala,Mixco,Ama de casa,Todos los días,Gasolinera,Familia,Q25 - Q50,CrunchMax BBQ; Mundialitos Queso Picante; Fan Chips Jalapeño,Caramelo,Familiar,Q10 - Q15,Sí,No,Brasil,Probablemente sí,Argentina,Christian Pulisic,Una selección nacional,Descuento directo,Sí,Edición Inglaterra
609,2026-01-22,17:55:43,18 - 24 años,Femenino,Quetzaltenango,Olintepeque,Empleado privado,1 a 2 veces por semana,Tienda de barrio,Amigos,Q51 - Q100,Caramel Goal Popcorn,Barbacoa,Tamaño fiesta o reunión,Q21 - Q30,No,Sí,Argentina,Probablemente no,México,Lionel Messi; Julián Álvarez; Neymar Jr.,Una selección nacional,Sorteo de camisetas,Sí,Edición con jugadores famosos
1416,2026-04-28,12:47:56,45 - 54 años,Masculino,Huehuetenango,Otro municipio,Empleado privado,3 a 5 veces por semana,Supermercado,Compañeros de trabajo,Q25 - Q50,FutbolMix; Mundialitos Queso Picante; Victory Pretzels,Dulce,Tamaño fiesta o reunión,Q21 - Q30,Sí,Sí,México,Definitivamente sí,Argentina,Federico Valverde,Un jugador famoso,Producto gratis,No,Edición con tarjetas coleccionables
611,2026-04-17,07:45:49,45 - 54 años,Femenino,Jalapa,Otro municipio,Profesional independiente,Varias veces al mes,Gasolinera,Familia,Q51 - Q100,Fan Chips Jalapeño,Chocolate,Familiar,Q16 - Q20,No,Sí,Arabia Saudita,Tal vez,Argentina,Cristiano Ronaldo,Una selección nacional,Descuento directo,Sí,Edición Brasil
612,2026-03-15,09:13:15,35 - 44 años,Femenino,Guatemala,Villa Nueva,Profesional independiente,1 a 2 veces por semana,Aplicación de delivery,Familia,Q51 - Q100,Hot Stadium Peanuts,Limón,Tamaño fiesta o reunión,Q16 - Q20,No,Sí,Brasil,Definitivamente sí,México,Cristiano Ronaldo,Un jugador famoso,Sorteo de camisetas,Sí,Edición Brasil
613,2026-03-12,13:32:07,25 - 34 años,Masculino,Escuintla,Palín,Comerciante,1 a 2 veces por semana,Tienda de barrio,Amigos,Q51 - Q100,Energy Crunch Protein; Gol Nachos Supreme; Hot Stadium Peanuts,Chocolate,Individual,Q21 - Q30,No,No,Estados Unidos,Tal vez,Brasil,Vinícius Júnior; Cristiano Ronaldo; Lionel Messi,Premios y sorteos,Descuento directo,No,Edición con jugadores famosos
614,2026-01-14,07:26:44,45 - 54 años,Femenino,Guatemala, SANTA CATARINA PINULA ,Ama de casa,1 a 2 veces por semana,Supermercado,Familia,Q25 - Q50,ChocoKick Bites; Caramel Goal Popcorn; CrunchMax BBQ,Jalapeño,Familiar,Q21 - Q30,Sí,Sí,Brasil,Definitivamente sí,México,Cristiano Ronaldo,Una selección nacional,Sorteo de viajes,Sí,Edición Inglaterra
615,2026-04-24,22:49:38,18 - 24 años,Masculino,Guatemala,Villa Nueva,Jubilado,1 a 2 veces por semana,Kiosco escolar/universitario,Familia,Q25 - Q50,CrunchMax BBQ; Victory Pretzels,Salado Tradicional,Familiar,Q10 - Q15,Sí,Sí,Brasil,Tal vez,Argentina,Lionel Messi; Vinícius Júnior,Una selección nacional,Descuento directo,No,Edición Inglaterra
1472,2026-04-15,16:49:55,45 - 54 años,Femenino,Chimaltenango,Chimaltenango,Empleado público,Todos los días,Supermercado,Familia,Menos de Q25,Mundialitos Queso Picante; Caramel Goal Popcorn,Picante Chapín,Individual,Q10 - Q15,Sí,Sí,Francia,Probablemente sí,Portugal,Neymar Jr.; Cristiano Ronaldo,Una selección nacional,Producto gratis,No,Edición con jugadores famosos
617,2026-05-06,11:53:11,35 - 44 años,Femenino,Jutiapa,Otro municipio,Empleado privado,1 a 2 veces por semana,Tienda de barrio,Familia,Q51 - Q100,Mundialitos Queso Picante; CrunchMax BBQ,Limón,Para compartir entre 2 personas,Q16 - Q20,Sí,Sí, BRASIL ,Tal vez,México,Neymar Jr.,Premios y sorteos,Sorteo de viajes,Sí,Edición Inglaterra
618,2026-02-28,16:39:19,18 - 24 años,Femenino,Sololá,Sololá,Empleado privado,Varias veces al mes,Gasolinera,Amigos,Menos de Q25,CrunchMax BBQ; Fan Chips Jalapeño; Mundialitos Queso Picante,Limón,Tamaño fiesta o reunión,Q16 - Q20,No,Sí, PORTUGAL ,Definitivamente sí,Brasil,Kylian Mbappé,Historias de aficionados,Descuento directo,No,Edición España
619,2026-02-06,16:59:44,35 - 44 años,Masculino,Sacatepéquez,Jocotenango,Empleado privado,1 a 2 veces por semana,Gasolinera,Amigos,Q25 - Q50,Fan Chips Jalapeño; CrunchMax BBQ,Dulce,Familiar,Q10 - Q15,No,No,España,Definitivamente sí,Argentina,Neymar Jr.; Lionel Messi; Vinícius Júnior,Un jugador famoso,Producto gratis,No,Edición con tarjetas coleccionables
620,2026-03-30,11:01:38,25 - 34 años,Masculino,San Marcos,Cabecera municipal,Jubilado,Rara vez,Tienda de barrio,Amigos,Q51 - Q100,Hot Stadium Peanuts,Chocolate,Familiar,Q10 - Q15,Sí,Sí,Argentina,Definitivamente sí,Argentina,Alphonso Davies; Kylian Mbappé; Vinícius Júnior,Historias de aficionados,Sorteo de camisetas,No,Edición Francia
621,2026-02-15,20:45:06,Menos de 18 años,Femenino,Escuintla,Escuintla,Estudiante,1 a 2 veces por semana,Gasolinera,Compañeros de trabajo,Q25 - Q50,Mundialitos Queso Picante,Picante Chapín,Para compartir entre 2 personas,Más de Q30,Sí,Sí,Arabia Saudita,Definitivamente no,Alemania,Jude Bellingham; Julián Álvarez; Kylian Mbappé,Una selección nacional,Descuento directo,No,Edición con tarjetas coleccionables
622,2026-03-17,09:20:00,35 - 44 años,Femenino, GUATEMALA ,Villa Nueva,Empleado privado,3 a 5 veces por semana,Tienda de barrio,Compañeros de trabajo,Q51 - Q100,FutbolMix,Dulce,Familiar,Q16 - Q20,Sí,No,Brasil,Definitivamente sí,España,Neymar Jr.,Historias de aficionados,2x1,No,Edición Francia
623,2026-01-12,20:29:24,18 - 24 años,Masculino,Guatemala,Villa Nueva,Empleado privado,Varias veces al mes,Tienda de barrio,Familia,Menos de Q25,Energy Crunch Protein; CrunchMax BBQ; Fan Chips Jalapeño,Queso,Familiar,Q16 - Q20,Sí,Sí,Brasil,Tal vez,Portugal,Federico Valverde; Lionel Messi; Rodri,Un jugador famoso,Descuento directo,Sí,Edición España
624,2026-04-12,20:28:17,Menos de 18 años,Masculino,Petén,Poptún,Estudiante,Varias veces al mes,Tienda de barrio,Familia,Q51 - Q100,Gol Nachos Supreme; Caramel Goal Popcorn,Queso,Tamaño fiesta o reunión,Q21 - Q30,No,Sí,Inglaterra,Definitivamente sí,Estados Unidos,Jude Bellingham; Vinícius Júnior,Una selección nacional,Sorteo de viajes,Sí,Edición con jugadores famosos
625,2026-01-11,18:53:52,18 - 24 años,Femenino,Izabal,Otro municipio,Estudiante,Todos los días,Tienda de barrio,Amigos,Q25 - Q50,Gol Nachos Supreme; Mundialitos Queso Picante; FutbolMix,Salado Tradicional,Familiar,Q10 - Q15,Sí,Sí,Portugal,Probablemente sí,Inglaterra,Ninguno; Christian Pulisic; Jude Bellingham,Humor,Producto gratis,Sí,Edición con jugadores famosos
626,2026-04-27,22:25:04,18 - 24 años,Masculino,Guatemala,Mixco,Empleado privado,3 a 5 veces por semana,Gasolinera,Compañeros de trabajo,Q25 - Q50,Gol Nachos Supreme; Victory Pretzels; Caramel Goal Popcorn,Jalapeño,Tamaño fiesta o reunión,Q16 - Q20,Sí,Sí,Francia,Probablemente sí,Portugal,Cristiano Ronaldo; Julián Álvarez,Una selección nacional,2x1,Sí,Edición con tarjetas coleccionables
627,2026-03-05,20:18:25,25 - 34 años,Masculino,Guatemala,Mixco,Estudiante,3 a 5 veces por semana,Tienda de barrio,Amigos,Q51 - Q100,Fan Chips Jalapeño,Picante Chapín,Individual,Q10 - Q15,No,Sí,Estados Unidos,Tal vez,Uruguay,Lionel Messi; Neymar Jr.,Historias de aficionados,Sorteo de viajes,No,Edición Inglaterra
628,2026-05-08,08:23:38,25 - 34 años,Masculino,Guatemala,Mixco,Empleado privado,3 a 5 veces por semana,Tienda de barrio,Familia,Menos de Q25,Mundialitos Queso Picante,Picante Chapín,Tamaño fiesta o reunión,Q10 - Q15,No,Sí,Brasil,Tal vez,España,Christian Pulisic; Federico Valverde,Un jugador famoso,Descuento directo,Sí,Edición Mundial FIFA 2026
629,2026-02-02,12:03:03,18 - 24 años,Masculino,Izabal,Cabecera municipal,Empleado privado,Todos los días,Tienda de barrio,Familia,Q51 - Q100,Caramel Goal Popcorn,Queso,Para compartir entre 2 personas,Q21 - Q30,No,No,Argentina,Probablemente sí,Argentina,Lamine Yamal; Harry Kane,Una selección nacional,Tarjetas coleccionables,Sí,Edición Mundial FIFA 2026
630,2026-04-24,18:20:03,55 años o más,Masculino,Baja Verapaz,Baja Verapaz,Comerciante,Rara vez,Supermercado,Amigos,Q51 - Q100,FutbolMix; CrunchMax BBQ; Energy Crunch Protein,Jalapeño,Para compartir entre 2 personas,Q10 - Q15,No,Sí,Colombia,Probablemente no,Brasil,Christian Pulisic; Neymar Jr.; Alphonso Davies,Un jugador famoso,Descuento directo,Sí,Edición con jugadores famosos
631,2026-02-05,10:34:02,18 - 24 años,Masculino,Guatemala,Guatemala,Profesional independiente,Rara vez,Gasolinera,Solo,Q25 - Q50,Energy Crunch Protein; ChocoKick Bites; Gol Nachos Supreme,Queso,Para compartir entre 2 personas,Q10 - Q15,No,Sí,México,Definitivamente sí,Francia,Rodri; Alphonso Davies; Julián Álvarez,Un jugador famoso,Sorteo de camisetas,Sí,Edición con jugadores famosos
632,2026-04-10,10:09:37,25 - 34 años,Femenino, GUATEMALA ,Mixco,Empleado privado,Todos los días,Aplicación de delivery,Compañeros de trabajo,Q25 - Q50,ChocoKick Bites,Salado Tradicional,Familiar,Q16 - Q20,Sí,No,México,Probablemente no,Argentina,Christian Pulisic; Ninguno,Historias de aficionados,Producto gratis,Sí,Edición con jugadores famosos
633,2026-04-11,18:02:16,45 - 54 años,Masculino,Sacatepéquez,Jocotenango,Ama de casa,Todos los días,Aplicación de delivery,Familia,Menos de Q25,CrunchMax BBQ,Picante Chapín,Familiar,Más de Q30,No,Sí,Brasil,Probablemente no,Uruguay,Lionel Messi,Un jugador famoso,Tarjetas coleccionables,Sí,Edición Argentina
634,2026-02-23,16:27:04,35 - 44 años,Masculino,Chimaltenango,Chimaltenango,Empleado privado,3 a 5 veces por semana,Kiosco escolar/universitario,Amigos,Q25 - Q50,Mundialitos Queso Picante; Hot Stadium Peanuts; Fan Chips Jalapeño,Limón,Familiar,Q10 - Q15,No,Sí,Argelia,Probablemente sí, MÉXICO ,Lamine Yamal; Ninguno,Una selección nacional,Descuento directo,No,Edición Mundial FIFA 2026
635,2026-04-27,20:03:20,35 - 44 años,Masculino,Guatemala,Villa Nueva,Empleado público,Varias veces al mes,Kiosco escolar/universitario,Amigos,Q51 - Q100,Mundialitos Queso Picante; Caramel Goal Popcorn; Hot Stadium Peanuts,Dulce,Individual,Q16 - Q20,Sí,Sí,España,Probablemente sí,Argentina,Lionel Messi,Un jugador famoso,Descuento directo,Sí,Edición Mundial FIFA 2026
636,2026-02-01,18:14:00,55 años o más,Masculino,Jutiapa,Jutiapa,Estudiante,Todos los días,Tienda de barrio,Familia,Q25 - Q50,CrunchMax BBQ,Caramelo,Para compartir entre 2 personas,Q10 - Q15,Sí,Sí,España,Probablemente no,Argentina,Lionel Messi,Una selección nacional,2x1,Sí,Edición Brasil
637,2026-04-13,10:04:16,18 - 24 años,Femenino,Escuintla,Santa Lucía Cotzumalguapa,Empleado privado,Todos los días,Tienda de barrio,Familia,Q51 - Q100,Gol Nachos Supreme; Mundialitos Queso Picante; FutbolMix,Chocolate,Tamaño fiesta o reunión,Q16 - Q20,Sí,Sí,Brasil,Definitivamente no,Francia,Federico Valverde,Un jugador famoso,Sorteo de balones,Sí,Edición con tarjetas coleccionables
638,2026-03-02,11:12:39,18 - 24 años,Masculino,Sacatepéquez,Antigua Guatemala,Empleado privado,3 a 5 veces por semana,Tienda de barrio,Familia,Q101 - Q150,CrunchMax BBQ; Gol Nachos Supreme,Picante Chapín,Familiar,Q16 - Q20,Sí,Sí,Portugal,Definitivamente no,Portugal,Cristiano Ronaldo; Neymar Jr.; Kylian Mbappé,Una selección nacional,Producto gratis,Sí,Edición Mundial FIFA 2026
639,2026-01-24,07:35:19,25 - 34 años,Femenino,Guatemala,Villa Nueva,Estudiante,3 a 5 veces por semana,Aplicación de delivery,Familia,Q101 - Q150,CrunchMax BBQ; Victory Pretzels; Caramel Goal Popcorn,Barbacoa,Familiar,Q10 - Q15,Sí,Sí,Brasil,Tal vez,México,Lionel Messi; Cristiano Ronaldo,Un jugador famoso,Tarjetas coleccionables,No,Edición con tarjetas coleccionables
640,2026-05-09,08:31:02,45 - 54 años,Femenino,El Progreso,Otro municipio,Estudiante,Varias veces al mes,Aplicación de delivery,Familia,Q101 - Q150,Mundialitos Queso Picante,Chocolate,Para compartir entre 2 personas,Q16 - Q20,No,Sí,Curaçao,Probablemente no,Brasil,Kylian Mbappé; Vinícius Júnior,Un jugador famoso,2x1,No,Edición Argentina
641,2026-04-04,16:35:46,18 - 24 años,Masculino,Jutiapa,Cabecera municipal,Estudiante,Varias veces al mes,Tienda de barrio,Amigos,Q25 - Q50,Fan Chips Jalapeño; Gol Nachos Supreme; Mundialitos Queso Picante,Queso,Para compartir entre 2 personas,Q16 - Q20,Sí,Sí,Brasil,Definitivamente sí,Inglaterra,Vinícius Júnior; Cristiano Ronaldo; Julián Álvarez,Premios y sorteos,Descuento directo,Sí,Edición con jugadores famosos
642,2026-04-01,17:00:38,Menos de 18 años,Femenino,San Marcos,San Marcos,Empleado público,Varias veces al mes,Tienda de barrio,Amigos,Q51 - Q100,Energy Crunch Protein; Hot Stadium Peanuts,Limón,Familiar,Menos de Q10,No,Sí,Francia,Probablemente no,Senegal,Lamine Yamal; Neymar Jr.,Un jugador famoso,Sorteo de viajes,Sí,Edición Argentina
643,2026-04-22,20:14:17,55 años o más,Femenino,Baja Verapaz,Cabecera municipal,Ama de casa,1 a 2 veces por semana,Tienda de barrio,Familia,Q25 - Q50,Caramel Goal Popcorn,Limón,Tamaño fiesta o reunión,Q10 - Q15,No,No,Portugal,Definitivamente sí,Inglaterra,Lionel Messi; Cristiano Ronaldo,Premios y sorteos,Sorteo de camisetas,Sí,Edición Brasil
644,2026-01-15,07:53:27,25 - 34 años,Masculino,Guatemala,Mixco,Empleado privado,1 a 2 veces por semana,Supermercado,Familia,Q51 - Q100,Fan Chips Jalapeño; ChocoKick Bites,Barbacoa,Individual,Menos de Q10,Sí,Sí,Francia,Probablemente sí,Brasil,Cristiano Ronaldo,Historias de aficionados,2x1,Sí,Edición Argentina
645,2026-04-12,16:14:43,18 - 24 años,Masculino,Quetzaltenango,Olintepeque,Otro,Varias veces al mes,Supermercado,Familia,Q51 - Q100,FutbolMix,Limón,Individual,Q16 - Q20,Sí,Sí,Francia,Definitivamente sí,Panamá,Lamine Yamal,Un jugador famoso,Tarjetas coleccionables,Sí,Edición con jugadores famosos
646,2026-03-25,13:30:28,18 - 24 años,Femenino,Quetzaltenango,Coatepeque,Estudiante,Varias veces al mes,Supermercado,Familia,Menos de Q25,Hot Stadium Peanuts; Caramel Goal Popcorn,Picante Chapín,Familiar,Q10 - Q15,Sí,Sí,España,Definitivamente no,Portugal,Lionel Messi,Humor,Descuento directo,Sí,Edición España
647,2026-02-10,22:35:56,25 - 34 años,Femenino,Escuintla,Escuintla,Comerciante,3 a 5 veces por semana,Gasolinera,Familia,Q101 - Q150,Fan Chips Jalapeño; FutbolMix,Picante Chapín,Tamaño fiesta o reunión,Q16 - Q20,Sí,Sí,Portugal,Definitivamente sí,Portugal,Christian Pulisic,Un jugador famoso,Sorteo de balones,Sí,Edición con tarjetas coleccionables
648,2026-04-15,13:49:57,Menos de 18 años,Femenino,Guatemala,Santa Catarina Pinula,Empleado privado,Todos los días,Gasolinera,Amigos,Q51 - Q100,Caramel Goal Popcorn,Barbacoa,Tamaño fiesta o reunión,Q16 - Q20,No,Sí,Alemania,Definitivamente no,España,Kylian Mbappé; Vinícius Júnior,Historias de aficionados,Tarjetas coleccionables,No,Edición Francia
649,2026-04-12,11:38:29,55 años o más,Femenino,Guatemala,Villa Nueva,Estudiante,Rara vez,Supermercado,Familia,Q51 - Q100,Gol Nachos Supreme; CrunchMax BBQ; Mundialitos Queso Picante,Picante Chapín,Tamaño fiesta o reunión,Q16 - Q20,Sí,Sí,Alemania,Tal vez,Brasil,Lionel Messi; Alphonso Davies,Historias de aficionados,2x1,Sí,Edición Brasil
650,2026-03-20,11:03:16,18 - 24 años,Masculino,Suchitepéquez,Otro municipio,Comerciante,1 a 2 veces por semana,Supermercado,Otro,Más de Q150,Mundialitos Queso Picante,Chocolate,Familiar,Q21 - Q30,No,Sí,Portugal,Tal vez,México,Lionel Messi; Kylian Mbappé; Jude Bellingham,Un jugador famoso,2x1,Sí,Edición con jugadores famosos
651,2026-01-30,17:41:50,25 - 34 años,Femenino,Guatemala,Villa Nueva,Ama de casa,3 a 5 veces por semana,Tienda de barrio,Amigos,Q101 - Q150,FutbolMix,Barbacoa,Tamaño fiesta o reunión,Q16 - Q20,No,Sí,Argentina,Tal vez,México,Kylian Mbappé; Cristiano Ronaldo,Un jugador famoso,Sorteo de camisetas,Sí,Edición Argentina
652,2026-01-25,13:00:51,35 - 44 años,Femenino,Chimaltenango,Tecpán Guatemala,Empresario,Rara vez,Gasolinera,Solo,Q25 - Q50,FutbolMix; ChocoKick Bites; Gol Nachos Supreme,Picante Chapín,Familiar,Q10 - Q15,Sí,No,Ghana,Definitivamente no,Argentina,Ninguno; Federico Valverde; Neymar Jr.,Un jugador famoso,Descuento directo,No,Edición con tarjetas coleccionables
653,2026-01-29,09:46:17,55 años o más,Femenino,Alta Verapaz,Otro municipio,Comerciante,Todos los días,Tienda de barrio,Amigos,Q101 - Q150,Fan Chips Jalapeño, LIMÓN ,Individual,Q10 - Q15,Sí,Sí,Brasil,Tal vez,México,Harry Kane; Federico Valverde; Kylian Mbappé,Una selección nacional,2x1,Sí,Edición Brasil
654,2026-04-30,11:44:54,35 - 44 años,Masculino,Chimaltenango,Tecpán Guatemala,Profesional independiente,1 a 2 veces por semana,Supermercado,Amigos,Q51 - Q100,ChocoKick Bites; Gol Nachos Supreme,Barbacoa,Para compartir entre 2 personas,Q16 - Q20,No,No,España,Definitivamente sí,Argentina,Harry Kane; Cristiano Ronaldo,Un jugador famoso,Tarjetas coleccionables,Sí,Edición España
655,2026-04-14,12:56:32,45 - 54 años,Femenino,Guatemala,,Comerciante,1 a 2 veces por semana,Supermercado,Familia,Menos de Q25,Hot Stadium Peanuts; ChocoKick Bites,Jalapeño,Familiar,Q10 - Q15,No,Sí,Inglaterra,Definitivamente sí,Corea del Sur,Julián Álvarez; Neymar Jr.,Una selección nacional,Tarjetas coleccionables,Sí,Edición Argentina
656,2026-04-13,21:14:26,Menos de 18 años,Masculino,Xela,Olintepeque,Estudiante,Todos los días,Supermercado,Familia,Q51 - Q100,CrunchMax BBQ; Hot Stadium Peanuts; ChocoKick Bites,Chocolate,Individual,Q16 - Q20,Sí,Sí,México,Probablemente sí,Portugal,Lionel Messi,Una selección nacional,Sorteo de camisetas,Sí,Edición Argentina
657,2026-03-21,20:19:15,25 - 34 años,Masculino,Guatemala,Santa Catarina Pinula,Estudiante,1 a 2 veces por semana,Gasolinera,Familia,Q25 - Q50,CrunchMax BBQ; ChocoKick Bites,Picante Chapín,Para compartir entre 2 personas,Q16 - Q20,No,Sí,Uzbekistán,Definitivamente sí,Portugal,Kylian Mbappé; Lionel Messi; Lamine Yamal,Historias de aficionados,2x1,Sí,Edición con tarjetas coleccionables
658,2026-02-16,19:26:37,45 - 54 años,Masculino,Chimaltenango,Tecpán Guatemala,Ama de casa,3 a 5 veces por semana,Aplicación de delivery,Familia,Q51 - Q100,FutbolMix; CrunchMax BBQ; Hot Stadium Peanuts,Barbacoa,Para compartir entre 2 personas,Q16 - Q20,No,Sí,España,Tal vez,Portugal,Lionel Messi,Premios y sorteos,Sorteo de balones,No,Edición Francia
659,2026-04-08,14:06:44,25 - 34 años,Femenino,Quiché,,Comerciante,Todos los días,Tienda de barrio,Familia,Menos de Q25,Victory Pretzels,Barbacoa,Tamaño fiesta o reunión,Q10 - Q15,Sí,Sí,Portugal,Definitivamente sí,,Kylian Mbappé; Julián Álvarez,Un jugador famoso,Producto gratis,Sí,Edición Mundial FIFA 2026
660,2026-01-12,18:28:45,35 - 44 años,Femenino,Guatemala,Guatemala,Estudiante,1 a 2 veces por semana,Supermercado,Familia,Más de Q150,ChocoKick Bites; Gol Nachos Supreme; FutbolMix,Queso,Individual,Más de Q30,No,Sí,Francia,Definitivamente sí,Argentina,Rodri; Cristiano Ronaldo,Humor,Tarjetas coleccionables,No,Edición con jugadores famosos
661,2026-03-01,14:13:26,45 - 54 años,Femenino,Zacapa,Cabecera municipal,Empleado privado,3 a 5 veces por semana,Supermercado,Familia,Q51 - Q100,Caramel Goal Popcorn; Fan Chips Jalapeño, LIMÓN ,Familiar,Menos de Q10,Sí,Sí,México,Definitivamente no,Argentina,Kylian Mbappé; Vinícius Júnior; Cristiano Ronaldo,Historias de aficionados,Descuento directo,No,Edición Mundial FIFA 2026
662,2026-03-04,21:35:11,25 - 34 años,Masculino,Guatemala,San Miguel Petapa,Estudiante,Rara vez,Tienda de barrio,Amigos,Más de Q150,Fan Chips Jalapeño; Hot Stadium Peanuts; CrunchMax BBQ,Jalapeño,Familiar,Q21 - Q30,Sí,Sí,Inglaterra,Probablemente no,Inglaterra,Jude Bellingham,Premios y sorteos,Descuento directo,No,Edición Mundial FIFA 2026
663,2026-02-13,10:58:19,25 - 34 años,Masculino,Chimaltenango,Chimaltenango,Estudiante,Varias veces al mes,Tienda de barrio,Amigos,Q51 - Q100,Gol Nachos Supreme,Picante Chapín,Para compartir entre 2 personas,Q21 - Q30,Sí,Sí,Uruguay,Definitivamente sí,Uruguay,Neymar Jr.,Un jugador famoso,2x1,No,Edición con jugadores famosos
664,2026-04-27,09:39:42,35 - 44 años,Masculino,Sacatepéquez,Antigua Guatemala,Jubilado,Varias veces al mes,Supermercado,Amigos,Q25 - Q50,FutbolMix; Mundialitos Queso Picante; Fan Chips Jalapeño,,Familiar,Menos de Q10,Sí,Sí,Colombia,Probablemente sí,Portugal,Alphonso Davies; Neymar Jr.; Julián Álvarez,Premios y sorteos,Tarjetas coleccionables,Sí,Edición Brasil
665,2026-03-28,20:40:00,25 - 34 años,Masculino,Chimaltenango,Tecpán Guatemala,Empresario,Todos los días,Gasolinera,Familia,Q25 - Q50,Gol Nachos Supreme; ChocoKick Bites,Barbacoa,Individual,Q10 - Q15,Sí,Sí,Brasil,Tal vez,Francia,Cristiano Ronaldo; Jude Bellingham,Un jugador famoso,Descuento directo,Sí,Edición con jugadores famosos
666,2026-03-26,22:53:01,Menos de 18 años,Femenino,Guatemala,Mixco,Comerciante,Todos los días,Supermercado,Solo,Q25 - Q50,FutbolMix; Gol Nachos Supreme,Chocolate,Individual,Q21 - Q30,Sí,Sí,Portugal,Probablemente no,Brasil,Lionel Messi,Premios y sorteos,Sorteo de balones,Sí,Edición Francia
667,2026-01-10,13:48:40,35 - 44 años,Femenino,Chimaltenango, PATZÚN ,Empleado privado,Todos los días,Supermercado,Familia,Q101 - Q150,Hot Stadium Peanuts; Mundialitos Queso Picante; CrunchMax BBQ,Jalapeño,Familiar,Q21 - Q30,Sí,Sí,Curaçao,Definitivamente sí,Portugal,Ninguno,Historias de aficionados,Producto gratis,No,Edición Brasil
668,2026-03-27,17:01:02,35 - 44 años,Masculino,Baja Verapaz,Baja Verapaz,Empleado privado,3 a 5 veces por semana,Kiosco escolar/universitario,Compañeros de trabajo,Q51 - Q100,ChocoKick Bites,Barbacoa,Para compartir entre 2 personas,Q21 - Q30,Sí,Sí,España,Probablemente sí,España,Federico Valverde; Cristiano Ronaldo,Premios y sorteos,Descuento directo,Sí,Edición con tarjetas coleccionables
669,2026-04-11,09:23:49,35 - 44 años,Prefiero no indicarlo,Guatemala,San Miguel Petapa,Empresario,1 a 2 veces por semana,Supermercado,Amigos,Q101 - Q150,Energy Crunch Protein; ChocoKick Bites,Barbacoa,Familiar,Q16 - Q20,Sí,Sí,Argentina,Probablemente sí,Brasil,Kylian Mbappé; Julián Álvarez,Una selección nacional,Sorteo de viajes,No,Edición Argentina
670,2026-01-23,14:02:40,18 - 24 años,Masculino,Guatemala,Guatemala,Estudiante,1 a 2 veces por semana,Gasolinera,Otro,Q25 - Q50,FutbolMix; Mundialitos Queso Picante; Victory Pretzels,Caramelo,Individual,Q16 - Q20,Sí,Sí,México,Probablemente sí,Portugal,Lamine Yamal,Una selección nacional,Sorteo de balones,Sí,Edición con jugadores famosos
671,2026-03-10,21:28:05,18 - 24 años,Masculino, CHIMALTENANGO ,Patzún,Empleado público,Todos los días,Gasolinera,Solo,Q51 - Q100,FutbolMix,Queso,Para compartir entre 2 personas,Q21 - Q30,Sí,Sí,Brasil,Tal vez,México,Rodri; Federico Valverde; Neymar Jr.,Premios y sorteos,Descuento directo,Sí,Edición Brasil
672,2026-03-01,17:47:44,25 - 34 años,Femenino,Alta Verapaz,Alta Verapaz,Empleado privado,Todos los días,Kiosco escolar/universitario,Amigos,Q51 - Q100,CrunchMax BBQ; Caramel Goal Popcorn; Hot Stadium Peanuts,Dulce,Familiar,Q10 - Q15,No,Sí,Argentina,Definitivamente sí, ARGENTINA ,Rodri; Jude Bellingham,Historias de aficionados,Producto gratis,Sí,Edición Argentina
673,2026-01-14,14:31:05,35 - 44 años,Masculino,Guatemala,Santa Catarina Pinula,Empleado privado,Varias veces al mes,Gasolinera,Compañeros de trabajo,Q25 - Q50,Fan Chips Jalapeño,Barbacoa,Tamaño fiesta o reunión,Menos de Q10,Sí,Sí,Francia,Tal vez,Portugal,Neymar Jr.,Un jugador famoso,Producto gratis,Sí,Edición con tarjetas coleccionables
674,2026-02-09,18:11:30,25 - 34 años,Masculino,El Progreso,El Progreso,Otro,1 a 2 veces por semana,Tienda de barrio,Familia,Menos de Q25,Gol Nachos Supreme; Hot Stadium Peanuts,Picante Chapín,Individual,Q10 - Q15,No,No,Alemania,Tal vez,Argentina,Ninguno,Premios y sorteos,Tarjetas coleccionables,No,Edición Inglaterra
675,2026-03-28,22:21:52,25 - 34 años,Femenino,Escuintla,Palín,Estudiante,3 a 5 veces por semana,Tienda de barrio,Otro,Q101 - Q150,FutbolMix,Limón,Para compartir entre 2 personas,Más de Q30,Sí,Sí,Argentina,Definitivamente sí,Brasil,Lamine Yamal; Lionel Messi; Cristiano Ronaldo,Un jugador famoso,Descuento directo,Sí,Edición con jugadores famosos
676,2026-04-21,22:31:16,45 - 54 años,Masculino,Retalhuleu,Retalhuleu,Empleado privado,3 a 5 veces por semana,Tienda de barrio,Familia,Menos de Q25,Fan Chips Jalapeño; Caramel Goal Popcorn,Barbacoa,Familiar,Q10 - Q15,No,Sí,España,Probablemente sí,Argentina,Lionel Messi; Cristiano Ronaldo,Un jugador famoso,Tarjetas coleccionables,Sí,Edición Argentina
677,2026-02-05,08:52:34,55 años o más,Femenino,Suchitepéquez,Cabecera municipal,Empleado privado,Varias veces al mes,Supermercado,Solo,Q25 - Q50,Caramel Goal Popcorn,Barbacoa,Tamaño fiesta o reunión,Q10 - Q15,Sí,Sí,Argentina,Tal vez,México,Cristiano Ronaldo; Jude Bellingham,Humor,2x1,Sí,Edición España
678,2026-01-29,10:48:22,45 - 54 años,Femenino,Guatemala,Santa Catarina Pinula,Ama de casa,3 a 5 veces por semana,Supermercado,Familia,Q25 - Q50,Fan Chips Jalapeño; Mundialitos Queso Picante,Queso,Tamaño fiesta o reunión,Q16 - Q20,Sí,Sí,Inglaterra,Probablemente no,Argentina,Christian Pulisic,Historias de aficionados,2x1,Sí,Edición Argentina
679,2026-04-04,22:43:33,Menos de 18 años,Masculino,Sacatepéquez,Ciudad Vieja,,1 a 2 veces por semana,Kiosco escolar/universitario,Amigos,Q51 - Q100,CrunchMax BBQ,Queso,Para compartir entre 2 personas,Q10 - Q15,Sí,Sí,Portugal,Definitivamente sí,Colombia,Cristiano Ronaldo; Vinícius Júnior,Premios y sorteos,2x1,Sí,Edición Argentina
680,2026-02-28,11:25:37,55 años o más,Masculino,Escuintla,Palín,Ama de casa,3 a 5 veces por semana,Tienda de barrio,Familia,Q25 - Q50,ChocoKick Bites,Barbacoa,Individual,Q21 - Q30,No,Sí,Francia,Probablemente sí,España,Rodri; Federico Valverde; Lionel Messi,Premios y sorteos,Sorteo de camisetas,No,Edición Brasil
681,2026-02-23,19:37:18,18 - 24 años,Masculino,Retalhuleu,Retalhuleu,Otro,3 a 5 veces por semana,Supermercado,Familia,Q101 - Q150,Mundialitos Queso Picante; Gol Nachos Supreme; CrunchMax BBQ,Picante Chapín,Familiar,Q16 - Q20,No,Sí,España,Definitivamente sí,Brasil,Neymar Jr.; Lionel Messi,Historias de aficionados,Descuento directo,Sí,Edición Mundial FIFA 2026
682,2026-04-10,16:56:54,25 - 34 años,Femenino,Guatemala,Santa Catarina Pinula,Empleado privado,Todos los días,Tienda de barrio,Amigos,Menos de Q25,Fan Chips Jalapeño,Picante Chapín,Individual,Q16 - Q20,Sí,Sí,Portugal,Probablemente sí,Argentina,Ninguno,Premios y sorteos,Descuento directo,Sí,Edición con tarjetas coleccionables
683,2026-02-13,15:15:20,35 - 44 años,Femenino,Sololá,Cabecera municipal,Empleado privado,3 a 5 veces por semana,Aplicación de delivery,Amigos,Q25 - Q50,FutbolMix; Caramel Goal Popcorn; Mundialitos Queso Picante,Limón,Para compartir entre 2 personas,Q21 - Q30,Sí,Sí,Inglaterra,Probablemente no,Brasil,Neymar Jr.; Lionel Messi,Una selección nacional,Tarjetas coleccionables,No,Edición Argentina
684,2026-02-10,07:53:26,18 - 24 años,Femenino,Suchitepéquez,Otro municipio,Empleado privado,3 a 5 veces por semana,Supermercado,Familia,Q25 - Q50,Mundialitos Queso Picante; Victory Pretzels; Hot Stadium Peanuts,Barbacoa,Para compartir entre 2 personas,Q10 - Q15,No,Sí,Argentina,Probablemente sí,España,Kylian Mbappé,Un jugador famoso,Descuento directo,Sí,Edición Mundial FIFA 2026
685,2026-05-02,21:45:28,35 - 44 años,Femenino,Jutiapa,Otro municipio,Jubilado,1 a 2 veces por semana,Aplicación de delivery,Otro,Q51 - Q100,FutbolMix; Mundialitos Queso Picante,Barbacoa,Familiar,Q21 - Q30,No,Sí,Portugal,Probablemente sí,Francia,Lamine Yamal,Un jugador famoso,Descuento directo,Sí,Edición Inglaterra
686,2026-03-10,11:06:24,25 - 34 años,Masculino,Escuintla,Santa Lucía Cotzumalguapa,Empleado privado,Todos los días,Gasolinera,Familia,Q25 - Q50,Hot Stadium Peanuts; CrunchMax BBQ,Queso,Individual,Q16 - Q20,Sí,Sí,México,Probablemente sí,Brasil,Cristiano Ronaldo; Vinícius Júnior; Neymar Jr.,Un jugador famoso,Tarjetas coleccionables,Sí,Edición Mundial FIFA 2026
687,2026-05-05,16:38:16,25 - 34 años,Masculino,Sacatepéquez,Jocotenango,Otro,1 a 2 veces por semana,Kiosco escolar/universitario,Otro,Más de Q150,Gol Nachos Supreme,Jalapeño,Para compartir entre 2 personas,Q10 - Q15,Sí,No,México,Definitivamente sí,Brasil,Lamine Yamal,Historias de aficionados,Sorteo de camisetas,No,Edición con jugadores famosos
688,2026-05-09,07:00:03,25 - 34 años,Masculino,Guatemala,San Miguel Petapa,Estudiante,1 a 2 veces por semana,Aplicación de delivery,Amigos,Menos de Q25,CrunchMax BBQ; Energy Crunch Protein,Salado Tradicional,Para compartir entre 2 personas,Q10 - Q15,Sí,Sí,México,Tal vez,Argentina,Christian Pulisic; Jude Bellingham,Una selección nacional,Descuento directo,Sí,Edición con tarjetas coleccionables
689,2026-02-25,09:55:43,18 - 24 años,Femenino,Suchitepéquez,Cabecera municipal,Profesional independiente,1 a 2 veces por semana,Tienda de barrio,Familia,Menos de Q25,ChocoKick Bites,Queso,Para compartir entre 2 personas,Q21 - Q30,Sí,Sí,Francia,Tal vez,Suiza,Neymar Jr.,Un jugador famoso,Descuento directo,Sí,Edición con tarjetas coleccionables
1961,2026-05-09,11:19:23,18 - 24 años,Masculino,Guatemala,Guatemala,Empleado privado,Varias veces al mes,Tienda de barrio,Otro,Q25 - Q50,Caramel Goal Popcorn; Fan Chips Jalapeño,Queso,Para compartir entre 2 personas,Q21 - Q30,Sí,No,Brasil,Probablemente no,Estados Unidos,Julián Álvarez,Un jugador famoso,Tarjetas coleccionables,No,Edición España
691,2026-04-20,10:08:47,25 - 34 años,Femenino,Huehuetenango,,Profesional independiente,1 a 2 veces por semana,Supermercado,Familia,Q101 - Q150,Hot Stadium Peanuts; Gol Nachos Supreme,Queso,Tamaño fiesta o reunión,Q10 - Q15,Sí,Sí,Argentina,Definitivamente sí,México,Lionel Messi; Christian Pulisic; Lamine Yamal,Una selección nacional,Sorteo de balones,Sí,Edición Brasil
692,2026-03-31,20:22:59,25 - 34 años,Femenino,Sololá,Sololá,Empleado privado,3 a 5 veces por semana,Aplicación de delivery,Amigos,Q101 - Q150,CrunchMax BBQ,Dulce,Individual,Q10 - Q15,No,Sí,Estados Unidos,Probablemente sí,Alemania,Lamine Yamal; Kylian Mbappé,Un jugador famoso,Sorteo de viajes,No,Edición España
693,2026-04-28,10:22:41,Menos de 18 años,Femenino,Guatemala,Villa Nueva,Comerciante,Varias veces al mes,Gasolinera,Amigos,Menos de Q25,FutbolMix; Mundialitos Queso Picante,Chocolate,Familiar,Q16 - Q20,No,Sí,Argentina,Definitivamente sí,Francia,Kylian Mbappé,Humor,Sorteo de viajes,Sí,Edición Argentina
694,2026-04-18,20:42:05,45 - 54 años,Masculino,Guatemala,Villa Nueva,Empleado privado,1 a 2 veces por semana,Supermercado,Amigos,Q25 - Q50,Mundialitos Queso Picante,Chocolate,Individual,Q21 - Q30,No,Sí,Argentina,Tal vez,Francia,Kylian Mbappé; Vinícius Júnior; Harry Kane,Una selección nacional,Sorteo de balones,Sí,Edición Mundial FIFA 2026
695,2026-04-01,07:38:53,Menos de 18 años,Masculino,El Progreso,Cabecera municipal,Empresario,3 a 5 veces por semana,Tienda de barrio,Amigos,Q25 - Q50,ChocoKick Bites; Mundialitos Queso Picante; Gol Nachos Supreme,Limón,Familiar,Q21 - Q30,No,Sí,Francia,Definitivamente sí,Francia,Cristiano Ronaldo; Vinícius Júnior,Una selección nacional,Producto gratis,Sí,Edición Brasil
696,2026-04-19,14:10:58,35 - 44 años,Masculino,Guatemala,Mixco,Profesional independiente,1 a 2 veces por semana,Supermercado,Familia,Menos de Q25,Mundialitos Queso Picante,Chocolate,Para compartir entre 2 personas,Q16 - Q20,Sí,Sí,España,Probablemente sí,Uruguay,Cristiano Ronaldo,Un jugador famoso,Sorteo de camisetas,No,Edición Mundial FIFA 2026
697,2026-05-06,09:14:01,18 - 24 años,Femenino,Santa Rosa,Cabecera municipal,Empleado público,3 a 5 veces por semana,Supermercado,Familia,Q101 - Q150,FutbolMix,Barbacoa,Individual,Q10 - Q15,No,Sí,Argentina,Definitivamente sí,Brasil,Neymar Jr.; Lionel Messi,Historias de aficionados,Producto gratis,Sí,Edición Inglaterra
698,2026-01-16,16:14:05,18 - 24 años,Masculino,Chimaltenango,Patzún,Empleado privado,Todos los días,Gasolinera,Amigos,Q25 - Q50,FutbolMix,Jalapeño,Para compartir entre 2 personas,Q21 - Q30,No,Sí, PORTUGAL ,Probablemente sí,Brasil,Cristiano Ronaldo; Kylian Mbappé,Una selección nacional,2x1,Sí,Edición Inglaterra
699,2026-01-17,07:19:34,18 - 24 años,Masculino,Alta Verapaz,Cabecera municipal,Empleado privado,Todos los días,Tienda de barrio,Amigos,Q51 - Q100,Gol Nachos Supreme; Victory Pretzels,Picante Chapín,Familiar,Q10 - Q15,Sí,Sí,Croacia,Definitivamente sí,Alemania,Julián Álvarez; Lionel Messi,Un jugador famoso,Descuento directo,No,Edición con tarjetas coleccionables
700,2026-02-06,14:06:25,35 - 44 años,Femenino,Guatemala,Guatemala,Profesional independiente,1 a 2 veces por semana,Aplicación de delivery,Otro,Menos de Q25,Gol Nachos Supreme; Hot Stadium Peanuts,Barbacoa,Familiar,Q16 - Q20,No,No,México,Probablemente sí,Argentina,Lionel Messi,Un jugador famoso,Producto gratis,No,Edición con jugadores famosos
701,2026-03-12,14:57:18,45 - 54 años,Masculino,Totonicapán,Otro municipio,Comerciante,3 a 5 veces por semana,Otro,Familia,Q25 - Q50,CrunchMax BBQ,Limón,Familiar,Q16 - Q20,Sí,Sí,México,Tal vez,Brasil,Harry Kane,Una selección nacional,2x1,Sí,Edición Argentina
702,2026-02-09,21:07:24,25 - 34 años,Femenino,Guatemala,Mixco,Empleado privado,1 a 2 veces por semana,Tienda de barrio,Amigos,Q25 - Q50,Hot Stadium Peanuts; ChocoKick Bites; Mundialitos Queso Picante,Queso,Individual,Q10 - Q15,Sí,Sí,Argentina,Definitivamente sí,Alemania,Cristiano Ronaldo,Una selección nacional,Sorteo de balones,Sí,Edición Francia
703,2026-03-09,16:17:12,18 - 24 años,Masculino,Guatemala,San Miguel Petapa,Comerciante,3 a 5 veces por semana,Tienda de barrio,Solo,Q101 - Q150,Mundialitos Queso Picante,Queso,Familiar,Q10 - Q15,No,Sí,México,Tal vez,Francia,Christian Pulisic; Vinícius Júnior,Humor,Producto gratis,Sí,Edición España
704,2026-01-28,19:02:29,25 - 34 años,Femenino,Guatemala,Guatemala,Empleado privado,1 a 2 veces por semana,Gasolinera,Compañeros de trabajo,Q25 - Q50,Hot Stadium Peanuts; Gol Nachos Supreme,Picante Chapín,Tamaño fiesta o reunión,Q10 - Q15,Sí,Sí,Alemania,Definitivamente sí,Argentina,Cristiano Ronaldo,Humor,Producto gratis,No,Edición Mundial FIFA 2026
705,2026-03-01,20:19:19,18 - 24 años,Masculino,Sacatepéquez,Ciudad Vieja,Empleado privado,1 a 2 veces por semana,Aplicación de delivery,Familia,Q101 - Q150,Caramel Goal Popcorn; Gol Nachos Supreme; Fan Chips Jalapeño,Picante Chapín,Individual,Q10 - Q15,No,No,Egipto,Probablemente sí,Francia,Julián Álvarez; Kylian Mbappé; Lionel Messi,Un jugador famoso,2x1,No,Edición con jugadores famosos
706,2026-04-02,17:56:57,45 - 54 años,Masculino,Guatemala,Guatemala,Otro,Varias veces al mes,Kiosco escolar/universitario,Familia,Menos de Q25,Gol Nachos Supreme,Jalapeño,Tamaño fiesta o reunión,Q21 - Q30,Sí,Sí,Argentina,Tal vez,Francia,Lionel Messi; Neymar Jr.,Historias de aficionados,Descuento directo,Sí,Edición Mundial FIFA 2026
707,2026-01-21,14:59:40,25 - 34 años,Masculino,Guatemala,Guatemala,Ama de casa,3 a 5 veces por semana,Supermercado,Amigos,Más de Q150,Caramel Goal Popcorn; CrunchMax BBQ; Victory Pretzels,Queso,Tamaño fiesta o reunión,Q21 - Q30,Sí,No,Japón,Tal vez,México,Cristiano Ronaldo,Una selección nacional,2x1,Sí,Edición Argentina
708,2026-01-19,07:58:53,18 - 24 años,Femenino,Guatemala,nan,Estudiante,Varias veces al mes,Supermercado,Familia,Q25 - Q50,CrunchMax BBQ; Energy Crunch Protein; FutbolMix,Caramelo,Familiar,Q16 - Q20,No,Sí,México,Probablemente sí,Uruguay,Kylian Mbappé; Lamine Yamal,Una selección nacional,Descuento directo,No,Edición Brasil
709,2026-02-01,20:03:38,25 - 34 años,Femenino,El Progreso,Cabecera municipal,Otro,Varias veces al mes,Supermercado,Solo,Q51 - Q100,CrunchMax BBQ; Hot Stadium Peanuts,Jalapeño,Familiar,Menos de Q10,No,Sí,Argentina,Definitivamente sí,México,Cristiano Ronaldo; Jude Bellingham,Historias de aficionados,2x1,No,Edición Argentina
710,2026-01-28,21:17:27,25 - 34 años,Femenino,Chimaltenango,Chimaltenango,Empleado privado,3 a 5 veces por semana,Supermercado,Amigos,Q25 - Q50,Hot Stadium Peanuts; FutbolMix; Mundialitos Queso Picante, CARAMELO ,Familiar,Q21 - Q30,Sí,Sí,Argentina,Definitivamente sí,España,Kylian Mbappé; Neymar Jr.,Una selección nacional,Descuento directo,No,Edición Francia
711,2026-01-27,21:12:04,55 años o más,Femenino,Sacatepéquez,Antigua Guatemala,Profesional independiente,3 a 5 veces por semana,Supermercado,Amigos,Q51 - Q100,FutbolMix; Energy Crunch Protein,Jalapeño,Familiar,Q21 - Q30,No,Sí,Portugal,Probablemente sí,Argentina,Christian Pulisic,Premios y sorteos,Sorteo de viajes,No,Edición Francia
712,2026-01-24,22:29:06,Menos de 18 años,Femenino,Sacatepéquez,Antigua Guatemala,Empleado privado,Varias veces al mes,Kiosco escolar/universitario,Familia,Q25 - Q50,Mundialitos Queso Picante; ChocoKick Bites, BARBACOA ,Para compartir entre 2 personas,Menos de Q10,No,Sí,Argentina,Definitivamente no,Portugal,Lamine Yamal,Historias de aficionados,2x1,Sí,Edición Argentina
713,2026-01-21,11:01:38,35 - 44 años,Masculino,Guatemala,San Miguel Petapa,Estudiante,3 a 5 veces por semana,Tienda de barrio,Amigos,Q101 - Q150,ChocoKick Bites; Mundialitos Queso Picante; CrunchMax BBQ,Picante Chapín,Tamaño fiesta o reunión,Q16 - Q20,Sí,Sí,Brasil,Definitivamente sí,Brasil,Harry Kane; Rodri; Vinícius Júnior,Un jugador famoso,Tarjetas coleccionables,Sí,Edición Mundial FIFA 2026
714,2026-01-30,19:40:13,Menos de 18 años,Masculino,Guatemala,Villa Nueva,,1 a 2 veces por semana,Tienda de barrio,Amigos,Q25 - Q50,Fan Chips Jalapeño,Queso,Individual,Q21 - Q30,Sí,Sí,España,Probablemente sí,Congo DR,Kylian Mbappé,Humor,Descuento directo,Sí,Edición con jugadores famosos
715,2026-04-29,10:22:01,25 - 34 años,Masculino,Escuintla,Palín,Estudiante,1 a 2 veces por semana,Supermercado,Familia,Q51 - Q100,Mundialitos Queso Picante,Dulce,Familiar,Q16 - Q20,Sí,No,Brasil,Probablemente sí,Inglaterra,Neymar Jr.,Premios y sorteos,Descuento directo,Sí,Edición con jugadores famosos
716,2026-01-26,15:03:45,35 - 44 años,Masculino,Escuintla,Escuintla,Comerciante,3 a 5 veces por semana,Tienda de barrio,Compañeros de trabajo,Q25 - Q50,Caramel Goal Popcorn,Queso,Familiar,Q21 - Q30,Sí,Sí,España,Tal vez,México,Lionel Messi; Cristiano Ronaldo; Alphonso Davies,Premios y sorteos,Descuento directo,Sí,Edición Mundial FIFA 2026
717,2026-01-21,21:51:27,18 - 24 años,Masculino, PETÉN ,San Benito,Empleado privado,Todos los días,Tienda de barrio,Amigos,Más de Q150,ChocoKick Bites,Jalapeño,Para compartir entre 2 personas,Q10 - Q15,Sí,Sí,Brasil,Definitivamente sí,Colombia,Jude Bellingham,Un jugador famoso,2x1,Sí,Edición Francia
718,2026-04-28,15:31:41,Menos de 18 años,Femenino,Guatemala,San Miguel Petapa,Empresario,3 a 5 veces por semana,Tienda de barrio,Solo,Q51 - Q100,Hot Stadium Peanuts; CrunchMax BBQ,Picante Chapín,Para compartir entre 2 personas,Q21 - Q30,Sí,Sí,Argentina,Probablemente sí,Estados Unidos,Alphonso Davies; Neymar Jr.,Humor,Descuento directo,Sí,Edición Argentina
719,2026-02-09,08:24:19,Menos de 18 años,Femenino,Guatemala,,Estudiante,1 a 2 veces por semana,Supermercado,Familia,Q101 - Q150,FutbolMix; Fan Chips Jalapeño,Jalapeño,Familiar,Q16 - Q20,Sí,No,Colombia,Tal vez,Portugal,Lamine Yamal; Jude Bellingham; Neymar Jr.,Una selección nacional,Descuento directo,Sí,Edición Argentina
720,2026-03-18,22:17:57,45 - 54 años,Masculino,Jalapa,Cabecera municipal,Empleado público,3 a 5 veces por semana,Otro,Amigos,Q51 - Q100,Mundialitos Queso Picante,Barbacoa,Para compartir entre 2 personas,Q16 - Q20,No,Sí,España,Probablemente sí,Francia,Neymar Jr.; Lionel Messi; Harry Kane,Premios y sorteos,Sorteo de balones,Sí,Edición con tarjetas coleccionables
721,2026-05-01,14:36:42,45 - 54 años,Masculino,Escuintla,Santa Lucía Cotzumalguapa,Comerciante,Varias veces al mes,Kiosco escolar/universitario,Familia,Menos de Q25,Mundialitos Queso Picante; CrunchMax BBQ,Barbacoa,Familiar,Q16 - Q20,No,Sí,Brasil,Tal vez,Argentina,Cristiano Ronaldo; Rodri,Humor,2x1,Sí,Edición España
722,2026-04-13,20:37:56,18 - 24 años,Femenino,Guatemala,Santa Catarina Pinula,Estudiante,1 a 2 veces por semana,Tienda de barrio,Amigos,Menos de Q25,FutbolMix; ChocoKick Bites; Gol Nachos Supreme,Caramelo,Para compartir entre 2 personas,Q21 - Q30,Sí,Sí,Brasil,Definitivamente sí,España,Cristiano Ronaldo,Humor,Descuento directo,No,Edición Mundial FIFA 2026
723,2026-02-15,17:22:22,45 - 54 años,Femenino,Sacatepéquez,Sumpango,Comerciante,Varias veces al mes,Tienda de barrio,Familia,Q101 - Q150,Mundialitos Queso Picante; FutbolMix,Picante Chapín,Para compartir entre 2 personas,Q10 - Q15,Sí,Sí,Brasil,Probablemente no,Brasil,Alphonso Davies; Lionel Messi; Kylian Mbappé,Una selección nacional,Producto gratis,Sí,Edición con tarjetas coleccionables
724,2026-04-04,21:22:10,Menos de 18 años,Masculino,Guatemala,Villa Nueva,Empleado privado,3 a 5 veces por semana,Supermercado,Familia,Q25 - Q50,Mundialitos Queso Picante; Hot Stadium Peanuts; FutbolMix,Chocolate,Tamaño fiesta o reunión,Q21 - Q30,Sí,Sí,Argentina,Probablemente sí,México,Lionel Messi; Lamine Yamal; Cristiano Ronaldo,Un jugador famoso,Producto gratis,No,Edición con tarjetas coleccionables
725,2026-04-23,21:55:06,45 - 54 años,Masculino,Guatemala,Villa Nueva,Estudiante,Rara vez,Gasolinera,Familia,Menos de Q25,Mundialitos Queso Picante; ChocoKick Bites,Jalapeño,Familiar,Más de Q30,Sí,Sí,Portugal,Tal vez,España,Vinícius Júnior; Cristiano Ronaldo; Alphonso Davies,Historias de aficionados,Tarjetas coleccionables,No,Edición Brasil
726,2026-01-26,14:12:20,35 - 44 años,Femenino, HUEHUETENANGO ,Otro municipio,Comerciante,3 a 5 veces por semana,Aplicación de delivery,Familia,Q25 - Q50,ChocoKick Bites; CrunchMax BBQ; Gol Nachos Supreme,Limón,Individual,Q10 - Q15,No,Sí,Argentina,Probablemente sí,Jordania,Jude Bellingham; Harry Kane,Humor,Tarjetas coleccionables,Sí,Edición con jugadores famosos
727,2026-04-21,22:34:09,45 - 54 años,Masculino,Guatemala,Guatemala,Estudiante,Todos los días,Tienda de barrio,Familia,Q101 - Q150,FutbolMix; Gol Nachos Supreme; Mundialitos Queso Picante, BARBACOA ,Individual,Q10 - Q15,Sí,Sí,Portugal,Probablemente no,España,Julián Álvarez; Neymar Jr.,Un jugador famoso,Descuento directo,Sí,Edición Brasil
728,2026-01-13,19:34:11,35 - 44 años,Masculino,Guatemala,San Miguel Petapa,Empleado privado,3 a 5 veces por semana,Tienda de barrio,Familia,Q25 - Q50,Caramel Goal Popcorn; CrunchMax BBQ,Queso,Para compartir entre 2 personas,Menos de Q10,No,Sí,Estados Unidos,Definitivamente sí,Portugal,Harry Kane; Neymar Jr.,Historias de aficionados,2x1,No,Edición con jugadores famosos
729,2026-02-21,15:17:31,18 - 24 años,Masculino,Quetzaltenango,Coatepeque,Empleado privado,3 a 5 veces por semana,Kiosco escolar/universitario,Familia,Más de Q150,Fan Chips Jalapeño; Gol Nachos Supreme; Caramel Goal Popcorn,Jalapeño,Tamaño fiesta o reunión,Q16 - Q20,Sí,Sí,Brasil,Definitivamente sí,Argentina,Julián Álvarez; Kylian Mbappé; Neymar Jr.,Un jugador famoso,Descuento directo,Sí,Edición Argentina
730,2026-01-22,07:49:22,25 - 34 años,Femenino,Totonicapán,Cabecera municipal,Comerciante,Todos los días,Otro,Familia,Q101 - Q150,Fan Chips Jalapeño; Caramel Goal Popcorn; Gol Nachos Supreme,Dulce,Para compartir entre 2 personas,Menos de Q10,No,Sí,Brasil,Probablemente no,México,Neymar Jr.,Premios y sorteos,Sorteo de balones,No,Edición Francia
731,2026-03-02,11:27:47,35 - 44 años,Femenino,Sacatepéquez,Sumpango,Profesional independiente,3 a 5 veces por semana,Tienda de barrio,Amigos,Q25 - Q50,Caramel Goal Popcorn; CrunchMax BBQ,Barbacoa,Familiar,Más de Q30,Sí,Sí,Francia,Probablemente sí,Argentina,Lionel Messi,Una selección nacional,Descuento directo,Sí,Edición con jugadores famosos
732,2026-01-25,20:44:51,25 - 34 años,Femenino,Quetzaltenango,Coatepeque,Empleado privado,3 a 5 veces por semana,Supermercado,Amigos,Q51 - Q100,CrunchMax BBQ,Queso,Familiar,Q10 - Q15,Sí,Sí,Brasil,Probablemente sí,España,Lionel Messi; Neymar Jr.,Premios y sorteos,2x1,Sí,Edición España
733,2026-05-01,20:39:10,25 - 34 años,Masculino,Guatemala,Santa Catarina Pinula,Otro,1 a 2 veces por semana,Tienda de barrio,Familia,Q51 - Q100,FutbolMix; Mundialitos Queso Picante,Dulce,Familiar,Q10 - Q15,Sí,Sí,Portugal,Probablemente sí,España,Jude Bellingham; Vinícius Júnior; Cristiano Ronaldo,Un jugador famoso,Tarjetas coleccionables,No,Edición Brasil
734,2026-03-04,12:22:10,35 - 44 años,Masculino,Guatemala,San Miguel Petapa,Comerciante,1 a 2 veces por semana,Tienda de barrio,Amigos,Menos de Q25,Mundialitos Queso Picante; CrunchMax BBQ; Energy Crunch Protein,Queso,Familiar,Q16 - Q20,No,Sí,España,Tal vez,Colombia,Neymar Jr.; Lionel Messi; Kylian Mbappé,Humor,Sorteo de camisetas,No,Edición Mundial FIFA 2026
735,2026-02-02,16:07:42,18 - 24 años,Masculino,Sacatepéquez,Sumpango,Comerciante,3 a 5 veces por semana,Aplicación de delivery,Familia,Q25 - Q50,Energy Crunch Protein; Gol Nachos Supreme; Mundialitos Queso Picante,Limón,Para compartir entre 2 personas,Q16 - Q20,Sí,Sí,Argentina,Probablemente sí,México,Alphonso Davies,Humor,Tarjetas coleccionables,No,Edición Inglaterra
736,2026-02-07,16:11:24,25 - 34 años,Masculino,Guatemala,San Miguel Petapa,Estudiante,3 a 5 veces por semana,Supermercado,Compañeros de trabajo,Q51 - Q100,CrunchMax BBQ; Gol Nachos Supreme; Caramel Goal Popcorn,Picante Chapín,Familiar,Q10 - Q15,No,Sí, ARGENTINA ,Probablemente no,Brasil,Neymar Jr.; Lamine Yamal,Una selección nacional,Tarjetas coleccionables,Sí,Edición Argentina
737,2026-01-20,18:43:52,25 - 34 años,Masculino,San Marcos,Cabecera municipal,Estudiante,3 a 5 veces por semana,Supermercado,Familia,Menos de Q25,Gol Nachos Supreme; ChocoKick Bites; FutbolMix, LIMÓN ,Para compartir entre 2 personas,Menos de Q10,No,Sí,España,Definitivamente sí,Francia,Kylian Mbappé; Neymar Jr.; Jude Bellingham,Premios y sorteos,Descuento directo,Sí,Edición Mundial FIFA 2026
738,2026-04-04,12:39:52,Menos de 18 años,Masculino,Chimaltenango,Patzún,Estudiante,1 a 2 veces por semana,Tienda de barrio,Amigos,Q25 - Q50,ChocoKick Bites; Gol Nachos Supreme; Caramel Goal Popcorn,Dulce,Familiar,Menos de Q10,Sí,Sí,Brasil,Tal vez,España,Neymar Jr.,Premios y sorteos,Sorteo de camisetas,Sí,Edición con tarjetas coleccionables
739,2026-01-20,20:09:04,35 - 44 años,Femenino,Sacatepéquez,Jocotenango,Empleado privado,Todos los días,Tienda de barrio,Familia,Q51 - Q100,ChocoKick Bites,Salado Tradicional,Individual,Q16 - Q20,No,Sí,Brasil,Probablemente sí,Colombia,Cristiano Ronaldo,Un jugador famoso,Sorteo de camisetas,No,Edición con tarjetas coleccionables
740,2026-03-22,20:21:43,25 - 34 años,Femenino,Quetzaltenango,Coatepeque,Comerciante,3 a 5 veces por semana,Tienda de barrio,Otro,Q25 - Q50,Hot Stadium Peanuts; Energy Crunch Protein; Gol Nachos Supreme,Salado Tradicional,Tamaño fiesta o reunión,Más de Q30,No,No,España,Tal vez,Colombia,Christian Pulisic; Lionel Messi,Historias de aficionados,Descuento directo,Sí,Edición Brasil
741,2026-02-20,14:17:49,45 - 54 años,Masculino,Sacatepéquez,Sumpango,Empleado privado,Varias veces al mes,Tienda de barrio,Amigos,Más de Q150,Gol Nachos Supreme; CrunchMax BBQ; FutbolMix,Picante Chapín,Familiar,Q16 - Q20,Sí,Sí,Argentina,Tal vez,Brasil,Lamine Yamal; Neymar Jr.; Vinícius Júnior,Un jugador famoso,Sorteo de balones,Sí,Edición Argentina
742,2026-02-13,08:59:00,45 - 54 años,Femenino, ESCUINTLA , PALÍN ,Empleado público,Todos los días,Tienda de barrio,Familia,Menos de Q25,Gol Nachos Supreme; Mundialitos Queso Picante,Dulce,Familiar,Q10 - Q15,Sí,Sí,Alemania,Probablemente sí,Alemania,Cristiano Ronaldo,Un jugador famoso,2x1,Sí,Edición Brasil
743,2026-03-13,12:25:59,35 - 44 años,Femenino,Guatemala,Guatemala,Empleado privado,1 a 2 veces por semana,Gasolinera,Solo,Q25 - Q50,FutbolMix,Queso,Individual,Q10 - Q15,Sí,Sí,Argentina,Tal vez,Argentina,Lionel Messi; Rodri; Neymar Jr.,Una selección nacional,Descuento directo,Sí,Edición con tarjetas coleccionables
744,2026-02-17,10:28:31,35 - 44 años,Masculino,Guatemala,Villa Nueva,Empleado privado,3 a 5 veces por semana,Kiosco escolar/universitario,Compañeros de trabajo,Q51 - Q100,CrunchMax BBQ; ChocoKick Bites; Caramel Goal Popcorn,Queso,Tamaño fiesta o reunión,Q16 - Q20,Sí,Sí,Brasil,Definitivamente sí,Portugal,Kylian Mbappé; Neymar Jr.,Premios y sorteos,Tarjetas coleccionables,No,Edición Brasil
745,2026-03-06,20:57:48,18 - 24 años,Masculino,Xela,Coatepeque,Empleado privado,1 a 2 veces por semana,Tienda de barrio,Solo,Q25 - Q50,Mundialitos Queso Picante; Gol Nachos Supreme; CrunchMax BBQ,Limón,Tamaño fiesta o reunión,Q16 - Q20,Sí,Sí,Colombia,Probablemente no,Alemania,Cristiano Ronaldo; Harry Kane; Kylian Mbappé,Un jugador famoso,Descuento directo,Sí,Edición Francia
746,2026-05-09,15:16:47,18 - 24 años,Femenino,Guatemala,Villa Nueva,Empleado privado,Varias veces al mes,Tienda de barrio,Amigos,Q25 - Q50,Mundialitos Queso Picante; Hot Stadium Peanuts; FutbolMix,Jalapeño,Familiar,Q16 - Q20,No,Sí,Brasil,Tal vez,Estados Unidos,Harry Kane,Una selección nacional,Sorteo de balones,No,Edición con tarjetas coleccionables
747,2026-05-02,10:58:58,18 - 24 años,Masculino,El Progreso,Otro municipio,Empleado público,3 a 5 veces por semana,Tienda de barrio,Familia,Q101 - Q150,Gol Nachos Supreme,Picante Chapín,Individual,Q16 - Q20,No,Sí,Ghana,Probablemente sí,Canadá,Rodri,Premios y sorteos,Sorteo de viajes,No,Edición con jugadores famosos
748,2026-04-15,22:39:07,25 - 34 años,Prefiero no indicarlo,Quetzaltenango,Olintepeque,Empleado privado,1 a 2 veces por semana,Supermercado,Amigos,Q25 - Q50,Mundialitos Queso Picante; Fan Chips Jalapeño,Chocolate,Individual,Q16 - Q20,Sí,No,Estados Unidos,Probablemente sí,Portugal,Vinícius Júnior,Un jugador famoso,Sorteo de viajes,Sí,Edición Brasil
749,2026-01-29,22:37:10,25 - 34 años,Femenino,Suchitepéquez,Suchitepéquez,Empresario,3 a 5 veces por semana,Supermercado,Familia,Q51 - Q100,Fan Chips Jalapeño; Gol Nachos Supreme; Mundialitos Queso Picante,Jalapeño,Individual,Q21 - Q30,Sí,Sí,Paraguay,Probablemente sí,Francia,Lamine Yamal; Vinícius Júnior,Humor,Sorteo de viajes,No,Edición con jugadores famosos
750,2026-03-27,07:36:40,25 - 34 años,Femenino,Sacatepéquez,Ciudad Vieja,Empleado público,Varias veces al mes,Supermercado,Familia,Más de Q150,Mundialitos Queso Picante; CrunchMax BBQ,Barbacoa,Tamaño fiesta o reunión,Q16 - Q20,Sí,Sí,España,Probablemente sí,Francia,Lionel Messi,Una selección nacional,Tarjetas coleccionables,No,Edición con tarjetas coleccionables
751,2026-02-20,15:26:18,18 - 24 años,Femenino,Santa Rosa,Santa Rosa,Empleado público,Rara vez,Gasolinera,Compañeros de trabajo,Q25 - Q50,CrunchMax BBQ; Gol Nachos Supreme,Salado Tradicional,Para compartir entre 2 personas,Q16 - Q20,Sí,Sí,Argentina,Definitivamente no,España,Jude Bellingham; Lionel Messi; Neymar Jr.,Una selección nacional,Producto gratis,No,Edición Mundial FIFA 2026
752,2026-02-03,09:50:36,35 - 44 años,Masculino,Chimaltenango,Chimaltenango,Estudiante,3 a 5 veces por semana,Supermercado,Compañeros de trabajo,Q51 - Q100,Hot Stadium Peanuts; CrunchMax BBQ,Salado Tradicional,Familiar,Q16 - Q20,Sí,Sí,Uruguay,Tal vez,España,Neymar Jr.,Humor,Producto gratis,Sí,Edición Mundial FIFA 2026
753,2026-02-25,17:02:12,18 - 24 años,Femenino,Escuintla,Escuintla,Comerciante,Todos los días,Gasolinera,Amigos,Q101 - Q150,CrunchMax BBQ; Gol Nachos Supreme,Barbacoa,Individual,Q16 - Q20,No,Sí,Francia,Probablemente sí,Inglaterra,Lionel Messi,Historias de aficionados,2x1,No,Edición Inglaterra
754,2026-03-28,07:40:22,25 - 34 años,Femenino,Guatemala,Villa Nueva,Estudiante,3 a 5 veces por semana,Tienda de barrio,Amigos,Q25 - Q50,Hot Stadium Peanuts; CrunchMax BBQ,Chocolate,Familiar,Q16 - Q20,No,Sí,España,Tal vez,Argentina,Julián Álvarez; Neymar Jr.; Vinícius Júnior,Historias de aficionados,2x1,No,Edición con tarjetas coleccionables
755,2026-04-02,07:03:06,55 años o más,Masculino,Guatemala,Mixco,Empresario,1 a 2 veces por semana,Supermercado,Familia,Q51 - Q100,CrunchMax BBQ; Gol Nachos Supreme; Mundialitos Queso Picante,Salado Tradicional,Tamaño fiesta o reunión,Q16 - Q20,Sí,Sí,España,Tal vez,Portugal,Lionel Messi,Premios y sorteos,Tarjetas coleccionables,Sí,Edición Mundial FIFA 2026
756,2026-03-18,17:26:10,25 - 34 años,Masculino,Suchitepéquez,Cabecera municipal,Empleado privado,1 a 2 veces por semana,Tienda de barrio,Solo,Q25 - Q50,CrunchMax BBQ,Picante Chapín,Familiar,Más de Q30,No,Sí,Argentina,Definitivamente sí, ARGENTINA ,Cristiano Ronaldo,Historias de aficionados,2x1,Sí,Edición Argentina
757,2026-04-16,08:49:08,18 - 24 años,Femenino,Chimaltenango,Patzún,Empleado público,3 a 5 veces por semana,Otro,Familia,Menos de Q25,Gol Nachos Supreme; Fan Chips Jalapeño; ChocoKick Bites,Chocolate,Para compartir entre 2 personas,Q21 - Q30,No,Sí,Brasil,Definitivamente sí,Francia,Neymar Jr.; Cristiano Ronaldo; Kylian Mbappé,Historias de aficionados,Sorteo de camisetas,Sí,Edición Francia
758,2026-03-20,21:12:21,35 - 44 años,Femenino,Guatemala,Guatemala,Empleado privado,Varias veces al mes,Gasolinera,Familia,Q25 - Q50,ChocoKick Bites; Gol Nachos Supreme,Chocolate,Tamaño fiesta o reunión,Q10 - Q15,Sí,Sí,Inglaterra,Definitivamente sí,Francia,Neymar Jr.,Un jugador famoso,Sorteo de camisetas,Sí,Edición España
759,2026-01-21,11:31:05,55 años o más,Femenino,Escuintla, SANTA LUCÍA COTZUMALGUAPA ,Estudiante,Varias veces al mes,Supermercado,Amigos,Más de Q150,CrunchMax BBQ; Gol Nachos Supreme; FutbolMix,Jalapeño,Para compartir entre 2 personas,Q16 - Q20,No,Sí,México,Probablemente sí,España,Rodri; Cristiano Ronaldo,Una selección nacional,Descuento directo,Sí,Edición Mundial FIFA 2026
760,2026-02-03,12:07:01,18 - 24 años,Femenino,Guatemala,Mixco,Profesional independiente,3 a 5 veces por semana,Supermercado,Familia,Menos de Q25,Hot Stadium Peanuts; FutbolMix; Mundialitos Queso Picante,Queso,Individual,Q16 - Q20,Sí,Sí,Brasil,Definitivamente sí,Inglaterra,Federico Valverde,Una selección nacional,Producto gratis,Sí,Edición con jugadores famosos
761,2026-02-09,17:22:12,35 - 44 años,Masculino,Huehuetenango,Otro municipio,Empleado privado,1 a 2 veces por semana,Tienda de barrio,Compañeros de trabajo,Q25 - Q50,Gol Nachos Supreme,Salado Tradicional,Para compartir entre 2 personas,Q21 - Q30,No,Sí,España,Probablemente no,Inglaterra,Julián Álvarez; Lionel Messi; Neymar Jr.,Premios y sorteos,2x1,Sí,Edición con jugadores famosos
762,2026-03-14,10:50:16,45 - 54 años,Masculino,Guatemala,Guatemala,Empresario,Todos los días,Tienda de barrio,Amigos,Q101 - Q150,Gol Nachos Supreme; CrunchMax BBQ; Hot Stadium Peanuts,Caramelo,Para compartir entre 2 personas,Más de Q30,Sí,Sí,Argentina,Probablemente sí,México,Ninguno; Lamine Yamal,Historias de aficionados,Producto gratis,Sí,Edición Mundial FIFA 2026
763,2026-04-28,15:25:01,18 - 24 años,Masculino,Guatemala, GUATEMALA ,Empleado privado,1 a 2 veces por semana,Supermercado,Amigos,Q25 - Q50,FutbolMix; Gol Nachos Supreme; ChocoKick Bites,Jalapeño,Familiar,Q10 - Q15,Sí,Sí,Francia,Definitivamente sí,Brasil,Lionel Messi; Harry Kane,Premios y sorteos,2x1,No,Edición Brasil
764,2026-02-20,20:17:43,25 - 34 años,Femenino,Quetzaltenango,Coatepeque,Empleado público,Todos los días,Kiosco escolar/universitario,Amigos,Q25 - Q50,Fan Chips Jalapeño; Energy Crunch Protein,Barbacoa,Familiar,Q10 - Q15,Sí,Sí,Estados Unidos,Probablemente sí, ESTADOS UNIDOS ,Lionel Messi; Vinícius Júnior; Cristiano Ronaldo,Un jugador famoso,Sorteo de balones,No,Edición Brasil
765,2026-01-31,13:55:06,35 - 44 años,Masculino,Guatemala,San Miguel Petapa,Empleado privado,1 a 2 veces por semana,Tienda de barrio,Familia,Más de Q150,Fan Chips Jalapeño,Queso,Familiar,Q16 - Q20,Sí,Sí,Brasil,Tal vez,Brasil,Kylian Mbappé; Federico Valverde,Un jugador famoso,Descuento directo,No,Edición España
766,2026-01-13,11:39:07,18 - 24 años,Femenino,Alta Verapaz, CABECERA MUNICIPAL ,Empresario,Varias veces al mes,Gasolinera,Amigos,Q25 - Q50,Victory Pretzels,Picante Chapín,Tamaño fiesta o reunión,Q16 - Q20,Sí,Sí,Estados Unidos,Tal vez,México,Lamine Yamal,Una selección nacional,Sorteo de balones,Sí,Edición Argentina
767,2026-02-20,19:21:10,18 - 24 años,Masculino,Jalapa,,Empleado público,Varias veces al mes,Aplicación de delivery,Compañeros de trabajo,Q101 - Q150,Hot Stadium Peanuts; Gol Nachos Supreme,Queso,Para compartir entre 2 personas,Q16 - Q20,No,Sí,Francia,Definitivamente sí,México,Kylian Mbappé; Cristiano Ronaldo; Jude Bellingham,Un jugador famoso,Sorteo de camisetas,Sí,Edición con tarjetas coleccionables
768,2026-04-30,07:37:36,35 - 44 años,Femenino,Chimaltenango,Patzún,,1 a 2 veces por semana,Supermercado,Familia,Q51 - Q100,Caramel Goal Popcorn,Queso,Familiar,Más de Q30,Sí,No,Paraguay,Probablemente sí,Argentina,Kylian Mbappé; Cristiano Ronaldo,Humor,Descuento directo,Sí,Edición Francia
769,2026-03-14,07:38:16,25 - 34 años,Femenino,Guatemala,San Miguel Petapa,Empleado privado,3 a 5 veces por semana,Aplicación de delivery,Compañeros de trabajo,Más de Q150,ChocoKick Bites; FutbolMix; Gol Nachos Supreme,Jalapeño,Para compartir entre 2 personas,Q10 - Q15,Sí,Sí,Portugal,Probablemente no,Portugal,Cristiano Ronaldo,Premios y sorteos,Descuento directo,Sí,Edición Argentina
770,2026-01-19,10:40:41,25 - 34 años,Masculino,Sacatepéquez,Ciudad Vieja,Empleado privado,1 a 2 veces por semana,Supermercado,Amigos,Q25 - Q50,Gol Nachos Supreme; Hot Stadium Peanuts; Mundialitos Queso Picante,Barbacoa,Para compartir entre 2 personas,Q21 - Q30,No,Sí,Argentina,Tal vez,México,Rodri,Historias de aficionados,Producto gratis,Sí,Edición con jugadores famosos
771,2026-04-01,22:05:39,35 - 44 años,Masculino,Guatemala,San Miguel Petapa,Comerciante,3 a 5 veces por semana,Aplicación de delivery,Familia,Q101 - Q150,Hot Stadium Peanuts; Fan Chips Jalapeño; Mundialitos Queso Picante,Limón,Familiar,Q21 - Q30,No,Sí,Brasil,Definitivamente sí,Canadá,Lionel Messi,Un jugador famoso,2x1,Sí,Edición con jugadores famosos
772,2026-05-10,17:20:41,18 - 24 años,Femenino,Guatemala,San Miguel Petapa,Empleado privado,3 a 5 veces por semana,Aplicación de delivery,Familia,Menos de Q25,Mundialitos Queso Picante,Queso,Familiar,Menos de Q10,Sí,Sí,Jordania,Tal vez,Estados Unidos,Lionel Messi; Christian Pulisic; Kylian Mbappé,Un jugador famoso,2x1,Sí,Edición Francia
773,2026-02-18,18:27:09,Menos de 18 años,Masculino,Jutiapa,Cabecera municipal,Profesional independiente,Todos los días,Kiosco escolar/universitario,Amigos,Q25 - Q50,Gol Nachos Supreme,Dulce,Familiar,Q16 - Q20,Sí,Sí,Brasil,Tal vez,Argentina,Neymar Jr.,Una selección nacional,Sorteo de camisetas,Sí,Edición con tarjetas coleccionables
774,2026-02-23,21:15:41,35 - 44 años,Masculino,Guatemala,Santa Catarina Pinula,Profesional independiente,1 a 2 veces por semana,Tienda de barrio,Amigos,Q25 - Q50,Mundialitos Queso Picante; Gol Nachos Supreme; Caramel Goal Popcorn,Limón,Individual,Q16 - Q20,Sí,Sí,Inglaterra,Tal vez,México,Neymar Jr.,Un jugador famoso,Producto gratis,Sí,Edición España
775,2026-02-23,16:09:35,25 - 34 años,Masculino,Baja Verapaz,Otro municipio,Empleado público,3 a 5 veces por semana,Supermercado,Compañeros de trabajo,Menos de Q25,Mundialitos Queso Picante,Limón,Para compartir entre 2 personas,Q21 - Q30,Sí,Sí,México,Probablemente sí,Brasil,Kylian Mbappé,Un jugador famoso,Sorteo de viajes,Sí,Edición Mundial FIFA 2026
776,2026-01-14,14:35:22,25 - 34 años,Masculino,Jutiapa,Otro municipio,Comerciante,Todos los días,Tienda de barrio,Amigos,Q25 - Q50,FutbolMix; Fan Chips Jalapeño; CrunchMax BBQ,Barbacoa,Familiar,Q21 - Q30,Sí,Sí,Brasil,Definitivamente sí,Colombia,Neymar Jr.; Lionel Messi; Kylian Mbappé,Premios y sorteos,2x1,Sí,Edición con jugadores famosos
777,2026-05-06,17:04:38,18 - 24 años,Femenino,Guatemala,San Miguel Petapa,Estudiante,Rara vez,Aplicación de delivery,Familia,Q51 - Q100,CrunchMax BBQ,Jalapeño,Familiar,Q10 - Q15,Sí,Sí,Jordania,Definitivamente sí,Argentina,Neymar Jr.; Jude Bellingham,Un jugador famoso,2x1,Sí,Edición Mundial FIFA 2026
778,2026-01-24,10:25:46,18 - 24 años,Femenino,Guatemala,Guatemala,Empleado privado,Rara vez,Tienda de barrio,Familia,Q51 - Q100,FutbolMix; Mundialitos Queso Picante,Limón,Tamaño fiesta o reunión,Menos de Q10,Sí,No,Francia,Definitivamente sí,Brasil,Kylian Mbappé; Neymar Jr.; Federico Valverde,Un jugador famoso,Sorteo de camisetas,Sí,Edición con jugadores famosos
779,2026-04-29,22:05:19,18 - 24 años,Masculino,Quetzaltenango,Olintepeque,Empleado privado,1 a 2 veces por semana,Supermercado,Compañeros de trabajo,Q25 - Q50,FutbolMix; CrunchMax BBQ; ChocoKick Bites,Dulce,Tamaño fiesta o reunión,Q10 - Q15,No,Sí,Portugal,Probablemente no,Colombia,Lionel Messi; Vinícius Júnior; Alphonso Davies,Un jugador famoso,Descuento directo,Sí,Edición Brasil
780,2026-05-05,14:34:31,18 - 24 años,Masculino,Guatemala,Guatemala,Empleado privado,Todos los días,Kiosco escolar/universitario,Otro,Menos de Q25,Hot Stadium Peanuts; Fan Chips Jalapeño; FutbolMix,Picante Chapín,Tamaño fiesta o reunión,Menos de Q10,No,Sí,Argentina,Probablemente sí,Brasil,Cristiano Ronaldo,Una selección nacional,Sorteo de camisetas,Sí,Edición Brasil
781,2026-04-16,20:08:28,25 - 34 años,Femenino,Guatemala,San Miguel Petapa,Ama de casa,3 a 5 veces por semana,Supermercado,Amigos,Q25 - Q50,ChocoKick Bites; Hot Stadium Peanuts,Jalapeño,Familiar,Q16 - Q20,Sí,Sí,México,Definitivamente sí,España,Neymar Jr.,Humor,Descuento directo,Sí,Edición Argentina
782,2026-02-06,18:30:07,35 - 44 años,Masculino,Retalhuleu,Otro municipio,Empleado privado,1 a 2 veces por semana,Supermercado,Amigos,Q51 - Q100,Mundialitos Queso Picante,Jalapeño,Individual,Q10 - Q15,No,Sí, FRANCIA ,Definitivamente sí,México,Lionel Messi; Jude Bellingham; Vinícius Júnior,Historias de aficionados,2x1,Sí,Edición Inglaterra
783,2026-03-04,09:23:38,35 - 44 años,Masculino,Guatemala,Guatemala,Empleado privado,Todos los días,Tienda de barrio,Solo,Q25 - Q50,FutbolMix; Hot Stadium Peanuts,Picante Chapín,Individual,Q10 - Q15,Sí,Sí,Brasil,Probablemente sí,España,Neymar Jr.,Un jugador famoso,Descuento directo,Sí,Edición Francia
784,2026-04-22,12:41:30,18 - 24 años,Masculino,Izabal,Izabal,Profesional independiente,1 a 2 veces por semana,,Familia,Q25 - Q50,Energy Crunch Protein; Fan Chips Jalapeño,Queso,Individual,Menos de Q10,Sí,Sí,Francia,Probablemente sí,Francia,Kylian Mbappé; Neymar Jr.; Vinícius Júnior,Una selección nacional,2x1,No,Edición con tarjetas coleccionables
785,2026-02-17,22:52:08,25 - 34 años,Masculino,Sacatepéquez,Sumpango,Estudiante,1 a 2 veces por semana,Gasolinera,Amigos,Menos de Q25,Victory Pretzels,Queso,Para compartir entre 2 personas,Q16 - Q20,No,Sí, BRASIL ,Tal vez,Argentina,Harry Kane; Jude Bellingham,Un jugador famoso,Sorteo de balones,No,Edición Mundial FIFA 2026
786,2026-02-08,15:44:55,25 - 34 años,Masculino,Baja Verapaz,Baja Verapaz,Empleado privado,Todos los días,Aplicación de delivery,Familia,Q25 - Q50,CrunchMax BBQ; Gol Nachos Supreme; Fan Chips Jalapeño,Jalapeño,Familiar,Q16 - Q20,Sí,Sí,Brasil,Definitivamente no,Colombia,Lionel Messi; Alphonso Davies; Cristiano Ronaldo,Una selección nacional,2x1,No,Edición con tarjetas coleccionables
787,2026-01-18,22:58:29,25 - 34 años,Masculino,Sacatepéquez,Ciudad Vieja,Profesional independiente,3 a 5 veces por semana,Gasolinera,Amigos,Q25 - Q50,Victory Pretzels,Queso,Familiar,Q16 - Q20,No,Sí,Argentina,Definitivamente sí,Croacia,Christian Pulisic; Cristiano Ronaldo,Un jugador famoso,Descuento directo,Sí,Edición Mundial FIFA 2026
788,2026-02-25,17:15:11,18 - 24 años,Femenino,Guatemala,Santa Catarina Pinula,Ama de casa,1 a 2 veces por semana,Tienda de barrio,Solo,Q25 - Q50,Gol Nachos Supreme; Mundialitos Queso Picante; Energy Crunch Protein,Barbacoa,Familiar,Q21 - Q30,Sí,Sí,Inglaterra,Definitivamente sí,Argentina,Neymar Jr.; Alphonso Davies; Lionel Messi,Premios y sorteos,Descuento directo,No,Edición Argentina
789,2026-03-01,13:37:09,Menos de 18 años,Femenino,Sacatepéquez,Ciudad Vieja,Empleado privado,Todos los días,Kiosco escolar/universitario,Compañeros de trabajo,Más de Q150,Mundialitos Queso Picante; ChocoKick Bites; FutbolMix,Barbacoa,Familiar,Más de Q30,No,Sí,Portugal,Tal vez,Argentina,Harry Kane,Humor,2x1,No,Edición Brasil
790,2026-03-24,17:36:29,18 - 24 años,Masculino,Santa Rosa,Santa Rosa,Estudiante,3 a 5 veces por semana,Kiosco escolar/universitario,Familia,Q51 - Q100,Gol Nachos Supreme; FutbolMix,Queso,Individual,Q21 - Q30,No,Sí,Colombia,Probablemente sí,Estados Unidos,Harry Kane,Un jugador famoso,Sorteo de balones,Sí,Edición España
791,2026-02-14,09:13:04,25 - 34 años,Masculino,Guatemala,Mixco,Profesional independiente,Todos los días,Tienda de barrio,Familia,Q25 - Q50,Mundialitos Queso Picante; Energy Crunch Protein,Picante Chapín,Individual,Q10 - Q15,Sí,Sí,México,Probablemente sí,Estados Unidos,Cristiano Ronaldo; Ninguno,Un jugador famoso,Sorteo de balones,No,Edición Francia
792,2026-04-09,21:34:59,35 - 44 años,Femenino,Chimaltenango,Patzún,Comerciante,1 a 2 veces por semana,Kiosco escolar/universitario,Compañeros de trabajo,Q51 - Q100,Gol Nachos Supreme; Fan Chips Jalapeño,Caramelo,Familiar,Q21 - Q30,Sí,Sí,Alemania,Probablemente no,Alemania,Lionel Messi,Premios y sorteos,Sorteo de balones,No,Edición Francia
793,2026-05-02,16:28:21,Menos de 18 años,Masculino,Sacatepéquez,Sumpango,Empleado privado,Todos los días,Tienda de barrio,Familia,Q25 - Q50,Victory Pretzels; Caramel Goal Popcorn; Fan Chips Jalapeño,Queso,Tamaño fiesta o reunión,Q21 - Q30,No,No,México,Tal vez,Portugal,Julián Álvarez; Lamine Yamal,Premios y sorteos,Descuento directo,Sí,Edición con jugadores famosos
794,2026-03-09,16:31:52,25 - 34 años,Femenino,Guatemala,Santa Catarina Pinula,Empleado privado,3 a 5 veces por semana,Tienda de barrio,Amigos,Menos de Q25,Fan Chips Jalapeño; Gol Nachos Supreme,Chocolate,Familiar,Q21 - Q30,Sí,Sí,Portugal,Probablemente sí,Francia,Kylian Mbappé; Ninguno,Un jugador famoso,Descuento directo,Sí,Edición con jugadores famosos
795,2026-02-20,09:40:26,35 - 44 años,Masculino, CHIMALTENANGO ,Patzún,Comerciante,1 a 2 veces por semana,Supermercado,Solo,Q25 - Q50,Hot Stadium Peanuts,Limón,Individual,Q10 - Q15,No,No,Francia,Tal vez,Congo DR,Cristiano Ronaldo; Neymar Jr.; Lamine Yamal,Historias de aficionados,Sorteo de camisetas,No,Edición Francia
796,2026-01-30,07:52:15,25 - 34 años,Masculino,Quetzaltenango,Quetzaltenango,Comerciante,1 a 2 veces por semana,Gasolinera,Compañeros de trabajo,Q51 - Q100,Mundialitos Queso Picante,Picante Chapín,Individual,Q10 - Q15,Sí,No,México,Probablemente sí,Estados Unidos,Neymar Jr.; Lamine Yamal,Un jugador famoso,Descuento directo,No,Edición con jugadores famosos
797,2026-02-18,07:29:11,25 - 34 años,Masculino,Quiché,Cabecera municipal,Estudiante,3 a 5 veces por semana,Tienda de barrio,Amigos,Q51 - Q100,Gol Nachos Supreme,Barbacoa,Tamaño fiesta o reunión,Q16 - Q20,Sí,No,Canadá,Definitivamente sí,Argentina,Kylian Mbappé,Un jugador famoso,Sorteo de viajes,Sí,Edición Mundial FIFA 2026
798,2026-03-14,14:00:28,45 - 54 años,Masculino, GUATEMALA ,Santa Catarina Pinula,Estudiante,1 a 2 veces por semana,Otro,Compañeros de trabajo,Q101 - Q150,Gol Nachos Supreme; Fan Chips Jalapeño,Salado Tradicional,Tamaño fiesta o reunión,Menos de Q10,Sí,Sí,México,Probablemente sí,Argentina,Julián Álvarez,Premios y sorteos,Sorteo de viajes,Sí,Edición Inglaterra
799,2026-04-25,20:01:17,Menos de 18 años,Femenino,Guatemala,Mixco,Empleado privado,3 a 5 veces por semana,Otro,Amigos,Q25 - Q50,Caramel Goal Popcorn,Jalapeño,Familiar,Más de Q30,Sí,Sí,Portugal,Definitivamente sí,Brasil,Lamine Yamal,Premios y sorteos,2x1,Sí,Edición con jugadores famosos
800,2026-05-01,18:31:27,25 - 34 años,Masculino,Guatemala,Guatemala,Empleado privado,Todos los días,Supermercado,Familia,Menos de Q25,Fan Chips Jalapeño; Gol Nachos Supreme,Limón,Tamaño fiesta o reunión,Menos de Q10,Sí,Sí,Brasil,Definitivamente sí,Argentina,Jude Bellingham; Lionel Messi,Premios y sorteos,Sorteo de camisetas,Sí,Edición Inglaterra
801,2026-02-25,22:58:59,18 - 24 años,Femenino,Sacatepéquez,Ciudad Vieja,Profesional independiente,Varias veces al mes,Kiosco escolar/universitario,Compañeros de trabajo,Q51 - Q100,CrunchMax BBQ; Mundialitos Queso Picante; Caramel Goal Popcorn,Barbacoa,Familiar,Q21 - Q30,Sí,Sí,México,Tal vez,Brasil,Kylian Mbappé; Alphonso Davies; Rodri,Una selección nacional,Producto gratis,Sí,Edición Argentina
802,2026-03-10,10:29:50,Menos de 18 años,Femenino,Sacatepéquez,Sumpango,Estudiante,Varias veces al mes,Kiosco escolar/universitario,Amigos,Más de Q150,Mundialitos Queso Picante; Victory Pretzels; CrunchMax BBQ,Queso,Para compartir entre 2 personas,Q16 - Q20,Sí,Sí,Estados Unidos,Definitivamente sí,Uruguay,Lionel Messi; Jude Bellingham,Un jugador famoso,Sorteo de balones,Sí,Edición con jugadores famosos
803,2026-01-27,14:53:53,18 - 24 años,Masculino,Escuintla,Santa Lucía Cotzumalguapa,Empleado privado,Todos los días,Gasolinera,Amigos,Menos de Q25,Energy Crunch Protein; Mundialitos Queso Picante,Picante Chapín,Para compartir entre 2 personas,Q10 - Q15,No,Sí,Argentina,Probablemente no,México,Julián Álvarez,Historias de aficionados,Descuento directo,No,Edición Argentina
804,2026-02-03,13:19:45,45 - 54 años,Masculino,Quetzaltenango,Coatepeque,Empresario,3 a 5 veces por semana,Otro,Familia,Q51 - Q100,CrunchMax BBQ,Queso,Para compartir entre 2 personas,Q16 - Q20,Sí,Sí,Francia,Probablemente sí,Argentina,Neymar Jr.; Cristiano Ronaldo,Humor,Sorteo de camisetas,Sí,Edición Brasil
805,2026-01-27,19:42:11,25 - 34 años,Femenino,Escuintla,Palín,Otro,1 a 2 veces por semana,Supermercado,Familia,Q51 - Q100,Mundialitos Queso Picante,Picante Chapín,Familiar,Q21 - Q30,Sí,Sí,México,Definitivamente sí,Francia,Kylian Mbappé; Alphonso Davies,Humor,Sorteo de camisetas,No,Edición Francia
806,2026-01-11,21:05:14,25 - 34 años,Masculino,Huehuetenango,Cabecera municipal,Empleado privado,Todos los días,Gasolinera,Familia,Q25 - Q50,Fan Chips Jalapeño; ChocoKick Bites; Mundialitos Queso Picante,Chocolate,Individual,Q16 - Q20,Sí,Sí,Argentina,Tal vez,Argentina,Cristiano Ronaldo; Kylian Mbappé; Neymar Jr.,Un jugador famoso,Tarjetas coleccionables,Sí,Edición Brasil
807,2026-04-16,20:18:43,18 - 24 años,Femenino,Sacatepéquez,Ciudad Vieja,Profesional independiente,3 a 5 veces por semana,Supermercado,Amigos,Menos de Q25,FutbolMix; Gol Nachos Supreme; Caramel Goal Popcorn,Jalapeño,Individual,Q10 - Q15,Sí,Sí,Brasil,Probablemente sí,España,Lionel Messi,Historias de aficionados,Sorteo de camisetas,Sí,Edición con jugadores famosos
808,2026-03-26,07:32:04,35 - 44 años,Masculino,Baja Verapaz,Otro municipio,Comerciante,Todos los días,Gasolinera,Solo,Más de Q150,FutbolMix,Queso,Familiar,Q10 - Q15,No,No,Brasil,Definitivamente sí,México,Lionel Messi,Premios y sorteos,Descuento directo,No,Edición Brasil
809,2026-04-10,17:59:55,25 - 34 años,Femenino,Guatemala,San Miguel Petapa,Ama de casa,Rara vez,Supermercado,Otro,Q51 - Q100,ChocoKick Bites; Energy Crunch Protein,Caramelo,Familiar,Q16 - Q20,Sí,Sí,Uruguay,Tal vez,Francia,Jude Bellingham; Kylian Mbappé; Lionel Messi,Un jugador famoso,2x1,Sí,Edición con jugadores famosos
810,2026-03-20,20:05:29,18 - 24 años,Femenino,Quetzaltenango,Coatepeque,,1 a 2 veces por semana,Tienda de barrio,Amigos,Q25 - Q50,CrunchMax BBQ; Hot Stadium Peanuts,Picante Chapín,Familiar,Más de Q30,No,Sí,Irán,Probablemente sí,Irak,Christian Pulisic; Vinícius Júnior; Neymar Jr.,Un jugador famoso,Tarjetas coleccionables,No,Edición Argentina
811,2026-03-07,17:09:49,18 - 24 años,Masculino,Sacatepéquez,Sumpango,Empleado privado,3 a 5 veces por semana,Tienda de barrio,Familia,Q25 - Q50,Caramel Goal Popcorn; Gol Nachos Supreme,Limón,Individual,Q21 - Q30,Sí,Sí,México,Tal vez,Portugal,Alphonso Davies; Vinícius Júnior; Rodri,Un jugador famoso,Descuento directo,Sí,Edición Brasil
812,2026-01-19,13:25:05,55 años o más,Masculino,Guatemala,San Miguel Petapa,Estudiante,3 a 5 veces por semana,Supermercado,Otro,Menos de Q25,ChocoKick Bites; Caramel Goal Popcorn; FutbolMix,Limón,Familiar,Q10 - Q15,No,Sí,Brasil,Tal vez,Argentina,Cristiano Ronaldo,Premios y sorteos,Descuento directo,Sí,Edición Argentina
813,2026-04-07,09:33:44,18 - 24 años,Masculino,Suchitepéquez,Cabecera municipal,Empresario,Todos los días,Tienda de barrio,Amigos,Q25 - Q50,CrunchMax BBQ; ChocoKick Bites,Chocolate,Familiar,Q21 - Q30,Sí,Sí,México,Probablemente no,Argentina,Cristiano Ronaldo; Vinícius Júnior,Un jugador famoso,Sorteo de camisetas,No,Edición con jugadores famosos
814,2026-02-11,08:36:14,18 - 24 años,Masculino,Huehuetenango,Huehuetenango,Profesional independiente,1 a 2 veces por semana,Tienda de barrio,Compañeros de trabajo,Menos de Q25,Fan Chips Jalapeño; ChocoKick Bites; FutbolMix,Chocolate,Tamaño fiesta o reunión,Q21 - Q30,Sí,Sí, TÜRKIYE ,Definitivamente sí,España,Cristiano Ronaldo,Premios y sorteos,Descuento directo,Sí,Edición con tarjetas coleccionables
815,2026-03-03,16:59:45,25 - 34 años,Masculino,Escuintla,Santa Lucía Cotzumalguapa,Comerciante,3 a 5 veces por semana,Supermercado,Amigos,Q25 - Q50,ChocoKick Bites,Barbacoa,Familiar,Q16 - Q20,Sí,Sí,México,Tal vez,Argentina,Cristiano Ronaldo; Lionel Messi; Christian Pulisic,Una selección nacional,2x1,No,Edición Mundial FIFA 2026
816,2026-03-25,09:03:50,18 - 24 años,Prefiero no indicarlo,Guatemala,Santa Catarina Pinula,Otro,1 a 2 veces por semana,Gasolinera,Familia,Q101 - Q150,CrunchMax BBQ; Mundialitos Queso Picante,Queso,Tamaño fiesta o reunión,Q16 - Q20,Sí,Sí,Brasil,Probablemente no,Curaçao,Vinícius Júnior; Cristiano Ronaldo,Premios y sorteos,Producto gratis,Sí,Edición con tarjetas coleccionables
817,2026-05-03,11:57:28,25 - 34 años,Femenino,El Progreso,Cabecera municipal,Empresario,1 a 2 veces por semana,Otro,Amigos,Q51 - Q100,Energy Crunch Protein; Fan Chips Jalapeño; FutbolMix,Salado Tradicional,Para compartir entre 2 personas,Q10 - Q15,Sí,Sí,México,Tal vez,Brasil,Lionel Messi,Premios y sorteos,Descuento directo,Sí,Edición con jugadores famosos
818,2026-02-25,07:49:42,25 - 34 años,Femenino,Guatemala,San Miguel Petapa,Profesional independiente,1 a 2 veces por semana,Supermercado,Amigos,Q25 - Q50,ChocoKick Bites; Mundialitos Queso Picante; Fan Chips Jalapeño,Picante Chapín,Tamaño fiesta o reunión,Q16 - Q20,No,Sí,Estados Unidos,Tal vez,Estados Unidos,Jude Bellingham,Un jugador famoso,2x1,No,Edición con jugadores famosos
819,2026-03-08,07:11:58,25 - 34 años,Femenino,Sacatepéquez, CIUDAD VIEJA ,Comerciante,Varias veces al mes,Tienda de barrio,Amigos,Q25 - Q50,Fan Chips Jalapeño; CrunchMax BBQ; Caramel Goal Popcorn,Barbacoa,Tamaño fiesta o reunión,Q16 - Q20,Sí,Sí,Portugal,Probablemente sí,Argentina,Cristiano Ronaldo,Una selección nacional,2x1,Sí,Edición Francia
820,2026-02-12,17:05:00,25 - 34 años,Femenino,Baja Verapaz,Baja Verapaz,Profesional independiente,3 a 5 veces por semana,Aplicación de delivery,Solo,Q101 - Q150,Mundialitos Queso Picante,Jalapeño,Para compartir entre 2 personas,Q16 - Q20,No,Sí,Francia,Probablemente sí,Portugal,Lamine Yamal,Un jugador famoso,Sorteo de balones,Sí,Edición Argentina
821,2026-01-21,10:14:21,45 - 54 años,Masculino,Chimaltenango,Chimaltenango,Empleado privado,Todos los días,Tienda de barrio,Amigos,Q25 - Q50,Fan Chips Jalapeño,Queso,Tamaño fiesta o reunión,Q10 - Q15,No,Sí,Portugal,Definitivamente sí,México,Vinícius Júnior; Lionel Messi; Neymar Jr.,Premios y sorteos,Sorteo de viajes,No,Edición Mundial FIFA 2026
822,2026-01-14,22:23:59,18 - 24 años,Masculino,Chimaltenango,Patzún,Empleado privado,Varias veces al mes,Otro,Amigos,Q25 - Q50,Hot Stadium Peanuts; CrunchMax BBQ; Fan Chips Jalapeño,Chocolate,Familiar,Q16 - Q20,Sí,Sí,Suecia,Definitivamente sí,Brasil,Lionel Messi; Rodri; Jude Bellingham,Humor,2x1,Sí,Edición Argentina
823,2026-03-30,13:28:34,25 - 34 años,Masculino,Guatemala,Mixco,Profesional independiente,Varias veces al mes,Aplicación de delivery,Otro,Q51 - Q100,Mundialitos Queso Picante,Picante Chapín,Tamaño fiesta o reunión,Q16 - Q20,No,Sí,Argentina,Definitivamente sí,Argentina,Federico Valverde; Neymar Jr.,Historias de aficionados,Tarjetas coleccionables,No,Edición Mundial FIFA 2026
824,2026-01-18,08:38:47,45 - 54 años,Femenino,Quetzaltenango,Olintepeque,Empleado privado,Todos los días,Supermercado,Familia,Q25 - Q50,Caramel Goal Popcorn,Barbacoa,Tamaño fiesta o reunión,Q16 - Q20,Sí,Sí,Francia,Definitivamente sí,Argentina,Cristiano Ronaldo; Christian Pulisic; Lionel Messi,Historias de aficionados,Descuento directo,Sí,Edición España
825,2026-04-13,13:33:04,25 - 34 años,Femenino,Guatemala,Guatemala,Estudiante,Rara vez,Aplicación de delivery,Amigos,Menos de Q25,Victory Pretzels,Limón,Individual,Q21 - Q30,Sí,Sí,España,Probablemente no,España,Christian Pulisic; Julián Álvarez,Un jugador famoso,Tarjetas coleccionables,No,Edición España
826,2026-01-19,16:08:42,25 - 34 años,Masculino,Suchitepéquez, CABECERA MUNICIPAL ,Empleado privado,3 a 5 veces por semana,Supermercado,Amigos,Q51 - Q100,Gol Nachos Supreme,Queso,Tamaño fiesta o reunión,Q21 - Q30,Sí,Sí,Francia,Definitivamente sí,México,Neymar Jr.; Federico Valverde,Una selección nacional,Descuento directo,Sí,Edición Francia
827,2026-03-30,22:08:24,35 - 44 años,Femenino,Jalapa,Cabecera municipal,Empleado privado,1 a 2 veces por semana,Supermercado,Amigos,Menos de Q25,Energy Crunch Protein; ChocoKick Bites,Barbacoa,Tamaño fiesta o reunión,Q10 - Q15,No,Sí,Francia,Probablemente sí,Nueva Zelanda,Lionel Messi,Un jugador famoso,Descuento directo,Sí,Edición Argentina
828,2026-03-18,18:48:24,35 - 44 años,Masculino,Zacapa,Cabecera municipal,Empleado privado,3 a 5 veces por semana,Supermercado,Familia,Menos de Q25,Hot Stadium Peanuts; Mundialitos Queso Picante; FutbolMix,Picante Chapín,Familiar,Q10 - Q15,Sí,Sí,Argentina,Tal vez,España,Julián Álvarez,Un jugador famoso,Sorteo de balones,Sí,Edición Francia
829,2026-02-08,08:05:40,25 - 34 años,Masculino,Santa Rosa,Cabecera municipal,Empleado privado,3 a 5 veces por semana,Tienda de barrio,Solo,Q25 - Q50,Caramel Goal Popcorn,Barbacoa,Para compartir entre 2 personas,Más de Q30,Sí,Sí,Portugal,Probablemente sí,México,Lionel Messi,Un jugador famoso,Descuento directo,No,Edición Mundial FIFA 2026
830,2026-04-14,14:42:48,18 - 24 años,Femenino,Izabal,Cabecera municipal,Jubilado,Varias veces al mes,Supermercado,Solo,Q101 - Q150,ChocoKick Bites; Victory Pretzels; Fan Chips Jalapeño,Picante Chapín,Individual,Q10 - Q15,Sí,Sí,España,Definitivamente sí,Panamá,Christian Pulisic; Lionel Messi,Premios y sorteos,2x1,No,Edición Inglaterra
831,2026-05-08,12:52:07,Menos de 18 años,Femenino,Chiquimula,Cabecera municipal,Empleado privado,3 a 5 veces por semana,Supermercado,Familia,Q101 - Q150,Gol Nachos Supreme; Victory Pretzels,Barbacoa,Individual,Q10 - Q15,Sí,Sí,México,Probablemente no,Argentina,Federico Valverde; Lamine Yamal; Kylian Mbappé,Un jugador famoso,Sorteo de viajes,Sí,Edición Argentina
832,2026-04-30,22:04:36,35 - 44 años,Femenino, SOLOLÁ ,Cabecera municipal,Empresario,1 a 2 veces por semana,Aplicación de delivery,Compañeros de trabajo,Menos de Q25,FutbolMix; Victory Pretzels,Chocolate,Para compartir entre 2 personas,Q21 - Q30,No,Sí,Uruguay,Tal vez,Argentina,Vinícius Júnior,Una selección nacional,Sorteo de balones,No,Edición con jugadores famosos
833,2026-03-29,09:42:23,25 - 34 años,Masculino,Guatemala,Guatemala,Comerciante,3 a 5 veces por semana,Gasolinera,Familia,Q51 - Q100,Fan Chips Jalapeño; CrunchMax BBQ; Mundialitos Queso Picante,Queso,Familiar,Q16 - Q20,Sí,Sí,Haití,Definitivamente sí,España,Lionel Messi; Neymar Jr.,Historias de aficionados,Producto gratis,Sí,Edición con tarjetas coleccionables
834,2026-02-25,08:23:27,45 - 54 años,Masculino,Chiquimula,Chiquimula,Jubilado,3 a 5 veces por semana,Gasolinera,Familia,Q25 - Q50,Mundialitos Queso Picante; ChocoKick Bites; Hot Stadium Peanuts,Barbacoa,Familiar,Menos de Q10,Sí,Sí,Argentina,Definitivamente no,México,Neymar Jr.,Humor,Descuento directo,Sí,Edición Inglaterra
835,2026-03-08,16:36:55,35 - 44 años,Femenino,Chimaltenango,Patzún,Empleado privado,1 a 2 veces por semana,Supermercado,Familia,Menos de Q25,FutbolMix; Fan Chips Jalapeño,Queso,Tamaño fiesta o reunión,Q10 - Q15,Sí,Sí,México,Probablemente sí,Portugal,Lionel Messi; Vinícius Júnior; Neymar Jr.,Una selección nacional,Tarjetas coleccionables,No,Edición Brasil
836,2026-02-02,07:54:33,35 - 44 años,Masculino,Sacatepéquez,Sumpango,Comerciante,Todos los días,Aplicación de delivery,Familia,Q25 - Q50,ChocoKick Bites; Gol Nachos Supreme,Barbacoa,Tamaño fiesta o reunión,Q10 - Q15,Sí,Sí,Estados Unidos,Probablemente no,Argentina,Lamine Yamal; Vinícius Júnior,Un jugador famoso,2x1,Sí,Edición Francia
837,2026-04-12,11:19:08,25 - 34 años,Femenino,Guatemala,Santa Catarina Pinula,Empleado privado,Varias veces al mes,Tienda de barrio,Familia,Q25 - Q50,Fan Chips Jalapeño; Energy Crunch Protein; Gol Nachos Supreme,Barbacoa,Para compartir entre 2 personas,Q16 - Q20,Sí,Sí,España,Probablemente sí,Francia,Jude Bellingham; Lionel Messi,Historias de aficionados,Sorteo de balones,Sí,Edición Mundial FIFA 2026
838,2026-01-26,13:18:53,35 - 44 años,Masculino,Guatemala,San Miguel Petapa,Comerciante,Todos los días,Tienda de barrio,Amigos,Q51 - Q100,Energy Crunch Protein; Mundialitos Queso Picante,Queso,Familiar,Q10 - Q15,Sí,Sí,Brasil,Probablemente sí, FRANCIA ,Neymar Jr.,Humor,2x1,No,Edición Mundial FIFA 2026
839,2026-02-04,07:06:18,25 - 34 años,Femenino,Jutiapa,Cabecera municipal,Empleado privado,3 a 5 veces por semana,Tienda de barrio,Familia,Q51 - Q100,ChocoKick Bites; Gol Nachos Supreme; Mundialitos Queso Picante,Barbacoa,Tamaño fiesta o reunión,Menos de Q10,Sí,Sí,Brasil,Tal vez,Inglaterra,Cristiano Ronaldo; Federico Valverde; Lamine Yamal,Premios y sorteos,Tarjetas coleccionables,Sí,Edición Brasil
840,2026-01-23,22:47:21,18 - 24 años,Femenino,Guatemala,San Miguel Petapa,Comerciante,1 a 2 veces por semana,Supermercado,Otro,Q25 - Q50,ChocoKick Bites; Fan Chips Jalapeño; Gol Nachos Supreme,Chocolate,Individual,Q16 - Q20,No,Sí,Francia,Probablemente sí,Brasil,Lionel Messi; Cristiano Ronaldo; Jude Bellingham,Una selección nacional,Descuento directo,No,Edición Brasil
841,2026-05-10,22:29:52,35 - 44 años,Masculino,Guatemala,Santa Catarina Pinula,Profesional independiente,1 a 2 veces por semana,Gasolinera,Amigos,Q101 - Q150,FutbolMix; Mundialitos Queso Picante; Hot Stadium Peanuts,Limón,Tamaño fiesta o reunión,Q21 - Q30,No,Sí,Portugal,Definitivamente no,Inglaterra,Federico Valverde,Humor,Sorteo de balones,No,Edición España
842,2026-01-21,10:31:11,25 - 34 años,Femenino,Chimaltenango,Chimaltenango,Profesional independiente,1 a 2 veces por semana,Tienda de barrio,Otro,Menos de Q25,CrunchMax BBQ,Queso,Tamaño fiesta o reunión,Q10 - Q15,No,Sí,España,Definitivamente sí,Inglaterra,Lamine Yamal; Cristiano Ronaldo,Una selección nacional,Tarjetas coleccionables,Sí,Edición con tarjetas coleccionables
843,2026-04-13,22:36:19,35 - 44 años,Femenino,Sacatepéquez,Jocotenango,Estudiante,Varias veces al mes,Gasolinera,Amigos,Q101 - Q150,Hot Stadium Peanuts,Queso,Individual,Q21 - Q30,Sí,Sí,Bosnia y Herzegovina,Definitivamente no,Noruega,Vinícius Júnior; Cristiano Ronaldo,Historias de aficionados,Descuento directo,No,Edición Argentina
844,2026-02-13,17:35:27,35 - 44 años,Masculino,El Progreso,Otro municipio,Estudiante,3 a 5 veces por semana,Aplicación de delivery,Familia,Q101 - Q150,Mundialitos Queso Picante; FutbolMix,Limón,Familiar,Q16 - Q20,No,Sí,Inglaterra,Definitivamente sí,Brasil,Cristiano Ronaldo; Kylian Mbappé; Harry Kane,Historias de aficionados,Tarjetas coleccionables,Sí,Edición con tarjetas coleccionables
845,2026-03-06,17:06:53,18 - 24 años,Masculino, SACATEPÉQUEZ ,Sumpango,Empleado público,Todos los días,Tienda de barrio,Amigos,Q25 - Q50,ChocoKick Bites; Fan Chips Jalapeño, BARBACOA ,Familiar,Q21 - Q30,No,Sí,España,Tal vez,Qatar,Neymar Jr.; Lionel Messi,Una selección nacional,Tarjetas coleccionables,Sí,Edición Mundial FIFA 2026
846,2026-02-26,15:38:53,18 - 24 años,Masculino,Guatemala,Villa Nueva,Estudiante,3 a 5 veces por semana,Gasolinera,Amigos,Q51 - Q100,Mundialitos Queso Picante,Jalapeño,Para compartir entre 2 personas,Q16 - Q20,Sí,Sí,Portugal,Definitivamente sí,España,Cristiano Ronaldo; Lionel Messi,Historias de aficionados,Tarjetas coleccionables,Sí,Edición Francia
847,2026-03-23,20:18:06,25 - 34 años,Masculino,Guatemala, VILLA NUEVA ,Empleado privado,1 a 2 veces por semana,Otro,Familia,Q101 - Q150,Mundialitos Queso Picante,Chocolate,Para compartir entre 2 personas,Q16 - Q20,Sí,Sí,Alemania,Definitivamente sí,Francia,Lionel Messi; Lamine Yamal,Humor,Descuento directo,Sí,Edición Argentina
848,2026-03-08,20:45:50,18 - 24 años,Femenino,Guatemala,Guatemala,Empleado privado,Todos los días,Supermercado,Amigos,Menos de Q25,CrunchMax BBQ; Mundialitos Queso Picante,Jalapeño,Individual,Q16 - Q20,No,Sí,Colombia,Definitivamente sí,Curaçao,Neymar Jr.; Julián Álvarez; Lionel Messi,Una selección nacional,Tarjetas coleccionables,Sí,Edición con jugadores famosos
849,2026-01-12,16:06:25,25 - 34 años,Masculino,Totonicapán,Totonicapán,Estudiante,3 a 5 veces por semana,Tienda de barrio,Familia,Q25 - Q50,Gol Nachos Supreme, DULCE ,Familiar,Q10 - Q15,No,Sí,Argentina,Tal vez,Uruguay,Cristiano Ronaldo; Kylian Mbappé,Premios y sorteos,2x1,Sí,Edición con jugadores famosos
850,2026-03-08,14:08:03,25 - 34 años,Masculino,Guatemala,Santa Catarina Pinula,Estudiante,1 a 2 veces por semana,Tienda de barrio,Amigos,Q25 - Q50,FutbolMix; CrunchMax BBQ; Hot Stadium Peanuts,Limón,Tamaño fiesta o reunión,Q10 - Q15,No,Sí,Portugal,Probablemente sí,Brasil,Vinícius Júnior,Humor,Producto gratis,No,Edición Brasil
851,2026-01-22,07:10:59,18 - 24 años,Femenino,Escuintla,Escuintla,Comerciante,3 a 5 veces por semana,Supermercado,Amigos,Q51 - Q100,Mundialitos Queso Picante; FutbolMix,Jalapeño,Familiar,Menos de Q10,Sí,Sí,México,Probablemente no,Argentina,Cristiano Ronaldo; Jude Bellingham,Un jugador famoso,Tarjetas coleccionables,No,Edición España
852,2026-02-27,19:48:02,25 - 34 años,Femenino,Guatemala,,Empleado privado,Todos los días,Gasolinera,Solo,Q25 - Q50,Fan Chips Jalapeño; ChocoKick Bites; Mundialitos Queso Picante,Limón,Familiar,Q10 - Q15,No,Sí,Croacia,Probablemente no,Brasil,Cristiano Ronaldo,Premios y sorteos,2x1,Sí,Edición con jugadores famosos
853,2026-04-12,09:27:40,35 - 44 años,Femenino,Jalapa,Cabecera municipal,Estudiante,Varias veces al mes,Supermercado,Familia,Menos de Q25,Caramel Goal Popcorn; FutbolMix; Hot Stadium Peanuts,Picante Chapín,Para compartir entre 2 personas,Menos de Q10,Sí,Sí,Francia,Definitivamente sí,España,Neymar Jr.; Kylian Mbappé; Federico Valverde,Una selección nacional,Sorteo de balones,Sí,Edición con jugadores famosos
854,2026-04-02,18:14:31,18 - 24 años,Femenino,Chimaltenango,Patzún,Empleado público,3 a 5 veces por semana,Tienda de barrio,Compañeros de trabajo,Más de Q150,CrunchMax BBQ; Mundialitos Queso Picante,Salado Tradicional,Individual,Q21 - Q30,Sí,Sí,Argentina,Definitivamente sí, BRASIL ,Lionel Messi; Kylian Mbappé; Julián Álvarez,Historias de aficionados,Descuento directo,No,Edición Mundial FIFA 2026
855,2026-03-24,07:48:04,35 - 44 años,Femenino,Sacatepéquez, SUMPANGO ,Empleado privado,3 a 5 veces por semana,Tienda de barrio,Familia,Q25 - Q50,FutbolMix,Queso,Tamaño fiesta o reunión,Más de Q30,Sí,Sí,Francia,Tal vez,México,Neymar Jr.,Un jugador famoso,Sorteo de camisetas,Sí,Edición España
856,2026-04-17,10:10:44,25 - 34 años,Masculino,Sacatepéquez,Sumpango,Empleado privado,1 a 2 veces por semana,Supermercado,Amigos,Q51 - Q100,Caramel Goal Popcorn; Gol Nachos Supreme; Mundialitos Queso Picante,Salado Tradicional,Individual,Q16 - Q20,Sí,Sí,Portugal,Definitivamente sí,Brasil,Cristiano Ronaldo; Christian Pulisic; Vinícius Júnior,Humor,2x1,No,Edición España
857,2026-04-16,08:19:36,35 - 44 años,Femenino,Guatemala,Villa Nueva,Estudiante,1 a 2 veces por semana,Supermercado,Amigos,Q51 - Q100,CrunchMax BBQ; Fan Chips Jalapeño; Mundialitos Queso Picante,Chocolate,Individual,Q21 - Q30,Sí,Sí,Brasil,Tal vez,Brasil,Julián Álvarez; Lamine Yamal; Jude Bellingham,Humor,Descuento directo,Sí,Edición Francia
858,2026-03-04,09:20:12,45 - 54 años,Masculino,Suchitepéquez,Otro municipio,Estudiante,Todos los días,Gasolinera,Familia,Menos de Q25,Mundialitos Queso Picante; FutbolMix,Jalapeño,Familiar,Q21 - Q30,No,Sí,Argentina,Probablemente no,Brasil,Cristiano Ronaldo,Un jugador famoso,Producto gratis,No,Edición Mundial FIFA 2026
859,2026-01-28,13:27:31,18 - 24 años,Femenino,Sacatepéquez,Antigua Guatemala,Estudiante,Rara vez,Tienda de barrio,Familia,Q51 - Q100,Caramel Goal Popcorn,Salado Tradicional,Familiar,Q16 - Q20,Sí,Sí,Brasil,Tal vez,México,Lionel Messi; Kylian Mbappé,Una selección nacional,Tarjetas coleccionables,Sí,Edición Mundial FIFA 2026
860,2026-04-28,19:07:50,18 - 24 años,Masculino,Sacatepéquez, CIUDAD VIEJA ,Empleado privado,3 a 5 veces por semana,Gasolinera,Amigos,Q51 - Q100,CrunchMax BBQ,Picante Chapín,Tamaño fiesta o reunión,Q10 - Q15,No,Sí,Argentina,Tal vez,México,Lamine Yamal,Humor,Tarjetas coleccionables,No,Edición con jugadores famosos
861,2026-03-22,12:32:31,25 - 34 años,Femenino,Guatemala,Villa Nueva,Empleado privado,3 a 5 veces por semana,Tienda de barrio,Solo,Q25 - Q50,Caramel Goal Popcorn; Hot Stadium Peanuts; CrunchMax BBQ,Limón,Familiar,Q10 - Q15,Sí,Sí,Nueva Zelanda,Probablemente no,Argentina,Jude Bellingham; Rodri; Cristiano Ronaldo,Humor,Tarjetas coleccionables,Sí,Edición España
862,2026-01-24,12:29:53,25 - 34 años,Femenino,Escuintla,Palín,Empleado privado,1 a 2 veces por semana,Gasolinera,Amigos,Q25 - Q50,Mundialitos Queso Picante; Victory Pretzels,Jalapeño,Familiar,Q16 - Q20,Sí,No,México,Definitivamente sí, BRASIL ,Rodri; Neymar Jr.,Un jugador famoso,Producto gratis,Sí,Edición con tarjetas coleccionables
863,2026-03-23,14:54:15,18 - 24 años,Femenino,Guatemala,Mixco,Estudiante,3 a 5 veces por semana,Supermercado,Amigos,Más de Q150,Mundialitos Queso Picante; Hot Stadium Peanuts; Gol Nachos Supreme,Barbacoa,Familiar,Q21 - Q30,No,No,Canadá,Tal vez,Brasil,Lionel Messi,Premios y sorteos,Sorteo de camisetas,No,Edición Brasil
864,2026-05-07,11:44:45,35 - 44 años,Femenino,Guatemala,Villa Nueva,Empleado privado,Varias veces al mes,Tienda de barrio,Familia,Q25 - Q50,CrunchMax BBQ; Fan Chips Jalapeño; Mundialitos Queso Picante,Jalapeño,Individual,Q10 - Q15,No,Sí,México,Probablemente sí,México,Kylian Mbappé; Neymar Jr.; Vinícius Júnior,Una selección nacional,Descuento directo,No,Edición Brasil
865,2026-04-17,13:47:48,45 - 54 años,Masculino,Chimaltenango,Patzún,Otro,Rara vez,Otro,Compañeros de trabajo,Q25 - Q50,Energy Crunch Protein,Queso,Tamaño fiesta o reunión,Más de Q30,No,Sí,Portugal,Probablemente sí,Portugal,Vinícius Júnior; Cristiano Ronaldo; Neymar Jr.,Un jugador famoso,Producto gratis,Sí,Edición con tarjetas coleccionables
866,2026-04-02,12:05:43,35 - 44 años,Femenino,Guatemala,Mixco,Empleado público,Varias veces al mes,Tienda de barrio,Familia,Q51 - Q100,Hot Stadium Peanuts,Jalapeño,Individual,Q21 - Q30,Sí,Sí,Francia,Tal vez,Argentina,Lionel Messi,Un jugador famoso,Descuento directo,No,Edición Argentina
867,2026-02-17,07:46:42,45 - 54 años,Femenino,Escuintla,Palín,Comerciante,1 a 2 veces por semana,Gasolinera,Familia,Q51 - Q100,ChocoKick Bites; Gol Nachos Supreme; CrunchMax BBQ,Chocolate,Familiar,Q10 - Q15,Sí,No,Uruguay,Tal vez,Estados Unidos,Lamine Yamal,Humor,2x1,No,Edición Brasil
868,2026-03-16,20:11:10,35 - 44 años,Femenino,Guatemala,Guatemala,Estudiante,1 a 2 veces por semana,Tienda de barrio,Familia,Q25 - Q50,FutbolMix,Dulce,Familiar,Q10 - Q15,No,Sí,Marruecos,Probablemente no,,Lionel Messi; Kylian Mbappé; Jude Bellingham,Historias de aficionados,Tarjetas coleccionables,No,Edición Brasil
869,2026-04-30,22:02:03,45 - 54 años,Femenino,Sacatepéquez,Antigua Guatemala,Estudiante,Varias veces al mes,Otro,Amigos,Q101 - Q150,Fan Chips Jalapeño; Gol Nachos Supreme; Victory Pretzels,Jalapeño,Familiar,Q21 - Q30,No,Sí,Brasil,Tal vez,Alemania,Lionel Messi; Cristiano Ronaldo,Un jugador famoso,2x1,Sí,Edición Argentina
870,2026-01-12,10:24:07,25 - 34 años,Femenino,Alta Verapaz,Otro municipio,Profesional independiente,3 a 5 veces por semana,Tienda de barrio,Amigos,Q101 - Q150,Mundialitos Queso Picante; Energy Crunch Protein,Barbacoa,Tamaño fiesta o reunión,Q21 - Q30,Sí,Sí,Colombia,Definitivamente sí, BRASIL ,Kylian Mbappé,Una selección nacional,Tarjetas coleccionables,No,Edición Mundial FIFA 2026
871,2026-02-13,10:03:44,Menos de 18 años,Prefiero no indicarlo,Escuintla,Palín,Empresario,3 a 5 veces por semana,Supermercado,Amigos,Q51 - Q100,Victory Pretzels,Chocolate,Para compartir entre 2 personas,Q16 - Q20,Sí,No,Senegal,Probablemente sí,Colombia,Kylian Mbappé,Un jugador famoso,Producto gratis,Sí,Edición Mundial FIFA 2026
872,2026-03-23,17:27:55,25 - 34 años,Femenino,Guatemala,Guatemala,Empresario,1 a 2 veces por semana,Kiosco escolar/universitario,Familia,Menos de Q25,Mundialitos Queso Picante; Gol Nachos Supreme,Jalapeño,Para compartir entre 2 personas,Q16 - Q20,No,Sí,Uruguay,Tal vez,Argentina,Neymar Jr.; Ninguno,Historias de aficionados,Tarjetas coleccionables,Sí,Edición Mundial FIFA 2026
873,2026-04-27,18:54:41,35 - 44 años,Masculino,Guatemala,Mixco,Empleado privado,3 a 5 veces por semana,Aplicación de delivery,Amigos,Menos de Q25,Mundialitos Queso Picante; Caramel Goal Popcorn,Queso,Individual,Más de Q30,Sí,Sí,Portugal,Tal vez,Noruega,Vinícius Júnior,Una selección nacional,Sorteo de viajes,Sí,Edición Francia
874,2026-01-19,15:50:56,18 - 24 años,Masculino,Guatemala,Guatemala,Empleado público,Varias veces al mes,Supermercado,Amigos,Q101 - Q150,Gol Nachos Supreme; FutbolMix; CrunchMax BBQ,Barbacoa,Familiar,Q10 - Q15,Sí,No,México,Definitivamente sí,Francia,Vinícius Júnior,Una selección nacional,Tarjetas coleccionables,Sí,Edición Argentina
875,2026-03-08,11:16:05,25 - 34 años,Femenino,Guatemala,Mixco,Empleado privado,3 a 5 veces por semana,Tienda de barrio,Solo,Más de Q150,FutbolMix; Gol Nachos Supreme; Fan Chips Jalapeño,Queso,Familiar,Q16 - Q20,Sí,Sí,México,Definitivamente sí,Argentina,Jude Bellingham; Lionel Messi,Una selección nacional,Descuento directo,Sí,Edición Argentina
876,2026-03-09,17:42:02,18 - 24 años,Masculino,Chimaltenango,Patzún,Profesional independiente,3 a 5 veces por semana,Supermercado,Amigos,Q101 - Q150,Fan Chips Jalapeño; FutbolMix,Picante Chapín,Tamaño fiesta o reunión,Q16 - Q20,Sí,Sí,Estados Unidos,Probablemente sí, ARGENTINA ,Lionel Messi,Premios y sorteos,2x1,No,Edición con tarjetas coleccionables
877,2026-01-16,17:37:54,45 - 54 años,Masculino,Guatemala,Villa Nueva,Estudiante,Todos los días,Gasolinera,Amigos,Menos de Q25,Gol Nachos Supreme; Victory Pretzels; Mundialitos Queso Picante,Queso,Individual,Q16 - Q20,No,Sí,Brasil,Probablemente no,Argentina,Cristiano Ronaldo; Neymar Jr.,Una selección nacional,Tarjetas coleccionables,Sí,Edición Argentina
878,2026-04-12,14:28:21,18 - 24 años,Femenino,Chimaltenango,Patzún,Empleado privado,3 a 5 veces por semana,Supermercado,Familia,Q25 - Q50,Mundialitos Queso Picante; Caramel Goal Popcorn,Queso,Individual,Menos de Q10,Sí,Sí,Argentina,Definitivamente sí, BRASIL ,Kylian Mbappé; Lamine Yamal,Una selección nacional,2x1,Sí,Edición con jugadores famosos
879,2026-01-24,14:34:46,18 - 24 años,Masculino,Petén,San Benito,Empleado privado,1 a 2 veces por semana,Gasolinera,Compañeros de trabajo,Q51 - Q100,ChocoKick Bites; Mundialitos Queso Picante,Picante Chapín,Familiar,Q10 - Q15,No,Sí,Uruguay,Tal vez,Brasil,Harry Kane,Humor,Sorteo de camisetas,Sí,Edición Mundial FIFA 2026
880,2026-02-10,21:40:01,25 - 34 años,Femenino,Guatemala,Santa Catarina Pinula,Ama de casa,1 a 2 veces por semana,Supermercado,Familia,Q101 - Q150,Mundialitos Queso Picante,Limón,Para compartir entre 2 personas,Menos de Q10,No,Sí,Brasil,Probablemente sí,México,Vinícius Júnior,Un jugador famoso,Sorteo de camisetas,Sí,Edición Brasil
881,2026-03-17,20:58:38,18 - 24 años,Femenino,Huehuetenango,Cabecera municipal,Estudiante,1 a 2 veces por semana,Gasolinera,Otro,Menos de Q25,Fan Chips Jalapeño; CrunchMax BBQ,Jalapeño,Individual,Más de Q30,No,Sí,España,Probablemente sí,Alemania,Alphonso Davies; Cristiano Ronaldo,Un jugador famoso,2x1,Sí,Edición Brasil
882,2026-03-15,15:58:04,45 - 54 años,Femenino,Chimaltenango,Chimaltenango,Estudiante,3 a 5 veces por semana,Tienda de barrio,Familia,Q25 - Q50,Hot Stadium Peanuts; Gol Nachos Supreme; Fan Chips Jalapeño,Barbacoa,Individual,Más de Q30,No,Sí,Argentina,Probablemente sí,Uzbekistán,Kylian Mbappé; Rodri; Neymar Jr.,Premios y sorteos,Sorteo de balones,Sí,Edición Brasil
883,2026-03-08,17:28:22,18 - 24 años,Masculino,Guatemala,Mixco,Estudiante,Varias veces al mes,Gasolinera,Familia,Q101 - Q150,Victory Pretzels; Fan Chips Jalapeño,Barbacoa,Individual,Q21 - Q30,Sí,Sí,España,Probablemente sí,Argentina,Neymar Jr.; Cristiano Ronaldo; Federico Valverde,Una selección nacional,Descuento directo,Sí,Edición Brasil
884,2026-02-06,20:18:23,25 - 34 años,Masculino,Guatemala,Mixco,Ama de casa,Todos los días,Supermercado,Amigos,Menos de Q25,Gol Nachos Supreme; Caramel Goal Popcorn; FutbolMix,Limón,Familiar,Q21 - Q30,No,Sí,Croacia,Probablemente sí,Suecia,Cristiano Ronaldo; Lionel Messi; Vinícius Júnior,Historias de aficionados,Sorteo de camisetas,Sí,Edición Mundial FIFA 2026
885,2026-04-20,22:20:02,18 - 24 años,Masculino,San Marcos,Cabecera municipal,Empleado público,Varias veces al mes,Tienda de barrio,Familia,Q25 - Q50,Fan Chips Jalapeño,Barbacoa,Familiar,Q10 - Q15,Sí,Sí,Brasil,Tal vez,Francia,Cristiano Ronaldo; Vinícius Júnior; Neymar Jr.,Humor,Sorteo de viajes,No,Edición Inglaterra
886,2026-05-03,17:12:24,25 - 34 años,Masculino, GUATEMALA ,Villa Nueva,Empleado público,Todos los días,Kiosco escolar/universitario,Amigos,Q101 - Q150,Hot Stadium Peanuts; ChocoKick Bites,Barbacoa,Tamaño fiesta o reunión,Q16 - Q20,No,No,México,Probablemente sí,Argentina,Cristiano Ronaldo; Lamine Yamal; Vinícius Júnior,Un jugador famoso,Sorteo de camisetas,No,Edición con tarjetas coleccionables
95,2026-03-18,07:22:43,25 - 34 años,Masculino,Guatemala,,Ama de casa,Varias veces al mes,Otro,Familia,Más de Q150,Fan Chips Jalapeño; CrunchMax BBQ,Limón,Individual,Menos de Q10,Sí,Sí,España,Definitivamente sí,Austria,Lionel Messi; Alphonso Davies; Neymar Jr.,Un jugador famoso,Sorteo de viajes,No,Edición Mundial FIFA 2026
888,2026-03-29,14:27:16,55 años o más,Femenino,Quetzaltenango,Olintepeque,Profesional independiente,1 a 2 veces por semana,Aplicación de delivery,Otro,Q25 - Q50,Fan Chips Jalapeño; Mundialitos Queso Picante; Gol Nachos Supreme,Caramelo,Tamaño fiesta o reunión,Q16 - Q20,Sí,Sí,Argentina,Probablemente sí,Brasil,Vinícius Júnior; Kylian Mbappé,Un jugador famoso,Producto gratis,Sí,Edición Mundial FIFA 2026
889,2026-02-09,20:05:37,55 años o más,Femenino,San Marcos,San Marcos,,1 a 2 veces por semana,Tienda de barrio,Otro,Q101 - Q150,CrunchMax BBQ,Queso,Familiar,Q16 - Q20,Sí,Sí,Uruguay,Tal vez,Corea del Sur,Lamine Yamal,Una selección nacional,2x1,Sí,Edición Argentina
890,2026-04-25,09:20:32,45 - 54 años,Masculino,Guatemala,Mixco,Ama de casa,Varias veces al mes,Aplicación de delivery,Familia,Q25 - Q50,Energy Crunch Protein; Fan Chips Jalapeño; Victory Pretzels, JALAPEÑO ,Individual,Más de Q30,Sí,Sí,México,Definitivamente sí,Panamá,Lionel Messi; Cristiano Ronaldo; Jude Bellingham,Una selección nacional,2x1,Sí,Edición Francia
891,2026-04-20,09:39:24,25 - 34 años,Femenino,Guatemala,Mixco,Ama de casa,1 a 2 veces por semana,Supermercado,Solo,Q25 - Q50,Caramel Goal Popcorn; CrunchMax BBQ; FutbolMix,Chocolate,Individual,Q10 - Q15,No,Sí,Inglaterra,Tal vez, BRASIL ,Julián Álvarez; Vinícius Júnior,Un jugador famoso,Sorteo de camisetas,Sí,Edición con jugadores famosos
892,2026-03-28,08:36:01,55 años o más,Masculino,Chiquimula,Otro municipio,Empleado privado,Varias veces al mes,Otro,Amigos,Q51 - Q100,Mundialitos Queso Picante; FutbolMix,Queso,Familiar,Q10 - Q15,Sí,Sí,Senegal,Tal vez,Argentina,Alphonso Davies; Lionel Messi,Una selección nacional,2x1,Sí,Edición con jugadores famosos
893,2026-04-23,08:35:26,18 - 24 años,Femenino,El Progreso,Otro municipio,Empleado privado,Rara vez,Tienda de barrio,Amigos,Q25 - Q50,Hot Stadium Peanuts; FutbolMix; Energy Crunch Protein,Chocolate,Familiar,Menos de Q10,Sí,Sí,Congo DR,Tal vez,Portugal,Federico Valverde; Lionel Messi; Cristiano Ronaldo,Un jugador famoso,Sorteo de camisetas,Sí,Edición Argentina
894,2026-04-17,13:35:27,45 - 54 años,Masculino,Guatemala,Santa Catarina Pinula,Ama de casa,1 a 2 veces por semana,Supermercado,Amigos,Q25 - Q50,Fan Chips Jalapeño; Gol Nachos Supreme,Limón,Individual,Q16 - Q20,No,Sí,Estados Unidos,Tal vez,Argentina,Lamine Yamal; Neymar Jr.; Lionel Messi,Historias de aficionados,2x1,Sí,Edición Inglaterra
895,2026-01-13,15:35:07,25 - 34 años,Femenino,Guatemala,San Miguel Petapa,Comerciante,Todos los días,Supermercado,Familia,Q51 - Q100,Gol Nachos Supreme; Mundialitos Queso Picante; CrunchMax BBQ,Caramelo,Familiar,Q16 - Q20,Sí,Sí,Francia,Probablemente sí,Brasil,Lamine Yamal,Historias de aficionados,2x1,Sí,Edición con tarjetas coleccionables
896,2026-03-16,14:12:41,35 - 44 años,Femenino,Guatemala,San Miguel Petapa,Empleado privado,1 a 2 veces por semana,Supermercado,Familia,Q51 - Q100,Gol Nachos Supreme; Caramel Goal Popcorn,Barbacoa,Individual,Q10 - Q15,Sí,Sí,Brasil,Tal vez,Brasil,Jude Bellingham; Lionel Messi; Christian Pulisic,Un jugador famoso,2x1,No,Edición con jugadores famosos
897,2026-05-03,09:18:18,35 - 44 años,Masculino,Jalapa,Jalapa,Profesional independiente,1 a 2 veces por semana,Tienda de barrio,Familia,Q101 - Q150,CrunchMax BBQ; Gol Nachos Supreme; Mundialitos Queso Picante,Queso,Para compartir entre 2 personas,Q16 - Q20,No,Sí,Estados Unidos,Probablemente sí,Estados Unidos,Kylian Mbappé,Un jugador famoso,Sorteo de camisetas,Sí,Edición con jugadores famosos
898,2026-02-19,12:12:30,35 - 44 años,Masculino,Guatemala,Villa Nueva,Estudiante,3 a 5 veces por semana,Supermercado,Amigos,Menos de Q25,Mundialitos Queso Picante; CrunchMax BBQ; Caramel Goal Popcorn,Dulce,Individual,Q16 - Q20,Sí,Sí,Irak,Probablemente no,Alemania,Alphonso Davies; Neymar Jr.,Una selección nacional,Sorteo de balones,Sí,Edición España
899,2026-02-23,16:26:32,35 - 44 años,Masculino,Guatemala,Guatemala,Comerciante,3 a 5 veces por semana,Tienda de barrio,Amigos,Más de Q150,Mundialitos Queso Picante; FutbolMix; Energy Crunch Protein,Queso,Familiar,Q16 - Q20,Sí,Sí,Brasil,Probablemente no,Portugal,Lamine Yamal; Cristiano Ronaldo,Un jugador famoso,Tarjetas coleccionables,Sí,Edición Brasil
900,2026-04-30,21:58:39,Menos de 18 años,Femenino,Suchitepéquez,Otro municipio,Comerciante,1 a 2 veces por semana,Supermercado,Amigos,Q25 - Q50,Fan Chips Jalapeño; Energy Crunch Protein,Salado Tradicional,Familiar,Q10 - Q15,No,No,Argentina,Definitivamente no,México,Lionel Messi; Neymar Jr.; Kylian Mbappé,Humor,Descuento directo,Sí,Edición Francia
901,2026-02-14,11:43:08,35 - 44 años,Femenino,Chimaltenango,Patzún,Profesional independiente,3 a 5 veces por semana,Otro,Amigos,Q25 - Q50,Energy Crunch Protein; CrunchMax BBQ; Hot Stadium Peanuts,Jalapeño,Individual,Q16 - Q20,Sí,Sí,México,Probablemente sí,México,Lionel Messi; Cristiano Ronaldo; Vinícius Júnior,Un jugador famoso,2x1,No,Edición Mundial FIFA 2026
902,2026-05-10,07:52:51,25 - 34 años,Masculino,Guatemala,San Miguel Petapa,Empleado privado,Todos los días,Otro,Solo,Q51 - Q100,CrunchMax BBQ; ChocoKick Bites,Picante Chapín,Tamaño fiesta o reunión,Menos de Q10,Sí,Sí,Francia,Definitivamente sí,Argentina,Alphonso Davies; Lionel Messi; Kylian Mbappé,Un jugador famoso,Tarjetas coleccionables,Sí,Edición España
903,2026-02-21,20:11:26,25 - 34 años,Masculino,Guatemala,Guatemala,Comerciante,1 a 2 veces por semana,Gasolinera,Amigos,Q25 - Q50,Mundialitos Queso Picante,Caramelo,Tamaño fiesta o reunión,Q16 - Q20,Sí,No,Brasil,Definitivamente sí,México,Lionel Messi; Kylian Mbappé; Cristiano Ronaldo,Humor,Sorteo de camisetas,No,Edición con jugadores famosos
904,2026-05-05,07:10:31,35 - 44 años,Masculino,Escuintla,Palín,Profesional independiente,3 a 5 veces por semana,Supermercado,Compañeros de trabajo,Q51 - Q100,Gol Nachos Supreme,Salado Tradicional,Tamaño fiesta o reunión,Q10 - Q15,Sí,Sí,Alemania,Probablemente sí,Francia,Neymar Jr.; Christian Pulisic; Vinícius Júnior,Un jugador famoso,Sorteo de camisetas,Sí,Edición Mundial FIFA 2026
905,2026-03-01,16:02:20,45 - 54 años,Masculino,Alta Verapaz,Cabecera municipal,Empleado privado,Varias veces al mes,Gasolinera,Amigos,Q51 - Q100,FutbolMix,Picante Chapín,Tamaño fiesta o reunión,Q10 - Q15,Sí,Sí,Inglaterra,Definitivamente sí, INGLATERRA ,Julián Álvarez; Vinícius Júnior; Harry Kane,Una selección nacional,Producto gratis,No,Edición Francia
906,2026-02-25,21:14:54,25 - 34 años,Femenino,Sacatepéquez,Ciudad Vieja,Empleado privado,3 a 5 veces por semana,Supermercado,Otro,Menos de Q25,ChocoKick Bites,Caramelo,Tamaño fiesta o reunión,Q10 - Q15,Sí,Sí,Ghana,Tal vez,Colombia,Vinícius Júnior,Un jugador famoso,Descuento directo,No,Edición Brasil
907,2026-04-17,07:27:58,25 - 34 años,Femenino,Quetzaltenango,Olintepeque,Estudiante,3 a 5 veces por semana,Gasolinera,Familia,Q51 - Q100,Hot Stadium Peanuts; Gol Nachos Supreme,Picante Chapín,Familiar,,No,Sí,Portugal,Probablemente no,Brasil,Cristiano Ronaldo; Vinícius Júnior,Premios y sorteos,Producto gratis,Sí,Edición con tarjetas coleccionables
908,2026-03-25,10:25:15,18 - 24 años,Femenino,Escuintla,Escuintla,Empresario,Varias veces al mes,Supermercado,Familia,Menos de Q25,FutbolMix; Mundialitos Queso Picante; Gol Nachos Supreme,Chocolate,Tamaño fiesta o reunión,Q21 - Q30,Sí,No,Portugal,Definitivamente sí,México,Lionel Messi; Vinícius Júnior; Harry Kane,Una selección nacional,Tarjetas coleccionables,Sí,Edición Francia
909,2026-05-10,07:49:25,35 - 44 años,Masculino,Guatemala,Santa Catarina Pinula,Profesional independiente,Varias veces al mes,Tienda de barrio,Amigos,Q51 - Q100,Mundialitos Queso Picante,,Para compartir entre 2 personas,Q10 - Q15,Sí,Sí,Argentina,Tal vez,Inglaterra,Neymar Jr.,Un jugador famoso,Tarjetas coleccionables,No,Edición Argentina
910,2026-04-24,20:02:26,55 años o más,Femenino,Sacatepéquez,Antigua Guatemala,Empleado privado,Todos los días,Tienda de barrio,Familia,Q25 - Q50,Fan Chips Jalapeño,Jalapeño,Tamaño fiesta o reunión,Q21 - Q30,No,Sí,Argentina,Tal vez,Portugal,Lionel Messi,Premios y sorteos,Sorteo de camisetas,No,Edición con tarjetas coleccionables
911,2026-01-22,18:17:20,35 - 44 años,Femenino,Guatemala,Mixco,Estudiante,Todos los días,Supermercado,Amigos,Q25 - Q50,Fan Chips Jalapeño; Caramel Goal Popcorn,Picante Chapín,Familiar,Q21 - Q30,Sí,Sí,Canadá,Probablemente sí,Francia,Neymar Jr.,Una selección nacional,Sorteo de camisetas,No,Edición Mundial FIFA 2026
912,2026-01-15,18:22:22,25 - 34 años,Femenino,Escuintla,Escuintla,Empleado privado,1 a 2 veces por semana,Tienda de barrio,Familia,Menos de Q25,Hot Stadium Peanuts; Mundialitos Queso Picante,Barbacoa,Familiar,Q21 - Q30,Sí,Sí,Brasil,Probablemente no,Brasil,Neymar Jr.,Una selección nacional,Producto gratis,Sí,Edición España
913,2026-02-02,19:28:28,35 - 44 años,Masculino,Guatemala,Guatemala,Estudiante,3 a 5 veces por semana,Tienda de barrio,Amigos,Q25 - Q50,Fan Chips Jalapeño; Mundialitos Queso Picante,Limón,Tamaño fiesta o reunión,Q16 - Q20,Sí,Sí,Argentina,Definitivamente sí,Inglaterra,Lionel Messi; Vinícius Júnior,Premios y sorteos,Tarjetas coleccionables,Sí,Edición con jugadores famosos
914,2026-03-31,21:32:58,25 - 34 años,Femenino,Suchitepéquez,Suchitepéquez,Profesional independiente,1 a 2 veces por semana,,Amigos,Q51 - Q100,FutbolMix; Fan Chips Jalapeño,Barbacoa,Individual,Q21 - Q30,No,Sí,Uruguay,Definitivamente sí,Cabo Verde,Cristiano Ronaldo,Un jugador famoso,Sorteo de balones,No,Edición Inglaterra
915,2026-02-26,19:35:16,25 - 34 años,Masculino,Guatemala,Santa Catarina Pinula,Comerciante,Rara vez,Supermercado,Compañeros de trabajo,Q101 - Q150,Fan Chips Jalapeño,Limón,Para compartir entre 2 personas,Q16 - Q20,Sí,Sí,Francia,Definitivamente no,Inglaterra,Christian Pulisic; Lionel Messi,Premios y sorteos,Tarjetas coleccionables,Sí,Edición con jugadores famosos
916,2026-05-03,16:53:59,18 - 24 años,Femenino,Chimaltenango,Patzún,Comerciante,Varias veces al mes,Tienda de barrio,Compañeros de trabajo,Q25 - Q50,Victory Pretzels,Queso,Para compartir entre 2 personas,Q10 - Q15,Sí,No,Inglaterra,Tal vez,Portugal,Cristiano Ronaldo; Lionel Messi,Un jugador famoso,2x1,Sí,Edición Mundial FIFA 2026
917,2026-05-05,13:38:01,25 - 34 años,Femenino,Guatemala,Mixco,Empleado privado,3 a 5 veces por semana,Supermercado,Amigos,Q51 - Q100,Mundialitos Queso Picante,Queso,Para compartir entre 2 personas,Q10 - Q15,Sí,No,Portugal,Probablemente sí,Argentina,Neymar Jr.,Una selección nacional,2x1,No,Edición Brasil
918,2026-01-19,07:57:31,35 - 44 años,Femenino,Guatemala,Villa Nueva,Profesional independiente,1 a 2 veces por semana,Aplicación de delivery,Amigos,Q25 - Q50,FutbolMix; Hot Stadium Peanuts; Fan Chips Jalapeño,Salado Tradicional,Individual,Q16 - Q20,Sí,Sí,Estados Unidos,Probablemente sí,Argentina,Julián Álvarez,Premios y sorteos,Producto gratis,No,Edición Brasil
919,2026-03-05,22:58:45,25 - 34 años,Femenino,Guatemala,San Miguel Petapa,Estudiante,Todos los días,Tienda de barrio,Amigos,Q25 - Q50,Energy Crunch Protein,Limón,Tamaño fiesta o reunión,Q16 - Q20,No,Sí,Argentina,Probablemente sí,Argentina,Lionel Messi; Christian Pulisic; Federico Valverde,Premios y sorteos,2x1,Sí,Edición con tarjetas coleccionables
920,2026-01-25,22:01:15,45 - 54 años,Femenino,Sacatepéquez,Sumpango,Comerciante,3 a 5 veces por semana,Gasolinera,Compañeros de trabajo,Q51 - Q100,Caramel Goal Popcorn,Limón,Individual,Q10 - Q15,Sí,Sí,Portugal,Probablemente sí, FRANCIA ,Harry Kane; Neymar Jr.; Cristiano Ronaldo,Premios y sorteos,2x1,Sí,Edición Inglaterra
921,2026-03-02,18:28:57,45 - 54 años,Femenino,Guatemala,Mixco,Estudiante,1 a 2 veces por semana,Supermercado,Solo,Menos de Q25,Energy Crunch Protein; Mundialitos Queso Picante,Chocolate,Para compartir entre 2 personas,Q16 - Q20,No,No,Francia,Probablemente sí,México,Harry Kane; Ninguno,Un jugador famoso,2x1,No,Edición con tarjetas coleccionables
922,2026-05-03,22:06:21,18 - 24 años,Masculino,Escuintla,Santa Lucía Cotzumalguapa,Empleado privado,3 a 5 veces por semana,Supermercado,Amigos,Q51 - Q100,FutbolMix,Jalapeño,Familiar,Menos de Q10,Sí,Sí,Bosnia y Herzegovina,Probablemente sí,Bosnia y Herzegovina,Neymar Jr.; Cristiano Ronaldo,Un jugador famoso,2x1,Sí,Edición con jugadores famosos
923,2026-03-28,22:25:47,25 - 34 años,Femenino,Guatemala,Santa Catarina Pinula,Profesional independiente,3 a 5 veces por semana,Supermercado,Familia,Q51 - Q100,Gol Nachos Supreme,Barbacoa,Familiar,Q16 - Q20,Sí,Sí,México,Tal vez,Argentina,Federico Valverde; Lamine Yamal,Una selección nacional,Descuento directo,Sí,Edición con tarjetas coleccionables
924,2026-02-01,19:19:17,18 - 24 años,Femenino,Quetzaltenango,Coatepeque,Empleado privado,Todos los días,Tienda de barrio,Amigos,Q25 - Q50,CrunchMax BBQ; Victory Pretzels,Barbacoa,Individual,Q10 - Q15,No,Sí,España,Probablemente sí,Francia,Rodri; Kylian Mbappé; Lionel Messi,Un jugador famoso,Sorteo de camisetas,No,Edición con jugadores famosos
925,2026-01-20,16:27:24,18 - 24 años,Masculino,Chimaltenango,Chimaltenango,Empleado privado,Varias veces al mes,Aplicación de delivery,Familia,Q51 - Q100,Caramel Goal Popcorn,Barbacoa,Individual,Q10 - Q15,Sí,Sí,Portugal,Tal vez,Croacia,Lionel Messi; Rodri,Un jugador famoso,Descuento directo,No,Edición Argentina
926,2026-03-26,22:54:03,25 - 34 años,Femenino,Jalapa,Jalapa,Comerciante,Varias veces al mes,Supermercado,Familia,Q25 - Q50,Gol Nachos Supreme; Hot Stadium Peanuts; CrunchMax BBQ,Picante Chapín,Familiar,Más de Q30,No,No,Egipto,Tal vez,Argentina,Jude Bellingham,Premios y sorteos,Tarjetas coleccionables,No,Edición Brasil
927,2026-03-24,18:14:27,55 años o más,Masculino, ZACAPA , OTRO MUNICIPIO ,Otro,Todos los días,Supermercado,Amigos,Q25 - Q50,ChocoKick Bites; Mundialitos Queso Picante; Gol Nachos Supreme,Queso,Familiar,Más de Q30,No,No,España,Probablemente sí,Austria,Lionel Messi; Cristiano Ronaldo,Un jugador famoso,Tarjetas coleccionables,Sí,Edición Mundial FIFA 2026
928,2026-04-23,11:41:05,25 - 34 años,Masculino,Guatemala,Villa Nueva,Otro,Todos los días,Supermercado,Amigos,Menos de Q25,Hot Stadium Peanuts; CrunchMax BBQ,Queso,Tamaño fiesta o reunión,Q10 - Q15,Sí,Sí,Uruguay,Tal vez,Argentina,Rodri; Lionel Messi,Historias de aficionados,Descuento directo,No,Edición Mundial FIFA 2026
929,2026-02-16,09:36:19,35 - 44 años,Femenino,Baja Verapaz,Otro municipio,Estudiante,Varias veces al mes,Otro,Otro,Q51 - Q100,Caramel Goal Popcorn; CrunchMax BBQ; Mundialitos Queso Picante,Picante Chapín,Individual,Más de Q30,No,No,México,Tal vez,Brasil,Lionel Messi; Federico Valverde,Historias de aficionados,Sorteo de viajes,Sí,Edición Brasil
930,2026-02-16,21:45:13,25 - 34 años,Masculino,Retalhuleu,Retalhuleu,Empleado privado,3 a 5 veces por semana,Tienda de barrio,Familia,Q25 - Q50,FutbolMix; CrunchMax BBQ,Limón,Para compartir entre 2 personas,Q10 - Q15,Sí,Sí,Canadá,Definitivamente sí,Argentina,Julián Álvarez; Cristiano Ronaldo,Un jugador famoso,Sorteo de viajes,No,Edición con tarjetas coleccionables
931,2026-02-16,12:31:02,18 - 24 años,Masculino,Guatemala, SAN MIGUEL PETAPA ,Ama de casa,Todos los días,Gasolinera,Familia,Q25 - Q50,Hot Stadium Peanuts; FutbolMix,Limón,Individual,Q10 - Q15,No,Sí,España,Definitivamente sí,México,Neymar Jr.,Premios y sorteos,Sorteo de viajes,Sí,Edición con jugadores famosos
932,2026-05-07,20:04:52,18 - 24 años,Masculino,Alta Verapaz,Alta Verapaz,Empleado privado,1 a 2 veces por semana,Gasolinera,Amigos,Q51 - Q100,Hot Stadium Peanuts; Mundialitos Queso Picante,Caramelo,Individual,Q21 - Q30,Sí,Sí,Portugal,Probablemente sí,Inglaterra,Jude Bellingham; Christian Pulisic,Un jugador famoso,Producto gratis,Sí,Edición Francia
933,2026-01-11,22:39:54,25 - 34 años,Femenino,San Marcos,Cabecera municipal,Empleado privado,Varias veces al mes,Gasolinera,Compañeros de trabajo,Q51 - Q100,Victory Pretzels; FutbolMix; Fan Chips Jalapeño,Limón,Para compartir entre 2 personas,Menos de Q10,Sí,Sí,Brasil,Definitivamente sí,Francia,Lionel Messi; Neymar Jr.,Una selección nacional,2x1,Sí,Edición con tarjetas coleccionables
934,2026-04-02,13:39:52,55 años o más,Masculino,Quetzaltenango,Olintepeque,Empleado privado,1 a 2 veces por semana,Kiosco escolar/universitario,Familia,Q25 - Q50,FutbolMix; Mundialitos Queso Picante,Picante Chapín,Familiar,Q10 - Q15,No,No,Costa de Marfil,Definitivamente sí,México,Lionel Messi,Un jugador famoso,2x1,Sí,Edición con jugadores famosos
935,2026-03-30,19:03:55,25 - 34 años,Femenino,Guatemala,Mixco,Empresario,3 a 5 veces por semana,Tienda de barrio,Familia,Q101 - Q150,Fan Chips Jalapeño,Barbacoa,Para compartir entre 2 personas,Q10 - Q15,Sí,Sí,Argentina,Probablemente sí,Argentina,Lionel Messi,Historias de aficionados,Sorteo de balones,Sí,Edición Argentina
936,2026-02-22,22:36:38,35 - 44 años,Masculino,Totonicapán,,Empleado privado,1 a 2 veces por semana,Supermercado,Amigos,Q101 - Q150,Victory Pretzels; FutbolMix; Fan Chips Jalapeño,Queso,Para compartir entre 2 personas,Q16 - Q20,Sí,Sí,Portugal,Definitivamente sí,Argelia,Vinícius Júnior; Cristiano Ronaldo; Lionel Messi,Un jugador famoso,Sorteo de camisetas,Sí,Edición Mundial FIFA 2026
937,2026-05-03,21:10:31,55 años o más,Masculino,Guatemala,Santa Catarina Pinula,Empleado privado,Varias veces al mes,Tienda de barrio,Amigos,Q51 - Q100,Victory Pretzels,Barbacoa,Para compartir entre 2 personas,Q16 - Q20,No,Sí,Portugal,Definitivamente sí,Brasil,Jude Bellingham; Lionel Messi,Una selección nacional,Sorteo de camisetas,No,Edición con tarjetas coleccionables
617,2026-05-06,11:53:11,35 - 44 años,Femenino,Jutiapa,Otro municipio,Empleado privado,1 a 2 veces por semana,,Familia,Q51 - Q100,Mundialitos Queso Picante; CrunchMax BBQ,Limón,Para compartir entre 2 personas,Q16 - Q20,Sí,Sí,Brasil,Tal vez,México,Neymar Jr.,Premios y sorteos,Sorteo de viajes,Sí,Edición Inglaterra
939,2026-01-31,10:37:32,45 - 54 años,Femenino,Chimaltenango,Chimaltenango,Estudiante,3 a 5 veces por semana,Supermercado,Amigos,Más de Q150,Mundialitos Queso Picante; ChocoKick Bites,Picante Chapín,Tamaño fiesta o reunión,Q21 - Q30,No,No,Argentina,Tal vez,Inglaterra,Vinícius Júnior; Lionel Messi; Cristiano Ronaldo,Un jugador famoso,Producto gratis,Sí,Edición con tarjetas coleccionables
940,2026-03-12,19:40:56,45 - 54 años,Femenino,Guatemala,Guatemala,Profesional independiente,3 a 5 veces por semana,Tienda de barrio,Amigos,Q51 - Q100,Caramel Goal Popcorn; Mundialitos Queso Picante,Limón,Familiar,Q10 - Q15,Sí,Sí,Francia,Definitivamente sí,Francia,Lionel Messi; Jude Bellingham; Kylian Mbappé,Una selección nacional,Sorteo de viajes,Sí,Edición Mundial FIFA 2026
941,2026-04-03,22:36:57,35 - 44 años,Femenino,Sacatepéquez,Jocotenango,Estudiante,Rara vez,Tienda de barrio,Amigos,Q51 - Q100,ChocoKick Bites,Dulce,Familiar,Menos de Q10,No,Sí,Francia,Probablemente sí,Estados Unidos,Kylian Mbappé; Christian Pulisic,Humor,2x1,Sí,Edición Brasil
942,2026-02-09,19:32:13,35 - 44 años,Femenino,Sacatepéquez,Jocotenango,Ama de casa,Rara vez,Tienda de barrio,Familia,Q51 - Q100,Hot Stadium Peanuts; Victory Pretzels,Barbacoa,Familiar,Q16 - Q20,Sí,Sí,Arabia Saudita,Probablemente sí,Portugal,Lamine Yamal; Lionel Messi,Un jugador famoso,Sorteo de viajes,No,Edición Mundial FIFA 2026
943,2026-02-21,07:30:22,18 - 24 años,Masculino,Guatemala,Santa Catarina Pinula,Comerciante,Rara vez,Tienda de barrio,Familia,Q25 - Q50,Gol Nachos Supreme,Jalapeño,Individual,Q10 - Q15,Sí,Sí,Argentina,Tal vez,Argentina,Julián Álvarez,Un jugador famoso,2x1,Sí,Edición España
944,2026-04-05,18:07:24,45 - 54 años,Masculino,Guatemala,Santa Catarina Pinula,Otro,3 a 5 veces por semana,Tienda de barrio,Compañeros de trabajo,Q25 - Q50,FutbolMix,Limón,Familiar,Más de Q30,Sí,Sí,México,Definitivamente sí,Cabo Verde,Cristiano Ronaldo; Federico Valverde; Neymar Jr.,Humor,2x1,Sí,Edición Mundial FIFA 2026
945,2026-04-24,16:07:15,25 - 34 años,Femenino,Guatemala,Villa Nueva,Empleado privado,Rara vez,Kiosco escolar/universitario,Familia,Q25 - Q50,FutbolMix; CrunchMax BBQ; Gol Nachos Supreme,Salado Tradicional,Individual,Q21 - Q30,Sí,No,Argentina,Probablemente sí,Uruguay,Neymar Jr.,Premios y sorteos,Sorteo de camisetas,No,Edición Francia
946,2026-03-29,09:59:49,18 - 24 años,Femenino,Quetzaltenango,Olintepeque,Ama de casa,Todos los días,Tienda de barrio,Solo,Q51 - Q100,Fan Chips Jalapeño,Picante Chapín,Para compartir entre 2 personas,Q16 - Q20,No,Sí,Argentina,Tal vez,Brasil,Cristiano Ronaldo; Neymar Jr.,Humor,2x1,Sí,Edición Brasil
947,2026-01-27,10:43:16,25 - 34 años,Masculino,Chimaltenango,Patzún,Empleado público,1 a 2 veces por semana,Kiosco escolar/universitario,Familia,Q25 - Q50,CrunchMax BBQ; Fan Chips Jalapeño,Limón,Familiar,Q16 - Q20,No,No,Argentina,Probablemente sí,Inglaterra,Kylian Mbappé; Cristiano Ronaldo,Un jugador famoso,Descuento directo,No,Edición España
948,2026-03-23,10:19:15,35 - 44 años,Masculino,Chimaltenango,Tecpán Guatemala,Empresario,3 a 5 veces por semana,Tienda de barrio,Amigos,Q25 - Q50,ChocoKick Bites; Fan Chips Jalapeño; FutbolMix,Limón,Familiar,Q16 - Q20,No,Sí,Argentina,Probablemente sí,Brasil,Neymar Jr.; Lamine Yamal,Una selección nacional,2x1,Sí,Edición Brasil
949,2026-03-12,10:32:21,25 - 34 años,Masculino, RETALHULEU ,Cabecera municipal,Ama de casa,3 a 5 veces por semana,Supermercado,Amigos,Q25 - Q50,CrunchMax BBQ; Energy Crunch Protein; Hot Stadium Peanuts,Jalapeño,Individual,Q16 - Q20,No,Sí,España,Probablemente sí,Francia,Lamine Yamal; Ninguno,Un jugador famoso,Descuento directo,Sí,Edición con tarjetas coleccionables
950,2026-04-22,20:18:22,45 - 54 años,Masculino,Escuintla,Palín,Empresario,1 a 2 veces por semana,Supermercado,Compañeros de trabajo,Q51 - Q100,Mundialitos Queso Picante, CHOCOLATE ,Familiar,Q10 - Q15,No,Sí,México,Definitivamente sí,Argentina,Cristiano Ronaldo; Vinícius Júnior; Julián Álvarez,Historias de aficionados,Sorteo de camisetas,No,Edición Inglaterra
951,2026-01-25,09:14:37,35 - 44 años,Femenino,Guate,Santa Catarina Pinula,Empleado privado,3 a 5 veces por semana,Tienda de barrio,Familia,Q25 - Q50,FutbolMix, CHOCOLATE ,Tamaño fiesta o reunión,Q16 - Q20,Sí,Sí,México,Definitivamente sí,Argentina,Rodri,Un jugador famoso,Sorteo de balones,Sí,Edición Inglaterra
952,2026-01-20,16:58:01,25 - 34 años,Femenino,Guatemala,San Miguel Petapa,Ama de casa,3 a 5 veces por semana,Kiosco escolar/universitario,Familia,Q51 - Q100,Gol Nachos Supreme; CrunchMax BBQ,Chocolate,Individual,Q10 - Q15,Sí,Sí,Francia,Tal vez,Argentina,Ninguno; Lionel Messi; Christian Pulisic,Una selección nacional,Sorteo de camisetas,No,Edición España
953,2026-02-14,09:15:22,35 - 44 años,Masculino,Sacatepéquez,,Empleado privado,1 a 2 veces por semana,Tienda de barrio,Compañeros de trabajo,Menos de Q25,ChocoKick Bites; Hot Stadium Peanuts,Barbacoa,Para compartir entre 2 personas,Q10 - Q15,No,Sí,Portugal,Definitivamente sí,Argentina,Neymar Jr.; Ninguno; Vinícius Júnior,Humor,Sorteo de camisetas,No,Edición Francia
954,2026-03-01,18:35:16,55 años o más,Femenino,Sacatepéquez,Jocotenango,Comerciante,1 a 2 veces por semana,Tienda de barrio,Amigos,Más de Q150,Fan Chips Jalapeño,Queso,Familiar,Q16 - Q20,No,Sí,Inglaterra,Probablemente sí,Estados Unidos,Jude Bellingham; Ninguno; Julián Álvarez,Una selección nacional,Tarjetas coleccionables,No,Edición con tarjetas coleccionables
955,2026-03-05,08:46:29,18 - 24 años,Masculino,Quetzaltenango,Olintepeque,Empresario,3 a 5 veces por semana,Aplicación de delivery,Amigos,Q25 - Q50,Gol Nachos Supreme,Picante Chapín,Familiar,Q10 - Q15,Sí,Sí,Argentina,Definitivamente sí,Argentina,Lionel Messi,Una selección nacional,2x1,Sí,Edición Francia
956,2026-03-06,22:22:51,55 años o más,Masculino, SUCHITEPÉQUEZ ,Cabecera municipal,Empleado privado,3 a 5 veces por semana,Kiosco escolar/universitario,Compañeros de trabajo,Q101 - Q150,Gol Nachos Supreme,Barbacoa,Familiar,Q21 - Q30,Sí,Sí,Francia,Probablemente sí,Brasil,Federico Valverde; Christian Pulisic,Una selección nacional,Sorteo de balones,Sí,Edición Argentina
957,2026-04-22,15:56:38,18 - 24 años,Masculino,Quetzaltenango, QUETZALTENANGO ,Otro,3 a 5 veces por semana,Supermercado,Amigos,Q25 - Q50,Fan Chips Jalapeño,Limón,Tamaño fiesta o reunión,Q10 - Q15,No,No,México,Definitivamente sí,Argentina,Vinícius Júnior; Lamine Yamal; Kylian Mbappé,Un jugador famoso,Sorteo de viajes,Sí,Edición con jugadores famosos
958,2026-02-04,21:52:21,25 - 34 años,Masculino,Huehuetenango,Cabecera municipal,Comerciante,Rara vez,Supermercado,Solo,Menos de Q25,Victory Pretzels,Jalapeño,Familiar,Q16 - Q20,No,Sí,Alemania,Definitivamente no,España,Alphonso Davies; Lionel Messi; Cristiano Ronaldo,Premios y sorteos,Descuento directo,Sí,Edición Argentina
959,2026-05-03,11:39:58,55 años o más,Femenino,Guatemala, GUATEMALA ,Empleado privado,1 a 2 veces por semana,Supermercado,Familia,Q25 - Q50,Victory Pretzels; Energy Crunch Protein,Barbacoa,Familiar,Q16 - Q20,Sí,Sí,Argentina,Definitivamente sí,Brasil,Lamine Yamal,Un jugador famoso,Sorteo de camisetas,Sí,Edición Francia
960,2026-01-29,15:29:54,35 - 44 años,Masculino,Guatemala,San Miguel Petapa,Empleado público,3 a 5 veces por semana,,Familia,Q51 - Q100,Fan Chips Jalapeño; Victory Pretzels,Limón,Individual,Q16 - Q20,Sí,No,Brasil,Definitivamente no,Argentina,Lamine Yamal; Cristiano Ronaldo; Federico Valverde,Premios y sorteos,Descuento directo,Sí,Edición con jugadores famosos
961,2026-03-11,10:03:44,25 - 34 años,Femenino, GUATEMALA ,San Miguel Petapa,Ama de casa,Todos los días,Otro,Otro,Q51 - Q100,CrunchMax BBQ; Mundialitos Queso Picante; Fan Chips Jalapeño,Barbacoa,Para compartir entre 2 personas,Q16 - Q20,No,Sí,México,Probablemente sí,Brasil,Kylian Mbappé; Christian Pulisic,Historias de aficionados,Producto gratis,No,Edición con tarjetas coleccionables
962,2026-03-04,15:54:24,18 - 24 años,Femenino,Guatemala,Guatemala,Empleado privado,3 a 5 veces por semana,Tienda de barrio,Familia,Q25 - Q50,Fan Chips Jalapeño,Queso,Para compartir entre 2 personas,Q16 - Q20,Sí,Sí,España,Tal vez,Portugal,Lionel Messi; Cristiano Ronaldo,Un jugador famoso,Descuento directo,No,Edición Argentina
963,2026-03-14,11:01:57,25 - 34 años,Femenino,Izabal,Izabal,Empleado privado,Varias veces al mes,Otro,Familia,Q25 - Q50,Fan Chips Jalapeño; Hot Stadium Peanuts,Picante Chapín,Familiar,Q10 - Q15,Sí,Sí,Portugal,Probablemente sí,Portugal,Lionel Messi; Kylian Mbappé; Jude Bellingham,Un jugador famoso,2x1,Sí,Edición Mundial FIFA 2026
964,2026-01-28,19:38:27,25 - 34 años,Femenino,Sacatepéquez,Antigua Guatemala,Ama de casa,Todos los días,Supermercado,Familia,Menos de Q25,FutbolMix; Energy Crunch Protein; Gol Nachos Supreme,Picante Chapín,Individual,,Sí,Sí,Argentina,Definitivamente sí,South Africa,Vinícius Júnior; Neymar Jr.; Cristiano Ronaldo,Premios y sorteos,Tarjetas coleccionables,Sí,Edición Argentina
965,2026-02-10,09:02:56,25 - 34 años,Femenino,Guatemala,Mixco,Comerciante,1 a 2 veces por semana,Tienda de barrio,Amigos,Q25 - Q50,Fan Chips Jalapeño; Victory Pretzels; Mundialitos Queso Picante,Queso,Familiar,Q10 - Q15,Sí,Sí,Francia,Definitivamente sí,México,Harry Kane,Historias de aficionados,Producto gratis,No,Edición España
966,2026-03-06,09:15:00,25 - 34 años,Masculino,Totonicapán,Otro municipio,Otro,1 a 2 veces por semana,Gasolinera,Amigos,Q51 - Q100,Fan Chips Jalapeño,Barbacoa,Para compartir entre 2 personas,Q16 - Q20,No,Sí,México,Definitivamente sí,Uruguay,Cristiano Ronaldo,Una selección nacional,Descuento directo,Sí,Edición Argentina
967,2026-02-22,17:16:40,25 - 34 años,Femenino,Sacatepéquez,Antigua Guatemala,Estudiante,3 a 5 veces por semana,Supermercado,Familia,Menos de Q25,Hot Stadium Peanuts; CrunchMax BBQ; Energy Crunch Protein,Picante Chapín,Para compartir entre 2 personas,Q10 - Q15,No,Sí,Brasil,Tal vez,Argentina,Lamine Yamal,Un jugador famoso,Sorteo de camisetas,No,Edición con jugadores famosos
968,2026-04-09,12:09:46,18 - 24 años,Masculino,Chimaltenango,Patzún,Empleado privado,3 a 5 veces por semana,Supermercado,Solo,Q25 - Q50,Fan Chips Jalapeño; Energy Crunch Protein; Mundialitos Queso Picante, SALADO TRADICIONAL ,Individual,Q10 - Q15,Sí,Sí,Panamá,Probablemente sí,Congo DR,Kylian Mbappé; Lionel Messi,Historias de aficionados,2x1,No,Edición con jugadores famosos
969,2026-03-18,14:52:11,Menos de 18 años,Masculino,Escuintla,Palín,Empleado privado,Varias veces al mes,Supermercado,Solo,Q101 - Q150,Caramel Goal Popcorn; Mundialitos Queso Picante; Victory Pretzels,Limón,Familiar,Q16 - Q20,Sí,Sí,Francia,Probablemente sí,Brasil,Federico Valverde; Lionel Messi; Lamine Yamal,Historias de aficionados,Descuento directo,No,Edición con jugadores famosos
970,2026-04-18,18:22:08,35 - 44 años,Femenino,Guatemala,Villa Nueva,Comerciante,Todos los días,Tienda de barrio,Amigos,Más de Q150,Hot Stadium Peanuts; Fan Chips Jalapeño,Picante Chapín,Familiar,Más de Q30,Sí,Sí,Uruguay,Probablemente sí,Colombia,Cristiano Ronaldo,Una selección nacional,Sorteo de camisetas,Sí,Edición Francia
971,2026-05-05,19:26:26,25 - 34 años,Femenino,Escuintla,Santa Lucía Cotzumalguapa,Profesional independiente,1 a 2 veces por semana,Kiosco escolar/universitario,Amigos,Q25 - Q50,FutbolMix; Fan Chips Jalapeño; Caramel Goal Popcorn,Queso,Individual,Q21 - Q30,Sí,Sí,Türkiye,Probablemente sí,Portugal,Kylian Mbappé,Un jugador famoso,Sorteo de camisetas,Sí,Edición Argentina
972,2026-02-27,14:27:17,35 - 44 años,Femenino,Guatemala,Villa Nueva,Empleado privado,1 a 2 veces por semana,Tienda de barrio,Solo,Menos de Q25,Gol Nachos Supreme; Fan Chips Jalapeño; CrunchMax BBQ,Jalapeño,Tamaño fiesta o reunión,Q21 - Q30,Sí,No,Portugal,Probablemente sí,Portugal,Lionel Messi; Cristiano Ronaldo; Jude Bellingham,Un jugador famoso,Producto gratis,Sí,Edición Mundial FIFA 2026
973,2026-04-18,09:28:43,18 - 24 años,Masculino,Guatemala,Santa Catarina Pinula,Ama de casa,3 a 5 veces por semana,Supermercado,Amigos,Q101 - Q150,ChocoKick Bites; FutbolMix; Gol Nachos Supreme,Jalapeño,Para compartir entre 2 personas,Q16 - Q20,Sí,Sí,Estados Unidos,Tal vez,España,Cristiano Ronaldo; Lionel Messi,Historias de aficionados,Tarjetas coleccionables,Sí,Edición con jugadores famosos
974,2026-01-12,07:25:34,Menos de 18 años,Masculino,Guatemala,Guatemala,Empleado privado,Varias veces al mes,Tienda de barrio,Solo,Menos de Q25,Caramel Goal Popcorn,Queso,Individual,Q16 - Q20,Sí,Sí,Alemania,Probablemente sí, ALEMANIA ,Kylian Mbappé,Un jugador famoso,2x1,Sí,Edición con jugadores famosos
975,2026-03-21,15:38:05,45 - 54 años,Femenino,Zacapa,Zacapa,Empleado privado,3 a 5 veces por semana,Tienda de barrio,Solo,Q25 - Q50,FutbolMix,Caramelo,Individual,Q16 - Q20,No,Sí,Bélgica,Tal vez,Brasil,Cristiano Ronaldo; Neymar Jr.,Premios y sorteos,Tarjetas coleccionables,No,Edición con jugadores famosos
976,2026-01-25,14:26:48,25 - 34 años,Masculino,Guatemala,San Miguel Petapa,Ama de casa,1 a 2 veces por semana,Supermercado,Familia,Q25 - Q50,CrunchMax BBQ,Jalapeño,Tamaño fiesta o reunión,Q16 - Q20,No,Sí,Brasil,Tal vez,Brasil,Ninguno; Neymar Jr.,Una selección nacional,Tarjetas coleccionables,Sí,Edición Argentina
977,2026-05-09,22:24:15,35 - 44 años,Masculino,Guatemala,Guatemala,Empleado privado,Varias veces al mes,Tienda de barrio,Amigos,Q25 - Q50,Mundialitos Queso Picante; Victory Pretzels,Jalapeño,Familiar,Q16 - Q20,No,Sí,Argentina,Tal vez,Estados Unidos,Cristiano Ronaldo; Neymar Jr.; Julián Álvarez,Un jugador famoso,Tarjetas coleccionables,Sí,Edición Argentina
978,2026-04-18,13:52:36,25 - 34 años,Femenino,Petén,Poptún,Empleado público,Rara vez,Supermercado,Familia,Menos de Q25,Mundialitos Queso Picante; Gol Nachos Supreme,Jalapeño,Familiar,Q21 - Q30,No,No,Uruguay,Probablemente sí,Argentina,Kylian Mbappé; Lamine Yamal; Rodri,Humor,Descuento directo,Sí,Edición Argentina
979,2026-03-26,13:37:10,18 - 24 años,Masculino,Guatemala,Villa Nueva,Empleado privado,3 a 5 veces por semana,Tienda de barrio,Amigos,Q101 - Q150,Mundialitos Queso Picante,Barbacoa,Familiar,Q10 - Q15,No,Sí,Portugal,Probablemente sí,Inglaterra,Lamine Yamal; Cristiano Ronaldo,Humor,Sorteo de camisetas,Sí,Edición Inglaterra
980,2026-04-20,10:30:22,18 - 24 años,Femenino,Quetzaltenango,Coatepeque,Empleado privado,1 a 2 veces por semana,Supermercado,Compañeros de trabajo,Q51 - Q100,CrunchMax BBQ; Caramel Goal Popcorn,Caramelo,Para compartir entre 2 personas,Q10 - Q15,No,Sí,México,Definitivamente sí, ESTADOS UNIDOS ,Kylian Mbappé; Vinícius Júnior; Alphonso Davies,Humor,2x1,Sí,Edición Inglaterra
981,2026-04-17,17:10:08,45 - 54 años,Femenino,Baja Verapaz,Baja Verapaz,Estudiante,Varias veces al mes,Gasolinera,Otro,Q51 - Q100,Fan Chips Jalapeño; CrunchMax BBQ; Energy Crunch Protein,Picante Chapín,Tamaño fiesta o reunión,Q21 - Q30,Sí,Sí,Brasil,Probablemente sí,Brasil,Lionel Messi; Neymar Jr.,Un jugador famoso,Sorteo de camisetas,No,Edición Mundial FIFA 2026
982,2026-01-31,22:31:15,35 - 44 años,Masculino,Guatemala,Guatemala,Empleado privado,1 a 2 veces por semana,Aplicación de delivery,Amigos,Q25 - Q50,Fan Chips Jalapeño; Mundialitos Queso Picante; Caramel Goal Popcorn,Jalapeño,Familiar,Q16 - Q20,No,Sí,México,Definitivamente sí,Bosnia y Herzegovina,Cristiano Ronaldo,Un jugador famoso,Sorteo de viajes,No,Edición con tarjetas coleccionables
983,2026-04-01,11:56:41,25 - 34 años,Masculino,Quiché,Quiché,Estudiante,Varias veces al mes,Supermercado,Amigos,Q51 - Q100,Fan Chips Jalapeño,Picante Chapín,Para compartir entre 2 personas,Menos de Q10,Sí,No,Irán,Probablemente no,Francia,Cristiano Ronaldo,Un jugador famoso,Descuento directo,Sí,Edición Mundial FIFA 2026
984,2026-03-23,20:43:15,Menos de 18 años,Masculino,Guatemala,Villa Nueva,Otro,1 a 2 veces por semana,Supermercado,Familia,Q51 - Q100,ChocoKick Bites,Salado Tradicional,Familiar,Más de Q30,Sí,Sí,España,Definitivamente sí,Alemania,Lionel Messi; Lamine Yamal,Un jugador famoso,Descuento directo,No,Edición Argentina
985,2026-02-08,20:09:45,Menos de 18 años,Femenino,Guatemala,San Miguel Petapa,Estudiante,3 a 5 veces por semana,Supermercado,Solo,Q51 - Q100,CrunchMax BBQ,Barbacoa,Para compartir entre 2 personas,Q10 - Q15,Sí,Sí,México,Probablemente sí,Francia,Neymar Jr.,Humor,Descuento directo,No,Edición Inglaterra
986,2026-05-05,14:36:51,55 años o más,Femenino,Guatemala,San Miguel Petapa,Ama de casa,1 a 2 veces por semana,Supermercado,Amigos,Q25 - Q50,Caramel Goal Popcorn; Mundialitos Queso Picante; CrunchMax BBQ,Salado Tradicional,Familiar,Q10 - Q15,Sí,Sí,Congo DR,Definitivamente sí,Argentina,Rodri; Cristiano Ronaldo,Un jugador famoso,2x1,Sí,Edición Mundial FIFA 2026
987,2026-02-11,11:09:07,35 - 44 años,Masculino,Zacapa,Otro municipio,Profesional independiente,1 a 2 veces por semana,Aplicación de delivery,Familia,Menos de Q25,Victory Pretzels; Mundialitos Queso Picante,Salado Tradicional,Familiar,Q21 - Q30,Sí,Sí,Brasil,Probablemente no,México,Cristiano Ronaldo; Lamine Yamal,Un jugador famoso,Sorteo de camisetas,No,Edición con jugadores famosos
988,2026-02-17,12:35:32,Menos de 18 años,Masculino,Guatemala,Guatemala,Estudiante,1 a 2 veces por semana,Supermercado,Amigos,Menos de Q25,Fan Chips Jalapeño; Mundialitos Queso Picante,Chocolate,Para compartir entre 2 personas,Q16 - Q20,Sí,Sí,México,Probablemente sí,Francia,Ninguno,Un jugador famoso,Sorteo de camisetas,No,Edición Brasil
989,2026-02-12,17:35:57,55 años o más,Femenino,Guatemala,,Estudiante,1 a 2 veces por semana,Aplicación de delivery,Familia,Más de Q150,Mundialitos Queso Picante,Jalapeño,Individual,Q21 - Q30,Sí,Sí,Brasil,Probablemente no,Paraguay,Christian Pulisic; Lionel Messi,Un jugador famoso,Tarjetas coleccionables,No,Edición Mundial FIFA 2026
990,2026-02-15,17:25:54,18 - 24 años,Masculino,Retalhuleu,Cabecera municipal,Empleado público,Varias veces al mes,Supermercado,Familia,Q51 - Q100,ChocoKick Bites,Salado Tradicional,Individual,Q21 - Q30,Sí,Sí,Portugal,Probablemente sí,Argentina,Lionel Messi; Jude Bellingham; Julián Álvarez,Premios y sorteos,Sorteo de balones,No,Edición Inglaterra
991,2026-03-28,19:18:04,25 - 34 años,Masculino,Alta Verapaz,,Empleado público,1 a 2 veces por semana,Tienda de barrio,Compañeros de trabajo,Q25 - Q50,Gol Nachos Supreme; Energy Crunch Protein; Caramel Goal Popcorn,Queso,Familiar,Q16 - Q20,No,Sí,Argentina,Definitivamente sí,Uruguay,Kylian Mbappé; Neymar Jr.,Una selección nacional,Tarjetas coleccionables,Sí,Edición Mundial FIFA 2026
992,2026-02-06,12:27:01,18 - 24 años,Masculino,Jutiapa,,Estudiante,Varias veces al mes,Supermercado,Familia,Q51 - Q100,ChocoKick Bites,Queso,Para compartir entre 2 personas,Más de Q30,No,No,Uruguay,Definitivamente sí,Brasil,Cristiano Ronaldo,Una selección nacional,Descuento directo,No,Edición con tarjetas coleccionables
993,2026-02-28,12:49:12,18 - 24 años,Masculino,Guatemala,San Miguel Petapa,Empresario,3 a 5 veces por semana,Supermercado,Amigos,Menos de Q25,Gol Nachos Supreme,Barbacoa,Para compartir entre 2 personas,Q16 - Q20,No,Sí,Alemania,Definitivamente sí,Argentina,Alphonso Davies,Una selección nacional,Descuento directo,No,Edición Argentina
994,2026-04-04,09:31:34,25 - 34 años,Femenino,Quetzaltenango,Coatepeque,Estudiante,Todos los días,Tienda de barrio,Amigos,Q51 - Q100,CrunchMax BBQ; ChocoKick Bites; Hot Stadium Peanuts,Salado Tradicional,Individual,Q21 - Q30,Sí,Sí,Inglaterra,Probablemente no,Alemania,Alphonso Davies; Vinícius Júnior,Una selección nacional,Tarjetas coleccionables,No,Edición Francia
995,2026-02-22,11:22:50,55 años o más,Masculino,Guatemala,,Estudiante,3 a 5 veces por semana,Tienda de barrio,Familia,Q25 - Q50,CrunchMax BBQ,Caramelo,Familiar,Q16 - Q20,Sí,Sí,Argentina,Tal vez,Portugal,Neymar Jr.; Alphonso Davies; Cristiano Ronaldo,Humor,Tarjetas coleccionables,Sí,Edición Mundial FIFA 2026
996,2026-03-22,11:29:40,45 - 54 años,Masculino,Guatemala,Guatemala,Empleado privado,Todos los días,Supermercado,Compañeros de trabajo,Más de Q150,ChocoKick Bites; Mundialitos Queso Picante; Fan Chips Jalapeño,Picante Chapín,Individual,Menos de Q10,Sí,Sí,España,Probablemente sí,Países Bajos,Jude Bellingham; Lionel Messi,Una selección nacional,Descuento directo,Sí,Edición Argentina
997,2026-01-17,14:28:47,18 - 24 años,Masculino,Quetzaltenango,Quetzaltenango,Empleado privado,3 a 5 veces por semana,Supermercado,Otro,Q51 - Q100,FutbolMix; Gol Nachos Supreme; Energy Crunch Protein,Picante Chapín,Familiar,Menos de Q10,Sí,Sí, CANADÁ ,Probablemente sí,Francia,Vinícius Júnior; Rodri; Julián Álvarez,Premios y sorteos,2x1,Sí,Edición Francia
998,2026-02-27,22:00:13,35 - 44 años,Masculino,Chimaltenango,Tecpán Guatemala,Ama de casa,Todos los días,Kiosco escolar/universitario,Solo,Q25 - Q50,Gol Nachos Supreme,Picante Chapín,Para compartir entre 2 personas,Q21 - Q30,No,Sí,México,Definitivamente sí,Inglaterra,Lionel Messi; Cristiano Ronaldo; Lamine Yamal,Un jugador famoso,Descuento directo,No,Edición España
999,2026-02-17,10:19:25,Menos de 18 años,Femenino,Quetzaltenango,Coatepeque,Empresario,Varias veces al mes,Aplicación de delivery,Amigos,Q101 - Q150,Gol Nachos Supreme; Energy Crunch Protein,Jalapeño,Para compartir entre 2 personas,Q10 - Q15,Sí,No,Inglaterra,Probablemente sí,Portugal,Cristiano Ronaldo,Humor,Sorteo de camisetas,Sí,Edición Francia
1000,2026-02-12,15:17:02,35 - 44 años,Masculino,Guatemala,Santa Catarina Pinula,Empresario,Varias veces al mes,Tienda de barrio,Familia,Menos de Q25,Gol Nachos Supreme,Jalapeño,Tamaño fiesta o reunión,Q21 - Q30,Sí,Sí,Portugal,Tal vez,Inglaterra,Vinícius Júnior; Kylian Mbappé; Lionel Messi,Premios y sorteos,Sorteo de balones,No,Edición Mundial FIFA 2026
1001,2026-05-07,21:36:17,55 años o más,Masculino,Jutiapa,Cabecera municipal,Estudiante,3 a 5 veces por semana,Kiosco escolar/universitario,Solo,Q25 - Q50,Gol Nachos Supreme,Picante Chapín,Para compartir entre 2 personas,Q10 - Q15,Sí,Sí,Brasil,Probablemente sí,Brasil,Vinícius Júnior; Neymar Jr.,Un jugador famoso,Tarjetas coleccionables,No,Edición Francia
1002,2026-01-16,17:26:11,25 - 34 años,Femenino,Sacatepéquez,Jocotenango,Empresario,3 a 5 veces por semana,Supermercado,Familia,Q25 - Q50,CrunchMax BBQ,Jalapeño,Individual,Q10 - Q15,Sí,Sí,Uruguay,Probablemente sí,Argentina,Kylian Mbappé; Vinícius Júnior,Un jugador famoso,Descuento directo,No,Edición España
1003,2026-05-10,19:59:08,25 - 34 años,Prefiero no indicarlo,Guatemala,Guatemala,Estudiante,3 a 5 veces por semana,Aplicación de delivery,Familia,Q25 - Q50,Hot Stadium Peanuts,Salado Tradicional,Tamaño fiesta o reunión,Q21 - Q30,No,Sí,Estados Unidos,Definitivamente no,Uruguay,Cristiano Ronaldo; Alphonso Davies,Premios y sorteos,Descuento directo,No,Edición con jugadores famosos
1004,2026-04-08,18:41:27,35 - 44 años,Masculino,Guatemala,Villa Nueva,Comerciante,1 a 2 veces por semana,Tienda de barrio,Familia,Q101 - Q150,CrunchMax BBQ; Gol Nachos Supreme; Mundialitos Queso Picante,Barbacoa,Familiar,Q16 - Q20,Sí,No,Francia,Tal vez,Portugal,Lionel Messi; Lamine Yamal,Una selección nacional,Tarjetas coleccionables,No,Edición Mundial FIFA 2026
1005,2026-04-18,07:32:33,45 - 54 años,Masculino,Petén,Flores,Profesional independiente,1 a 2 veces por semana,Tienda de barrio,Amigos,Q101 - Q150,Fan Chips Jalapeño; CrunchMax BBQ,Caramelo,Tamaño fiesta o reunión,Q21 - Q30,No,Sí,Alemania,Tal vez,Argentina,Kylian Mbappé; Vinícius Júnior,Una selección nacional,Descuento directo,Sí,Edición España
1006,2026-04-18,21:05:08,Menos de 18 años,Masculino,El Progreso,El Progreso,Empresario,Varias veces al mes,Gasolinera,Solo,Q51 - Q100,Mundialitos Queso Picante; Gol Nachos Supreme; CrunchMax BBQ,Salado Tradicional,Familiar,Q16 - Q20,Sí,Sí,Brasil,Probablemente sí,Inglaterra,Lionel Messi,Un jugador famoso,Sorteo de viajes,No,Edición con tarjetas coleccionables
1007,2026-02-26,16:30:22,45 - 54 años,Masculino,San Marcos,Otro municipio,Comerciante,Varias veces al mes,Gasolinera,Familia,Q25 - Q50,Energy Crunch Protein; CrunchMax BBQ; FutbolMix,Picante Chapín,Para compartir entre 2 personas,Más de Q30,Sí,Sí,Argentina,Definitivamente sí,Brasil,Jude Bellingham,Humor,Producto gratis,Sí,Edición Argentina
1008,2026-03-23,13:24:33,35 - 44 años,Masculino,El Progreso,El Progreso,Empleado privado,Varias veces al mes,Tienda de barrio,Amigos,Menos de Q25,Mundialitos Queso Picante; FutbolMix; Gol Nachos Supreme,Queso,Para compartir entre 2 personas,Q16 - Q20,Sí,Sí,Argentina,Probablemente sí,Argentina,Kylian Mbappé; Neymar Jr.,Premios y sorteos,Sorteo de camisetas,Sí,Edición Brasil
1009,2026-04-12,20:08:51,18 - 24 años,Femenino,Guatemala,San Miguel Petapa,Comerciante,Varias veces al mes,Tienda de barrio,Amigos,Más de Q150,Hot Stadium Peanuts; CrunchMax BBQ; Mundialitos Queso Picante,Queso,Individual,Q21 - Q30,No,Sí,Argentina,Definitivamente sí,Argentina,Cristiano Ronaldo; Lionel Messi,Una selección nacional,Descuento directo,No,Edición Francia
1010,2026-02-28,20:55:13,Menos de 18 años,Femenino,San Marcos,Otro municipio,Estudiante,3 a 5 veces por semana,Tienda de barrio,Otro,Q25 - Q50,Caramel Goal Popcorn, QUESO ,Familiar,Q10 - Q15,Sí,Sí,España,Definitivamente sí,Francia,Kylian Mbappé; Neymar Jr.,Un jugador famoso,Producto gratis,Sí,Edición Inglaterra
1011,2026-04-06,16:31:12,55 años o más,Femenino,Guatemala,Santa Catarina Pinula,Empleado público,Varias veces al mes,Otro,Familia,Q25 - Q50,Hot Stadium Peanuts; Caramel Goal Popcorn; Mundialitos Queso Picante,Queso,Familiar,Q21 - Q30,No,Sí, ALEMANIA ,Tal vez,Brasil,Lionel Messi; Harry Kane,Historias de aficionados,Sorteo de camisetas,No,Edición Argentina
1012,2026-02-14,17:06:03,25 - 34 años,Masculino,Guatemala,Villa Nueva,Empleado privado,3 a 5 veces por semana,Aplicación de delivery,Familia,Q25 - Q50,Gol Nachos Supreme; Fan Chips Jalapeño,Jalapeño,Familiar,Q10 - Q15,No,Sí,Brasil,Probablemente sí,Brasil,Neymar Jr.; Cristiano Ronaldo,Una selección nacional,Producto gratis,No,Edición Francia
1013,2026-01-27,10:13:00,55 años o más,Masculino,Alta Verapaz,Cabecera municipal,Empleado privado,Varias veces al mes,Tienda de barrio,Familia,Menos de Q25,Mundialitos Queso Picante,Dulce,Tamaño fiesta o reunión,Q21 - Q30,Sí,Sí,Inglaterra,Definitivamente sí,México,Cristiano Ronaldo; Harry Kane; Lamine Yamal,Historias de aficionados,Sorteo de camisetas,Sí,Edición Argentina
1014,2026-03-29,16:39:34,45 - 54 años,Femenino,Quetzaltenango,Coatepeque,Empresario,Todos los días,Tienda de barrio,Familia,Más de Q150,FutbolMix,Salado Tradicional,Familiar,Q21 - Q30,Sí,Sí,Portugal,Definitivamente sí,Estados Unidos,Christian Pulisic,Historias de aficionados,2x1,No,Edición con jugadores famosos
1015,2026-01-21,10:25:29,Menos de 18 años,Femenino,Retalhuleu,Cabecera municipal,Empleado privado,3 a 5 veces por semana,Kiosco escolar/universitario,Solo,Q51 - Q100,Fan Chips Jalapeño; FutbolMix; Mundialitos Queso Picante,Limón,Familiar,Q21 - Q30,No,Sí,Francia,Probablemente sí,Canadá,Jude Bellingham,Una selección nacional,Producto gratis,No,Edición con tarjetas coleccionables
1016,2026-03-23,16:28:46,25 - 34 años,Masculino,Guatemala,San Miguel Petapa,Profesional independiente,1 a 2 veces por semana,Supermercado,Otro,Q51 - Q100,Caramel Goal Popcorn,Caramelo,Para compartir entre 2 personas,Q21 - Q30,No,Sí,Inglaterra,Tal vez,Inglaterra,Harry Kane,Una selección nacional,Producto gratis,Sí,Edición con jugadores famosos
1017,2026-01-31,07:45:15,35 - 44 años,Masculino,Escuintla,Escuintla,Empresario,Varias veces al mes,Tienda de barrio,Familia,Menos de Q25,Fan Chips Jalapeño; FutbolMix; CrunchMax BBQ,Picante Chapín,Familiar,Q21 - Q30,Sí,Sí,Alemania,Tal vez,Brasil,Cristiano Ronaldo,Una selección nacional,Descuento directo,Sí,Edición Brasil
1018,2026-02-20,22:31:08,Menos de 18 años,Masculino,Zacapa,Otro municipio,Comerciante,Todos los días,Aplicación de delivery,Amigos,Q25 - Q50,Caramel Goal Popcorn,Limón,Familiar,Q16 - Q20,Sí,Sí,México,Tal vez,Uruguay,Kylian Mbappé; Jude Bellingham,Una selección nacional,Sorteo de camisetas,Sí,Edición Inglaterra
1019,2026-01-18,13:55:36,25 - 34 años,Masculino,Guatemala, SANTA CATARINA PINULA ,Ama de casa,Todos los días,Kiosco escolar/universitario,Familia,Q25 - Q50,Energy Crunch Protein; Mundialitos Queso Picante,Dulce,Para compartir entre 2 personas,Más de Q30,Sí,Sí,México,Tal vez,Estados Unidos,Lamine Yamal; Federico Valverde; Neymar Jr.,Una selección nacional,Descuento directo,No,Edición Mundial FIFA 2026
1020,2026-02-08,12:59:46,25 - 34 años,Femenino,Escuintla,Santa Lucía Cotzumalguapa,Estudiante,Todos los días,Supermercado,Amigos,Q101 - Q150,Hot Stadium Peanuts; Mundialitos Queso Picante, LIMÓN ,Para compartir entre 2 personas,Q16 - Q20,Sí,Sí,Estados Unidos,Tal vez,Brasil,Neymar Jr.,Una selección nacional,2x1,No,Edición Mundial FIFA 2026
1021,2026-02-16,10:03:36,25 - 34 años,Femenino,Quetzaltenango,Olintepeque,Estudiante,Rara vez,Kiosco escolar/universitario,Familia,Q101 - Q150,CrunchMax BBQ; Gol Nachos Supreme,Barbacoa,Familiar,Q10 - Q15,No,Sí,Nueva Zelanda,Definitivamente sí,Inglaterra,Vinícius Júnior,Premios y sorteos,Producto gratis,Sí,Edición Mundial FIFA 2026
1022,2026-03-04,19:32:04,18 - 24 años,Masculino,Chimaltenango,Chimaltenango,Comerciante,Rara vez,Supermercado,Amigos,Menos de Q25,Fan Chips Jalapeño; Victory Pretzels,Queso,Para compartir entre 2 personas,Q10 - Q15,Sí,Sí,México,Tal vez,España,Neymar Jr.; Cristiano Ronaldo; Lamine Yamal,Historias de aficionados,2x1,Sí,Edición con tarjetas coleccionables
1023,2026-02-02,21:54:29,18 - 24 años,Femenino,Quetzaltenango,Olintepeque,Estudiante,1 a 2 veces por semana,Aplicación de delivery,Amigos,Q25 - Q50,Caramel Goal Popcorn,Queso,Para compartir entre 2 personas,Más de Q30,No,Sí,España,Definitivamente sí,Inglaterra,Lionel Messi; Vinícius Júnior,Un jugador famoso,2x1,Sí,Edición Francia
1024,2026-03-23,10:17:43,18 - 24 años,Femenino,Quetzaltenango,Quetzaltenango,Profesional independiente,3 a 5 veces por semana,Tienda de barrio,Compañeros de trabajo,Q51 - Q100,Hot Stadium Peanuts; Mundialitos Queso Picante; Fan Chips Jalapeño,Chocolate,Familiar,Menos de Q10,No,Sí,Brasil,Probablemente no,Francia,Lionel Messi; Cristiano Ronaldo,Una selección nacional,Sorteo de camisetas,No,Edición Francia
1025,2026-04-17,21:06:34,Menos de 18 años,Femenino,Huehuetenango,Cabecera municipal,Ama de casa,1 a 2 veces por semana,Supermercado,Familia,Menos de Q25,CrunchMax BBQ; Caramel Goal Popcorn,Queso,Familiar,Q16 - Q20,Sí,Sí,Brasil,Probablemente sí,Argentina,Neymar Jr.; Lionel Messi,Humor,Tarjetas coleccionables,Sí,Edición Mundial FIFA 2026
1026,2026-01-12,09:52:00,35 - 44 años,Prefiero no indicarlo,Quetzaltenango,Coatepeque,Profesional independiente,Todos los días,Otro,Familia,Q25 - Q50,Caramel Goal Popcorn; Mundialitos Queso Picante; CrunchMax BBQ,Picante Chapín,Para compartir entre 2 personas,Q21 - Q30,No,Sí,Alemania,Probablemente sí,Brasil,Kylian Mbappé; Neymar Jr.; Cristiano Ronaldo,Premios y sorteos,2x1,Sí,Edición España
1027,2026-01-14,11:16:08,55 años o más,Masculino,Chimaltenango,Tecpán Guatemala,Ama de casa,3 a 5 veces por semana,Supermercado,Amigos,Q25 - Q50,CrunchMax BBQ; Energy Crunch Protein,Picante Chapín,Individual,Q10 - Q15,Sí,Sí,México,Tal vez,España,Jude Bellingham,Una selección nacional,2x1,No,Edición Argentina
1028,2026-05-04,19:58:01,35 - 44 años,Masculino,Guatemala,Santa Catarina Pinula,Empleado privado,Todos los días,Tienda de barrio,Amigos,Q25 - Q50,FutbolMix; Gol Nachos Supreme,Picante Chapín,Para compartir entre 2 personas,Q21 - Q30,Sí,Sí,Argentina,Tal vez,Portugal,Neymar Jr.; Kylian Mbappé; Vinícius Júnior,Un jugador famoso,Tarjetas coleccionables,No,Edición Brasil
1029,2026-04-01,15:58:43,45 - 54 años,Femenino,Guatemala,Guatemala,Comerciante,3 a 5 veces por semana,Supermercado,Amigos,Q25 - Q50,CrunchMax BBQ; Mundialitos Queso Picante; Caramel Goal Popcorn,Salado Tradicional,Individual,Q16 - Q20,No,Sí,México,Definitivamente sí,Francia,Cristiano Ronaldo; Julián Álvarez; Jude Bellingham,Un jugador famoso,Descuento directo,Sí,Edición con jugadores famosos
1030,2026-03-09,12:03:47,25 - 34 años,Femenino,Huehuetenango,Huehuetenango,Empleado público,Todos los días,Supermercado,Compañeros de trabajo,Menos de Q25,FutbolMix; Caramel Goal Popcorn,Dulce,Familiar,Q10 - Q15,No,Sí,Inglaterra,Definitivamente sí,Brasil,Lionel Messi,Un jugador famoso,Sorteo de balones,Sí,Edición Brasil
1031,2026-05-03,07:53:42,Menos de 18 años,Masculino,Guatemala, VILLA NUEVA ,Estudiante,3 a 5 veces por semana,Tienda de barrio,Amigos,Q51 - Q100,Gol Nachos Supreme,Dulce,Individual,Q10 - Q15,Sí,Sí,Brasil,Probablemente sí,Argentina,Cristiano Ronaldo; Lionel Messi; Julián Álvarez,Premios y sorteos,Tarjetas coleccionables,Sí,Edición Francia
1032,2026-03-17,07:07:07,25 - 34 años,Masculino,Guatemala,Santa Catarina Pinula,Ama de casa,1 a 2 veces por semana,Supermercado,Amigos,Q51 - Q100,Mundialitos Queso Picante; Gol Nachos Supreme,Queso,Para compartir entre 2 personas,Q10 - Q15,No,Sí,Alemania,Definitivamente sí,México,Cristiano Ronaldo; Lionel Messi,Historias de aficionados,Descuento directo,No,Edición con jugadores famosos
1033,2026-04-24,07:29:33,18 - 24 años,Femenino,Guatemala,Santa Catarina Pinula,Estudiante,1 a 2 veces por semana,Aplicación de delivery,Solo,Menos de Q25,ChocoKick Bites; Mundialitos Queso Picante,Chocolate,Familiar,Menos de Q10,No,Sí,Brasil,Tal vez,Colombia,Cristiano Ronaldo,Premios y sorteos,Sorteo de camisetas,No,Edición Argentina
1034,2026-03-05,13:08:15,45 - 54 años,Femenino,Guatemala,Guatemala,Comerciante,Todos los días,Tienda de barrio,Familia,Menos de Q25,Energy Crunch Protein,Queso,Para compartir entre 2 personas,Q16 - Q20,No,No,Alemania,Definitivamente no,Estados Unidos,Kylian Mbappé; Neymar Jr.; Lionel Messi,Una selección nacional,Producto gratis,No,Edición Brasil
1035,2026-01-24,19:57:07,Menos de 18 años,Femenino,Chimaltenango,Patzún,Otro,3 a 5 veces por semana,Supermercado,Amigos,Menos de Q25,Fan Chips Jalapeño; CrunchMax BBQ,Picante Chapín,Familiar,Q10 - Q15,Sí,Sí, ESPAÑA ,Probablemente sí,Argentina,Lionel Messi; Neymar Jr.,Humor,Sorteo de balones,No,Edición Mundial FIFA 2026
1036,2026-02-13,17:10:33,25 - 34 años,Femenino,Guatemala,Santa Catarina Pinula,Empleado privado,1 a 2 veces por semana,Kiosco escolar/universitario,Solo,Menos de Q25,Hot Stadium Peanuts; Mundialitos Queso Picante, JALAPEÑO ,Tamaño fiesta o reunión,Q10 - Q15,Sí,Sí,Brasil,Tal vez,Argentina,Federico Valverde,Humor,Sorteo de balones,Sí,Edición con tarjetas coleccionables
1037,2026-03-26,21:04:02,18 - 24 años,Femenino,Quetzaltenango,Coatepeque,Profesional independiente,3 a 5 veces por semana,Kiosco escolar/universitario,Familia,Q51 - Q100,ChocoKick Bites; Mundialitos Queso Picante; Gol Nachos Supreme,Queso,Familiar,Menos de Q10,No,No,Brasil,Definitivamente sí,México,Alphonso Davies; Federico Valverde; Lionel Messi,Un jugador famoso,Tarjetas coleccionables,Sí,Edición España
1038,2026-01-25,11:45:00,Menos de 18 años,Masculino,Guatemala,San Miguel Petapa,Empleado privado,1 a 2 veces por semana,Tienda de barrio,Familia,Q51 - Q100,Mundialitos Queso Picante,Barbacoa,Para compartir entre 2 personas,Q10 - Q15,Sí,Sí,Canadá,Probablemente sí,Portugal,Kylian Mbappé; Cristiano Ronaldo; Neymar Jr.,Un jugador famoso,2x1,No,Edición Mundial FIFA 2026
1039,2026-01-30,13:35:44,25 - 34 años,Femenino,Escuintla,Palín,Estudiante,Varias veces al mes,Gasolinera,Compañeros de trabajo,Q51 - Q100,ChocoKick Bites; Hot Stadium Peanuts,Jalapeño,Para compartir entre 2 personas,Q16 - Q20,Sí,Sí,México,Tal vez,Francia,Lionel Messi,Una selección nacional,Sorteo de viajes,Sí,Edición con jugadores famosos
1040,2026-01-11,14:33:30,Menos de 18 años,Masculino,Sololá,Sololá,Otro,Varias veces al mes,Tienda de barrio,Amigos,Q25 - Q50,Fan Chips Jalapeño; Hot Stadium Peanuts,Caramelo,Para compartir entre 2 personas,Q16 - Q20,No,Sí,México,Definitivamente no,México,Lionel Messi,Una selección nacional,2x1,Sí,Edición Argentina
1041,2026-05-05,19:37:42,18 - 24 años,Femenino,Escuintla,Santa Lucía Cotzumalguapa,Empleado público,Rara vez,Tienda de barrio,Solo,Q101 - Q150,Mundialitos Queso Picante; Energy Crunch Protein,Queso,Familiar,Menos de Q10,No,Sí,Inglaterra,Tal vez,Argentina,Jude Bellingham; Federico Valverde,Premios y sorteos,Tarjetas coleccionables,No,Edición España
1042,2026-01-31,21:56:27,18 - 24 años,Masculino, GUATEMALA ,Mixco,Otro,1 a 2 veces por semana,Gasolinera,Familia,Q25 - Q50,Gol Nachos Supreme; ChocoKick Bites,Salado Tradicional,Familiar,Q21 - Q30,Sí,Sí,Portugal,Definitivamente sí,Argentina,Neymar Jr.; Cristiano Ronaldo; Lionel Messi,Historias de aficionados,2x1,Sí,Edición con jugadores famosos
1043,2026-02-23,08:42:29,Menos de 18 años,Femenino,Quetzaltenango,Coatepeque,Ama de casa,3 a 5 veces por semana,Tienda de barrio,Familia,Q51 - Q100,CrunchMax BBQ,Dulce,Familiar,Q16 - Q20,Sí,No,Argentina,Probablemente no,Argentina,Lamine Yamal,Una selección nacional,2x1,Sí,Edición Argentina
1044,2026-02-01,09:05:26,55 años o más,Masculino,Guatemala,,Empleado privado,3 a 5 veces por semana,Supermercado,Familia,Q51 - Q100,Gol Nachos Supreme; Hot Stadium Peanuts,,Familiar,Menos de Q10,Sí,Sí,Brasil,Tal vez,Francia,Julián Álvarez,Humor,Sorteo de camisetas,Sí,Edición Argentina
1045,2026-04-05,07:29:41,25 - 34 años,Masculino,Guatemala,Santa Catarina Pinula,Empleado público,3 a 5 veces por semana,Tienda de barrio,Amigos,Q51 - Q100,ChocoKick Bites; Gol Nachos Supreme; Hot Stadium Peanuts,Caramelo,Para compartir entre 2 personas,Q21 - Q30,Sí,Sí,México,Probablemente sí,Estados Unidos,Lionel Messi; Kylian Mbappé; Federico Valverde,Premios y sorteos,Descuento directo,Sí,Edición España
1046,2026-01-28,21:01:24,45 - 54 años,Femenino,Sacatepéquez,Antigua Guatemala,Empleado privado,Todos los días,Tienda de barrio,Familia,Q25 - Q50,Mundialitos Queso Picante; ChocoKick Bites; Gol Nachos Supreme,Queso,Para compartir entre 2 personas,Q10 - Q15,Sí,Sí,Portugal,Definitivamente no,Brasil,Christian Pulisic,Un jugador famoso,2x1,Sí,Edición España
1047,2026-02-11,15:58:44,18 - 24 años,Femenino, QUICHÉ ,Quiché,Jubilado,3 a 5 veces por semana,Gasolinera,Amigos,Menos de Q25,Victory Pretzels; Energy Crunch Protein,Limón,Para compartir entre 2 personas,Q10 - Q15,Sí,Sí,Inglaterra,Probablemente sí,España,Lionel Messi,Historias de aficionados,Descuento directo,No,Edición con jugadores famosos
1048,2026-04-08,17:14:31,18 - 24 años,Femenino,Quiché,Otro municipio,Profesional independiente,1 a 2 veces por semana,Supermercado,Amigos,Q51 - Q100,FutbolMix; Energy Crunch Protein; Gol Nachos Supreme,Chocolate,Para compartir entre 2 personas,Q16 - Q20,No,Sí,Alemania,Probablemente sí,Argentina,Lionel Messi; Kylian Mbappé,Una selección nacional,Descuento directo,No,Edición con tarjetas coleccionables
1049,2026-02-06,22:38:59,25 - 34 años,Masculino,Sacatepéquez,Antigua Guatemala,Empleado privado,3 a 5 veces por semana,Supermercado,Familia,Q25 - Q50,ChocoKick Bites; Caramel Goal Popcorn,Picante Chapín,Tamaño fiesta o reunión,Q21 - Q30,Sí,Sí,Brasil,Definitivamente sí,Japón,Neymar Jr.,Humor,Sorteo de balones,No,Edición Francia
1050,2026-05-09,10:16:29,18 - 24 años,Femenino,Escuintla,Palín,Empleado privado,1 a 2 veces por semana,Tienda de barrio,Amigos,Q25 - Q50,Fan Chips Jalapeño; Mundialitos Queso Picante,Picante Chapín,Para compartir entre 2 personas,Q16 - Q20,Sí,Sí,Estados Unidos,Definitivamente sí,Francia,Neymar Jr.; Lamine Yamal; Jude Bellingham,Premios y sorteos,Descuento directo,Sí,Edición con jugadores famosos
1051,2026-02-08,22:15:40,18 - 24 años,Femenino,Totonicapán,Cabecera municipal,Estudiante,1 a 2 veces por semana,Gasolinera,Amigos,Q101 - Q150,Energy Crunch Protein; Caramel Goal Popcorn,Picante Chapín,Para compartir entre 2 personas,Q10 - Q15,No,Sí,Brasil,Probablemente no,Argelia,Cristiano Ronaldo; Lamine Yamal,Premios y sorteos,Tarjetas coleccionables,No,Edición Brasil
1052,2026-04-30,11:18:34,25 - 34 años,Femenino,Guatemala,Mixco,Estudiante,Todos los días,Aplicación de delivery,Familia,Q51 - Q100,Mundialitos Queso Picante; Gol Nachos Supreme; Fan Chips Jalapeño,Caramelo,Familiar,Q21 - Q30,No,Sí,Argentina,Tal vez,Argentina,Kylian Mbappé,Premios y sorteos,2x1,Sí,Edición Mundial FIFA 2026
1053,2026-04-03,13:48:30,Menos de 18 años,Femenino,Guatemala,Villa Nueva,Empleado público,Varias veces al mes,Supermercado,Compañeros de trabajo,Más de Q150,Gol Nachos Supreme,Jalapeño,Individual,,No,No, ARGENTINA ,Probablemente sí,Brasil,Lionel Messi,Historias de aficionados,Descuento directo,No,Edición Inglaterra
1054,2026-04-09,17:52:47,Menos de 18 años,Femenino,Totonicapán,Otro municipio,Empleado privado,1 a 2 veces por semana,Tienda de barrio,Solo,Menos de Q25,Hot Stadium Peanuts,Picante Chapín,Familiar,Q16 - Q20,Sí,Sí,Brasil,Tal vez,España,Alphonso Davies; Cristiano Ronaldo,Una selección nacional,Sorteo de camisetas,No,Edición con jugadores famosos
1055,2026-04-02,09:06:09,18 - 24 años,Femenino,Guatemala,Villa Nueva,Empleado privado,Varias veces al mes,Tienda de barrio,Amigos,Menos de Q25,Fan Chips Jalapeño; Gol Nachos Supreme,Queso,Familiar,Q10 - Q15,Sí,Sí,Brasil,Definitivamente sí,Czechia,Julián Álvarez; Vinícius Júnior; Lionel Messi,Un jugador famoso,Descuento directo,Sí,Edición con tarjetas coleccionables
1056,2026-03-11,09:03:54,25 - 34 años,Femenino,Izabal,Otro municipio,Empleado privado,1 a 2 veces por semana,Gasolinera,Familia,Q25 - Q50,Fan Chips Jalapeño; Gol Nachos Supreme,Picante Chapín,Tamaño fiesta o reunión,Q16 - Q20,Sí,Sí,Francia,Tal vez,Portugal,Cristiano Ronaldo,Una selección nacional,Descuento directo,No,Edición Argentina
1057,2026-03-01,14:51:48,25 - 34 años,Femenino,Guatemala,Mixco,Profesional independiente,Todos los días,Supermercado,Familia,Q51 - Q100,Gol Nachos Supreme; Hot Stadium Peanuts; Caramel Goal Popcorn,Queso,Para compartir entre 2 personas,Q16 - Q20,No,Sí,Argentina,Tal vez,Jordania,Lionel Messi; Lamine Yamal,Humor,Producto gratis,No,Edición con tarjetas coleccionables
1058,2026-03-16,07:00:07,55 años o más,Masculino,Guatemala,Villa Nueva,Profesional independiente,Varias veces al mes,Tienda de barrio,Solo,Q51 - Q100,Fan Chips Jalapeño; FutbolMix; Caramel Goal Popcorn, BARBACOA ,Tamaño fiesta o reunión,Q21 - Q30,Sí,Sí,Portugal,Probablemente no,Argentina,Neymar Jr.,Premios y sorteos,Sorteo de camisetas,Sí,Edición con jugadores famosos
1059,2026-03-19,12:45:51,25 - 34 años,Femenino,Guatemala,Santa Catarina Pinula,Estudiante,Varias veces al mes,Aplicación de delivery,Familia,Q101 - Q150,FutbolMix; Gol Nachos Supreme; Caramel Goal Popcorn,Caramelo,Tamaño fiesta o reunión,Q10 - Q15,No,No,Brasil,Tal vez,España,Lamine Yamal,Una selección nacional,Descuento directo,No,Edición Mundial FIFA 2026
1060,2026-03-05,12:22:17,35 - 44 años,Masculino,Guatemala,Mixco,Ama de casa,1 a 2 veces por semana,Supermercado,Compañeros de trabajo,Q25 - Q50,Hot Stadium Peanuts,Barbacoa,Familiar,Q10 - Q15,Sí,Sí,Francia,Tal vez,Argentina,Kylian Mbappé; Lionel Messi; Jude Bellingham,Historias de aficionados,2x1,Sí,Edición Mundial FIFA 2026
1061,2026-04-18,10:10:51,25 - 34 años,Masculino,Guatemala,Mixco,Empleado privado,Todos los días,Tienda de barrio,Compañeros de trabajo,Q25 - Q50,Hot Stadium Peanuts,Picante Chapín,Tamaño fiesta o reunión,Q21 - Q30,No,No,Brasil,Probablemente sí,México,Kylian Mbappé,Premios y sorteos,2x1,Sí,Edición Argentina
1062,2026-04-30,16:46:51,Menos de 18 años,Femenino,Guatemala,,Estudiante,3 a 5 veces por semana,Aplicación de delivery,Familia,Q51 - Q100,Energy Crunch Protein,Dulce,Individual,Q16 - Q20,Sí,Sí,México,Tal vez,Argentina,Kylian Mbappé; Cristiano Ronaldo,Historias de aficionados,Sorteo de balones,No,Edición con jugadores famosos
1063,2026-03-22,16:47:43,18 - 24 años,Femenino,Guatemala,Villa Nueva,Jubilado,Varias veces al mes,Tienda de barrio,Familia,Q25 - Q50,Fan Chips Jalapeño; Caramel Goal Popcorn,Caramelo,Para compartir entre 2 personas,Q10 - Q15,No,Sí,Brasil,Probablemente no,Brasil,Vinícius Júnior; Kylian Mbappé; Lionel Messi,Una selección nacional,Sorteo de balones,Sí,Edición con jugadores famosos
1064,2026-03-14,08:28:06,18 - 24 años,Femenino,Guatemala,Santa Catarina Pinula,Comerciante,Varias veces al mes,Aplicación de delivery,Amigos,Q25 - Q50,FutbolMix; Mundialitos Queso Picante; Fan Chips Jalapeño,Limón,Para compartir entre 2 personas,Q16 - Q20,No,Sí,Francia,Definitivamente no,Portugal,Harry Kane; Neymar Jr.,Humor,Producto gratis,Sí,Edición con tarjetas coleccionables
1065,2026-02-22,21:33:48,18 - 24 años,Femenino,Guatemala,San Miguel Petapa,Empleado privado,3 a 5 veces por semana,Aplicación de delivery,Familia,Q25 - Q50,FutbolMix,Queso,Individual,Q21 - Q30,Sí,Sí,Francia,Definitivamente no,Brasil,Vinícius Júnior,Un jugador famoso,Sorteo de balones,Sí,Edición España
1066,2026-01-22,15:21:37,25 - 34 años,Masculino,Guatemala,Santa Catarina Pinula,Empleado privado,1 a 2 veces por semana,Aplicación de delivery,Compañeros de trabajo,Q51 - Q100,Gol Nachos Supreme; ChocoKick Bites; Mundialitos Queso Picante,Barbacoa,Para compartir entre 2 personas,Q10 - Q15,No,Sí,Inglaterra,Probablemente sí,Brasil,Christian Pulisic; Cristiano Ronaldo,Un jugador famoso,Descuento directo,Sí,Edición con tarjetas coleccionables
1067,2026-04-05,07:26:28,25 - 34 años,Femenino,Guatemala,Mixco,Empleado privado,1 a 2 veces por semana,Gasolinera,Familia,Q51 - Q100,FutbolMix; Fan Chips Jalapeño,Jalapeño,Familiar,Q10 - Q15,Sí,Sí,México,Probablemente sí,México,Alphonso Davies; Cristiano Ronaldo,Humor,2x1,Sí,Edición Brasil
1068,2026-03-04,07:26:07,Menos de 18 años,Femenino,Escuintla,Escuintla,Profesional independiente,1 a 2 veces por semana,Tienda de barrio,Amigos,Q25 - Q50,Hot Stadium Peanuts,Queso,Individual,Q16 - Q20,Sí,Sí,Portugal,Tal vez,Brasil,Kylian Mbappé; Christian Pulisic,Historias de aficionados,Sorteo de camisetas,Sí,Edición Argentina
1069,2026-02-15,09:21:52,18 - 24 años,Femenino,Chimaltenango,Chimaltenango,Otro,1 a 2 veces por semana,Tienda de barrio,Amigos,Q25 - Q50,FutbolMix,Picante Chapín,Familiar,Q16 - Q20,Sí,Sí,Argentina,Probablemente sí,Estados Unidos,Cristiano Ronaldo,Un jugador famoso,Tarjetas coleccionables,Sí,Edición Inglaterra
1070,2026-03-27,20:03:54,25 - 34 años,Femenino,Guatemala,Santa Catarina Pinula,Empleado público,3 a 5 veces por semana,Tienda de barrio,Familia,Menos de Q25,Gol Nachos Supreme; Hot Stadium Peanuts; Mundialitos Queso Picante,Jalapeño,Para compartir entre 2 personas,Q16 - Q20,Sí,Sí,Brasil,Definitivamente no,Portugal,Jude Bellingham; Cristiano Ronaldo; Vinícius Júnior,Premios y sorteos,Producto gratis,Sí,Edición Brasil
1071,2026-01-22,08:50:29,25 - 34 años,Masculino, GUATEMALA ,Mixco,Empleado privado,Varias veces al mes,Supermercado,Compañeros de trabajo,Más de Q150,Hot Stadium Peanuts; Gol Nachos Supreme,Barbacoa,Familiar,Q21 - Q30,Sí,Sí,Argentina,Definitivamente no,Estados Unidos,Lionel Messi; Neymar Jr.; Lamine Yamal,Una selección nacional,Tarjetas coleccionables,Sí,Edición Mundial FIFA 2026
1072,2026-03-10,10:12:39,35 - 44 años,Femenino, SACATEPÉQUEZ ,Sumpango,Otro,3 a 5 veces por semana,Tienda de barrio,Amigos,Q25 - Q50,Victory Pretzels; Gol Nachos Supreme,,Para compartir entre 2 personas,Q16 - Q20,No,Sí,Brasil,Tal vez, INGLATERRA ,Neymar Jr.; Cristiano Ronaldo; Lionel Messi,Una selección nacional,Descuento directo,Sí,Edición con tarjetas coleccionables
1073,2026-03-24,11:38:40,45 - 54 años,Femenino,Guatemala,Villa Nueva,Ama de casa,Varias veces al mes,Tienda de barrio,Solo,Q51 - Q100,Fan Chips Jalapeño; Hot Stadium Peanuts,Queso,Familiar,Q16 - Q20,No,No,Portugal,Probablemente no,Brasil,Cristiano Ronaldo; Neymar Jr.,Una selección nacional,Producto gratis,Sí,Edición con jugadores famosos
1074,2026-01-23,10:51:42,18 - 24 años,Femenino,Chimaltenango,Patzún,Empleado privado,1 a 2 veces por semana,Tienda de barrio,Familia,Menos de Q25,Energy Crunch Protein,Queso,Para compartir entre 2 personas,Q10 - Q15,No,No,Francia,Probablemente sí,Francia,Federico Valverde; Vinícius Júnior,Una selección nacional,Tarjetas coleccionables,Sí,Edición Mundial FIFA 2026
1075,2026-03-15,12:09:26,45 - 54 años,Femenino,Sacatepéquez,Ciudad Vieja,Ama de casa,1 a 2 veces por semana,Kiosco escolar/universitario,Familia,Menos de Q25,Energy Crunch Protein; CrunchMax BBQ; Mundialitos Queso Picante,Picante Chapín,Individual,Q21 - Q30,Sí,Sí,Portugal,Definitivamente sí,Argentina,Cristiano Ronaldo,Un jugador famoso,2x1,No,Edición Francia
1076,2026-01-16,07:31:46,55 años o más,Masculino,Sacatepéquez, SUMPANGO ,Comerciante,Varias veces al mes,Gasolinera,Solo,Q25 - Q50,Caramel Goal Popcorn; CrunchMax BBQ; ChocoKick Bites,Picante Chapín,Familiar,Más de Q30,No,Sí,Alemania,Probablemente sí,España,Lionel Messi; Neymar Jr.,Una selección nacional,Descuento directo,No,Edición Mundial FIFA 2026
1077,2026-03-21,17:20:48,25 - 34 años,Femenino,Guatemala,Guatemala,Profesional independiente,Todos los días,Aplicación de delivery,Familia,Q51 - Q100,Mundialitos Queso Picante,Limón,Para compartir entre 2 personas,Q21 - Q30,No,Sí,Japón,Probablemente sí,Brasil,Lamine Yamal; Lionel Messi; Neymar Jr.,Humor,Tarjetas coleccionables,Sí,Edición Mundial FIFA 2026
1078,2026-01-29,18:46:45,25 - 34 años,Femenino,Guatemala,Mixco,Otro,Varias veces al mes,Supermercado,Amigos,Q25 - Q50,Hot Stadium Peanuts; CrunchMax BBQ,Salado Tradicional,Individual,Q10 - Q15,No,Sí,México,Tal vez,Brasil,Harry Kane; Lionel Messi,Una selección nacional,Sorteo de viajes,No,Edición con tarjetas coleccionables
1079,2026-04-14,22:31:46,45 - 54 años,Femenino,Guatemala,Villa Nueva,Estudiante,1 a 2 veces por semana,Tienda de barrio,Amigos,Q51 - Q100,ChocoKick Bites; Mundialitos Queso Picante; Hot Stadium Peanuts,Queso,Para compartir entre 2 personas,Menos de Q10,Sí,No,Brasil,Probablemente sí, CROACIA ,Kylian Mbappé; Jude Bellingham,Una selección nacional,Descuento directo,Sí,Edición Argentina
1080,2026-02-25,07:26:44,35 - 44 años,Masculino,Guatemala,San Miguel Petapa,Profesional independiente,Varias veces al mes,Supermercado,Compañeros de trabajo,Q25 - Q50,Fan Chips Jalapeño; FutbolMix; Mundialitos Queso Picante,Picante Chapín,Familiar,Q10 - Q15,Sí,Sí,Argentina,Probablemente sí,Argentina,Lionel Messi; Vinícius Júnior,Un jugador famoso,Tarjetas coleccionables,No,Edición con tarjetas coleccionables
1081,2026-02-04,08:29:51,35 - 44 años,Masculino,Escuintla, ESCUINTLA ,Estudiante,Varias veces al mes,Supermercado,Solo,Q25 - Q50,CrunchMax BBQ,Picante Chapín,Familiar,Q16 - Q20,No,Sí,Francia,Probablemente sí,Argentina,Lionel Messi; Jude Bellingham; Ninguno,Historias de aficionados,2x1,Sí,Edición Francia
1082,2026-04-29,14:28:20,55 años o más,Masculino,Guatemala,Villa Nueva,Empleado público,1 a 2 veces por semana,Kiosco escolar/universitario,Familia,Q101 - Q150,Mundialitos Queso Picante; Energy Crunch Protein; ChocoKick Bites,Dulce,Familiar,Menos de Q10,Sí,Sí,Brasil,Tal vez,España,Julián Álvarez,Humor,Sorteo de camisetas,No,Edición Francia
1083,2026-03-05,09:19:34,35 - 44 años,Femenino,Guatemala,Guatemala,Empleado privado,Rara vez,Supermercado,Familia,Q51 - Q100,CrunchMax BBQ; Energy Crunch Protein,Picante Chapín,Tamaño fiesta o reunión,Q16 - Q20,Sí,Sí,Argentina,Tal vez,México,Julián Álvarez,Una selección nacional,Sorteo de viajes,No,Edición con tarjetas coleccionables
1084,2026-03-08,18:48:13,45 - 54 años,Masculino,Sacatepéquez,Ciudad Vieja,Empleado privado,1 a 2 veces por semana,Supermercado,Familia,Q25 - Q50,Fan Chips Jalapeño,Jalapeño,Familiar,Q10 - Q15,No,Sí,Portugal,Definitivamente sí,Brasil,Vinícius Júnior; Jude Bellingham; Kylian Mbappé,Premios y sorteos,Sorteo de viajes,Sí,Edición España
1085,2026-03-19,17:26:02,25 - 34 años,Masculino,Guatemala,Villa Nueva,Empleado privado,Varias veces al mes,Tienda de barrio,Compañeros de trabajo,Q25 - Q50,Hot Stadium Peanuts; FutbolMix; CrunchMax BBQ,Picante Chapín,Para compartir entre 2 personas,Q16 - Q20,Sí,Sí,México,Tal vez,Argentina,Kylian Mbappé; Lionel Messi; Neymar Jr.,Un jugador famoso,Producto gratis,No,Edición con jugadores famosos
1086,2026-04-04,18:59:57,18 - 24 años,Masculino,Petén,Poptún,Ama de casa,1 a 2 veces por semana,Supermercado,Familia,Menos de Q25,ChocoKick Bites; Caramel Goal Popcorn; Gol Nachos Supreme,Jalapeño,Para compartir entre 2 personas,Q21 - Q30,Sí,Sí,Portugal,Tal vez,México,Neymar Jr.,Un jugador famoso,Tarjetas coleccionables,No,Edición Inglaterra
1087,2026-02-14,12:31:07,25 - 34 años,Femenino,Guatemala,Villa Nueva,Empleado privado,3 a 5 veces por semana,Gasolinera,Solo,Menos de Q25,Caramel Goal Popcorn; Hot Stadium Peanuts; CrunchMax BBQ,Jalapeño,Tamaño fiesta o reunión,Q10 - Q15,Sí,Sí,Brasil,Definitivamente sí,Estados Unidos,Cristiano Ronaldo,Una selección nacional,Producto gratis,Sí,Edición Argentina
1088,2026-04-13,09:52:35,18 - 24 años,Femenino,Jalapa,Otro municipio,Comerciante,Varias veces al mes,Aplicación de delivery,Amigos,Q51 - Q100,Fan Chips Jalapeño; ChocoKick Bites; Energy Crunch Protein,Jalapeño,Familiar,Q21 - Q30,Sí,Sí,Alemania,Tal vez,Francia,Harry Kane,Humor,Tarjetas coleccionables,No,Edición con jugadores famosos
1089,2026-02-26,12:44:51,25 - 34 años,Masculino,Guatemala,Mixco,Estudiante,Varias veces al mes,Tienda de barrio,Compañeros de trabajo,Q51 - Q100,CrunchMax BBQ; Fan Chips Jalapeño; Victory Pretzels,Barbacoa,Tamaño fiesta o reunión,Q10 - Q15,Sí,Sí,Francia,Definitivamente sí,México,Lionel Messi,Una selección nacional,Descuento directo,Sí,Edición Francia
2124,2026-03-03,19:35:24,25 - 34 años,Masculino,Guatemala, SANTA CATARINA PINULA ,Estudiante,1 a 2 veces por semana,Kiosco escolar/universitario,Familia,Menos de Q25,Gol Nachos Supreme; Caramel Goal Popcorn; Fan Chips Jalapeño,Barbacoa,Familiar,Q16 - Q20,Sí,Sí,Portugal,Probablemente sí,Argentina,Cristiano Ronaldo; Lionel Messi,Premios y sorteos,Tarjetas coleccionables,Sí,Edición Brasil
1091,2026-03-01,12:06:47,35 - 44 años,Prefiero no indicarlo,Guatemala,Villa Nueva,Empleado público,Varias veces al mes,Otro,Amigos,Q51 - Q100,Mundialitos Queso Picante,Jalapeño,Para compartir entre 2 personas,Q10 - Q15,Sí,Sí,Argentina,Probablemente sí,Inglaterra,Lionel Messi,Premios y sorteos,Sorteo de balones,No,Edición España
1092,2026-05-03,15:06:34,35 - 44 años,Femenino,Petén,Poptún,Estudiante,1 a 2 veces por semana,Gasolinera,Familia,Menos de Q25,Gol Nachos Supreme; Victory Pretzels; CrunchMax BBQ,Limón,Tamaño fiesta o reunión,Q21 - Q30,No,Sí,Brasil,Definitivamente sí,Brasil,Cristiano Ronaldo; Kylian Mbappé; Alphonso Davies,Un jugador famoso,2x1,No,Edición con jugadores famosos
1093,2026-01-28,12:30:44,Menos de 18 años,Masculino,Guatemala,Santa Catarina Pinula,Empresario,3 a 5 veces por semana,Aplicación de delivery,Compañeros de trabajo,Q25 - Q50,Energy Crunch Protein, PICANTE CHAPÍN ,Familiar,Q21 - Q30,No,No,Brasil,Tal vez,México,Lamine Yamal; Lionel Messi; Neymar Jr.,Humor,Descuento directo,Sí,Edición con tarjetas coleccionables
1094,2026-02-16,08:12:53,18 - 24 años,Femenino,Guatemala,San Miguel Petapa,Empleado privado,1 a 2 veces por semana,Gasolinera,Familia,Más de Q150,Mundialitos Queso Picante; Fan Chips Jalapeño,Picante Chapín,Tamaño fiesta o reunión,Más de Q30,Sí,Sí,Brasil,Probablemente sí,Francia,Lamine Yamal; Lionel Messi; Neymar Jr.,Un jugador famoso,Producto gratis,Sí,Edición Brasil
1095,2026-04-29,20:43:49,45 - 54 años,Masculino,Sololá,Otro municipio,Estudiante,3 a 5 veces por semana,Supermercado,Amigos,Menos de Q25,CrunchMax BBQ,Picante Chapín,Familiar,Más de Q30,No,Sí, CURAÇAO ,Tal vez,Brasil,Lionel Messi,Humor,Sorteo de camisetas,No,Edición con tarjetas coleccionables
1096,2026-03-12,09:58:33,18 - 24 años,Femenino,Guatemala,San Miguel Petapa,Empleado privado,Varias veces al mes,Supermercado,Familia,Q25 - Q50,ChocoKick Bites,Jalapeño,Para compartir entre 2 personas,Q16 - Q20,Sí,Sí,México,Probablemente sí,México,Neymar Jr.; Kylian Mbappé,Humor,Tarjetas coleccionables,Sí,Edición España
1097,2026-04-17,13:14:27,25 - 34 años,Masculino,Quetzaltenango,Coatepeque,Empleado privado,3 a 5 veces por semana,Supermercado,Familia,Q51 - Q100,Energy Crunch Protein,Jalapeño,Para compartir entre 2 personas,Q16 - Q20,No,Sí,México,Definitivamente sí,México,Cristiano Ronaldo; Lionel Messi; Jude Bellingham,Historias de aficionados,Descuento directo,No,Edición con tarjetas coleccionables
1098,2026-04-21,10:55:35,18 - 24 años,Femenino, ESCUINTLA ,Palín,Estudiante,Todos los días,Gasolinera,Familia,Menos de Q25,Gol Nachos Supreme,Jalapeño,Individual,Más de Q30,Sí,Sí,Portugal,Probablemente sí,Argentina,Christian Pulisic; Cristiano Ronaldo,Una selección nacional,Producto gratis,Sí,Edición Francia
1099,2026-05-05,08:24:04,25 - 34 años,Masculino,Chimaltenango,,Empleado privado,3 a 5 veces por semana,Kiosco escolar/universitario,Amigos,Q25 - Q50,CrunchMax BBQ; Caramel Goal Popcorn; FutbolMix,Picante Chapín,Familiar,Menos de Q10,No,Sí, FRANCIA ,Tal vez,Inglaterra,Cristiano Ronaldo; Rodri; Jude Bellingham,Premios y sorteos,Sorteo de camisetas,No,Edición Brasil
1100,2026-03-12,11:25:22,45 - 54 años,Femenino,Quiché,Quiché,Empleado público,Varias veces al mes,Tienda de barrio,Familia,Q25 - Q50,Mundialitos Queso Picante; Fan Chips Jalapeño,Limón,Para compartir entre 2 personas,Q10 - Q15,No,Sí,Estados Unidos,Probablemente sí,Francia,Cristiano Ronaldo; Kylian Mbappé,Una selección nacional,2x1,No,Edición Argentina
1101,2026-02-05,14:49:16,25 - 34 años,Femenino,Guatemala,San Miguel Petapa,Empresario,1 a 2 veces por semana,Gasolinera,Familia,Más de Q150,FutbolMix; CrunchMax BBQ; ChocoKick Bites,Chocolate,Tamaño fiesta o reunión,Q16 - Q20,Sí,No,Portugal,Tal vez,España,Kylian Mbappé; Cristiano Ronaldo,Humor,Descuento directo,Sí,Edición Brasil
1102,2026-03-04,13:13:57,25 - 34 años,Masculino,Chimaltenango, CHIMALTENANGO ,Estudiante,3 a 5 veces por semana,Tienda de barrio,Amigos,Menos de Q25,Gol Nachos Supreme,Salado Tradicional,Para compartir entre 2 personas,Q10 - Q15,Sí,Sí,España,Tal vez,Estados Unidos,Lionel Messi,Humor,Descuento directo,No,Edición Francia
1103,2026-02-08,07:38:05,18 - 24 años,Masculino,Escuintla,Palín,Estudiante,Varias veces al mes,Supermercado,Familia,Q51 - Q100,Mundialitos Queso Picante,Barbacoa,Familiar,Q16 - Q20,Sí,No,Francia,Probablemente no,Portugal,Ninguno; Cristiano Ronaldo; Julián Álvarez,Humor,Tarjetas coleccionables,No,Edición Argentina
1104,2026-02-03,21:30:06,45 - 54 años,Femenino,Sacatepéquez,Jocotenango,Empleado privado,1 a 2 veces por semana,Aplicación de delivery,Compañeros de trabajo,Q51 - Q100,Gol Nachos Supreme; Mundialitos Queso Picante; FutbolMix,Dulce,Para compartir entre 2 personas,Q21 - Q30,Sí,Sí,Argentina,Probablemente sí,Colombia,Christian Pulisic; Lionel Messi; Harry Kane,Un jugador famoso,Sorteo de camisetas,No,Edición Francia
1105,2026-01-28,22:29:32,25 - 34 años,Masculino,Santa Rosa,Otro municipio,Empleado público,1 a 2 veces por semana,Gasolinera,Familia,Q25 - Q50,Hot Stadium Peanuts,Barbacoa,Familiar,Q10 - Q15,No,Sí,Francia,Definitivamente no,Estados Unidos,Lionel Messi; Neymar Jr.; Cristiano Ronaldo,Premios y sorteos,Sorteo de viajes,Sí,Edición Mundial FIFA 2026
1106,2026-04-16,07:32:32,35 - 44 años,Masculino,Guatemala,Guatemala,,Todos los días,Supermercado,Amigos,Q25 - Q50,Hot Stadium Peanuts; Mundialitos Queso Picante,Jalapeño,Familiar,Menos de Q10,Sí,Sí,España,Definitivamente sí, PORTUGAL ,Jude Bellingham; Rodri; Harry Kane,Historias de aficionados,2x1,No,Edición Mundial FIFA 2026
1107,2026-01-10,07:11:44,45 - 54 años,Femenino,Chimaltenango,Tecpán Guatemala,Estudiante,Varias veces al mes,Tienda de barrio,Familia,Q101 - Q150,Mundialitos Queso Picante,Limón,Para compartir entre 2 personas,Q21 - Q30,Sí,Sí,Estados Unidos,Definitivamente sí,Argentina,Cristiano Ronaldo; Neymar Jr.; Lamine Yamal,Un jugador famoso,2x1,No,Edición Mundial FIFA 2026
2199,2026-04-18,21:59:46,45 - 54 años,Femenino,Guatemala,San Miguel Petapa,Comerciante,3 a 5 veces por semana,Gasolinera,Amigos,Q25 - Q50,CrunchMax BBQ,Queso,Familiar,Q16 - Q20,Sí,Sí,Senegal,Definitivamente sí,España,Cristiano Ronaldo; Vinícius Júnior,Humor,Sorteo de viajes,No,Edición Argentina
1109,2026-04-08,10:53:52,35 - 44 años,Masculino,Guatemala,San Miguel Petapa,Empleado privado,Todos los días,Tienda de barrio,Familia,Q25 - Q50,CrunchMax BBQ,Limón,Tamaño fiesta o reunión,Q16 - Q20,Sí,No,España,Tal vez,México,Harry Kane; Lionel Messi; Cristiano Ronaldo,Premios y sorteos,Descuento directo,No,Edición Argentina
1110,2026-02-18,09:48:48,45 - 54 años,Masculino,Guatemala,San Miguel Petapa,Empleado privado,Todos los días,Tienda de barrio,Compañeros de trabajo,Q101 - Q150,Gol Nachos Supreme,Chocolate,Familiar,Q16 - Q20,No,Sí,Brasil,Probablemente sí,Francia,Neymar Jr.,Una selección nacional,Sorteo de camisetas,Sí,Edición con jugadores famosos
1111,2026-02-10,10:48:21,Menos de 18 años,Femenino,Guatemala,Guatemala,Profesional independiente,Varias veces al mes,Tienda de barrio,Familia,Q25 - Q50,Gol Nachos Supreme; CrunchMax BBQ; FutbolMix,Salado Tradicional,Familiar,Q10 - Q15,Sí,Sí,España,Tal vez,Inglaterra,Cristiano Ronaldo,Una selección nacional,Producto gratis,Sí,Edición Argentina
1112,2026-03-04,07:48:58,35 - 44 años,Masculino,Guatemala,,Comerciante,Todos los días,Tienda de barrio,Familia,Q101 - Q150,CrunchMax BBQ; FutbolMix; Fan Chips Jalapeño,Picante Chapín,Tamaño fiesta o reunión,Q21 - Q30,Sí,Sí,Escocia,Definitivamente sí,México,Cristiano Ronaldo,Premios y sorteos,Descuento directo,No,Edición con jugadores famosos
1113,2026-04-28,16:19:24,25 - 34 años,Femenino,Guatemala,Guatemala,Empleado público,3 a 5 veces por semana,Gasolinera,Familia,Q101 - Q150,ChocoKick Bites; Energy Crunch Protein; Hot Stadium Peanuts,Queso,Para compartir entre 2 personas,Q16 - Q20,Sí,Sí,Brasil,Definitivamente sí,,Cristiano Ronaldo,Un jugador famoso,2x1,No,Edición con tarjetas coleccionables
1114,2026-02-27,09:58:48,18 - 24 años,Masculino,Quetzaltenango,Coatepeque,Empresario,Varias veces al mes,Aplicación de delivery,Familia,Q25 - Q50,Caramel Goal Popcorn; Hot Stadium Peanuts; Gol Nachos Supreme,Queso,Para compartir entre 2 personas,Q21 - Q30,No,Sí,España,Probablemente sí,Brasil,Vinícius Júnior,Una selección nacional,Sorteo de viajes,Sí,Edición con tarjetas coleccionables
1115,2026-02-11,16:14:57,18 - 24 años,Masculino,Guatemala,Mixco,Profesional independiente,3 a 5 veces por semana,Aplicación de delivery,Solo,Menos de Q25,Hot Stadium Peanuts; Mundialitos Queso Picante; FutbolMix,Picante Chapín,Familiar,Q16 - Q20,Sí,No,Argentina,Tal vez,Portugal,Neymar Jr.,Premios y sorteos,2x1,Sí,Edición Mundial FIFA 2026
558,2026-03-06,13:14:08,18 - 24 años,Femenino,Jutiapa,Otro municipio,Empleado privado,3 a 5 veces por semana,Supermercado,Amigos,Q51 - Q100,Gol Nachos Supreme,Queso,Para compartir entre 2 personas,Q16 - Q20,Sí,Sí,Portugal,Probablemente sí,Francia,Kylian Mbappé; Lionel Messi; Vinícius Júnior,Un jugador famoso,Sorteo de viajes,No,Edición Argentina
1117,2026-04-23,08:58:53,25 - 34 años,Masculino,Sacatepéquez, SUMPANGO ,Empleado público,Varias veces al mes,Supermercado,Familia,Menos de Q25,Gol Nachos Supreme; Caramel Goal Popcorn,Jalapeño,Individual,Q21 - Q30,Sí,Sí,Argentina,Probablemente sí,Brasil,Kylian Mbappé; Vinícius Júnior,Humor,2x1,Sí,Edición Brasil
1118,2026-01-22,22:52:46,25 - 34 años,Masculino,Guatemala,Mixco,Otro,Todos los días,Tienda de barrio,Familia,Q51 - Q100,CrunchMax BBQ; Caramel Goal Popcorn; Gol Nachos Supreme,Limón,Familiar,Q21 - Q30,Sí,No,Curaçao,Definitivamente sí,México,Kylian Mbappé; Lamine Yamal,Premios y sorteos,2x1,Sí,Edición Inglaterra
1119,2026-03-03,15:03:28,35 - 44 años,Masculino,Chimaltenango,Chimaltenango,Comerciante,3 a 5 veces por semana,Supermercado,Amigos,Menos de Q25,Fan Chips Jalapeño,Picante Chapín,Familiar,Q21 - Q30,No,Sí,México,Probablemente sí,México,Vinícius Júnior,Un jugador famoso,2x1,No,Edición España
1120,2026-05-08,12:06:01,18 - 24 años,Femenino,Guatemala,Mixco,Empleado público,Todos los días,Tienda de barrio,Otro,Más de Q150,Mundialitos Queso Picante; Energy Crunch Protein,Queso,Individual,Q16 - Q20,Sí,Sí,Inglaterra,Probablemente sí,Jordania,Kylian Mbappé; Lionel Messi; Rodri,Un jugador famoso,Descuento directo,No,Edición Brasil
1121,2026-01-23,20:35:52,Menos de 18 años,Masculino, JALAPA ,Otro municipio,Empleado público,1 a 2 veces por semana,Tienda de barrio,Amigos,Menos de Q25,FutbolMix; Hot Stadium Peanuts; Fan Chips Jalapeño,Limón,Familiar,Q10 - Q15,Sí,Sí,Portugal,Probablemente sí,Brasil,Cristiano Ronaldo; Kylian Mbappé,Una selección nacional,Tarjetas coleccionables,Sí,Edición Argentina
1122,2026-01-10,11:07:51,45 - 54 años,Masculino,Quetzaltenango,Quetzaltenango,Estudiante,3 a 5 veces por semana,Supermercado,Amigos,Q101 - Q150,CrunchMax BBQ; FutbolMix; Gol Nachos Supreme,Picante Chapín,Para compartir entre 2 personas,Q10 - Q15,Sí,No,Argentina,Tal vez,Argentina,Vinícius Júnior; Julián Álvarez; Cristiano Ronaldo,Una selección nacional,Sorteo de balones,Sí,Edición Argentina
1123,2026-02-12,10:46:21,18 - 24 años,Femenino,Escuintla,Escuintla,Empleado privado,Varias veces al mes,Tienda de barrio,Familia,Q51 - Q100,FutbolMix; CrunchMax BBQ,Jalapeño,Individual,Q10 - Q15,Sí,Sí,España,Probablemente sí,Argentina,Federico Valverde; Lionel Messi; Lamine Yamal,Premios y sorteos,Sorteo de camisetas,Sí,Edición Inglaterra
1124,2026-04-22,20:47:02,25 - 34 años,Masculino,Chimaltenango,Patzún,Estudiante,3 a 5 veces por semana,Aplicación de delivery,Compañeros de trabajo,Más de Q150,Gol Nachos Supreme; CrunchMax BBQ; Fan Chips Jalapeño,Chocolate,Para compartir entre 2 personas,Q10 - Q15,No,Sí,México,Definitivamente no,Francia,Vinícius Júnior; Federico Valverde,Una selección nacional,Descuento directo,No,Edición España
1125,2026-05-08,21:31:54,35 - 44 años,Masculino,Guatemala,Mixco,Estudiante,3 a 5 veces por semana,Kiosco escolar/universitario,Amigos,Q25 - Q50,ChocoKick Bites; Hot Stadium Peanuts; Fan Chips Jalapeño,,Individual,Q16 - Q20,Sí,Sí,Canadá,Probablemente sí,España,Harry Kane,Humor,Tarjetas coleccionables,Sí,Edición Brasil
1126,2026-02-23,14:36:14,18 - 24 años,Masculino,Escuintla,Escuintla,Estudiante,3 a 5 veces por semana,Aplicación de delivery,Familia,Q51 - Q100,Hot Stadium Peanuts; Fan Chips Jalapeño,Salado Tradicional,Tamaño fiesta o reunión,Q16 - Q20,Sí,Sí,Argentina,Definitivamente sí,Inglaterra,Lionel Messi; Lamine Yamal,Humor,Descuento directo,No,Edición con tarjetas coleccionables
1127,2026-02-10,19:55:33,18 - 24 años,Masculino,Guatemala,Guatemala,Empleado privado,1 a 2 veces por semana,Supermercado,Familia,Q101 - Q150,Caramel Goal Popcorn,Picante Chapín,Individual,Q16 - Q20,Sí,Sí,Argentina,Probablemente sí,Brasil,Vinícius Júnior,Humor,2x1,No,Edición Inglaterra
373,2026-04-04,10:10:53,25 - 34 años,Femenino,Guatemala,Mixco,Comerciante,1 a 2 veces por semana,Tienda de barrio,Otro,Menos de Q25,ChocoKick Bites; Gol Nachos Supreme; FutbolMix,Dulce,Individual,Q16 - Q20,Sí,Sí,Francia,Probablemente sí,Argentina,Federico Valverde; Lionel Messi; Cristiano Ronaldo,Una selección nacional,Sorteo de viajes,Sí,Edición con jugadores famosos
1129,2026-03-09,08:40:26,45 - 54 años,Masculino,Guatemala,Villa Nueva,Profesional independiente,Varias veces al mes,Supermercado,Solo,Q25 - Q50,Mundialitos Queso Picante; Gol Nachos Supreme,Barbacoa,Para compartir entre 2 personas,Menos de Q10,No,Sí,Francia,Tal vez,Argentina,Cristiano Ronaldo; Federico Valverde,Un jugador famoso,Tarjetas coleccionables,No,Edición Mundial FIFA 2026
1130,2026-02-12,15:40:59,45 - 54 años,Masculino,Guatemala,Mixco,Otro,3 a 5 veces por semana,Tienda de barrio,Solo,Q101 - Q150,Hot Stadium Peanuts,Barbacoa,Familiar,Menos de Q10,No,Sí,México,Definitivamente sí,Portugal,Kylian Mbappé; Neymar Jr.; Vinícius Júnior,Humor,Descuento directo,Sí,Edición España
1131,2026-02-22,08:17:39,35 - 44 años,Masculino,Quetzaltenango,Quetzaltenango,Empresario,Rara vez,Otro,Amigos,Q101 - Q150,Fan Chips Jalapeño,Limón,Para compartir entre 2 personas,Q21 - Q30,No,Sí,Portugal,Definitivamente sí,Portugal,Lamine Yamal; Christian Pulisic; Neymar Jr.,Historias de aficionados,Producto gratis,No,Edición Brasil
1132,2026-04-18,08:28:36,35 - 44 años,Femenino,Guatemala,San Miguel Petapa,Estudiante,Varias veces al mes,Supermercado,Amigos,Q51 - Q100,Energy Crunch Protein; FutbolMix,Limón,Familiar,Q16 - Q20,Sí,Sí,Francia,Tal vez,España,Lionel Messi; Harry Kane; Lamine Yamal,Premios y sorteos,Descuento directo,Sí,Edición Brasil
1133,2026-04-02,22:34:46,25 - 34 años,Masculino,Suchitepéquez,Otro municipio,Empleado público,1 a 2 veces por semana,Gasolinera,Amigos,Menos de Q25,FutbolMix,Chocolate,Familiar,Q16 - Q20,No,Sí,Argentina,Probablemente sí,Brasil,Kylian Mbappé; Christian Pulisic,Una selección nacional,Tarjetas coleccionables,Sí,Edición Mundial FIFA 2026
1134,2026-01-10,13:19:19,35 - 44 años,Femenino,Escuintla,Escuintla,Comerciante,3 a 5 veces por semana,Aplicación de delivery,Solo,Q25 - Q50,FutbolMix; Gol Nachos Supreme,Limón,Individual,Q16 - Q20,Sí,Sí,Francia,Probablemente sí,Argentina,Cristiano Ronaldo; Vinícius Júnior,Premios y sorteos,2x1,No,Edición con tarjetas coleccionables
1135,2026-01-11,09:09:11,25 - 34 años,Femenino,Huehuetenango,Huehuetenango,Jubilado,Varias veces al mes,Supermercado,Familia,Q51 - Q100,FutbolMix; Mundialitos Queso Picante,Queso,Familiar,Q16 - Q20,No,Sí,Brasil,Probablemente sí,España,Lionel Messi; Cristiano Ronaldo,Premios y sorteos,2x1,Sí,Edición con tarjetas coleccionables
1136,2026-04-06,15:48:35,25 - 34 años,Masculino,Guatemala,San Miguel Petapa,Empleado privado,Todos los días,Tienda de barrio,Familia,Q51 - Q100,CrunchMax BBQ; Fan Chips Jalapeño; Gol Nachos Supreme,Limón,Tamaño fiesta o reunión,Q16 - Q20,Sí,Sí,Brasil,Tal vez,España,Neymar Jr.; Kylian Mbappé; Jude Bellingham,Una selección nacional,Producto gratis,No,Edición Brasil
1137,2026-03-11,13:09:04,25 - 34 años,Femenino,Guatemala,Mixco,,3 a 5 veces por semana,Otro,Familia,Menos de Q25,CrunchMax BBQ; Fan Chips Jalapeño,Limón,Tamaño fiesta o reunión,Q21 - Q30,Sí,No,Inglaterra,Probablemente sí,Argentina,Vinícius Júnior; Cristiano Ronaldo; Jude Bellingham,Una selección nacional,2x1,Sí,Edición Brasil
1138,2026-04-02,08:24:20,35 - 44 años,Masculino,Chimaltenango,Chimaltenango,Jubilado,1 a 2 veces por semana,Tienda de barrio,Amigos,Q51 - Q100,Gol Nachos Supreme; CrunchMax BBQ; Victory Pretzels,Chocolate,Para compartir entre 2 personas,Q21 - Q30,No,Sí,Francia,Tal vez,Suiza,Lionel Messi,Un jugador famoso,Sorteo de camisetas,No,Edición con jugadores famosos
1139,2026-01-29,17:42:37,45 - 54 años,Masculino,Santa Rosa,Otro municipio,Empresario,Todos los días,Kiosco escolar/universitario,Compañeros de trabajo,Q25 - Q50,Mundialitos Queso Picante; FutbolMix; Energy Crunch Protein,Queso,Tamaño fiesta o reunión,Q16 - Q20,Sí,Sí,Portugal,Probablemente sí,Marruecos,Vinícius Júnior,Una selección nacional,2x1,Sí,Edición con jugadores famosos
1140,2026-03-04,18:06:00,25 - 34 años,Masculino,Escuintla,Escuintla,Empresario,3 a 5 veces por semana,Gasolinera,Familia,Q51 - Q100,Mundialitos Queso Picante; Hot Stadium Peanuts; ChocoKick Bites,Barbacoa,Individual,Q21 - Q30,No,Sí,Francia,Tal vez,Brasil,Lamine Yamal; Lionel Messi,Un jugador famoso,Sorteo de camisetas,No,Edición con jugadores famosos
1141,2026-04-03,22:22:17,35 - 44 años,Masculino,Guatemala,Santa Catarina Pinula,Empleado privado,1 a 2 veces por semana,Tienda de barrio,Amigos,Menos de Q25,FutbolMix; Gol Nachos Supreme, CARAMELO ,Para compartir entre 2 personas,Q10 - Q15,No,Sí,Brasil,Probablemente sí,España,Kylian Mbappé,Humor,Descuento directo,Sí,Edición con jugadores famosos
1142,2026-03-07,18:00:48,Menos de 18 años,Masculino,Chimaltenango, CHIMALTENANGO ,Estudiante,1 a 2 veces por semana,Kiosco escolar/universitario,Amigos,Q51 - Q100,ChocoKick Bites; FutbolMix,Limón,Individual,Q16 - Q20,Sí,Sí,Brasil,Tal vez,México,Jude Bellingham,Un jugador famoso,Descuento directo,Sí,Edición con tarjetas coleccionables
1143,2026-04-28,22:35:48,18 - 24 años,Masculino,Jalapa,Otro municipio,Profesional independiente,3 a 5 veces por semana,,Familia,Q101 - Q150,Caramel Goal Popcorn,Barbacoa,Individual,Q10 - Q15,Sí,Sí,México,Tal vez,Argentina,Rodri,Humor,Tarjetas coleccionables,No,Edición con jugadores famosos
1144,2026-01-18,18:38:08,18 - 24 años,Femenino,Guatemala,Villa Nueva,Empleado privado,3 a 5 veces por semana,Supermercado,Solo,Q51 - Q100,Energy Crunch Protein; Hot Stadium Peanuts,Chocolate,Para compartir entre 2 personas,Q10 - Q15,Sí,Sí,Brasil,Tal vez, MÉXICO ,Neymar Jr.; Cristiano Ronaldo,Una selección nacional,Descuento directo,Sí,Edición Mundial FIFA 2026
1145,2026-03-11,07:57:19,18 - 24 años,Femenino,Chiquimula,Chiquimula,Empleado privado,Todos los días,Supermercado,Familia,Q25 - Q50,Mundialitos Queso Picante; Gol Nachos Supreme; Caramel Goal Popcorn,Picante Chapín,Familiar,Más de Q30,Sí,Sí, MÉXICO ,Probablemente no,México,Federico Valverde,Una selección nacional,2x1,No,Edición Inglaterra
1146,2026-02-12,17:51:12,25 - 34 años,Femenino,Izabal,Otro municipio,Empleado privado,3 a 5 veces por semana,Tienda de barrio,Amigos,Menos de Q25,Victory Pretzels; CrunchMax BBQ,Dulce,Familiar,Menos de Q10,No,Sí,México,Definitivamente sí,España,Rodri; Cristiano Ronaldo,Una selección nacional,Sorteo de camisetas,Sí,Edición Brasil
1147,2026-03-26,10:31:55,18 - 24 años,Masculino,Guatemala,Santa Catarina Pinula,,Todos los días,Tienda de barrio,Amigos,Más de Q150,Hot Stadium Peanuts; CrunchMax BBQ; Gol Nachos Supreme,Queso,Individual,Q16 - Q20,No,Sí,Brasil,Probablemente sí,Francia,Christian Pulisic,Un jugador famoso,2x1,Sí,Edición con jugadores famosos
1148,2026-01-15,13:57:30,25 - 34 años,Femenino,Alta Verapaz,Alta Verapaz,Empleado privado,3 a 5 veces por semana,Supermercado,Amigos,Q51 - Q100,FutbolMix,Barbacoa,Familiar,Q16 - Q20,Sí,Sí,México,Probablemente sí,Inglaterra,Alphonso Davies; Cristiano Ronaldo,Historias de aficionados,Producto gratis,Sí,Edición Francia
1149,2026-04-01,15:25:35,35 - 44 años,Masculino,Guatemala,Santa Catarina Pinula,Empleado público,3 a 5 veces por semana,Tienda de barrio,Amigos,Q25 - Q50,FutbolMix,Queso,Para compartir entre 2 personas,Q10 - Q15,Sí,Sí,Francia,Probablemente sí,Estados Unidos,Harry Kane,Premios y sorteos,2x1,No,Edición con tarjetas coleccionables
1150,2026-04-28,12:48:25,35 - 44 años,Masculino,Guatemala,Mixco,Profesional independiente,1 a 2 veces por semana,Tienda de barrio,Amigos,Q51 - Q100,FutbolMix; Mundialitos Queso Picante; Gol Nachos Supreme, DULCE ,Individual,Q10 - Q15,Sí,Sí,Argentina,Definitivamente sí,Brasil,Jude Bellingham,Una selección nacional,2x1,Sí,Edición Brasil
1151,2026-03-20,19:14:16,45 - 54 años,Prefiero no indicarlo, QUETZALTENANGO ,Olintepeque,Empleado público,Varias veces al mes,Supermercado,Amigos,Q51 - Q100,CrunchMax BBQ; Caramel Goal Popcorn; Gol Nachos Supreme,Caramelo,Familiar,Q16 - Q20,No,Sí, ARGENTINA ,Definitivamente sí,,Neymar Jr.,Una selección nacional,Descuento directo,No,Edición con jugadores famosos
1152,2026-05-01,12:13:32,25 - 34 años,Femenino,Escuintla,Palín,Empleado privado,1 a 2 veces por semana,Supermercado,Familia,Menos de Q25,CrunchMax BBQ; ChocoKick Bites,Queso,Familiar,Q16 - Q20,Sí,Sí, FRANCIA ,Definitivamente sí,Argentina,Lionel Messi; Cristiano Ronaldo; Lamine Yamal,Una selección nacional,2x1,Sí,Edición Brasil
1153,2026-01-21,13:15:57,55 años o más,Femenino,Guatemala,Mixco,Empleado privado,3 a 5 veces por semana,Tienda de barrio,Amigos,Q25 - Q50,Victory Pretzels; Gol Nachos Supreme,Picante Chapín,Tamaño fiesta o reunión,Q16 - Q20,No,Sí,Estados Unidos,Probablemente no,Portugal,Vinícius Júnior,Humor,Descuento directo,Sí,Edición Argentina
1154,2026-02-11,12:56:07,25 - 34 años,Femenino,Izabal,Cabecera municipal,Empleado privado,3 a 5 veces por semana,Tienda de barrio,Amigos,Menos de Q25,Gol Nachos Supreme,Queso,Familiar,Q10 - Q15,No,Sí,Ghana,Definitivamente sí,Portugal,Cristiano Ronaldo; Ninguno,Un jugador famoso,Producto gratis,Sí,Edición con jugadores famosos
1155,2026-02-12,17:41:49,25 - 34 años,Masculino,Alta Verapaz,Cabecera municipal,Comerciante,Varias veces al mes,Aplicación de delivery,Amigos,Q25 - Q50,Victory Pretzels; FutbolMix; CrunchMax BBQ,Limón,Familiar,Q16 - Q20,Sí,Sí,Francia,Definitivamente no,Uruguay,Ninguno,Una selección nacional,Descuento directo,Sí,Edición Argentina
1156,2026-04-07,15:05:38,25 - 34 años,Femenino,Guatemala,Mixco,Empresario,Todos los días,Gasolinera,Compañeros de trabajo,Menos de Q25,ChocoKick Bites,Picante Chapín,Familiar,Q10 - Q15,Sí,Sí,Argentina,Definitivamente sí,Colombia,Vinícius Júnior; Lionel Messi,Una selección nacional,Sorteo de viajes,No,Edición con tarjetas coleccionables
1157,2026-03-21,10:25:20,18 - 24 años,Femenino,Guatemala,Villa Nueva,Profesional independiente,Todos los días,Supermercado,Familia,Q51 - Q100,Energy Crunch Protein,Salado Tradicional,Familiar,,No,Sí,Colombia,Tal vez,Alemania,Cristiano Ronaldo,Una selección nacional,2x1,Sí,Edición Francia
1158,2026-01-21,11:38:53,55 años o más,Masculino,Escuintla,Escuintla,Estudiante,1 a 2 veces por semana,Supermercado,Solo,Q51 - Q100,Caramel Goal Popcorn; Fan Chips Jalapeño; Mundialitos Queso Picante,Picante Chapín,Para compartir entre 2 personas,Q10 - Q15,No,Sí,Argentina,Probablemente sí,Brasil,Vinícius Júnior; Federico Valverde,Premios y sorteos,Sorteo de balones,Sí,Edición con jugadores famosos
1159,2026-02-20,15:04:14,18 - 24 años,Femenino,Sacatepéquez,Jocotenango,Empleado privado,3 a 5 veces por semana,Gasolinera,Familia,Más de Q150,Hot Stadium Peanuts; Mundialitos Queso Picante; Victory Pretzels,Jalapeño,Familiar,Q10 - Q15,No,Sí,Portugal,Probablemente sí,Australia,Vinícius Júnior; Ninguno,Un jugador famoso,Tarjetas coleccionables,Sí,Edición Argentina
1160,2026-01-12,07:35:54,18 - 24 años,Femenino,Alta Verapaz,Otro municipio,Ama de casa,3 a 5 veces por semana,Tienda de barrio,Otro,Q25 - Q50,CrunchMax BBQ; Caramel Goal Popcorn; Energy Crunch Protein,Jalapeño,Individual,Menos de Q10,No,Sí,México,Definitivamente sí,Alemania,Lamine Yamal; Cristiano Ronaldo,Un jugador famoso,Descuento directo,Sí,Edición Mundial FIFA 2026
1161,2026-03-01,09:33:49,35 - 44 años,Masculino,Guatemala,Guatemala,Comerciante,Varias veces al mes,Tienda de barrio,Amigos,Q51 - Q100,Gol Nachos Supreme; Victory Pretzels; Hot Stadium Peanuts,Barbacoa,Tamaño fiesta o reunión,Q16 - Q20,Sí,Sí,Francia,Tal vez,México,Lionel Messi; Neymar Jr.; Rodri,Premios y sorteos,2x1,Sí,Edición con jugadores famosos
1162,2026-01-29,17:54:04,25 - 34 años,Prefiero no indicarlo,Guatemala,Santa Catarina Pinula,Profesional independiente,3 a 5 veces por semana,Supermercado,Otro,Q101 - Q150,ChocoKick Bites; Fan Chips Jalapeño; CrunchMax BBQ, JALAPEÑO ,Familiar,Q16 - Q20,Sí,Sí,Irak,Tal vez,Argentina,Kylian Mbappé; Vinícius Júnior; Neymar Jr.,Una selección nacional,Descuento directo,Sí,Edición Francia
1163,2026-02-09,10:37:43,25 - 34 años,Femenino,Guatemala,Mixco,Empleado privado,1 a 2 veces por semana,Gasolinera,Compañeros de trabajo,Q101 - Q150,Mundialitos Queso Picante,Queso,Individual,Q10 - Q15,Sí,Sí,Escocia,Definitivamente sí,Argentina,Jude Bellingham,Una selección nacional,2x1,Sí,Edición con jugadores famosos
1164,2026-02-17,12:16:25,18 - 24 años,Femenino,Zacapa,Zacapa,Ama de casa,3 a 5 veces por semana,Supermercado,Amigos,Q101 - Q150,Mundialitos Queso Picante,Jalapeño,Para compartir entre 2 personas,Q16 - Q20,Sí,Sí,Brasil,Probablemente sí,Argentina,Lamine Yamal,Una selección nacional,Tarjetas coleccionables,Sí,Edición Brasil
1165,2026-01-19,14:54:26,Menos de 18 años,Femenino,Guatemala,Villa Nueva,Profesional independiente,3 a 5 veces por semana,Supermercado,Amigos,Q51 - Q100,FutbolMix; Caramel Goal Popcorn,Picante Chapín,Para compartir entre 2 personas,Q10 - Q15,Sí,Sí,Portugal,Definitivamente sí,México,Lionel Messi; Neymar Jr.,Un jugador famoso,2x1,No,Edición Argentina
1166,2026-02-15,18:38:36,25 - 34 años,Femenino,Quiché,Quiché,Empleado privado,3 a 5 veces por semana,Aplicación de delivery,Familia,Q51 - Q100,FutbolMix; Mundialitos Queso Picante,Jalapeño,Familiar,Más de Q30,Sí,Sí,Francia,Tal vez,Colombia,Vinícius Júnior; Kylian Mbappé; Alphonso Davies,Premios y sorteos,2x1,No,Edición Argentina
1167,2026-04-03,14:53:44,35 - 44 años,Masculino,Baja Verapaz,Otro municipio,Estudiante,1 a 2 veces por semana,Kiosco escolar/universitario,Amigos,Q25 - Q50,Mundialitos Queso Picante,Chocolate,Individual,Q10 - Q15,Sí,Sí,Portugal,Probablemente sí,Argentina,Jude Bellingham; Federico Valverde,Un jugador famoso,2x1,Sí,Edición Argentina
1168,2026-02-26,12:36:44,Menos de 18 años,Prefiero no indicarlo,Guatemala,Villa Nueva,Empleado público,1 a 2 veces por semana,Kiosco escolar/universitario,Familia,Más de Q150,Fan Chips Jalapeño; ChocoKick Bites,Jalapeño,Individual,Q21 - Q30,Sí,Sí,Brasil,Probablemente sí,Colombia,Julián Álvarez; Cristiano Ronaldo,Historias de aficionados,Producto gratis,No,Edición España
1169,2026-03-20,10:16:54,Menos de 18 años,Masculino,Alta Verapaz,Otro municipio,Empleado privado,Varias veces al mes,Kiosco escolar/universitario,Amigos,Q25 - Q50,FutbolMix; CrunchMax BBQ; ChocoKick Bites,Caramelo,Individual,Q21 - Q30,Sí,Sí,Brasil,Probablemente no,Argentina,Neymar Jr.; Harry Kane; Christian Pulisic,Un jugador famoso,Producto gratis,No,Edición Francia
1170,2026-01-23,21:00:34,35 - 44 años,Femenino,Chimaltenango,Chimaltenango,Empleado privado,3 a 5 veces por semana,Tienda de barrio,Compañeros de trabajo,Q51 - Q100,Gol Nachos Supreme,Jalapeño,Individual,Q10 - Q15,Sí,Sí, PORTUGAL ,Tal vez,Argentina,Lamine Yamal,Un jugador famoso,Descuento directo,Sí,Edición con tarjetas coleccionables
1171,2026-02-28,11:10:44,35 - 44 años,Masculino,Baja Verapaz,Otro municipio,Comerciante,1 a 2 veces por semana,Tienda de barrio,Amigos,Menos de Q25,Gol Nachos Supreme,Chocolate,Individual,Q21 - Q30,Sí,Sí,Francia,Probablemente sí,Francia,Jude Bellingham,Un jugador famoso,Descuento directo,No,Edición Mundial FIFA 2026
1172,2026-02-16,15:59:30,35 - 44 años,Masculino,Guatemala,Villa Nueva,Profesional independiente,Varias veces al mes,Tienda de barrio,Familia,Q25 - Q50,FutbolMix; Gol Nachos Supreme,Picante Chapín,Para compartir entre 2 personas,Q16 - Q20,Sí,Sí,Alemania,Probablemente sí,Francia,Neymar Jr.; Christian Pulisic,Historias de aficionados,Sorteo de viajes,No,Edición Brasil
1173,2026-01-24,22:40:57,18 - 24 años,Femenino,Chimaltenango,Patzún,Profesional independiente,3 a 5 veces por semana,Kiosco escolar/universitario,Amigos,Q25 - Q50,Energy Crunch Protein, PICANTE CHAPÍN ,Familiar,Q16 - Q20,No,Sí,Portugal,Probablemente sí,Portugal,Neymar Jr.; Cristiano Ronaldo,Un jugador famoso,Producto gratis,Sí,Edición Mundial FIFA 2026
1174,2026-04-01,11:17:54,18 - 24 años,Femenino,Retalhuleu,Cabecera municipal,Estudiante,1 a 2 veces por semana,Tienda de barrio,Solo,Menos de Q25,Mundialitos Queso Picante; Hot Stadium Peanuts; Caramel Goal Popcorn,Salado Tradicional,Tamaño fiesta o reunión,Menos de Q10,Sí,Sí, BÉLGICA ,Definitivamente sí,Argentina,Lionel Messi; Lamine Yamal,Un jugador famoso,Descuento directo,Sí,Edición Brasil
1175,2026-05-04,08:14:16,35 - 44 años,Femenino,Escuintla,Palín,Empresario,Varias veces al mes,Supermercado,Amigos,Q51 - Q100,Energy Crunch Protein; CrunchMax BBQ, BARBACOA ,Individual,Q21 - Q30,Sí,Sí,Argentina,Definitivamente sí,Brasil,Jude Bellingham; Cristiano Ronaldo,Historias de aficionados,Sorteo de viajes,No,Edición Mundial FIFA 2026
1176,2026-01-12,19:42:57,25 - 34 años,Femenino,Guatemala,Villa Nueva,Jubilado,1 a 2 veces por semana,Tienda de barrio,Familia,Q51 - Q100,Victory Pretzels,Picante Chapín,Individual,Q10 - Q15,Sí,Sí,Argentina,Tal vez,Brasil,Federico Valverde; Vinícius Júnior,Un jugador famoso,Tarjetas coleccionables,No,Edición Argentina
1177,2026-05-04,09:00:06,18 - 24 años,Masculino,Izabal,Cabecera municipal,Empleado privado,1 a 2 veces por semana,Supermercado,Amigos,Menos de Q25,CrunchMax BBQ; FutbolMix; Mundialitos Queso Picante,Jalapeño,Familiar,Q16 - Q20,Sí,Sí,Argentina,Tal vez,México,Kylian Mbappé,Una selección nacional,Sorteo de camisetas,Sí,Edición España
1178,2026-04-22,13:52:22,35 - 44 años,Femenino,Guatemala,Guatemala,Empleado público,3 a 5 veces por semana,Tienda de barrio,Compañeros de trabajo,Q25 - Q50,Energy Crunch Protein; Mundialitos Queso Picante; Caramel Goal Popcorn,Limón,Familiar,Q10 - Q15,Sí,Sí,Portugal,Probablemente sí,Estados Unidos,Jude Bellingham; Harry Kane; Lionel Messi,Un jugador famoso,2x1,No,Edición con jugadores famosos
1179,2026-01-14,15:37:21,25 - 34 años,Masculino,Escuintla,Santa Lucía Cotzumalguapa,Empleado privado,Todos los días,Gasolinera,Familia,Q51 - Q100,Energy Crunch Protein,Picante Chapín,Para compartir entre 2 personas,Q16 - Q20,No,Sí,Brasil,Definitivamente sí,Argentina,Vinícius Júnior; Cristiano Ronaldo,Historias de aficionados,2x1,Sí,Edición con jugadores famosos
1180,2026-05-06,09:55:03,45 - 54 años,Masculino,Sacatepéquez, ANTIGUA GUATEMALA ,Otro,Rara vez,Tienda de barrio,Familia,Q51 - Q100,Fan Chips Jalapeño,Queso,Familiar,Q16 - Q20,Sí,Sí,Inglaterra,Tal vez,Portugal,Cristiano Ronaldo; Rodri,Un jugador famoso,Descuento directo,No,Edición con jugadores famosos
1181,2026-05-03,16:57:28,18 - 24 años,Femenino,Sacatepéquez,Jocotenango,Empleado público,1 a 2 veces por semana,Supermercado,Amigos,Q51 - Q100,Gol Nachos Supreme; ChocoKick Bites,Picante Chapín,Individual,Q10 - Q15,No,Sí,México,Tal vez,Argentina,Alphonso Davies,Premios y sorteos,Sorteo de viajes,Sí,Edición Mundial FIFA 2026
1182,2026-03-12,14:44:44,45 - 54 años,Femenino,Guatemala,San Miguel Petapa,Empleado privado,Varias veces al mes,Gasolinera,Familia,Q25 - Q50,CrunchMax BBQ; Energy Crunch Protein,Barbacoa,Para compartir entre 2 personas,Q21 - Q30,No,Sí,Estados Unidos,Tal vez,Inglaterra,Lamine Yamal; Neymar Jr.,Historias de aficionados,Tarjetas coleccionables,Sí,Edición con jugadores famosos
1183,2026-03-21,17:09:39,55 años o más,Femenino,Sacatepéquez,Sumpango,Estudiante,3 a 5 veces por semana,Aplicación de delivery,Amigos,Q51 - Q100,Gol Nachos Supreme,Picante Chapín,Para compartir entre 2 personas,Q16 - Q20,Sí,Sí,Brasil,Definitivamente sí,Brasil,Harry Kane; Ninguno,Premios y sorteos,Producto gratis,Sí,Edición con tarjetas coleccionables
1184,2026-02-05,13:55:42,25 - 34 años,Masculino,Jutiapa,Otro municipio,Empleado privado,Rara vez,Gasolinera,Familia,Menos de Q25,CrunchMax BBQ,Barbacoa,Para compartir entre 2 personas,Q21 - Q30,Sí,Sí,Uruguay,Tal vez,Argentina,Kylian Mbappé,Humor,Descuento directo,Sí,Edición Mundial FIFA 2026
1185,2026-01-28,15:10:14,25 - 34 años,Masculino,Petén,Flores,Ama de casa,Varias veces al mes,Otro,Familia,Q25 - Q50,Gol Nachos Supreme; Fan Chips Jalapeño,Dulce,Familiar,Q16 - Q20,No,Sí,Inglaterra,Probablemente sí, MÉXICO ,Julián Álvarez; Cristiano Ronaldo; Vinícius Júnior,Una selección nacional,Sorteo de viajes,Sí,Edición Argentina
1186,2026-02-23,11:07:42,35 - 44 años,Femenino,Quetzaltenango,Quetzaltenango,Comerciante,Varias veces al mes,Tienda de barrio,Familia,Q25 - Q50,Mundialitos Queso Picante; Gol Nachos Supreme; CrunchMax BBQ,Picante Chapín,Familiar,Menos de Q10,Sí,Sí,Alemania,Probablemente sí,Argentina,Cristiano Ronaldo; Kylian Mbappé; Lionel Messi,Historias de aficionados,Tarjetas coleccionables,Sí,Edición con jugadores famosos
1187,2026-03-16,22:29:38,35 - 44 años,Masculino,Santa Rosa,Otro municipio,Empleado público,Todos los días,Kiosco escolar/universitario,Amigos,Menos de Q25,Caramel Goal Popcorn; Energy Crunch Protein; Victory Pretzels,Picante Chapín,Para compartir entre 2 personas,Q16 - Q20,Sí,No,Alemania,Probablemente sí,México,Lamine Yamal,Humor,2x1,Sí,Edición con tarjetas coleccionables
1481,2026-02-24,22:29:42,25 - 34 años,Masculino,El Progreso,Otro municipio,Empresario,1 a 2 veces por semana,Gasolinera,Familia,Q101 - Q150,CrunchMax BBQ,Queso,Individual,Q16 - Q20,Sí,Sí,Inglaterra,Probablemente sí,España,Ninguno; Christian Pulisic; Cristiano Ronaldo,Premios y sorteos,Descuento directo,No,Edición con jugadores famosos
1189,2026-01-29,14:12:11,25 - 34 años,Masculino,Sacatepéquez,Jocotenango,Empleado público,1 a 2 veces por semana,Kiosco escolar/universitario,Familia,Menos de Q25,Fan Chips Jalapeño; ChocoKick Bites,Barbacoa,Para compartir entre 2 personas,Q10 - Q15,No,Sí,Argelia,Probablemente sí,Portugal,Vinícius Júnior,Historias de aficionados,Sorteo de viajes,Sí,Edición con jugadores famosos
1190,2026-01-14,15:07:12,18 - 24 años,Masculino,Alta Verapaz,Cabecera municipal,Empleado público,1 a 2 veces por semana,Kiosco escolar/universitario,Familia,Menos de Q25,Gol Nachos Supreme,Queso,Para compartir entre 2 personas,Menos de Q10,No,No,Francia,Probablemente sí,Brasil,Lionel Messi,Un jugador famoso,Sorteo de viajes,Sí,Edición Mundial FIFA 2026
1191,2026-02-09,19:48:27,18 - 24 años,Masculino,Guatemala,Villa Nueva,Jubilado,1 a 2 veces por semana,Supermercado,Compañeros de trabajo,Q25 - Q50,FutbolMix,Queso,Tamaño fiesta o reunión,Q10 - Q15,Sí,Sí, ARGENTINA ,Probablemente sí,Francia,Neymar Jr.; Rodri; Cristiano Ronaldo,Una selección nacional,2x1,Sí,Edición Brasil
1192,2026-01-14,11:15:45,55 años o más,Femenino,Guatemala,Guatemala,Empleado privado,1 a 2 veces por semana,Supermercado,Familia,Q51 - Q100,CrunchMax BBQ,Picante Chapín,Individual,Q16 - Q20,No,Sí,Portugal,Probablemente sí,Argentina,Jude Bellingham; Cristiano Ronaldo; Kylian Mbappé,Una selección nacional,2x1,Sí,Edición Brasil
1193,2026-04-04,22:35:00,25 - 34 años,Masculino,Sacatepéquez,Sumpango,Empleado privado,Todos los días,Supermercado,Familia,Q25 - Q50,Mundialitos Queso Picante; Caramel Goal Popcorn,Jalapeño,Individual,Menos de Q10,Sí,Sí,Suecia,Tal vez,Francia,Vinícius Júnior; Cristiano Ronaldo,Historias de aficionados,Producto gratis,No,Edición España
1194,2026-03-23,19:34:44,35 - 44 años,Femenino,Retalhuleu,Otro municipio,Empresario,Varias veces al mes,Otro,Amigos,Más de Q150,Mundialitos Queso Picante,Picante Chapín,Familiar,Q16 - Q20,No,Sí,Argentina,Tal vez,Francia,Cristiano Ronaldo; Rodri; Lionel Messi,Historias de aficionados,Tarjetas coleccionables,Sí,Edición con jugadores famosos
1195,2026-03-29,18:11:00,Menos de 18 años,Masculino, GUATEMALA ,Santa Catarina Pinula,Estudiante,3 a 5 veces por semana,Supermercado,Familia,Q51 - Q100,Gol Nachos Supreme,Picante Chapín,Familiar,Q10 - Q15,Sí,Sí,Uruguay,Tal vez,Portugal,Cristiano Ronaldo,Historias de aficionados,Tarjetas coleccionables,Sí,Edición Mundial FIFA 2026
1196,2026-04-28,15:19:32,Menos de 18 años,Masculino,Guatemala,Mixco,Empleado privado,1 a 2 veces por semana,Kiosco escolar/universitario,Amigos,Q101 - Q150,Hot Stadium Peanuts,Queso,Familiar,Q10 - Q15,No,Sí,México,Tal vez,Estados Unidos,Cristiano Ronaldo; Lionel Messi,Historias de aficionados,Producto gratis,Sí,Edición Argentina
1197,2026-04-11,19:50:00,18 - 24 años,Femenino,Guatemala,San Miguel Petapa,Comerciante,Todos los días,Tienda de barrio,Amigos,Q101 - Q150,FutbolMix; Gol Nachos Supreme,Jalapeño,Tamaño fiesta o reunión,Q16 - Q20,No,No,España,Probablemente no,Argentina,Cristiano Ronaldo,Humor,Tarjetas coleccionables,No,Edición Mundial FIFA 2026
1198,2026-03-08,09:22:14,18 - 24 años,Masculino,Guatemala,Santa Catarina Pinula,Empleado privado,Rara vez,Otro,Familia,Q51 - Q100,Mundialitos Queso Picante; FutbolMix,Barbacoa,Para compartir entre 2 personas,Q10 - Q15,Sí,Sí,Brasil,Definitivamente no,Brasil,Kylian Mbappé,Humor,Producto gratis,Sí,Edición Mundial FIFA 2026
1199,2026-04-23,18:20:02,45 - 54 años,Masculino,Quetzaltenango,Quetzaltenango,Profesional independiente,3 a 5 veces por semana,Aplicación de delivery,Amigos,Q25 - Q50,Caramel Goal Popcorn; Hot Stadium Peanuts; CrunchMax BBQ,Chocolate,Individual,Q10 - Q15,Sí,Sí,Argentina,Tal vez,Alemania,Julián Álvarez; Alphonso Davies,Premios y sorteos,Sorteo de camisetas,Sí,Edición con tarjetas coleccionables
1200,2026-02-28,20:17:29,45 - 54 años,Femenino,Izabal,Cabecera municipal,Profesional independiente,Rara vez,Tienda de barrio,Amigos,Q51 - Q100,Victory Pretzels; ChocoKick Bites; Caramel Goal Popcorn,Barbacoa,Familiar,Q10 - Q15,No,Sí,Francia,Tal vez,Francia,Alphonso Davies; Lamine Yamal,Una selección nacional,2x1,Sí,Edición con tarjetas coleccionables
1201,2026-04-08,22:17:50,25 - 34 años,Masculino,Guatemala,Villa Nueva,Estudiante,3 a 5 veces por semana,Otro,Amigos,Q25 - Q50,Hot Stadium Peanuts; Fan Chips Jalapeño; Energy Crunch Protein,Picante Chapín,Familiar,Q21 - Q30,No,Sí,Argentina,Probablemente sí,Brasil,Neymar Jr.,Humor,2x1,Sí,Edición Argentina
1202,2026-02-24,17:25:27,Menos de 18 años,Femenino,Chimaltenango,Patzún,Estudiante,1 a 2 veces por semana,Supermercado,Amigos,Q51 - Q100,Fan Chips Jalapeño; Hot Stadium Peanuts; Mundialitos Queso Picante,Queso,Familiar,Q16 - Q20,No,Sí,Túnez,Definitivamente sí,Uruguay,Kylian Mbappé,Historias de aficionados,Producto gratis,Sí,Edición con tarjetas coleccionables
1203,2026-02-25,17:17:56,18 - 24 años,Femenino,Quetzaltenango,Olintepeque,Ama de casa,1 a 2 veces por semana,Gasolinera,Amigos,Q101 - Q150,FutbolMix; Fan Chips Jalapeño,Queso,Para compartir entre 2 personas,Q10 - Q15,Sí,Sí,Argentina,Probablemente sí,Brasil,Jude Bellingham; Federico Valverde; Vinícius Júnior,Una selección nacional,Tarjetas coleccionables,No,Edición Brasil
1204,2026-03-03,10:50:46,Menos de 18 años,Masculino,Guatemala,Santa Catarina Pinula,Empleado privado,3 a 5 veces por semana,Aplicación de delivery,Familia,Más de Q150,Mundialitos Queso Picante; Fan Chips Jalapeño,,Tamaño fiesta o reunión,Q16 - Q20,No,Sí,Brasil,Probablemente no,Uruguay,Vinícius Júnior; Lamine Yamal; Neymar Jr.,Un jugador famoso,Descuento directo,Sí,Edición con jugadores famosos
1205,2026-02-04,20:36:57,25 - 34 años,Femenino,Guatemala,San Miguel Petapa,Empleado privado,3 a 5 veces por semana,Tienda de barrio,Compañeros de trabajo,Q25 - Q50,Mundialitos Queso Picante; Energy Crunch Protein,Picante Chapín,Tamaño fiesta o reunión,Q16 - Q20,Sí,Sí,Brasil,Tal vez,España,Kylian Mbappé,Humor,Sorteo de viajes,Sí,Edición Inglaterra
1206,2026-04-17,08:47:51,35 - 44 años,Femenino,Guatemala,Santa Catarina Pinula,Estudiante,1 a 2 veces por semana,Tienda de barrio,Amigos,Q25 - Q50,Caramel Goal Popcorn,Picante Chapín,Tamaño fiesta o reunión,Q16 - Q20,No,Sí,Brasil,Tal vez,México,Jude Bellingham,Historias de aficionados,Sorteo de viajes,Sí,Edición Inglaterra
1207,2026-01-24,20:16:47,35 - 44 años,Femenino,Guatemala,San Miguel Petapa,Empleado privado,Todos los días,Tienda de barrio,Compañeros de trabajo,Q51 - Q100,Mundialitos Queso Picante,Jalapeño,Tamaño fiesta o reunión,Menos de Q10,No,Sí,México,Tal vez,Uruguay,Vinícius Júnior; Neymar Jr.; Alphonso Davies,Un jugador famoso,Descuento directo,No,Edición Mundial FIFA 2026
1208,2026-03-01,20:26:40,25 - 34 años,Femenino,Guatemala,Guatemala,Profesional independiente,Varias veces al mes,Otro,Familia,Q51 - Q100,Gol Nachos Supreme, BARBACOA ,Individual,Menos de Q10,No,Sí,Argentina,Probablemente sí,España,Vinícius Júnior; Lionel Messi; Lamine Yamal,Historias de aficionados,Tarjetas coleccionables,No,Edición con tarjetas coleccionables
1209,2026-02-17,09:11:40,18 - 24 años,Femenino,Guatemala,Villa Nueva,Estudiante,Todos los días,Gasolinera,Familia,Q101 - Q150,Caramel Goal Popcorn; Fan Chips Jalapeño; Victory Pretzels,Picante Chapín,Familiar,Q10 - Q15,Sí,Sí,Argentina,Tal vez,Portugal,Lionel Messi; Neymar Jr.; Harry Kane,Un jugador famoso,2x1,No,Edición con jugadores famosos
1210,2026-02-13,16:17:45,18 - 24 años,Femenino,Guatemala,Santa Catarina Pinula,Empresario,1 a 2 veces por semana,Tienda de barrio,Compañeros de trabajo,Q101 - Q150,Gol Nachos Supreme; Fan Chips Jalapeño; CrunchMax BBQ,Jalapeño,Familiar,Menos de Q10,Sí,Sí,Argentina,Probablemente sí,Argentina,Kylian Mbappé; Lionel Messi; Federico Valverde,Premios y sorteos,2x1,Sí,Edición Mundial FIFA 2026
1211,2026-04-11,14:49:22,18 - 24 años,Femenino,Petén,Flores,Comerciante,3 a 5 veces por semana,Tienda de barrio,Familia,Q25 - Q50,Gol Nachos Supreme; FutbolMix,Picante Chapín,Para compartir entre 2 personas,Q16 - Q20,Sí,No,México,Tal vez,Francia,Federico Valverde; Christian Pulisic,Premios y sorteos,Producto gratis,Sí,Edición Inglaterra
1212,2026-03-22,10:40:25,55 años o más,Masculino,Guatemala,Villa Nueva,Comerciante,1 a 2 veces por semana,Tienda de barrio,Familia,Q51 - Q100,ChocoKick Bites; CrunchMax BBQ,Jalapeño,Individual,Más de Q30,Sí,Sí,Irán,Tal vez,Portugal,Lionel Messi,Historias de aficionados,Tarjetas coleccionables,No,Edición Argentina
1213,2026-03-23,12:07:37,25 - 34 años,Masculino,Sacatepéquez,Jocotenango,Estudiante,3 a 5 veces por semana,Supermercado,Amigos,Q25 - Q50,ChocoKick Bites,Jalapeño,Individual,Más de Q30,Sí,Sí,Estados Unidos,Definitivamente sí,Argentina,Cristiano Ronaldo; Julián Álvarez; Lionel Messi,Una selección nacional,2x1,Sí,Edición España
1214,2026-04-22,14:31:39,18 - 24 años,Masculino,Guatemala,Santa Catarina Pinula,Comerciante,1 a 2 veces por semana,Tienda de barrio,Familia,Menos de Q25,Gol Nachos Supreme,Salado Tradicional,Para compartir entre 2 personas,Q16 - Q20,Sí,Sí,Portugal,Tal vez,Argentina,Neymar Jr.; Lionel Messi,Una selección nacional,2x1,Sí,Edición con tarjetas coleccionables
1215,2026-03-20,13:21:11,18 - 24 años,Femenino,Guatemala,Guatemala,Profesional independiente,Varias veces al mes,Aplicación de delivery,Familia,Más de Q150,FutbolMix; Gol Nachos Supreme,Salado Tradicional,Para compartir entre 2 personas,Q16 - Q20,No,Sí,Alemania,Definitivamente sí,Francia,Lionel Messi,Humor,Producto gratis,No,Edición Mundial FIFA 2026
1216,2026-04-17,17:52:22,18 - 24 años,Femenino,Escuintla, SANTA LUCÍA COTZUMALGUAPA ,Ama de casa,3 a 5 veces por semana,Supermercado,Familia,Q25 - Q50,CrunchMax BBQ,Queso,Individual,Más de Q30,Sí,Sí,Inglaterra,Tal vez, BRASIL ,Lionel Messi,Una selección nacional,Sorteo de balones,Sí,Edición Argentina
1217,2026-03-22,11:39:07,25 - 34 años,Femenino,San Marcos,Cabecera municipal,Jubilado,Varias veces al mes,Otro,Solo,Q101 - Q150,Victory Pretzels; CrunchMax BBQ; Fan Chips Jalapeño,Limón,Familiar,Q10 - Q15,No,Sí,Portugal,Definitivamente sí,Argentina,Christian Pulisic; Cristiano Ronaldo,Premios y sorteos,Tarjetas coleccionables,No,Edición con jugadores famosos
1218,2026-04-22,07:53:20,45 - 54 años,Masculino,Escuintla,Palín,Empleado privado,Varias veces al mes,Aplicación de delivery,Amigos,Q25 - Q50,Fan Chips Jalapeño,Picante Chapín,Tamaño fiesta o reunión,Q10 - Q15,No,No,Brasil,Definitivamente sí,Inglaterra,Lamine Yamal; Vinícius Júnior; Lionel Messi,Historias de aficionados,Tarjetas coleccionables,Sí,Edición España
1219,2026-04-18,21:13:40,25 - 34 años,Masculino,Sacatepéquez,Sumpango,Jubilado,3 a 5 veces por semana,Tienda de barrio,Compañeros de trabajo,Menos de Q25,Mundialitos Queso Picante; Caramel Goal Popcorn,Queso,Individual,Q16 - Q20,Sí,Sí,Portugal,Probablemente sí,México,Cristiano Ronaldo,Humor,Descuento directo,Sí,Edición con jugadores famosos
1220,2026-03-23,19:30:03,25 - 34 años,Femenino,Guatemala, VILLA NUEVA ,Comerciante,Todos los días,Tienda de barrio,Solo,Q51 - Q100,FutbolMix,Picante Chapín,Para compartir entre 2 personas,Q21 - Q30,No,No,Brasil,Probablemente sí,Inglaterra,Lionel Messi; Harry Kane,Un jugador famoso,Descuento directo,No,Edición con tarjetas coleccionables
1221,2026-04-16,18:28:27,55 años o más,Femenino,Guatemala,Guatemala,Empleado privado,3 a 5 veces por semana,Supermercado,Solo,Q25 - Q50,Mundialitos Queso Picante; CrunchMax BBQ; FutbolMix,Barbacoa,Para compartir entre 2 personas,Q16 - Q20,No,Sí,Portugal,Tal vez,Inglaterra,Lionel Messi; Cristiano Ronaldo; Federico Valverde,Un jugador famoso,Producto gratis,Sí,Edición con tarjetas coleccionables
1222,2026-01-20,07:20:54,Menos de 18 años,Masculino,Retalhuleu,Cabecera municipal,Jubilado,3 a 5 veces por semana,Tienda de barrio,Familia,Más de Q150,Energy Crunch Protein,Barbacoa,Familiar,Q16 - Q20,Sí,Sí,Brasil,Definitivamente sí,Portugal,Kylian Mbappé; Ninguno; Lionel Messi,Una selección nacional,Descuento directo,No,Edición Brasil
1223,2026-01-19,21:12:15,Menos de 18 años,Femenino,Guate,Guatemala,Estudiante,Varias veces al mes,Tienda de barrio,Amigos,Q25 - Q50,ChocoKick Bites; CrunchMax BBQ; Hot Stadium Peanuts,Picante Chapín,Para compartir entre 2 personas,Q21 - Q30,No,No,Brasil,Probablemente no,Argentina,Harry Kane; Lionel Messi; Vinícius Júnior,Humor,Tarjetas coleccionables,Sí,Edición Argentina
1224,2026-01-19,10:20:40,18 - 24 años,Femenino,Guatemala,Mixco,Empleado privado,Todos los días,Supermercado,Amigos,Q25 - Q50,Hot Stadium Peanuts,Picante Chapín,Tamaño fiesta o reunión,Menos de Q10,Sí,Sí,Brasil,Probablemente no,Argentina,Lionel Messi; Federico Valverde,Una selección nacional,Sorteo de camisetas,No,Edición Argentina
1225,2026-01-11,09:23:34,55 años o más,Masculino,Guatemala,Mixco,Empleado privado,Todos los días,Tienda de barrio,Familia,Q25 - Q50,FutbolMix,Limón,Familiar,Q16 - Q20,Sí,Sí,México,Tal vez,Brasil,Lionel Messi,Un jugador famoso,Producto gratis,Sí,Edición Argentina
1226,2026-02-01,17:13:59,25 - 34 años,Femenino,Izabal,Cabecera municipal,Jubilado,Rara vez,Kiosco escolar/universitario,Amigos,Menos de Q25,CrunchMax BBQ; Gol Nachos Supreme; Fan Chips Jalapeño,Limón,Para compartir entre 2 personas,Q16 - Q20,Sí,No,Portugal,Tal vez,Brasil,Cristiano Ronaldo,Una selección nacional,Sorteo de viajes,Sí,Edición España
1227,2026-04-30,14:21:24,55 años o más,Masculino,Izabal,Otro municipio,Profesional independiente,Todos los días,Supermercado,Familia,Q25 - Q50,Mundialitos Queso Picante,Queso,Para compartir entre 2 personas,Más de Q30,Sí,Sí,Argentina,Definitivamente sí, MÉXICO ,Cristiano Ronaldo,Humor,Sorteo de camisetas,Sí,Edición Argentina
1228,2026-02-15,14:33:07,35 - 44 años,Masculino,Quetzaltenango,Olintepeque,Estudiante,1 a 2 veces por semana,Tienda de barrio,Familia,Q51 - Q100,Caramel Goal Popcorn,Queso,Familiar,Q21 - Q30,No,Sí,Portugal,Definitivamente sí,Brasil,Cristiano Ronaldo; Lamine Yamal; Jude Bellingham,Historias de aficionados,2x1,Sí,Edición con jugadores famosos
1229,2026-01-11,11:49:10,55 años o más,Masculino,Sacatepéquez,Jocotenango,Comerciante,3 a 5 veces por semana,Tienda de barrio,Amigos,Q25 - Q50,Caramel Goal Popcorn; FutbolMix; CrunchMax BBQ,Jalapeño,Para compartir entre 2 personas,Q10 - Q15,No,Sí,Argentina,Definitivamente sí,Panamá,Cristiano Ronaldo; Kylian Mbappé; Vinícius Júnior,Historias de aficionados,Producto gratis,Sí,Edición Argentina
1230,2026-04-21,16:38:32,55 años o más,Femenino,Jutiapa,Cabecera municipal,Empleado privado,1 a 2 veces por semana,Tienda de barrio,Solo,Q51 - Q100,CrunchMax BBQ; Energy Crunch Protein,Dulce,Familiar,Q16 - Q20,Sí,No,México,Probablemente no,Alemania,Neymar Jr.,Una selección nacional,Sorteo de balones,No,Edición Francia
1231,2026-02-20,14:27:51,35 - 44 años,Masculino,Guatemala,Guatemala,Empleado privado,3 a 5 veces por semana,Supermercado,Amigos,Q51 - Q100,ChocoKick Bites,,Familiar,Q10 - Q15,No,No,Argentina,Probablemente no,Brasil,Alphonso Davies; Kylian Mbappé,Un jugador famoso,Sorteo de viajes,Sí,Edición con jugadores famosos
1232,2026-03-04,20:17:50,35 - 44 años,Masculino,Guatemala,Villa Nueva,Estudiante,1 a 2 veces por semana,Supermercado,Familia,Q101 - Q150,Energy Crunch Protein,Salado Tradicional,Individual,Q16 - Q20,Sí,Sí,Brasil,Probablemente sí,Alemania,Cristiano Ronaldo; Lamine Yamal,Una selección nacional,Descuento directo,Sí,Edición Argentina
1233,2026-02-06,16:55:16,35 - 44 años,Masculino,Quetzaltenango,Quetzaltenango,Empresario,3 a 5 veces por semana,Supermercado,Familia,Q25 - Q50,Fan Chips Jalapeño; Caramel Goal Popcorn,Limón,Tamaño fiesta o reunión,Q16 - Q20,Sí,Sí,Uruguay,Definitivamente sí,México,Christian Pulisic,Una selección nacional,2x1,Sí,Edición Mundial FIFA 2026
1234,2026-03-16,15:15:19,35 - 44 años,Masculino,Guatemala,Mixco,Ama de casa,3 a 5 veces por semana,Supermercado,Familia,Q25 - Q50,Victory Pretzels; Energy Crunch Protein; Gol Nachos Supreme,Picante Chapín,Tamaño fiesta o reunión,Q16 - Q20,Sí,No,Colombia,Definitivamente no,Francia,Kylian Mbappé; Cristiano Ronaldo; Neymar Jr.,Una selección nacional,Tarjetas coleccionables,Sí,Edición Argentina
1235,2026-02-07,20:46:29,18 - 24 años,Masculino,Guatemala,Guatemala,Empleado público,Todos los días,Tienda de barrio,Amigos,Q51 - Q100,Energy Crunch Protein,Picante Chapín,Tamaño fiesta o reunión,Q16 - Q20,No,Sí,Brasil,Probablemente sí,Estados Unidos,Cristiano Ronaldo,Un jugador famoso,Tarjetas coleccionables,Sí,Edición con tarjetas coleccionables
1236,2026-01-30,15:46:23,45 - 54 años,Masculino,Guatemala,Guatemala,Jubilado,Todos los días,Supermercado,Amigos,Menos de Q25,Gol Nachos Supreme; Hot Stadium Peanuts; FutbolMix,Picante Chapín,Para compartir entre 2 personas,Q16 - Q20,No,Sí, ARABIA SAUDITA ,Probablemente sí,Alemania,Cristiano Ronaldo; Jude Bellingham,Premios y sorteos,Producto gratis,No,Edición España
1237,2026-01-26,09:35:50,25 - 34 años,Masculino,Guatemala,San Miguel Petapa,Empleado privado,Varias veces al mes,Supermercado,Amigos,Menos de Q25,CrunchMax BBQ; Mundialitos Queso Picante,Dulce,Individual,Q10 - Q15,No,Sí,México,Probablemente sí,Colombia,Christian Pulisic; Jude Bellingham,Humor,2x1,No,Edición Francia
1238,2026-04-19,12:26:10,35 - 44 años,Masculino,Sacatepéquez,Ciudad Vieja,Otro,3 a 5 veces por semana,Supermercado,Amigos,Q51 - Q100,Caramel Goal Popcorn, BARBACOA ,Familiar,Q10 - Q15,No,Sí,Alemania,Definitivamente no, ALEMANIA ,Lionel Messi; Cristiano Ronaldo; Lamine Yamal,Un jugador famoso,2x1,No,Edición con jugadores famosos
1239,2026-01-20,12:32:07,25 - 34 años,Masculino,Sacatepéquez,Sumpango,Empleado privado,1 a 2 veces por semana,Tienda de barrio,Amigos,Q101 - Q150,Hot Stadium Peanuts,Queso,Familiar,Q21 - Q30,Sí,Sí,Corea del Sur,Definitivamente sí,Irak,Jude Bellingham; Cristiano Ronaldo,Premios y sorteos,Sorteo de balones,No,Edición Mundial FIFA 2026
1240,2026-03-10,22:00:47,25 - 34 años,Femenino,Guatemala,Guatemala,Estudiante,Rara vez,Tienda de barrio,Amigos,Q25 - Q50,ChocoKick Bites; CrunchMax BBQ; Mundialitos Queso Picante,Chocolate,Individual,Q16 - Q20,Sí,Sí,Argentina,Definitivamente sí,Inglaterra,Harry Kane; Vinícius Júnior; Lamine Yamal,Un jugador famoso,Descuento directo,Sí,Edición con jugadores famosos
1241,2026-05-07,11:08:25,55 años o más,Masculino,Guatemala,Santa Catarina Pinula,Estudiante,Rara vez,Aplicación de delivery,Familia,Q25 - Q50,Mundialitos Queso Picante; Energy Crunch Protein,Limón,Tamaño fiesta o reunión,,Sí,Sí,Alemania,Tal vez,Alemania,Lionel Messi; Jude Bellingham; Rodri,Una selección nacional,Tarjetas coleccionables,No,Edición Francia
1242,2026-01-16,18:21:38,25 - 34 años,Femenino,Guatemala,Santa Catarina Pinula,Empleado privado,Todos los días,Gasolinera,Familia,Q25 - Q50,Gol Nachos Supreme; CrunchMax BBQ,Dulce,Familiar,Q16 - Q20,No,Sí,Alemania,Probablemente sí,México,Lamine Yamal; Harry Kane,Un jugador famoso,Sorteo de camisetas,No,Edición Mundial FIFA 2026
1243,2026-01-15,15:56:02,25 - 34 años,Masculino,Guatemala,,Estudiante,Varias veces al mes,Supermercado,Amigos,Menos de Q25,FutbolMix; Hot Stadium Peanuts,Barbacoa,Tamaño fiesta o reunión,,Sí,Sí,Brasil,Tal vez, ARGENTINA ,Vinícius Júnior; Kylian Mbappé,Premios y sorteos,Producto gratis,Sí,Edición con tarjetas coleccionables
1244,2026-04-13,14:04:14,45 - 54 años,Femenino,Guatemala,Santa Catarina Pinula,Empleado público,3 a 5 veces por semana,Supermercado,Compañeros de trabajo,Menos de Q25,FutbolMix; Gol Nachos Supreme,Barbacoa,Para compartir entre 2 personas,Q16 - Q20,No,Sí,Brasil,Tal vez,Brasil,Alphonso Davies,Premios y sorteos,Sorteo de viajes,Sí,Edición con jugadores famosos
1245,2026-05-10,16:04:26,18 - 24 años,Femenino,Escuintla,Palín,Estudiante,1 a 2 veces por semana,Tienda de barrio,Familia,Q101 - Q150,Gol Nachos Supreme; ChocoKick Bites,Chocolate,Familiar,Q21 - Q30,No,Sí,Ecuador,Definitivamente sí,México,Rodri; Lionel Messi,Un jugador famoso,Sorteo de viajes,No,Edición Argentina
1246,2026-01-18,14:00:48,Menos de 18 años,Femenino,Sacatepéquez,,Empleado público,Varias veces al mes,Gasolinera,Familia,Menos de Q25,Energy Crunch Protein,Limón,Tamaño fiesta o reunión,Q10 - Q15,Sí,No,Irak,Probablemente no,Inglaterra,Jude Bellingham; Neymar Jr.; Lionel Messi,Historias de aficionados,Sorteo de balones,Sí,Edición España
1247,2026-01-11,18:53:14,Menos de 18 años,Masculino,Izabal,Cabecera municipal,Empleado privado,Todos los días,Tienda de barrio,Amigos,Más de Q150,Fan Chips Jalapeño; Hot Stadium Peanuts; CrunchMax BBQ,Barbacoa,Familiar,Q21 - Q30,No,Sí,México,Probablemente sí,Inglaterra,Lionel Messi,Una selección nacional,Sorteo de camisetas,No,Edición Inglaterra
1248,2026-02-18,11:10:51,18 - 24 años,Femenino, GUATEMALA ,Guatemala,Empleado privado,1 a 2 veces por semana,Tienda de barrio,Solo,Q51 - Q100,Mundialitos Queso Picante; ChocoKick Bites; Fan Chips Jalapeño,Picante Chapín,Familiar,Q16 - Q20,No,Sí,Portugal,Tal vez,Alemania,Lionel Messi; Kylian Mbappé,Historias de aficionados,Descuento directo,Sí,Edición Mundial FIFA 2026
1249,2026-04-27,22:52:57,25 - 34 años,Masculino,Guatemala,Mixco,Empleado privado,3 a 5 veces por semana,Gasolinera,Amigos,Menos de Q25,Gol Nachos Supreme,Picante Chapín,Para compartir entre 2 personas,Q16 - Q20,No,Sí,México,Definitivamente sí,España,Kylian Mbappé; Jude Bellingham; Lamine Yamal,Un jugador famoso,2x1,Sí,Edición España
1250,2026-04-14,18:41:24,45 - 54 años,Prefiero no indicarlo,Jalapa,Otro municipio,Estudiante,3 a 5 veces por semana,Tienda de barrio,Compañeros de trabajo,Menos de Q25,Hot Stadium Peanuts; Mundialitos Queso Picante,Picante Chapín,Individual,Q21 - Q30,Sí,Sí,México,Tal vez,Brasil,Kylian Mbappé; Julián Álvarez; Neymar Jr.,Humor,2x1,No,Edición Argentina
1251,2026-03-12,09:07:03,25 - 34 años,Femenino,Quiché,Otro municipio,Empleado privado,3 a 5 veces por semana,Aplicación de delivery,Familia,Q51 - Q100,FutbolMix,Limón,Individual,Q16 - Q20,Sí,Sí,México,Definitivamente no,Túnez,Alphonso Davies; Lionel Messi; Jude Bellingham,Una selección nacional,Sorteo de balones,Sí,Edición Argentina
1252,2026-05-08,08:24:29,55 años o más,Masculino,Guatemala,San Miguel Petapa,Ama de casa,1 a 2 veces por semana,Tienda de barrio,Familia,Menos de Q25,Victory Pretzels; Gol Nachos Supreme,Picante Chapín,Individual,Q16 - Q20,Sí,Sí,Portugal,Definitivamente sí,Inglaterra,Cristiano Ronaldo,Un jugador famoso,Sorteo de balones,Sí,Edición Argentina
1253,2026-02-28,22:34:58,18 - 24 años,Masculino,Escuintla,Santa Lucía Cotzumalguapa,Empresario,Varias veces al mes,Gasolinera,Familia,Q25 - Q50,Gol Nachos Supreme; FutbolMix,Queso,Individual,Q10 - Q15,No,Sí,Francia,Definitivamente no,Brasil,Cristiano Ronaldo; Julián Álvarez; Rodri,Historias de aficionados,Descuento directo,No,Edición Argentina
1254,2026-02-10,17:15:37,35 - 44 años,Masculino,Guatemala,Mixco,Estudiante,3 a 5 veces por semana,Gasolinera,Familia,Menos de Q25,CrunchMax BBQ; Mundialitos Queso Picante; Fan Chips Jalapeño,Picante Chapín,Para compartir entre 2 personas,Q10 - Q15,Sí,Sí, MÉXICO ,Probablemente sí,Portugal,Kylian Mbappé; Neymar Jr.; Lionel Messi,Historias de aficionados,Descuento directo,Sí,Edición con jugadores famosos
1255,2026-02-28,11:54:00,35 - 44 años,Femenino,El Progreso,El Progreso,Empleado privado,1 a 2 veces por semana,Gasolinera,Familia,Menos de Q25,Hot Stadium Peanuts; CrunchMax BBQ; FutbolMix,Salado Tradicional,Individual,Q21 - Q30,Sí,Sí,Argentina,Definitivamente sí,Colombia,Kylian Mbappé,Premios y sorteos,Descuento directo,Sí,Edición Mundial FIFA 2026
1256,2026-03-16,14:46:32,55 años o más,Femenino,Guatemala,Villa Nueva,Empleado público,1 a 2 veces por semana,Supermercado,Compañeros de trabajo,Q25 - Q50,Fan Chips Jalapeño; Mundialitos Queso Picante,Jalapeño,Tamaño fiesta o reunión,Q10 - Q15,No,Sí,Alemania,Probablemente sí, FRANCIA ,Vinícius Júnior; Neymar Jr.,Humor,Tarjetas coleccionables,Sí,Edición Mundial FIFA 2026
1257,2026-03-04,11:12:59,25 - 34 años,Masculino,Guatemala,Villa Nueva,Profesional independiente,Varias veces al mes,Supermercado,Familia,Q25 - Q50,Fan Chips Jalapeño,Queso,Para compartir entre 2 personas,Menos de Q10,No,Sí,Brasil,Probablemente sí,Brasil,Vinícius Júnior; Neymar Jr.,Historias de aficionados,Producto gratis,No,Edición Inglaterra
1258,2026-04-27,18:23:29,35 - 44 años,Masculino,Quiché,Cabecera municipal,Estudiante,1 a 2 veces por semana,Kiosco escolar/universitario,Solo,Q51 - Q100,Energy Crunch Protein; FutbolMix; CrunchMax BBQ,Limón,Tamaño fiesta o reunión,Q10 - Q15,Sí,Sí,España,Tal vez,Brasil,Cristiano Ronaldo,Una selección nacional,Tarjetas coleccionables,Sí,Edición con jugadores famosos
1259,2026-02-01,09:31:47,25 - 34 años,Masculino, GUATEMALA ,Villa Nueva,Empresario,Varias veces al mes,Tienda de barrio,Amigos,Q25 - Q50,ChocoKick Bites; CrunchMax BBQ; FutbolMix,Queso,Familiar,Más de Q30,Sí,No,Türkiye,Definitivamente sí,Brasil,Julián Álvarez; Neymar Jr.; Kylian Mbappé,Humor,Tarjetas coleccionables,Sí,Edición Brasil
1260,2026-04-30,16:23:45,Menos de 18 años,Femenino,Totonicapán,Otro municipio,Empleado privado,3 a 5 veces por semana,,Otro,Menos de Q25,Fan Chips Jalapeño; Energy Crunch Protein,Jalapeño,Familiar,Q21 - Q30,Sí,Sí,Irán,Tal vez, URUGUAY ,Jude Bellingham,Historias de aficionados,Sorteo de camisetas,Sí,Edición Mundial FIFA 2026
1261,2026-02-26,09:03:57,25 - 34 años,Femenino,Petén,San Benito,Comerciante,3 a 5 veces por semana,Supermercado,Familia,Q25 - Q50,Mundialitos Queso Picante,Queso,Familiar,Q10 - Q15,Sí,Sí,Uruguay,Probablemente sí,España,Lionel Messi; Cristiano Ronaldo,Historias de aficionados,2x1,Sí,Edición Brasil
1262,2026-04-14,16:04:51,35 - 44 años,Masculino,Petén,Flores,Empleado privado,Varias veces al mes,Tienda de barrio,Amigos,Menos de Q25,Fan Chips Jalapeño; Mundialitos Queso Picante,Queso,Familiar,Q10 - Q15,Sí,No,México,Probablemente sí,Argentina,Kylian Mbappé; Cristiano Ronaldo,Una selección nacional,2x1,Sí,Edición Argentina
1263,2026-02-23,21:20:01,25 - 34 años,Masculino,Guatemala,Mixco,Jubilado,3 a 5 veces por semana,Supermercado,Amigos,Q51 - Q100,CrunchMax BBQ; Fan Chips Jalapeño; ChocoKick Bites,Queso,Para compartir entre 2 personas,Q10 - Q15,Sí,Sí,Alemania,Tal vez,Portugal,Vinícius Júnior,Un jugador famoso,Descuento directo,Sí,Edición con tarjetas coleccionables
1264,2026-02-05,19:33:27,18 - 24 años,Masculino,Totonicapán,Totonicapán,Empresario,Varias veces al mes,Gasolinera,Amigos,Q25 - Q50,ChocoKick Bites; FutbolMix,Caramelo,Familiar,Q16 - Q20,Sí,Sí,España,Definitivamente sí,México,Kylian Mbappé,Un jugador famoso,2x1,Sí,Edición Brasil
1265,2026-03-04,18:04:55,35 - 44 años,Femenino,Quetzaltenango,Olintepeque,Comerciante,Varias veces al mes,Tienda de barrio,Amigos,Q51 - Q100,FutbolMix; Mundialitos Queso Picante; Victory Pretzels,Caramelo,Para compartir entre 2 personas,Q21 - Q30,Sí,Sí,Portugal,Probablemente sí,Argentina,Neymar Jr.; Jude Bellingham,Humor,Tarjetas coleccionables,Sí,Edición Argentina
1266,2026-05-08,15:01:53,25 - 34 años,Femenino,Guatemala,Santa Catarina Pinula,Empresario,Varias veces al mes,Tienda de barrio,Amigos,Q101 - Q150,Hot Stadium Peanuts; Caramel Goal Popcorn; Mundialitos Queso Picante,Salado Tradicional,Para compartir entre 2 personas,Q21 - Q30,Sí,Sí,Argentina,Probablemente sí,Argentina,Lionel Messi; Vinícius Júnior; Kylian Mbappé,Un jugador famoso,Descuento directo,No,Edición Inglaterra
1267,2026-02-05,18:38:59,25 - 34 años,Femenino,Chimaltenango,Patzún,Estudiante,1 a 2 veces por semana,Tienda de barrio,Familia,Q51 - Q100,FutbolMix; Hot Stadium Peanuts; Gol Nachos Supreme,Picante Chapín,Para compartir entre 2 personas,Q16 - Q20,No,Sí,España,Definitivamente sí, PORTUGAL ,Lionel Messi; Cristiano Ronaldo,Historias de aficionados,Descuento directo,Sí,Edición Brasil
1268,2026-04-11,16:10:29,45 - 54 años,Femenino,Sacatepéquez,Sumpango,Empleado privado,3 a 5 veces por semana,Gasolinera,Familia,Q25 - Q50,Fan Chips Jalapeño; CrunchMax BBQ; Hot Stadium Peanuts,Barbacoa,Individual,Q10 - Q15,Sí,Sí,Brasil,Definitivamente sí,Francia,Kylian Mbappé; Vinícius Júnior; Lamine Yamal,Una selección nacional,Sorteo de viajes,No,Edición Argentina
1269,2026-04-25,08:13:13,45 - 54 años,Femenino,Quetzaltenango,Coatepeque,Empresario,Varias veces al mes,Tienda de barrio,Otro,Q101 - Q150,Gol Nachos Supreme; Fan Chips Jalapeño; Mundialitos Queso Picante,Picante Chapín,Individual,Q10 - Q15,Sí,Sí,Colombia,Probablemente no,Brasil,Cristiano Ronaldo,Un jugador famoso,2x1,No,Edición Francia
1270,2026-02-16,09:42:50,25 - 34 años,Femenino,Santa Rosa,Cabecera municipal,Profesional independiente,Varias veces al mes,Supermercado,Solo,Q25 - Q50,Caramel Goal Popcorn; FutbolMix,Salado Tradicional,Tamaño fiesta o reunión,Q16 - Q20,No,Sí,Alemania,Probablemente sí,Argentina,Lamine Yamal; Lionel Messi; Kylian Mbappé,Premios y sorteos,Sorteo de camisetas,Sí,Edición Argentina
1271,2026-04-29,21:57:28,35 - 44 años,Masculino,Guatemala,Santa Catarina Pinula,Comerciante,Varias veces al mes,,Amigos,Menos de Q25,Caramel Goal Popcorn,Queso,Para compartir entre 2 personas,Q10 - Q15,No,Sí,Francia,Probablemente no,Argentina,Lionel Messi; Neymar Jr.; Kylian Mbappé,Un jugador famoso,Sorteo de viajes,Sí,Edición Inglaterra
1864,2026-03-09,22:49:11,Menos de 18 años,Masculino,Sacatepéquez,Ciudad Vieja,Ama de casa,Varias veces al mes,Supermercado,Amigos,Q51 - Q100,Victory Pretzels,Salado Tradicional,Tamaño fiesta o reunión,Q16 - Q20,Sí,Sí, BRASIL ,Definitivamente sí,Francia,Federico Valverde; Jude Bellingham; Lionel Messi,Humor,Sorteo de balones,Sí,Edición Mundial FIFA 2026
1273,2026-02-23,07:22:44,25 - 34 años,Masculino,San Marcos,San Marcos,Empleado privado,1 a 2 veces por semana,Gasolinera,Otro,Q101 - Q150,Mundialitos Queso Picante; Hot Stadium Peanuts; CrunchMax BBQ,Jalapeño,Individual,Q21 - Q30,No,Sí, MÉXICO ,Probablemente sí,Argentina,Neymar Jr.,Una selección nacional,2x1,Sí,Edición Francia
1274,2026-03-11,16:28:46,45 - 54 años,Femenino,Sacatepéquez,Antigua Guatemala,Empleado privado,Todos los días,Tienda de barrio,Familia,Q101 - Q150,Hot Stadium Peanuts,Dulce,Tamaño fiesta o reunión,Más de Q30,Sí,Sí,Costa de Marfil,Definitivamente sí,Francia,Lionel Messi; Cristiano Ronaldo,Humor,Producto gratis,Sí,Edición Mundial FIFA 2026
1275,2026-04-26,07:07:00,18 - 24 años,Masculino,Jalapa,Cabecera municipal,Ama de casa,1 a 2 veces por semana,Kiosco escolar/universitario,Familia,Q101 - Q150,Gol Nachos Supreme; Mundialitos Queso Picante; Caramel Goal Popcorn,Chocolate,Individual,Menos de Q10,No,Sí,Estados Unidos,Probablemente sí,Argentina,Christian Pulisic; Kylian Mbappé,Un jugador famoso,Sorteo de balones,Sí,Edición con jugadores famosos
1276,2026-03-22,16:03:51,18 - 24 años,Femenino,Guatemala,San Miguel Petapa,Estudiante,Todos los días,Gasolinera,Amigos,Q51 - Q100,ChocoKick Bites; Caramel Goal Popcorn; Mundialitos Queso Picante,Picante Chapín,Familiar,Q21 - Q30,Sí,Sí,Uruguay,Probablemente sí,Brasil,Kylian Mbappé; Julián Álvarez,Premios y sorteos,Tarjetas coleccionables,No,Edición con jugadores famosos
1277,2026-05-09,13:26:43,18 - 24 años,Femenino,Guatemala,San Miguel Petapa,Estudiante,Varias veces al mes,Otro,Amigos,Q101 - Q150,Hot Stadium Peanuts; FutbolMix,Picante Chapín,Individual,Q16 - Q20,Sí,Sí,México,Definitivamente sí,Argentina,Cristiano Ronaldo; Vinícius Júnior,Humor,2x1,Sí,Edición Brasil
1278,2026-03-02,15:26:00,25 - 34 años,Femenino,Escuintla,Escuintla,Empleado privado,3 a 5 veces por semana,Gasolinera,Solo,Q25 - Q50,Hot Stadium Peanuts,Picante Chapín,Familiar,Q21 - Q30,Sí,Sí,Argentina,Definitivamente no,Estados Unidos,Jude Bellingham; Neymar Jr.; Cristiano Ronaldo,Historias de aficionados,2x1,No,Edición con jugadores famosos
1279,2026-01-20,11:31:17,45 - 54 años,Femenino,Sacatepéquez,Antigua Guatemala,Estudiante,Rara vez,Aplicación de delivery,Familia,Menos de Q25,Mundialitos Queso Picante; Energy Crunch Protein; Fan Chips Jalapeño,Jalapeño,Tamaño fiesta o reunión,Q21 - Q30,Sí,Sí,Portugal,Probablemente sí,Uruguay,Cristiano Ronaldo; Ninguno; Lionel Messi,Premios y sorteos,Sorteo de balones,Sí,Edición con jugadores famosos
1280,2026-03-25,11:00:49,Menos de 18 años,Femenino,Izabal,Otro municipio,Profesional independiente,3 a 5 veces por semana,Tienda de barrio,Otro,Q51 - Q100,ChocoKick Bites; Fan Chips Jalapeño; CrunchMax BBQ,Jalapeño,Tamaño fiesta o reunión,Q10 - Q15,Sí,Sí,Brasil,Probablemente sí, ESPAÑA ,Rodri,Una selección nacional,Sorteo de camisetas,Sí,Edición Francia
1281,2026-01-10,15:27:01,35 - 44 años,Masculino,Guatemala,Guatemala,Empresario,1 a 2 veces por semana,Tienda de barrio,Compañeros de trabajo,Q25 - Q50,Mundialitos Queso Picante; Hot Stadium Peanuts; Gol Nachos Supreme,Picante Chapín,Individual,Q10 - Q15,Sí,Sí,Argentina,Tal vez,Portugal,Lionel Messi,Una selección nacional,Sorteo de camisetas,Sí,Edición Inglaterra
1282,2026-03-13,19:19:54,18 - 24 años,Femenino,Guatemala,,Empleado privado,3 a 5 veces por semana,Supermercado,Amigos,Q51 - Q100,Caramel Goal Popcorn,Caramelo,Para compartir entre 2 personas,Q21 - Q30,Sí,Sí,Francia,Definitivamente sí,Inglaterra,Cristiano Ronaldo; Julián Álvarez,Premios y sorteos,Producto gratis,No,Edición Mundial FIFA 2026
1283,2026-03-09,11:55:13,18 - 24 años,Masculino,Huehuetenango,Otro municipio,Empleado privado,1 a 2 veces por semana,Gasolinera,Amigos,Menos de Q25,Gol Nachos Supreme; Energy Crunch Protein; Mundialitos Queso Picante,Limón,Individual,Q21 - Q30,Sí,Sí,Francia,Definitivamente sí,Estados Unidos,Lionel Messi,Una selección nacional,2x1,Sí,Edición Argentina
1284,2026-04-08,12:47:11,55 años o más,Femenino,Guatemala,Santa Catarina Pinula,Empleado privado,Varias veces al mes,Aplicación de delivery,Familia,Q51 - Q100,Mundialitos Queso Picante,Queso,Para compartir entre 2 personas,Q10 - Q15,Sí,Sí,Argentina,Probablemente sí,Alemania,Harry Kane; Kylian Mbappé,Una selección nacional,Descuento directo,Sí,Edición Brasil
1285,2026-03-19,19:47:12,35 - 44 años,Masculino,Escuintla,Santa Lucía Cotzumalguapa,Empleado privado,3 a 5 veces por semana,Tienda de barrio,Familia,Q101 - Q150,FutbolMix; Caramel Goal Popcorn; Mundialitos Queso Picante,Limón,Individual,Q21 - Q30,No,Sí,Brasil,Probablemente sí,Brasil,Kylian Mbappé; Lionel Messi,Premios y sorteos,Tarjetas coleccionables,No,Edición Francia
1286,2026-01-23,11:16:01,35 - 44 años,Masculino,Guatemala,Villa Nueva,Estudiante,Todos los días,Supermercado,Compañeros de trabajo,Menos de Q25,Hot Stadium Peanuts; Gol Nachos Supreme; Energy Crunch Protein,Queso,Tamaño fiesta o reunión,Q10 - Q15,Sí,Sí,México,Definitivamente sí,México,Neymar Jr.; Kylian Mbappé; Vinícius Júnior,Una selección nacional,2x1,Sí,Edición con jugadores famosos
1287,2026-03-01,16:20:23,35 - 44 años,Femenino,Alta Verapaz,,Empleado privado,Todos los días,Supermercado,Familia,Q25 - Q50,Hot Stadium Peanuts,Jalapeño,Familiar,Q10 - Q15,No,Sí,Brasil,Tal vez, BRASIL ,Lionel Messi,Un jugador famoso,2x1,No,Edición España
1288,2026-01-23,22:26:55,25 - 34 años,Femenino,Guatemala,Villa Nueva,Ama de casa,1 a 2 veces por semana,Supermercado,Amigos,Q51 - Q100,Mundialitos Queso Picante; CrunchMax BBQ,Queso,Para compartir entre 2 personas,Q16 - Q20,Sí,Sí,Argentina,Probablemente sí,Brasil,Kylian Mbappé,Una selección nacional,Descuento directo,No,Edición Brasil
1289,2026-02-16,13:16:26,45 - 54 años,Masculino,Quetzaltenango,Coatepeque,Empleado privado,Todos los días,Supermercado,Compañeros de trabajo,Q101 - Q150,Victory Pretzels; Fan Chips Jalapeño; Mundialitos Queso Picante,Queso,Familiar,Q21 - Q30,No,Sí,Francia,Probablemente sí,México,Vinícius Júnior; Lamine Yamal; Alphonso Davies,Humor,Descuento directo,Sí,Edición Brasil
1290,2026-02-22,21:51:13,25 - 34 años,Femenino,Guatemala,Mixco,Comerciante,1 a 2 veces por semana,Kiosco escolar/universitario,Amigos,Q51 - Q100,Fan Chips Jalapeño,Salado Tradicional,Tamaño fiesta o reunión,Q10 - Q15,Sí,Sí, BRASIL ,Definitivamente sí,Francia,Cristiano Ronaldo; Jude Bellingham; Neymar Jr.,Premios y sorteos,Descuento directo,Sí,Edición Mundial FIFA 2026
1291,2026-01-25,17:11:45,Menos de 18 años,Femenino,Petén,,Profesional independiente,Varias veces al mes,Supermercado,Familia,Q51 - Q100,CrunchMax BBQ; Caramel Goal Popcorn; ChocoKick Bites,Barbacoa,Individual,Q10 - Q15,Sí,Sí,Portugal,Tal vez,Colombia,Alphonso Davies; Neymar Jr.,Una selección nacional,Descuento directo,Sí,Edición con tarjetas coleccionables
1292,2026-04-19,09:32:42,25 - 34 años,Masculino,Quetzaltenango,Olintepeque,Profesional independiente,3 a 5 veces por semana,Gasolinera,Familia,Q25 - Q50,Mundialitos Queso Picante; FutbolMix; Fan Chips Jalapeño,Chocolate,Tamaño fiesta o reunión,Q16 - Q20,No,Sí,Portugal,Probablemente sí,Brasil,Lionel Messi; Jude Bellingham; Federico Valverde,Historias de aficionados,Sorteo de camisetas,Sí,Edición Argentina
1293,2026-04-30,12:57:18,25 - 34 años,Masculino,Guatemala,Mixco,Empleado privado,1 a 2 veces por semana,Tienda de barrio,Amigos,Q25 - Q50,CrunchMax BBQ; FutbolMix,Jalapeño,Para compartir entre 2 personas,Q16 - Q20,Sí,No,Egipto,Definitivamente no, BRASIL ,Lionel Messi; Kylian Mbappé,Humor,Descuento directo,Sí,Edición Francia
1294,2026-05-08,11:11:06,35 - 44 años,Femenino,Escuintla,Escuintla,Empleado privado,1 a 2 veces por semana,Gasolinera,Familia,Más de Q150,FutbolMix,Jalapeño,Tamaño fiesta o reunión,Q21 - Q30,No,Sí,México,Definitivamente sí,Portugal,Cristiano Ronaldo,Un jugador famoso,Tarjetas coleccionables,Sí,Edición Brasil
1295,2026-02-15,17:17:19,18 - 24 años,Femenino,Guatemala,Santa Catarina Pinula,Empleado privado,3 a 5 veces por semana,Supermercado,Amigos,Q51 - Q100,Fan Chips Jalapeño,Barbacoa,Familiar,Q10 - Q15,No,Sí,Alemania,Probablemente sí,México,Lionel Messi,Humor,Sorteo de camisetas,Sí,Edición Mundial FIFA 2026
1296,2026-02-04,17:51:07,55 años o más,Masculino,Quetzaltenango, QUETZALTENANGO ,Comerciante,1 a 2 veces por semana,Tienda de barrio,Familia,Q25 - Q50,CrunchMax BBQ,Queso,Familiar,Q21 - Q30,Sí,Sí,España,Probablemente no,Brasil,Rodri,Una selección nacional,Producto gratis,Sí,Edición Francia
1297,2026-02-04,15:32:29,35 - 44 años,Masculino,Guatemala,San Miguel Petapa,Ama de casa,Varias veces al mes,Supermercado,Familia,Q25 - Q50,Mundialitos Queso Picante; Caramel Goal Popcorn; CrunchMax BBQ,Jalapeño,Para compartir entre 2 personas,Q16 - Q20,Sí,Sí,Estados Unidos,Definitivamente sí,Francia,Kylian Mbappé,Premios y sorteos,Producto gratis,Sí,Edición Mundial FIFA 2026
1298,2026-02-15,15:33:28,45 - 54 años,Femenino, ALTA VERAPAZ ,Cabecera municipal,Empleado privado,1 a 2 veces por semana,Gasolinera,Familia,Q25 - Q50,Fan Chips Jalapeño,Queso,Tamaño fiesta o reunión,Q10 - Q15,No,Sí,Inglaterra,Definitivamente no,Brasil,Harry Kane,Historias de aficionados,Descuento directo,No,Edición con jugadores famosos
1299,2026-03-06,08:49:37,45 - 54 años,Masculino,Chimaltenango,Tecpán Guatemala,Estudiante,3 a 5 veces por semana,Gasolinera,Amigos,Q51 - Q100,ChocoKick Bites; Caramel Goal Popcorn,Picante Chapín,Familiar,Q16 - Q20,Sí,Sí,Portugal,Definitivamente sí,Argentina,Lionel Messi; Jude Bellingham,Humor,Descuento directo,Sí,Edición Inglaterra
1300,2026-02-15,21:13:09,25 - 34 años,Femenino,Guatemala,Villa Nueva,Estudiante,Rara vez,Tienda de barrio,Amigos,Q101 - Q150,CrunchMax BBQ; Hot Stadium Peanuts,Picante Chapín,Familiar,Q21 - Q30,No,Sí,Argentina,Definitivamente sí,Argentina,Cristiano Ronaldo; Christian Pulisic; Vinícius Júnior,Premios y sorteos,2x1,No,Edición Inglaterra
1301,2026-04-22,09:04:37,18 - 24 años,Masculino,Guatemala,Guatemala,Ama de casa,3 a 5 veces por semana,Gasolinera,Amigos,Q101 - Q150,ChocoKick Bites; Gol Nachos Supreme; Energy Crunch Protein,Chocolate,Familiar,Q16 - Q20,Sí,Sí,España,Definitivamente sí,Argentina,Harry Kane,Historias de aficionados,Sorteo de viajes,Sí,Edición Argentina
1302,2026-03-11,11:27:45,18 - 24 años,Masculino,Guatemala,Santa Catarina Pinula,Empleado privado,Todos los días,Gasolinera,Amigos,Q25 - Q50,FutbolMix,Picante Chapín,Para compartir entre 2 personas,Menos de Q10,Sí,Sí,Inglaterra,Definitivamente no,Inglaterra,Cristiano Ronaldo,Una selección nacional,2x1,No,Edición Francia
1303,2026-01-18,16:30:31,25 - 34 años,Femenino,El Progreso,Cabecera municipal,Ama de casa,1 a 2 veces por semana,Supermercado,Familia,Q25 - Q50,CrunchMax BBQ; ChocoKick Bites,Barbacoa,Familiar,Q21 - Q30,Sí,No,España,Definitivamente no,Argentina,Julián Álvarez,Un jugador famoso,Sorteo de camisetas,No,Edición Brasil
1304,2026-04-11,11:51:46,25 - 34 años,Femenino,Guatemala,Villa Nueva,Estudiante,Todos los días,Otro,Familia,Q101 - Q150,Hot Stadium Peanuts,Picante Chapín,Familiar,Q16 - Q20,Sí,No,Argentina,Probablemente sí,Brasil,Christian Pulisic; Jude Bellingham,Una selección nacional,Tarjetas coleccionables,Sí,Edición Argentina
1305,2026-04-23,12:14:12,18 - 24 años,Masculino,Guatemala,Mixco,Estudiante,Rara vez,Kiosco escolar/universitario,Familia,Q51 - Q100,CrunchMax BBQ,Limón,Individual,Q10 - Q15,No,Sí,Ghana,Definitivamente sí,Alemania,Julián Álvarez; Kylian Mbappé,Humor,Producto gratis,No,Edición Brasil
1306,2026-01-25,17:24:40,35 - 44 años,Femenino,Chimaltenango,Tecpán Guatemala,Estudiante,1 a 2 veces por semana,Tienda de barrio,Familia,Q25 - Q50,Caramel Goal Popcorn,Queso,Familiar,Q10 - Q15,No,Sí,Argentina,Probablemente sí,Argentina,Lionel Messi,Historias de aficionados,Sorteo de viajes,Sí,Edición con jugadores famosos
1307,2026-04-14,21:11:26,25 - 34 años,Femenino,Alta Verapaz,Cabecera municipal,Empleado privado,Todos los días,Kiosco escolar/universitario,Otro,Q25 - Q50,Fan Chips Jalapeño; FutbolMix; Mundialitos Queso Picante,Salado Tradicional,Para compartir entre 2 personas,Q21 - Q30,Sí,Sí,Brasil,Definitivamente sí,Congo DR,Jude Bellingham,Historias de aficionados,Descuento directo,Sí,Edición con jugadores famosos
1308,2026-03-02,20:39:57,18 - 24 años,Masculino,Petén,Poptún,Otro,Todos los días,Supermercado,Amigos,Q25 - Q50,CrunchMax BBQ; FutbolMix,Barbacoa,Familiar,Q16 - Q20,No,Sí,Argentina,Probablemente sí,Argentina,Jude Bellingham; Cristiano Ronaldo; Lionel Messi,Premios y sorteos,Descuento directo,No,Edición Argentina
1309,2026-04-18,19:01:06,45 - 54 años,Masculino,Baja Verapaz,Cabecera municipal,Profesional independiente,3 a 5 veces por semana,Supermercado,Otro,Q51 - Q100,CrunchMax BBQ; Fan Chips Jalapeño; Caramel Goal Popcorn,Queso,Para compartir entre 2 personas,Q16 - Q20,No,Sí,España,Probablemente no,Colombia,Neymar Jr.,Premios y sorteos,Descuento directo,No,Edición con jugadores famosos
1310,2026-02-10,21:51:11,35 - 44 años,Prefiero no indicarlo,Guatemala,Villa Nueva,Empleado privado,1 a 2 veces por semana,Gasolinera,Amigos,Q25 - Q50,Caramel Goal Popcorn,Chocolate,Para compartir entre 2 personas,Q16 - Q20,Sí,Sí,México,Probablemente sí,Francia,Kylian Mbappé,Historias de aficionados,2x1,Sí,Edición Francia
1311,2026-03-07,17:36:43,18 - 24 años,Femenino,Guate,San Miguel Petapa,Empleado privado,1 a 2 veces por semana,Tienda de barrio,Familia,Q25 - Q50,Mundialitos Queso Picante; Fan Chips Jalapeño; ChocoKick Bites,Caramelo,Tamaño fiesta o reunión,Q10 - Q15,Sí,Sí,Argelia,Definitivamente sí,México,Lionel Messi; Cristiano Ronaldo,Historias de aficionados,Sorteo de camisetas,No,Edición Argentina
1312,2026-04-22,07:46:02,25 - 34 años,Masculino,Guatemala,Guatemala,Estudiante,Todos los días,Tienda de barrio,Compañeros de trabajo,Q25 - Q50,Hot Stadium Peanuts,Jalapeño,Para compartir entre 2 personas,Q21 - Q30,Sí,No, PORTUGAL ,Probablemente sí,Brasil,Lamine Yamal; Kylian Mbappé; Cristiano Ronaldo,Premios y sorteos,Sorteo de camisetas,Sí,Edición Francia
1313,2026-03-12,13:34:02,Menos de 18 años,Masculino,Guatemala,Guatemala,Empleado público,Todos los días,Tienda de barrio,Familia,Q25 - Q50,Fan Chips Jalapeño; FutbolMix; Hot Stadium Peanuts,Picante Chapín,Individual,Menos de Q10,Sí,Sí,Francia,Probablemente sí,Argentina,Lionel Messi,Premios y sorteos,Descuento directo,No,Edición España
1314,2026-01-26,19:51:53,Menos de 18 años,Masculino,Quetzaltenango,Quetzaltenango,Otro,Varias veces al mes,Supermercado,Amigos,Menos de Q25,Mundialitos Queso Picante; ChocoKick Bites; Gol Nachos Supreme,Salado Tradicional,Para compartir entre 2 personas,Menos de Q10,Sí,Sí,Argentina,Definitivamente sí,Francia,Neymar Jr.; Federico Valverde; Jude Bellingham,Historias de aficionados,Descuento directo,No,Edición Inglaterra
1315,2026-01-10,17:02:07,18 - 24 años,Masculino, ESCUINTLA ,Escuintla,Empresario,Varias veces al mes,Kiosco escolar/universitario,Amigos,Q51 - Q100,ChocoKick Bites, CHOCOLATE ,Individual,Q16 - Q20,Sí,No,Brasil,Probablemente no,Paraguay,Julián Álvarez,Una selección nacional,Sorteo de viajes,Sí,Edición con jugadores famosos
1316,2026-02-20,13:48:10,35 - 44 años,Femenino,Guatemala,Mixco,Comerciante,1 a 2 veces por semana,Tienda de barrio,Amigos,Q101 - Q150,Hot Stadium Peanuts,Salado Tradicional,Para compartir entre 2 personas,Q10 - Q15,Sí,Sí,Francia,Definitivamente sí,Inglaterra,Neymar Jr.; Julián Álvarez; Jude Bellingham,Una selección nacional,2x1,Sí,Edición con jugadores famosos
1317,2026-01-21,21:47:49,18 - 24 años,Femenino,Retalhuleu,Cabecera municipal,Empleado público,1 a 2 veces por semana,Tienda de barrio,Compañeros de trabajo,Q101 - Q150,Fan Chips Jalapeño; Hot Stadium Peanuts,Jalapeño,Familiar,Q21 - Q30,No,Sí,Brasil,Tal vez,Brasil,Alphonso Davies; Kylian Mbappé; Lamine Yamal,Una selección nacional,Producto gratis,Sí,Edición Francia
1318,2026-02-04,19:34:18,25 - 34 años,Femenino,Guatemala,Mixco,Estudiante,Varias veces al mes,Otro,Solo,Q51 - Q100,Fan Chips Jalapeño; FutbolMix,Queso,Individual,Más de Q30,Sí,No,México,Tal vez, INGLATERRA ,Neymar Jr.,Un jugador famoso,2x1,Sí,Edición Argentina
2405,2026-04-01,12:22:20,25 - 34 años,Femenino,Guatemala,Villa Nueva,Profesional independiente,3 a 5 veces por semana,Supermercado,Amigos,Q51 - Q100,FutbolMix; Mundialitos Queso Picante; Victory Pretzels,Queso,Individual,Q16 - Q20,Sí,Sí,Portugal,Probablemente sí,México,Cristiano Ronaldo,Una selección nacional,2x1,Sí,Edición Inglaterra
1320,2026-02-03,22:07:33,45 - 54 años,Femenino,Guatemala,San Miguel Petapa,,1 a 2 veces por semana,Kiosco escolar/universitario,Amigos,Q25 - Q50,ChocoKick Bites; CrunchMax BBQ,Picante Chapín,Tamaño fiesta o reunión,Q21 - Q30,No,Sí,Brasil,Definitivamente sí,Portugal,Vinícius Júnior,Una selección nacional,2x1,No,Edición con jugadores famosos
1321,2026-01-22,15:12:50,55 años o más,Femenino,Sacatepéquez,Antigua Guatemala,,Todos los días,Kiosco escolar/universitario,Otro,Q101 - Q150,CrunchMax BBQ,Picante Chapín,Tamaño fiesta o reunión,Q16 - Q20,No,No,Uruguay,Probablemente sí,Francia,Cristiano Ronaldo,Una selección nacional,Descuento directo,Sí,Edición Francia
1322,2026-01-15,22:31:14,18 - 24 años,Masculino,Escuintla,Palín,Comerciante,3 a 5 veces por semana,Tienda de barrio,Familia,Q25 - Q50,Fan Chips Jalapeño; Victory Pretzels; Hot Stadium Peanuts,Barbacoa,Tamaño fiesta o reunión,Q16 - Q20,No,Sí,España,Probablemente sí,Arabia Saudita,Julián Álvarez,Premios y sorteos,Sorteo de viajes,Sí,Edición Mundial FIFA 2026
1323,2026-04-06,10:26:28,18 - 24 años,Masculino,Guatemala,Santa Catarina Pinula,Otro,Varias veces al mes,Tienda de barrio,Solo,Q25 - Q50,FutbolMix; Gol Nachos Supreme,Picante Chapín,Para compartir entre 2 personas,Q21 - Q30,No,Sí,Brasil,Probablemente no,Argentina,Cristiano Ronaldo; Kylian Mbappé; Julián Álvarez,Una selección nacional,Producto gratis,Sí,Edición Francia
1324,2026-03-09,17:12:20,45 - 54 años,Masculino,Sacatepéquez,Ciudad Vieja,Empleado privado,1 a 2 veces por semana,Gasolinera,Compañeros de trabajo,Q25 - Q50,Fan Chips Jalapeño,Limón,Familiar,Q10 - Q15,Sí,Sí,Brasil,Definitivamente sí,España,Kylian Mbappé,Un jugador famoso,Sorteo de balones,No,Edición con tarjetas coleccionables
1325,2026-03-04,17:42:49,35 - 44 años,Masculino,Guatemala,Villa Nueva,Profesional independiente,Todos los días,Supermercado,Compañeros de trabajo,Q25 - Q50,Mundialitos Queso Picante,Barbacoa,Tamaño fiesta o reunión,Q10 - Q15,Sí,Sí,Portugal,Tal vez,Brasil,Lionel Messi; Kylian Mbappé; Lamine Yamal,Un jugador famoso,Descuento directo,Sí,Edición Brasil
1326,2026-01-31,19:11:39,Menos de 18 años,Femenino,Guatemala,Mixco,Estudiante,1 a 2 veces por semana,Tienda de barrio,Amigos,Q51 - Q100,Gol Nachos Supreme; Victory Pretzels; CrunchMax BBQ,Dulce,Tamaño fiesta o reunión,Q10 - Q15,Sí,Sí,Canadá,Tal vez,Inglaterra,Rodri,Un jugador famoso,Descuento directo,Sí,Edición Argentina
1327,2026-02-23,07:18:30,18 - 24 años,Masculino,Guatemala,Santa Catarina Pinula,Comerciante,1 a 2 veces por semana,Tienda de barrio,Familia,Q51 - Q100,Gol Nachos Supreme,Chocolate,Familiar,Q10 - Q15,Sí,No,Brasil,Definitivamente sí,España,Cristiano Ronaldo; Lionel Messi; Federico Valverde,Un jugador famoso,Descuento directo,Sí,Edición Inglaterra
1328,2026-03-18,21:07:32,45 - 54 años,Femenino,Guatemala,San Miguel Petapa,Empleado privado,3 a 5 veces por semana,Aplicación de delivery,Familia,Q25 - Q50,Mundialitos Queso Picante; Energy Crunch Protein,Salado Tradicional,Para compartir entre 2 personas,Menos de Q10,Sí,Sí,Argentina,Probablemente sí,Brasil,Cristiano Ronaldo; Kylian Mbappé,Humor,Descuento directo,Sí,Edición Brasil
1329,2026-02-06,08:54:35,Menos de 18 años,Masculino,Guatemala,San Miguel Petapa,Empleado privado,3 a 5 veces por semana,Supermercado,Amigos,Q51 - Q100,Caramel Goal Popcorn,Picante Chapín,Individual,Q10 - Q15,No,Sí,Francia,Definitivamente sí,Argentina,Vinícius Júnior; Cristiano Ronaldo; Lionel Messi,Un jugador famoso,2x1,Sí,Edición Francia
1330,2026-01-24,19:22:18,25 - 34 años,Femenino,Quetzaltenango,Coatepeque,Empleado privado,Rara vez,Aplicación de delivery,Familia,Q51 - Q100,Energy Crunch Protein,Dulce,Familiar,Q21 - Q30,No,Sí,Estados Unidos,Probablemente no,Argentina,Cristiano Ronaldo; Lamine Yamal; Neymar Jr.,Premios y sorteos,Descuento directo,No,Edición Francia
1331,2026-03-13,14:29:15,35 - 44 años,Femenino,Chiquimula,Chiquimula,Empleado privado,3 a 5 veces por semana,Tienda de barrio,Solo,Q51 - Q100,Fan Chips Jalapeño; Gol Nachos Supreme, PICANTE CHAPÍN ,Familiar,Q21 - Q30,Sí,Sí,Francia,Definitivamente sí,México,Cristiano Ronaldo,Un jugador famoso,Producto gratis,No,Edición con jugadores famosos
1332,2026-03-04,12:01:39,25 - 34 años,Masculino,Guatemala,Santa Catarina Pinula,Empleado privado,3 a 5 veces por semana,Tienda de barrio,Otro,Q51 - Q100,CrunchMax BBQ; Hot Stadium Peanuts,Queso,Individual,Q21 - Q30,Sí,Sí,Estados Unidos,Definitivamente sí,Portugal,Lionel Messi; Cristiano Ronaldo,Una selección nacional,2x1,Sí,Edición con jugadores famosos
1333,2026-02-22,22:45:31,35 - 44 años,Masculino,Santa Rosa,Cabecera municipal,Empleado privado,Rara vez,Supermercado,Familia,Q51 - Q100,Energy Crunch Protein,Queso,Para compartir entre 2 personas,Q10 - Q15,Sí,Sí,Argentina,Probablemente no, ARGENTINA ,Cristiano Ronaldo; Ninguno; Lionel Messi,Una selección nacional,Descuento directo,Sí,Edición Inglaterra
1334,2026-01-21,18:56:18,55 años o más,Masculino,Sacatepéquez,Jocotenango,Comerciante,1 a 2 veces por semana,Tienda de barrio,Familia,Q51 - Q100,Gol Nachos Supreme,Barbacoa,Tamaño fiesta o reunión,Q21 - Q30,No,Sí,Inglaterra,Probablemente sí,Argentina,Lamine Yamal; Cristiano Ronaldo,Una selección nacional,Descuento directo,No,Edición Francia
1335,2026-04-15,20:38:05,45 - 54 años,Femenino,Quetzaltenango,Olintepeque,Empresario,3 a 5 veces por semana,Supermercado,Familia,Q51 - Q100,Energy Crunch Protein; Fan Chips Jalapeño; Gol Nachos Supreme,Jalapeño,Para compartir entre 2 personas,Menos de Q10,Sí,Sí,Portugal,Tal vez,España,Harry Kane,Premios y sorteos,Tarjetas coleccionables,Sí,Edición Brasil
1336,2026-03-12,16:43:41,55 años o más,Femenino,Guatemala,Santa Catarina Pinula,Empleado público,3 a 5 veces por semana,Tienda de barrio,Familia,Q25 - Q50,Gol Nachos Supreme,Picante Chapín,Individual,Q16 - Q20,No,Sí,Francia,Probablemente sí,Portugal,Kylian Mbappé; Alphonso Davies; Vinícius Júnior,Una selección nacional,Tarjetas coleccionables,Sí,Edición Brasil
1337,2026-03-25,21:56:56,Menos de 18 años,Masculino,Guatemala,Guatemala,Empleado privado,1 a 2 veces por semana,Tienda de barrio,Familia,Q25 - Q50,CrunchMax BBQ; ChocoKick Bites; Gol Nachos Supreme,Limón,Familiar,Q16 - Q20,No,Sí,Argentina,Probablemente sí,Argentina,Cristiano Ronaldo,Un jugador famoso,2x1,Sí,Edición Mundial FIFA 2026
538,2026-03-10,10:06:14,35 - 44 años,Femenino,Guatemala,San Miguel Petapa,Empresario,Rara vez,Gasolinera,Amigos,Q101 - Q150,FutbolMix,Chocolate,Familiar,Q10 - Q15,Sí,Sí,Senegal,Definitivamente sí,México,Cristiano Ronaldo; Lionel Messi,Premios y sorteos,Producto gratis,Sí,Edición con tarjetas coleccionables
1339,2026-05-08,18:56:13,25 - 34 años,Femenino,Escuintla,Santa Lucía Cotzumalguapa,Empleado privado,Todos los días,Tienda de barrio,Familia,Q51 - Q100,Mundialitos Queso Picante; FutbolMix,Picante Chapín,Familiar,Más de Q30,No,Sí,Argentina,Tal vez,Inglaterra,Neymar Jr.; Lionel Messi,Una selección nacional,Descuento directo,Sí,Edición con jugadores famosos
1340,2026-02-04,08:31:40,45 - 54 años,Masculino,Sacatepéquez,Ciudad Vieja,Empleado privado,3 a 5 veces por semana,Tienda de barrio,Familia,Q25 - Q50,Gol Nachos Supreme; ChocoKick Bites,Chocolate,Familiar,Q10 - Q15,Sí,No,México,Tal vez,Argentina,Lamine Yamal,Premios y sorteos,Producto gratis,Sí,Edición con jugadores famosos
1341,2026-03-06,13:10:04,18 - 24 años,Femenino, EL PROGRESO ,,Empleado privado,Todos los días,Supermercado,Amigos,Más de Q150,Gol Nachos Supreme; Energy Crunch Protein,Picante Chapín,Tamaño fiesta o reunión,Q21 - Q30,No,Sí,México,Definitivamente sí,Francia,Lionel Messi; Cristiano Ronaldo,Premios y sorteos,Sorteo de viajes,Sí,Edición con jugadores famosos
1342,2026-03-21,07:01:55,25 - 34 años,Femenino,Guatemala,Santa Catarina Pinula,Estudiante,1 a 2 veces por semana,Tienda de barrio,Amigos,Menos de Q25,Mundialitos Queso Picante,Limón,Familiar,Q21 - Q30,Sí,Sí,Francia,Tal vez,España,Alphonso Davies; Cristiano Ronaldo; Neymar Jr.,Un jugador famoso,Sorteo de camisetas,No,Edición Inglaterra
1343,2026-04-18,10:56:58,18 - 24 años,Femenino,Guatemala,Mixco,Empleado privado,3 a 5 veces por semana,Supermercado,Solo,Q25 - Q50,Caramel Goal Popcorn; ChocoKick Bites; Hot Stadium Peanuts,Barbacoa,Familiar,Q16 - Q20,Sí,Sí,México,Probablemente sí,Estados Unidos,Lionel Messi,Un jugador famoso,Sorteo de balones,Sí,Edición Mundial FIFA 2026
1344,2026-04-14,13:34:25,45 - 54 años,Masculino,Guatemala,Villa Nueva,,1 a 2 veces por semana,Tienda de barrio,Solo,Q101 - Q150,Gol Nachos Supreme; Mundialitos Queso Picante,Salado Tradicional,Individual,Q16 - Q20,No,No,Brasil,Tal vez,Francia,Cristiano Ronaldo; Lamine Yamal; Neymar Jr.,Premios y sorteos,Sorteo de viajes,Sí,Edición Argentina
1345,2026-03-07,07:00:11,Menos de 18 años,Femenino,Escuintla,Palín,Empresario,Varias veces al mes,Tienda de barrio,Compañeros de trabajo,Q25 - Q50,Gol Nachos Supreme,Salado Tradicional,Familiar,Q16 - Q20,Sí,Sí,Alemania,Probablemente sí,Inglaterra,Cristiano Ronaldo,Una selección nacional,Sorteo de viajes,Sí,Edición Brasil
1346,2026-01-18,09:45:15,25 - 34 años,Masculino,Jalapa,Jalapa,Estudiante,1 a 2 veces por semana,Supermercado,Amigos,Q101 - Q150,Gol Nachos Supreme; Mundialitos Queso Picante,Picante Chapín,Individual,Q21 - Q30,Sí,Sí,Alemania,Definitivamente sí,España,Kylian Mbappé; Rodri,Premios y sorteos,Producto gratis,No,Edición con jugadores famosos
1347,2026-01-22,12:00:05,25 - 34 años,Masculino,Guatemala,San Miguel Petapa,Estudiante,Varias veces al mes,Gasolinera,Familia,Q25 - Q50,Fan Chips Jalapeño; CrunchMax BBQ,Barbacoa,Familiar,Q21 - Q30,Sí,Sí,Brasil,Definitivamente sí,Argentina,Lionel Messi,Un jugador famoso,Tarjetas coleccionables,No,Edición España
1348,2026-03-20,16:29:30,35 - 44 años,Femenino,Guatemala,Santa Catarina Pinula,Empresario,Varias veces al mes,Kiosco escolar/universitario,Solo,Q51 - Q100,CrunchMax BBQ,Queso,Para compartir entre 2 personas,Q10 - Q15,No,Sí,España,Tal vez,Uruguay,Kylian Mbappé; Vinícius Júnior; Harry Kane,Una selección nacional,Tarjetas coleccionables,No,Edición Mundial FIFA 2026
1349,2026-01-23,11:33:11,45 - 54 años,Masculino,Quetzaltenango,Quetzaltenango,Empleado privado,Todos los días,Gasolinera,Amigos,Q25 - Q50,Gol Nachos Supreme; CrunchMax BBQ,Jalapeño,Tamaño fiesta o reunión,Q10 - Q15,No,Sí,Argentina,Tal vez, NORUEGA ,Lionel Messi; Julián Álvarez,Un jugador famoso,Producto gratis,Sí,Edición con jugadores famosos
1350,2026-01-22,09:30:14,35 - 44 años,Femenino,Escuintla,Palín,Empleado público,Varias veces al mes,Tienda de barrio,Amigos,Más de Q150,ChocoKick Bites,Chocolate,Individual,Q21 - Q30,No,Sí,Argentina,Definitivamente sí,México,Julián Álvarez,Un jugador famoso,Producto gratis,Sí,Edición con tarjetas coleccionables
1351,2026-04-16,19:38:28,Menos de 18 años,Prefiero no indicarlo,Quetzaltenango,Olintepeque,Empleado privado,3 a 5 veces por semana,Supermercado,Compañeros de trabajo,Q51 - Q100,FutbolMix; Mundialitos Queso Picante; Caramel Goal Popcorn,Queso,Familiar,Q21 - Q30,No,Sí,Argentina,Definitivamente sí,Portugal,Cristiano Ronaldo,Una selección nacional,Sorteo de camisetas,No,Edición Mundial FIFA 2026
1352,2026-02-16,10:17:58,Menos de 18 años,Masculino,Chimaltenango,Tecpán Guatemala,Empleado privado,3 a 5 veces por semana,Tienda de barrio,Solo,Q51 - Q100,Caramel Goal Popcorn,Queso,Familiar,Menos de Q10,Sí,Sí,Brasil,Tal vez,Brasil,Lionel Messi; Christian Pulisic,Historias de aficionados,Tarjetas coleccionables,Sí,Edición con tarjetas coleccionables
1353,2026-01-10,10:44:18,Menos de 18 años,Masculino, TOTONICAPÁN ,Cabecera municipal,Empleado público,Varias veces al mes,Otro,Amigos,Menos de Q25,Hot Stadium Peanuts,Picante Chapín,Tamaño fiesta o reunión,Q16 - Q20,Sí,Sí,Francia,Probablemente sí,Francia,Lamine Yamal; Cristiano Ronaldo; Neymar Jr.,Un jugador famoso,2x1,No,Edición Brasil
1354,2026-03-10,07:29:49,55 años o más,Masculino,Escuintla,Escuintla,Empleado privado,3 a 5 veces por semana,Supermercado,Compañeros de trabajo,Q51 - Q100,FutbolMix,Caramelo,Familiar,Más de Q30,Sí,Sí,Colombia,Definitivamente sí,Francia,Jude Bellingham,Humor,2x1,Sí,Edición con tarjetas coleccionables
1355,2026-02-06,21:33:25,45 - 54 años,Masculino,Guatemala,Santa Catarina Pinula,Otro,1 a 2 veces por semana,Kiosco escolar/universitario,Familia,Menos de Q25,CrunchMax BBQ; Mundialitos Queso Picante; Gol Nachos Supreme,Queso,Familiar,Q10 - Q15,Sí,Sí,Francia,Probablemente sí,Noruega,Cristiano Ronaldo; Harry Kane,Un jugador famoso,Sorteo de balones,Sí,Edición Argentina
1356,2026-02-26,14:12:19,25 - 34 años,Masculino,Guatemala,Santa Catarina Pinula,Otro,Varias veces al mes,Tienda de barrio,Compañeros de trabajo,Q51 - Q100,Hot Stadium Peanuts; Gol Nachos Supreme; Fan Chips Jalapeño,Picante Chapín,Individual,Q21 - Q30,Sí,Sí,Portugal,Tal vez,Estados Unidos,Federico Valverde,Un jugador famoso,2x1,No,Edición España
1357,2026-01-10,21:15:46,35 - 44 años,Masculino,Guatemala,Santa Catarina Pinula,Otro,1 a 2 veces por semana,Tienda de barrio,Compañeros de trabajo,Q25 - Q50,Energy Crunch Protein; Mundialitos Queso Picante; FutbolMix,Caramelo,Tamaño fiesta o reunión,Q16 - Q20,Sí,Sí,Argentina,Probablemente sí,Brasil,Vinícius Júnior; Kylian Mbappé; Cristiano Ronaldo,Un jugador famoso,Tarjetas coleccionables,Sí,Edición con jugadores famosos
1358,2026-02-02,09:47:11,45 - 54 años,Femenino, GUATEMALA ,Mixco,Estudiante,Todos los días,Otro,Amigos,Más de Q150,Energy Crunch Protein; CrunchMax BBQ; Gol Nachos Supreme,Picante Chapín,Tamaño fiesta o reunión,Q21 - Q30,No,Sí,Argentina,Definitivamente sí,Inglaterra,Ninguno; Lionel Messi; Cristiano Ronaldo,Premios y sorteos,2x1,No,Edición Mundial FIFA 2026
1359,2026-02-12,20:54:18,45 - 54 años,Femenino,Guatemala,Villa Nueva,Profesional independiente,1 a 2 veces por semana,Aplicación de delivery,Familia,Menos de Q25,Gol Nachos Supreme; Hot Stadium Peanuts,Limón,Familiar,Q16 - Q20,Sí,Sí, BRASIL ,Definitivamente sí,Alemania,Vinícius Júnior,Un jugador famoso,Producto gratis,Sí,Edición con tarjetas coleccionables
1360,2026-05-09,11:36:03,35 - 44 años,Masculino,Guatemala,Santa Catarina Pinula,Estudiante,Varias veces al mes,Kiosco escolar/universitario,Familia,Q25 - Q50,Fan Chips Jalapeño; ChocoKick Bites; Caramel Goal Popcorn,Chocolate,Para compartir entre 2 personas,Menos de Q10,Sí,Sí,México,Definitivamente sí,Alemania,Lionel Messi; Julián Álvarez; Kylian Mbappé,Un jugador famoso,Sorteo de camisetas,Sí,Edición con jugadores famosos
1361,2026-03-10,11:20:44,25 - 34 años,Femenino,Escuintla,Escuintla,Empleado privado,3 a 5 veces por semana,Tienda de barrio,Familia,Q25 - Q50,Caramel Goal Popcorn,Picante Chapín,Para compartir entre 2 personas,Q21 - Q30,Sí,Sí,Alemania,Probablemente sí,Senegal,Julián Álvarez; Ninguno,Un jugador famoso,Descuento directo,Sí,Edición Francia
1362,2026-05-04,15:13:25,18 - 24 años,Femenino,Jalapa,Cabecera municipal,Empleado privado,Rara vez,Supermercado,Familia,Q25 - Q50,FutbolMix; Caramel Goal Popcorn,Limón,Para compartir entre 2 personas,Q16 - Q20,No,Sí,Portugal,Tal vez,Alemania,Lamine Yamal; Julián Álvarez,Un jugador famoso,2x1,Sí,Edición España
1363,2026-02-20,22:51:53,18 - 24 años,Masculino,Guatemala,Santa Catarina Pinula,Empleado público,3 a 5 veces por semana,Supermercado,Familia,Menos de Q25,Victory Pretzels,Picante Chapín,Tamaño fiesta o reunión,Q10 - Q15,Sí,Sí,España,Probablemente no,Argentina,Lionel Messi; Federico Valverde; Harry Kane,Premios y sorteos,Sorteo de balones,Sí,Edición Francia
1364,2026-02-24,21:49:47,18 - 24 años,Masculino,Quetzaltenango,Olintepeque,Ama de casa,1 a 2 veces por semana,Kiosco escolar/universitario,Familia,Q25 - Q50,CrunchMax BBQ; Fan Chips Jalapeño; FutbolMix,Caramelo,Familiar,Q10 - Q15,Sí,Sí,Argentina,Tal vez,España,Cristiano Ronaldo; Christian Pulisic; Jude Bellingham,Un jugador famoso,Tarjetas coleccionables,Sí,Edición Argentina
1365,2026-04-17,09:59:36,35 - 44 años,Femenino,Guatemala,Villa Nueva,Empleado privado,1 a 2 veces por semana,Supermercado,Solo,Q51 - Q100,Victory Pretzels,Barbacoa,Familiar,Q21 - Q30,Sí,Sí,Inglaterra,Probablemente sí,Colombia,Harry Kane; Lionel Messi; Cristiano Ronaldo,Premios y sorteos,2x1,Sí,Edición con jugadores famosos
1366,2026-01-17,07:30:23,25 - 34 años,Femenino,Guatemala,San Miguel Petapa,Empleado público,Varias veces al mes,Otro,Familia,Q51 - Q100,Caramel Goal Popcorn,Queso,Familiar,Q16 - Q20,Sí,Sí,Alemania,Definitivamente sí,Argentina,Christian Pulisic; Vinícius Júnior; Neymar Jr.,Historias de aficionados,Tarjetas coleccionables,No,Edición Brasil
1367,2026-04-18,15:40:12,45 - 54 años,Masculino,Escuintla, SANTA LUCÍA COTZUMALGUAPA ,Empleado público,Rara vez,Tienda de barrio,Amigos,Q101 - Q150,Gol Nachos Supreme, SALADO TRADICIONAL ,Para compartir entre 2 personas,Menos de Q10,Sí,Sí,Argentina,Definitivamente sí,España,Cristiano Ronaldo; Kylian Mbappé,Historias de aficionados,Descuento directo,Sí,Edición con jugadores famosos
1368,2026-02-07,18:26:10,25 - 34 años,Femenino, GUATEMALA ,Villa Nueva,Empleado privado,1 a 2 veces por semana,Tienda de barrio,Familia,Q51 - Q100,CrunchMax BBQ; Energy Crunch Protein,Dulce,Para compartir entre 2 personas,Q21 - Q30,No,Sí,Argentina,Tal vez,Portugal,Lamine Yamal; Cristiano Ronaldo,Una selección nacional,2x1,No,Edición España
1369,2026-02-21,14:14:12,25 - 34 años,Masculino,Quetzaltenango,Coatepeque,Empleado privado,Varias veces al mes,Tienda de barrio,Solo,Q101 - Q150,Energy Crunch Protein,Queso,Familiar,Q10 - Q15,Sí,Sí,Argentina,Definitivamente sí,Argentina,Jude Bellingham,Una selección nacional,Sorteo de camisetas,Sí,Edición con jugadores famosos
1370,2026-03-17,09:18:09,25 - 34 años,Masculino,Sacatepéquez,Antigua Guatemala,Otro,Varias veces al mes,Aplicación de delivery,Amigos,Q25 - Q50,Caramel Goal Popcorn; Gol Nachos Supreme,Queso,Individual,Q16 - Q20,Sí,Sí, BRASIL ,Probablemente sí,México,Neymar Jr.,Una selección nacional,Descuento directo,Sí,Edición Argentina
1371,2026-04-17,14:51:59,25 - 34 años,Masculino,Guatemala,San Miguel Petapa,Empleado privado,1 a 2 veces por semana,Gasolinera,Amigos,Q51 - Q100,Gol Nachos Supreme; Hot Stadium Peanuts,Picante Chapín,Para compartir entre 2 personas,Q10 - Q15,Sí,Sí,España,Definitivamente sí,Portugal,Lamine Yamal; Harry Kane; Lionel Messi,Un jugador famoso,Tarjetas coleccionables,Sí,Edición Argentina
1372,2026-04-02,07:45:53,25 - 34 años,Masculino,Guatemala,Santa Catarina Pinula,Estudiante,1 a 2 veces por semana,Supermercado,Amigos,Más de Q150,CrunchMax BBQ; Fan Chips Jalapeño; Caramel Goal Popcorn,Chocolate,Para compartir entre 2 personas,Q10 - Q15,No,Sí,México,Probablemente sí,Argentina,Neymar Jr.; Vinícius Júnior,Un jugador famoso,2x1,No,Edición Inglaterra
1373,2026-03-30,11:09:40,25 - 34 años,Masculino,Quiché,Quiché,Comerciante,Varias veces al mes,Supermercado,Amigos,Q25 - Q50,Mundialitos Queso Picante; ChocoKick Bites; Fan Chips Jalapeño,Chocolate,Para compartir entre 2 personas,Q10 - Q15,No,No,Inglaterra,Probablemente sí,Australia,Rodri; Federico Valverde,Una selección nacional,Producto gratis,Sí,Edición Argentina
1374,2026-01-20,07:49:17,18 - 24 años,Femenino,Sacatepéquez,Sumpango,Empleado privado,1 a 2 veces por semana,Gasolinera,Familia,Q51 - Q100,Mundialitos Queso Picante; Hot Stadium Peanuts; CrunchMax BBQ,Dulce,Individual,Q16 - Q20,Sí,Sí,Curaçao,Tal vez,Argentina,Kylian Mbappé,Premios y sorteos,Tarjetas coleccionables,Sí,Edición con tarjetas coleccionables
1375,2026-02-17,20:08:07,25 - 34 años,Femenino,Guatemala, SAN MIGUEL PETAPA ,Empleado privado,Varias veces al mes,Supermercado,Familia,Más de Q150,ChocoKick Bites; Victory Pretzels; Gol Nachos Supreme,Picante Chapín,Individual,Menos de Q10,No,Sí,Brasil,Definitivamente no,Brasil,Cristiano Ronaldo; Vinícius Júnior; Christian Pulisic,Un jugador famoso,Sorteo de camisetas,Sí,Edición con jugadores famosos
1376,2026-02-01,13:01:21,25 - 34 años,Masculino,San Marcos,San Marcos,Profesional independiente,1 a 2 veces por semana,Supermercado,Familia,Q25 - Q50,Hot Stadium Peanuts; Gol Nachos Supreme; Victory Pretzels,Barbacoa,Para compartir entre 2 personas,Q10 - Q15,Sí,Sí,Uruguay,Probablemente no,Brasil,Lionel Messi,Historias de aficionados,Sorteo de balones,Sí,Edición Brasil
1377,2026-01-31,10:44:39,Menos de 18 años,Masculino,Guatemala,San Miguel Petapa,Profesional independiente,3 a 5 veces por semana,Aplicación de delivery,Solo,Q51 - Q100,Gol Nachos Supreme,Chocolate,Familiar,Menos de Q10,No,No,Inglaterra,Definitivamente sí,Curaçao,Neymar Jr.,Un jugador famoso,Tarjetas coleccionables,Sí,Edición Argentina
1378,2026-01-14,13:25:14,35 - 44 años,Masculino,Retalhuleu,Retalhuleu,Empleado privado,Varias veces al mes,Supermercado,Familia,Q51 - Q100,Caramel Goal Popcorn,Barbacoa,Para compartir entre 2 personas,Q16 - Q20,Sí,Sí,Inglaterra,Probablemente no,Portugal,Kylian Mbappé,Humor,2x1,Sí,Edición con tarjetas coleccionables
1379,2026-01-21,20:49:46,45 - 54 años,Femenino,Sacatepéquez,Jocotenango,Empleado privado,Todos los días,Kiosco escolar/universitario,Compañeros de trabajo,Q25 - Q50,Energy Crunch Protein; Gol Nachos Supreme,Picante Chapín,Para compartir entre 2 personas,Q16 - Q20,Sí,Sí,Brasil,Definitivamente sí,Argentina,Rodri; Kylian Mbappé; Federico Valverde,Humor,Descuento directo,No,Edición con jugadores famosos
1380,2026-05-02,21:33:42,25 - 34 años,Femenino,Baja Verapaz,Baja Verapaz,Empleado público,1 a 2 veces por semana,Aplicación de delivery,Amigos,Menos de Q25,Victory Pretzels,Barbacoa,Para compartir entre 2 personas,Q10 - Q15,Sí,No,Brasil,Probablemente sí,Irán,Ninguno,Una selección nacional,2x1,No,Edición Francia
1381,2026-04-03,08:14:21,55 años o más,Prefiero no indicarlo,Escuintla,Escuintla,Empleado privado,Varias veces al mes,Supermercado,Amigos,Q101 - Q150,Gol Nachos Supreme; FutbolMix; CrunchMax BBQ,Caramelo,Para compartir entre 2 personas,Q21 - Q30,Sí,Sí,Argentina,Definitivamente sí,Francia,Kylian Mbappé,Historias de aficionados,Producto gratis,No,Edición con tarjetas coleccionables
1382,2026-03-31,20:41:33,18 - 24 años,Masculino,Quetzaltenango,Quetzaltenango,Empleado privado,Todos los días,Tienda de barrio,Familia,Q25 - Q50,Fan Chips Jalapeño; Victory Pretzels; Gol Nachos Supreme,Caramelo,Familiar,Q10 - Q15,Sí,Sí,España,Probablemente sí,España,Lionel Messi; Kylian Mbappé,Un jugador famoso,Sorteo de camisetas,No,Edición con jugadores famosos
1383,2026-05-09,19:29:25,45 - 54 años,Femenino,Baja Verapaz,Otro municipio,Estudiante,Varias veces al mes,Aplicación de delivery,Familia,Q51 - Q100,Mundialitos Queso Picante,Picante Chapín,Familiar,Q16 - Q20,Sí,No,Portugal,Definitivamente no,México,Neymar Jr.,Un jugador famoso,Descuento directo,Sí,Edición Mundial FIFA 2026
1384,2026-04-23,10:27:40,25 - 34 años,Femenino, SACATEPÉQUEZ ,Ciudad Vieja,Empleado privado,3 a 5 veces por semana,Gasolinera,Familia,Q25 - Q50,CrunchMax BBQ; Caramel Goal Popcorn; Gol Nachos Supreme,Queso,Individual,Más de Q30,Sí,Sí,México,Tal vez,Canadá,Alphonso Davies,Un jugador famoso,2x1,Sí,Edición Inglaterra
1385,2026-03-15,13:16:21,35 - 44 años,Masculino,Jutiapa,Jutiapa,Empleado privado,Todos los días,Tienda de barrio,Familia,Q101 - Q150,CrunchMax BBQ,Jalapeño,Familiar,Q10 - Q15,Sí,No,México,Tal vez,Portugal,Lionel Messi; Cristiano Ronaldo,Humor,Producto gratis,Sí,Edición Inglaterra
1386,2026-05-09,07:14:16,35 - 44 años,Femenino, SOLOLÁ ,Sololá,Profesional independiente,Rara vez,Supermercado,Familia,Q51 - Q100,Gol Nachos Supreme; Fan Chips Jalapeño,Barbacoa,Para compartir entre 2 personas,Q16 - Q20,No,Sí,Argentina,Definitivamente sí,Argentina,Lionel Messi; Lamine Yamal,Una selección nacional,Descuento directo,Sí,Edición Inglaterra
1387,2026-04-21,18:19:44,18 - 24 años,Femenino,Guatemala,Guatemala,Otro,Rara vez,Kiosco escolar/universitario,Familia,Q51 - Q100,Fan Chips Jalapeño,Jalapeño,Individual,Q10 - Q15,No,Sí, ESPAÑA ,Definitivamente no,Francia,Lionel Messi,Una selección nacional,Descuento directo,Sí,Edición Francia
1388,2026-05-06,11:06:00,Menos de 18 años,Femenino,Suchitepéquez,Otro municipio,Empresario,Todos los días,Supermercado,Amigos,Q51 - Q100,CrunchMax BBQ,Chocolate,Familiar,Q10 - Q15,Sí,Sí,Alemania,Tal vez,Brasil,Ninguno; Lionel Messi,Una selección nacional,Producto gratis,Sí,Edición Mundial FIFA 2026
1389,2026-01-14,09:36:03,45 - 54 años,Masculino,Guatemala,Mixco,Empleado privado,3 a 5 veces por semana,Aplicación de delivery,Familia,Q51 - Q100,ChocoKick Bites; Caramel Goal Popcorn,Chocolate,Familiar,Q21 - Q30,No,Sí,España,Probablemente sí,Brasil,Cristiano Ronaldo,Un jugador famoso,Descuento directo,Sí,Edición Argentina
1390,2026-02-08,17:38:55,35 - 44 años,Femenino,Guatemala,Villa Nueva,Estudiante,1 a 2 veces por semana,Supermercado,Solo,Q25 - Q50,Mundialitos Queso Picante; Caramel Goal Popcorn; Gol Nachos Supreme,Limón,Individual,Q21 - Q30,Sí,Sí,Argentina,Tal vez,Colombia,Cristiano Ronaldo; Neymar Jr.,Un jugador famoso,Producto gratis,Sí,Edición con jugadores famosos
1391,2026-03-23,22:34:51,45 - 54 años,Femenino,Sololá,Cabecera municipal,Empleado privado,Todos los días,Tienda de barrio,Amigos,Q51 - Q100,ChocoKick Bites; Mundialitos Queso Picante,Queso,Familiar,Q16 - Q20,Sí,Sí,Uzbekistán,Tal vez,México,Lionel Messi; Cristiano Ronaldo,Una selección nacional,Producto gratis,Sí,Edición con jugadores famosos
1392,2026-01-24,16:13:26,25 - 34 años,Femenino,Guatemala,Mixco,Empleado público,3 a 5 veces por semana,Supermercado,Familia,Q25 - Q50,Energy Crunch Protein; FutbolMix,Dulce,Familiar,Q10 - Q15,No,Sí,Inglaterra,Tal vez,Brasil,Kylian Mbappé; Cristiano Ronaldo,Un jugador famoso,2x1,Sí,Edición Mundial FIFA 2026
1393,2026-01-13,15:44:30,Menos de 18 años,Prefiero no indicarlo,Guatemala, SANTA CATARINA PINULA ,Profesional independiente,1 a 2 veces por semana,Otro,Familia,Q101 - Q150,ChocoKick Bites,Limón,Familiar,Q10 - Q15,Sí,Sí,Brasil,Tal vez,Inglaterra,Vinícius Júnior; Julián Álvarez,Un jugador famoso,Sorteo de viajes,Sí,Edición Argentina
1394,2026-05-05,20:21:46,Menos de 18 años,Masculino,Chimaltenango,Patzún,Otro,3 a 5 veces por semana,Kiosco escolar/universitario,Amigos,Q51 - Q100,Mundialitos Queso Picante; Gol Nachos Supreme; FutbolMix,Dulce,Familiar,Menos de Q10,No,Sí,Portugal,Definitivamente sí,México,Cristiano Ronaldo; Julián Álvarez,Un jugador famoso,Producto gratis,Sí,Edición con tarjetas coleccionables
1395,2026-03-25,09:27:22,18 - 24 años,Femenino,Retalhuleu,Otro municipio,Empleado privado,1 a 2 veces por semana,Tienda de barrio,Amigos,Q25 - Q50,Caramel Goal Popcorn,Picante Chapín,Individual,Q16 - Q20,Sí,Sí,España,Tal vez,México,Julián Álvarez; Lamine Yamal,Premios y sorteos,2x1,No,Edición con jugadores famosos
1396,2026-03-20,09:09:57,45 - 54 años,Femenino,Guatemala,Santa Catarina Pinula,Empleado público,3 a 5 veces por semana,Aplicación de delivery,Familia,Más de Q150,Hot Stadium Peanuts; Fan Chips Jalapeño; Gol Nachos Supreme,Salado Tradicional,Familiar,Q21 - Q30,No,Sí,Francia,Tal vez,Brasil,Kylian Mbappé,Premios y sorteos,Sorteo de viajes,Sí,Edición España
1397,2026-03-11,19:46:13,25 - 34 años,Masculino,Suchitepéquez,Cabecera municipal,Profesional independiente,Todos los días,Aplicación de delivery,Solo,Q101 - Q150,Victory Pretzels; CrunchMax BBQ,Picante Chapín,Individual,Q10 - Q15,Sí,Sí,España,Definitivamente sí,México,Cristiano Ronaldo; Kylian Mbappé,Historias de aficionados,Descuento directo,Sí,Edición Brasil
1398,2026-03-25,20:01:45,18 - 24 años,Masculino,Guatemala,Guatemala,Estudiante,3 a 5 veces por semana,Tienda de barrio,Compañeros de trabajo,Q25 - Q50,Hot Stadium Peanuts,Queso,Individual,Q16 - Q20,No,Sí,Argentina,Definitivamente sí,Portugal,Lionel Messi,Un jugador famoso,2x1,Sí,Edición Brasil
1399,2026-02-23,07:12:33,18 - 24 años,Femenino,Guatemala,San Miguel Petapa,Empleado privado,3 a 5 veces por semana,Supermercado,Amigos,Q25 - Q50,Caramel Goal Popcorn; ChocoKick Bites,Barbacoa,Tamaño fiesta o reunión,Q21 - Q30,Sí,Sí,España,Probablemente sí,Francia,Vinícius Júnior; Cristiano Ronaldo; Neymar Jr.,Una selección nacional,Tarjetas coleccionables,No,Edición con tarjetas coleccionables
1400,2026-04-18,08:05:58,Menos de 18 años,Femenino,Quetzaltenango,Coatepeque,Comerciante,3 a 5 veces por semana,Supermercado,Familia,Q51 - Q100,CrunchMax BBQ,Barbacoa,Familiar,Q10 - Q15,Sí,Sí,Argentina,Tal vez,Uruguay,Cristiano Ronaldo,Una selección nacional,2x1,No,Edición con jugadores famosos
1401,2026-01-14,17:34:00,25 - 34 años,Masculino,Guatemala,San Miguel Petapa,Comerciante,Rara vez,Supermercado,Amigos,Q51 - Q100,Gol Nachos Supreme; Energy Crunch Protein,Picante Chapín,Familiar,Q10 - Q15,No,Sí,Estados Unidos,Probablemente sí,Estados Unidos,Alphonso Davies; Cristiano Ronaldo,Premios y sorteos,Sorteo de balones,Sí,Edición Argentina
1402,2026-01-10,13:54:21,35 - 44 años,Femenino,Guatemala,Guatemala,Ama de casa,Todos los días,Aplicación de delivery,Amigos,Q51 - Q100,Hot Stadium Peanuts; FutbolMix; Fan Chips Jalapeño,Jalapeño,Individual,Q10 - Q15,Sí,Sí,Curaçao,Definitivamente sí,Brasil,Jude Bellingham; Ninguno; Cristiano Ronaldo,Premios y sorteos,Sorteo de camisetas,No,Edición Francia
1403,2026-05-06,14:33:00,18 - 24 años,Masculino,Guatemala,Villa Nueva,Ama de casa,Rara vez,Tienda de barrio,Solo,Menos de Q25,FutbolMix,Picante Chapín,Familiar,Q16 - Q20,No,Sí,Argentina,Probablemente sí,Estados Unidos,Alphonso Davies; Lionel Messi,Un jugador famoso,Sorteo de viajes,Sí,Edición Francia
1404,2026-01-20,16:12:43,35 - 44 años,Femenino,Chimaltenango,Tecpán Guatemala,Empleado privado,3 a 5 veces por semana,Tienda de barrio,Amigos,Menos de Q25,CrunchMax BBQ,Queso,Familiar,Q10 - Q15,Sí,Sí,Portugal,Probablemente sí,Argentina,Lionel Messi,Un jugador famoso,Descuento directo,No,Edición con tarjetas coleccionables
1405,2026-05-09,15:28:28,Menos de 18 años,Femenino,San Marcos,Otro municipio,Empleado privado,3 a 5 veces por semana,Aplicación de delivery,Familia,Q51 - Q100,ChocoKick Bites; Mundialitos Queso Picante,Salado Tradicional,Para compartir entre 2 personas,Q21 - Q30,No,Sí,Francia,Probablemente sí,Portugal,Kylian Mbappé; Rodri,Premios y sorteos,Producto gratis,Sí,Edición Argentina
1406,2026-02-01,16:09:29,35 - 44 años,Masculino,Guatemala,Mixco,Estudiante,3 a 5 veces por semana,Tienda de barrio,Amigos,Q25 - Q50,CrunchMax BBQ,Limón,Familiar,Q16 - Q20,Sí,Sí,Inglaterra,Probablemente no,España,Cristiano Ronaldo; Lionel Messi,Una selección nacional,2x1,No,Edición Mundial FIFA 2026
1407,2026-04-19,20:47:35,35 - 44 años,Femenino,Guatemala,Santa Catarina Pinula,Comerciante,1 a 2 veces por semana,Otro,Familia,Q25 - Q50,Gol Nachos Supreme; Victory Pretzels,Dulce,Individual,Q10 - Q15,No,Sí,Francia,Tal vez,Brasil,Cristiano Ronaldo; Neymar Jr.; Vinícius Júnior,Historias de aficionados,2x1,No,Edición con tarjetas coleccionables
1408,2026-01-20,07:00:43,35 - 44 años,Femenino,Guatemala,San Miguel Petapa,Empleado privado,1 a 2 veces por semana,,Amigos,Q25 - Q50,Victory Pretzels; Energy Crunch Protein; Gol Nachos Supreme,Jalapeño,Para compartir entre 2 personas,Más de Q30,Sí,Sí,Argentina,Probablemente sí,Argentina,Cristiano Ronaldo; Lionel Messi; Neymar Jr.,Un jugador famoso,Sorteo de viajes,Sí,Edición con tarjetas coleccionables
1409,2026-02-10,19:43:00,25 - 34 años,Femenino,Escuintla,Palín,Empleado privado,Varias veces al mes,Tienda de barrio,Amigos,Q51 - Q100,Energy Crunch Protein,Barbacoa,Familiar,Q10 - Q15,No,Sí,Marruecos,Probablemente no,Francia,Lamine Yamal,Una selección nacional,Producto gratis,Sí,Edición Mundial FIFA 2026
1410,2026-03-06,17:59:31,18 - 24 años,Masculino,Sacatepéquez,Jocotenango,Estudiante,Todos los días,Supermercado,Solo,Q51 - Q100,Gol Nachos Supreme; Energy Crunch Protein,Caramelo,Tamaño fiesta o reunión,Q16 - Q20,No,Sí,Suecia,Probablemente sí,España,Cristiano Ronaldo; Neymar Jr.,Un jugador famoso,2x1,Sí,Edición Argentina
1411,2026-01-19,11:29:24,18 - 24 años,Prefiero no indicarlo,Huehuetenango,Huehuetenango,Empleado privado,Rara vez,Tienda de barrio,Amigos,Q25 - Q50,Mundialitos Queso Picante; Gol Nachos Supreme,Jalapeño,Familiar,Q16 - Q20,Sí,Sí,Austria,Definitivamente sí,Francia,Harry Kane,Una selección nacional,Sorteo de camisetas,No,Edición Brasil
1412,2026-01-21,10:38:27,25 - 34 años,Femenino,Guatemala,Santa Catarina Pinula,Ama de casa,Todos los días,Supermercado,Amigos,Q101 - Q150,Mundialitos Queso Picante,Barbacoa,Para compartir entre 2 personas,Q16 - Q20,Sí,Sí,Inglaterra,Probablemente sí,México,Jude Bellingham; Federico Valverde,Premios y sorteos,Tarjetas coleccionables,Sí,Edición Inglaterra
1413,2026-04-07,22:55:19,18 - 24 años,Masculino,Chimaltenango,,Comerciante,3 a 5 veces por semana,Kiosco escolar/universitario,Familia,Menos de Q25,Mundialitos Queso Picante,Picante Chapín,Para compartir entre 2 personas,Q21 - Q30,Sí,Sí,España,Probablemente sí,Brasil,Federico Valverde; Jude Bellingham,Premios y sorteos,Sorteo de viajes,No,Edición Brasil
1414,2026-03-19,12:34:45,35 - 44 años,Masculino,Guatemala,Santa Catarina Pinula,Empleado privado,Varias veces al mes,Gasolinera,Compañeros de trabajo,Q51 - Q100,Fan Chips Jalapeño; FutbolMix,Queso,Individual,Q10 - Q15,Sí,Sí,México,Tal vez,Colombia,Alphonso Davies; Kylian Mbappé,Historias de aficionados,Sorteo de balones,No,Edición Inglaterra
1415,2026-03-05,12:09:15,55 años o más,Masculino,Guatemala,Guatemala,Estudiante,3 a 5 veces por semana,Supermercado,Familia,Menos de Q25,CrunchMax BBQ; Mundialitos Queso Picante; Caramel Goal Popcorn,,Individual,Q16 - Q20,No,Sí,Argentina,Definitivamente sí,Brasil,Alphonso Davies; Neymar Jr.; Kylian Mbappé,Un jugador famoso,Sorteo de camisetas,Sí,Edición Mundial FIFA 2026
1416,2026-04-28,12:47:56,45 - 54 años,Masculino,Huehuetenango,Otro municipio,Empleado privado,3 a 5 veces por semana,Supermercado,Compañeros de trabajo,Q25 - Q50,FutbolMix; Mundialitos Queso Picante; Victory Pretzels,Dulce,Tamaño fiesta o reunión,Q21 - Q30,Sí,Sí,México,Definitivamente sí,Argentina,Federico Valverde,Un jugador famoso,Producto gratis,No,Edición con tarjetas coleccionables
1417,2026-03-30,09:06:09,25 - 34 años,Femenino,Guatemala,Santa Catarina Pinula,Profesional independiente,1 a 2 veces por semana,Supermercado,Amigos,Q51 - Q100,FutbolMix; Mundialitos Queso Picante,Dulce,Familiar,Q16 - Q20,No,Sí,Argentina,Probablemente sí,Alemania,Kylian Mbappé,Un jugador famoso,Descuento directo,Sí,Edición Brasil
1418,2026-04-09,12:02:49,25 - 34 años,Femenino,Guatemala,Mixco,Empleado privado,Todos los días,Supermercado,Familia,Q51 - Q100,Caramel Goal Popcorn; ChocoKick Bites; Victory Pretzels,Jalapeño,Para compartir entre 2 personas,Q16 - Q20,Sí,Sí,Portugal,Definitivamente sí,Inglaterra,Cristiano Ronaldo,Humor,2x1,No,Edición Argentina
1419,2026-02-08,14:19:01,35 - 44 años,Femenino,Huehuetenango,Otro municipio,Comerciante,1 a 2 veces por semana,Supermercado,Otro,Q101 - Q150,FutbolMix; Mundialitos Queso Picante; Gol Nachos Supreme,Barbacoa,Para compartir entre 2 personas,Q16 - Q20,No,Sí,México,Tal vez,Estados Unidos,Cristiano Ronaldo,Un jugador famoso,Descuento directo,Sí,Edición con jugadores famosos
1420,2026-01-13,14:07:32,35 - 44 años,Masculino,Jutiapa,Jutiapa,Empleado público,Varias veces al mes,Gasolinera,Amigos,Más de Q150,Mundialitos Queso Picante; Gol Nachos Supreme,Picante Chapín,Tamaño fiesta o reunión,Más de Q30,No,Sí,Argentina,Definitivamente sí,México,Cristiano Ronaldo,Una selección nacional,Sorteo de viajes,No,Edición Brasil
1421,2026-03-15,15:51:07,55 años o más,Femenino,Guatemala, SAN MIGUEL PETAPA ,Empleado privado,1 a 2 veces por semana,Tienda de barrio,Amigos,Q51 - Q100,Gol Nachos Supreme; CrunchMax BBQ; Mundialitos Queso Picante,Salado Tradicional,Para compartir entre 2 personas,Q10 - Q15,No,Sí,Alemania,Tal vez,México,Vinícius Júnior; Cristiano Ronaldo; Kylian Mbappé,Premios y sorteos,2x1,Sí,Edición con tarjetas coleccionables
1422,2026-01-11,09:22:54,25 - 34 años,Masculino,Zacapa,Otro municipio,Empleado público,Varias veces al mes,Kiosco escolar/universitario,Amigos,Q25 - Q50,FutbolMix; Hot Stadium Peanuts,Caramelo,Familiar,Q10 - Q15,No,Sí,Brasil,Definitivamente sí,Noruega,Lionel Messi; Lamine Yamal; Cristiano Ronaldo,Un jugador famoso,Descuento directo,No,Edición Mundial FIFA 2026
2478,2026-03-10,14:23:30,18 - 24 años,Femenino,Guatemala,Villa Nueva,Comerciante,1 a 2 veces por semana,Supermercado,Compañeros de trabajo,Q101 - Q150,FutbolMix,Salado Tradicional,Individual,Q10 - Q15,Sí,Sí,Brasil,Tal vez,España,Cristiano Ronaldo; Federico Valverde,Humor,Descuento directo,Sí,Edición Argentina
1424,2026-02-26,12:34:41,45 - 54 años,Masculino,Guatemala,Santa Catarina Pinula,Estudiante,3 a 5 veces por semana,Gasolinera,Familia,Q25 - Q50,Fan Chips Jalapeño; Caramel Goal Popcorn,Queso,Para compartir entre 2 personas,Q21 - Q30,Sí,Sí,Argentina,Probablemente sí,Portugal,Vinícius Júnior,Una selección nacional,Producto gratis,No,Edición Brasil
1425,2026-05-03,16:57:06,45 - 54 años,Femenino,Guatemala,Villa Nueva,Estudiante,1 a 2 veces por semana,Supermercado,Familia,Menos de Q25,Gol Nachos Supreme; Energy Crunch Protein,Queso,Familiar,Q10 - Q15,No,No,Brasil,Definitivamente sí,Argentina,Alphonso Davies; Neymar Jr.,Premios y sorteos,Descuento directo,Sí,Edición Mundial FIFA 2026
1426,2026-04-17,21:28:51,25 - 34 años,Femenino,Quetzaltenango,Olintepeque,Empleado privado,3 a 5 veces por semana,Tienda de barrio,Solo,Q51 - Q100,Mundialitos Queso Picante; FutbolMix,Picante Chapín,Familiar,Q16 - Q20,Sí,Sí,Argentina,Probablemente no,Argentina,Kylian Mbappé; Lamine Yamal,Un jugador famoso,2x1,Sí,Edición con jugadores famosos
1427,2026-01-29,08:30:53,18 - 24 años,Femenino,Guatemala,Santa Catarina Pinula,Comerciante,1 a 2 veces por semana,Gasolinera,Solo,Q25 - Q50,FutbolMix; Victory Pretzels; CrunchMax BBQ,Caramelo,Individual,Q16 - Q20,Sí,Sí,Colombia,Definitivamente sí,Brasil,Christian Pulisic; Julián Álvarez; Jude Bellingham,Una selección nacional,Descuento directo,No,Edición Argentina
1428,2026-02-24,18:07:07,25 - 34 años,Masculino,Guatemala, VILLA NUEVA ,Empleado privado,1 a 2 veces por semana,Kiosco escolar/universitario,Familia,Q25 - Q50,Fan Chips Jalapeño; Hot Stadium Peanuts,Picante Chapín,Individual,Q21 - Q30,Sí,Sí,México,Definitivamente sí,Portugal,Neymar Jr.,Premios y sorteos,2x1,No,Edición Brasil
1429,2026-04-05,20:10:29,45 - 54 años,Femenino,Guatemala,Villa Nueva,Estudiante,1 a 2 veces por semana,Supermercado,Amigos,Menos de Q25,Fan Chips Jalapeño; Gol Nachos Supreme; Energy Crunch Protein,Queso,Para compartir entre 2 personas,Q21 - Q30,Sí,Sí,Argentina,Definitivamente sí,México,Kylian Mbappé,Un jugador famoso,Producto gratis,Sí,Edición con tarjetas coleccionables
1430,2026-04-12,10:05:50,25 - 34 años,Masculino,Guatemala,Guatemala,Estudiante,1 a 2 veces por semana,Supermercado,Familia,Q25 - Q50,Hot Stadium Peanuts,Caramelo,Familiar,Q16 - Q20,Sí,Sí,Brasil,Tal vez,Argentina,Lamine Yamal; Lionel Messi,Un jugador famoso,Tarjetas coleccionables,No,Edición Mundial FIFA 2026
1431,2026-02-16,17:52:33,55 años o más,Masculino,Santa Rosa,Cabecera municipal,Profesional independiente,3 a 5 veces por semana,Supermercado,Familia,Q51 - Q100,Gol Nachos Supreme; FutbolMix,Dulce,Tamaño fiesta o reunión,Q16 - Q20,Sí,Sí,Argentina,Probablemente no,México,Vinícius Júnior,Una selección nacional,Descuento directo,No,Edición Brasil
1432,2026-04-07,22:10:22,18 - 24 años,Masculino,Chiquimula,Chiquimula,Empleado privado,3 a 5 veces por semana,Tienda de barrio,Amigos,Q25 - Q50,Mundialitos Queso Picante; CrunchMax BBQ; Caramel Goal Popcorn,Caramelo,Familiar,Q16 - Q20,No,Sí,Inglaterra,Definitivamente sí,México,Lionel Messi; Cristiano Ronaldo; Neymar Jr.,Una selección nacional,2x1,No,Edición con jugadores famosos
1433,2026-03-24,21:21:41,35 - 44 años,Femenino,Sacatepéquez, CIUDAD VIEJA ,Comerciante,Todos los días,Supermercado,Amigos,Q101 - Q150,ChocoKick Bites; Hot Stadium Peanuts; Fan Chips Jalapeño,Queso,Para compartir entre 2 personas,Q16 - Q20,Sí,Sí,Argentina,Definitivamente no,Inglaterra,Cristiano Ronaldo; Jude Bellingham; Lionel Messi,Historias de aficionados,Descuento directo,No,Edición Inglaterra
1434,2026-02-13,09:22:45,25 - 34 años,Masculino,Chimaltenango,,Empleado privado,3 a 5 veces por semana,Tienda de barrio,Amigos,Q51 - Q100,ChocoKick Bites,Limón,Individual,Q10 - Q15,Sí,Sí,Brasil,Tal vez,,Jude Bellingham; Vinícius Júnior,Una selección nacional,Tarjetas coleccionables,No,Edición Inglaterra
1435,2026-01-18,16:24:23,35 - 44 años,Prefiero no indicarlo,Guatemala,San Miguel Petapa,Otro,Varias veces al mes,Supermercado,Familia,Q25 - Q50,ChocoKick Bites,Queso,Familiar,Más de Q30,Sí,Sí,Czechia,Definitivamente sí,Alemania,Kylian Mbappé; Cristiano Ronaldo,Una selección nacional,2x1,No,Edición Argentina
1436,2026-02-07,10:27:36,45 - 54 años,Femenino, GUATEMALA ,Mixco,Ama de casa,3 a 5 veces por semana,Gasolinera,Amigos,Más de Q150,Caramel Goal Popcorn; CrunchMax BBQ,Queso,Individual,Menos de Q10,Sí,Sí, ARGENTINA ,Definitivamente sí,Portugal,Kylian Mbappé; Harry Kane,Historias de aficionados,Sorteo de balones,Sí,Edición con jugadores famosos
1437,2026-03-03,08:32:46,35 - 44 años,Masculino,Guatemala,Santa Catarina Pinula,Comerciante,Varias veces al mes,Tienda de barrio,Familia,Q51 - Q100,FutbolMix; Victory Pretzels; Hot Stadium Peanuts,Jalapeño,Familiar,Q16 - Q20,No,Sí,Brasil,Probablemente sí,Argentina,Cristiano Ronaldo,Una selección nacional,2x1,Sí,Edición con jugadores famosos
1438,2026-03-26,16:51:01,Menos de 18 años,Masculino,Guatemala,Villa Nueva,Profesional independiente,1 a 2 veces por semana,Gasolinera,Familia,Menos de Q25,Fan Chips Jalapeño; CrunchMax BBQ,Barbacoa,Familiar,Q21 - Q30,No,Sí,México,Tal vez,Francia,Rodri,Un jugador famoso,2x1,No,Edición Argentina
1439,2026-04-16,10:17:30,25 - 34 años,Masculino,Quetzaltenango,Coatepeque,Empleado público,Varias veces al mes,Kiosco escolar/universitario,Familia,Más de Q150,Mundialitos Queso Picante,Picante Chapín,Individual,Q21 - Q30,Sí,Sí,México,Probablemente sí,Croacia,Lionel Messi,Un jugador famoso,2x1,Sí,Edición Argentina
1440,2026-05-04,11:29:23,45 - 54 años,Femenino,Chimaltenango,Patzún,Empleado privado,3 a 5 veces por semana,Tienda de barrio,Amigos,Q25 - Q50,CrunchMax BBQ; Caramel Goal Popcorn,Queso,Para compartir entre 2 personas,Q16 - Q20,Sí,Sí,Uruguay,Probablemente no,Francia,Lamine Yamal; Cristiano Ronaldo; Harry Kane,Humor,Sorteo de viajes,Sí,Edición Argentina
1441,2026-05-01,12:14:03,25 - 34 años,Femenino,Jutiapa,Jutiapa,Empleado privado,3 a 5 veces por semana,Tienda de barrio,Familia,Q25 - Q50,Fan Chips Jalapeño; Energy Crunch Protein,Limón,Tamaño fiesta o reunión,Q16 - Q20,No,Sí,Argentina,Definitivamente no,Alemania,Jude Bellingham; Lamine Yamal,Una selección nacional,Tarjetas coleccionables,Sí,Edición Mundial FIFA 2026
1442,2026-04-14,18:48:47,35 - 44 años,Masculino,Totonicapán,Totonicapán,Otro,Todos los días,Gasolinera,Compañeros de trabajo,Q25 - Q50,Energy Crunch Protein; Hot Stadium Peanuts; Caramel Goal Popcorn,Salado Tradicional,Tamaño fiesta o reunión,Q16 - Q20,No,Sí,Portugal,Probablemente no,Inglaterra,Cristiano Ronaldo; Lionel Messi; Vinícius Júnior,Humor,2x1,Sí,Edición España
1443,2026-04-02,19:24:52,55 años o más,Masculino,Guatemala,Mixco,Empleado público,Varias veces al mes,Otro,Familia,Q101 - Q150,ChocoKick Bites; Caramel Goal Popcorn; FutbolMix,Queso,Para compartir entre 2 personas,Q16 - Q20,No,Sí,Portugal,Probablemente sí,Portugal,Lamine Yamal; Neymar Jr.; Lionel Messi,Premios y sorteos,Producto gratis,No,Edición Brasil
1444,2026-03-20,16:26:05,25 - 34 años,Femenino,Guatemala,Villa Nueva,Comerciante,1 a 2 veces por semana,Otro,Solo,Q25 - Q50,FutbolMix; ChocoKick Bites,Salado Tradicional,Para compartir entre 2 personas,Q10 - Q15,Sí,Sí,Brasil,Tal vez, ALEMANIA ,Lionel Messi,Un jugador famoso,Sorteo de balones,Sí,Edición Argentina
1445,2026-02-23,19:28:23,35 - 44 años,Masculino,Guatemala,Guatemala,Empleado privado,1 a 2 veces por semana,Kiosco escolar/universitario,Amigos,Q25 - Q50,CrunchMax BBQ,Picante Chapín,Individual,Q16 - Q20,No,No,España,Tal vez,México,Christian Pulisic; Lionel Messi; Neymar Jr.,Premios y sorteos,Descuento directo,No,Edición Mundial FIFA 2026
1446,2026-01-30,09:06:45,55 años o más,Masculino,Guatemala,Mixco,Estudiante,1 a 2 veces por semana,Gasolinera,Amigos,Q25 - Q50,FutbolMix; Caramel Goal Popcorn,Barbacoa,Tamaño fiesta o reunión,Q10 - Q15,Sí,No,España,Probablemente no,Francia,Cristiano Ronaldo,Premios y sorteos,Tarjetas coleccionables,No,Edición España
1447,2026-04-22,08:16:32,55 años o más,Femenino,El Progreso,El Progreso,Empleado privado,1 a 2 veces por semana,Tienda de barrio,Familia,Q25 - Q50,Victory Pretzels,Dulce,Familiar,Q16 - Q20,Sí,Sí,Estados Unidos,Probablemente sí,Argentina,Jude Bellingham; Kylian Mbappé; Neymar Jr.,Una selección nacional,2x1,No,Edición Brasil
1448,2026-04-28,14:11:03,18 - 24 años,Femenino,Baja Verapaz, BAJA VERAPAZ ,,1 a 2 veces por semana,Tienda de barrio,Familia,Q101 - Q150,Fan Chips Jalapeño; CrunchMax BBQ; Hot Stadium Peanuts,Limón,Familiar,Más de Q30,Sí,Sí,México,Definitivamente sí,México,Cristiano Ronaldo,Una selección nacional,Sorteo de camisetas,Sí,Edición Brasil
1449,2026-05-02,15:55:21,45 - 54 años,Femenino,Escuintla,Santa Lucía Cotzumalguapa,Estudiante,3 a 5 veces por semana,Tienda de barrio,Familia,Q51 - Q100,Gol Nachos Supreme,Jalapeño,Para compartir entre 2 personas,Q21 - Q30,Sí,No,Argentina,Probablemente sí,Argentina,Neymar Jr.; Lionel Messi,Premios y sorteos,Sorteo de viajes,Sí,Edición Mundial FIFA 2026
1450,2026-02-13,12:57:42,18 - 24 años,Masculino,Quetzaltenango,Olintepeque,Empleado privado,Varias veces al mes,Aplicación de delivery,Amigos,Q25 - Q50,Hot Stadium Peanuts; Gol Nachos Supreme,Limón,Para compartir entre 2 personas,Q16 - Q20,No,Sí,Francia,Definitivamente sí,Portugal,Cristiano Ronaldo; Julián Álvarez,Una selección nacional,Tarjetas coleccionables,Sí,Edición España
1451,2026-03-07,13:04:31,18 - 24 años,Masculino,Guatemala,Villa Nueva,Empleado público,Todos los días,Supermercado,Amigos,Más de Q150,Caramel Goal Popcorn,Dulce,Familiar,Q16 - Q20,Sí,Sí,Francia,Definitivamente sí,Brasil,Cristiano Ronaldo,Premios y sorteos,Tarjetas coleccionables,Sí,Edición con tarjetas coleccionables
1452,2026-01-24,14:55:43,25 - 34 años,Masculino,Guatemala,Mixco,Empleado privado,1 a 2 veces por semana,Aplicación de delivery,Familia,Más de Q150,Fan Chips Jalapeño; FutbolMix, JALAPEÑO ,Para compartir entre 2 personas,Más de Q30,Sí,Sí,México,Probablemente sí,,Lionel Messi; Jude Bellingham,Una selección nacional,Producto gratis,Sí,Edición Brasil
1453,2026-04-06,17:40:12,25 - 34 años,Masculino,Petén,Flores,Empresario,1 a 2 veces por semana,Tienda de barrio,Familia,Q25 - Q50,ChocoKick Bites; Mundialitos Queso Picante; Energy Crunch Protein,Queso,Individual,Q10 - Q15,Sí,Sí,Argentina,Probablemente no,Japón,Lionel Messi; Cristiano Ronaldo; Julián Álvarez,Un jugador famoso,Sorteo de camisetas,No,Edición Argentina
1454,2026-02-15,20:54:51,45 - 54 años,Masculino,Sacatepéquez,Sumpango,Comerciante,Todos los días,Kiosco escolar/universitario,Amigos,Q51 - Q100,Victory Pretzels; CrunchMax BBQ; Caramel Goal Popcorn,Queso,Para compartir entre 2 personas,Q10 - Q15,Sí,Sí,Alemania,Probablemente sí,Portugal,Cristiano Ronaldo; Vinícius Júnior; Lionel Messi,Una selección nacional,2x1,Sí,Edición Inglaterra
1455,2026-02-25,10:57:06,45 - 54 años,Femenino,Guatemala,Santa Catarina Pinula,,Varias veces al mes,Tienda de barrio,Otro,Q101 - Q150,Caramel Goal Popcorn; CrunchMax BBQ,Chocolate,Familiar,Q16 - Q20,Sí,Sí,Francia,Tal vez,Uruguay,Vinícius Júnior; Lionel Messi,Premios y sorteos,Sorteo de camisetas,Sí,Edición Brasil
1456,2026-04-03,07:30:24,18 - 24 años,Masculino,Retalhuleu,Otro municipio,Empleado privado,1 a 2 veces por semana,Tienda de barrio,Compañeros de trabajo,Menos de Q25,CrunchMax BBQ; FutbolMix; Mundialitos Queso Picante,Barbacoa,Familiar,Q10 - Q15,No,Sí,Brasil,Definitivamente sí,Alemania,Kylian Mbappé; Lionel Messi; Harry Kane,Historias de aficionados,Descuento directo,No,Edición Brasil
1457,2026-03-24,08:59:44,45 - 54 años,Femenino,Guatemala,Guatemala,Empleado privado,Rara vez,Supermercado,Solo,Q25 - Q50,Gol Nachos Supreme; Mundialitos Queso Picante; ChocoKick Bites,Salado Tradicional,Para compartir entre 2 personas,Q16 - Q20,Sí,No,Francia,Tal vez,Brasil,Neymar Jr.; Federico Valverde,Un jugador famoso,Producto gratis,Sí,Edición España
1458,2026-01-30,09:36:15,35 - 44 años,Femenino,Sacatepéquez,Sumpango,Empleado privado,Varias veces al mes,Kiosco escolar/universitario,Compañeros de trabajo,Q51 - Q100,Mundialitos Queso Picante,Salado Tradicional,Para compartir entre 2 personas,Menos de Q10,No,Sí,Francia,Tal vez,Alemania,Kylian Mbappé; Neymar Jr.; Federico Valverde,Un jugador famoso,Descuento directo,Sí,Edición Inglaterra
927,2026-03-24,18:14:27,55 años o más,Masculino, ZACAPA ,Otro municipio,Otro,Todos los días,Supermercado,Amigos,Q25 - Q50,ChocoKick Bites; Mundialitos Queso Picante; Gol Nachos Supreme, QUESO ,Familiar,Más de Q30,No,No,España,Probablemente sí,Austria,Lionel Messi; Cristiano Ronaldo,Un jugador famoso,Tarjetas coleccionables,Sí,Edición Mundial FIFA 2026
1460,2026-05-04,14:21:28,25 - 34 años,Femenino,San Marcos, OTRO MUNICIPIO ,Empleado público,1 a 2 veces por semana,Otro,Amigos,Q51 - Q100,Caramel Goal Popcorn; Mundialitos Queso Picante,Barbacoa,Tamaño fiesta o reunión,Q16 - Q20,No,Sí,Colombia,Probablemente no, BRASIL ,Neymar Jr.; Ninguno; Vinícius Júnior,Historias de aficionados,Sorteo de camisetas,Sí,Edición Argentina
1461,2026-04-11,08:25:28,25 - 34 años,Masculino,Totonicapán,Cabecera municipal,Jubilado,Todos los días,Tienda de barrio,Amigos,Q51 - Q100,Caramel Goal Popcorn,Salado Tradicional,Familiar,Q16 - Q20,Sí,No,Argentina,Probablemente no,Francia,Neymar Jr.; Alphonso Davies,Premios y sorteos,Tarjetas coleccionables,No,Edición Argentina
1462,2026-01-22,17:45:56,25 - 34 años,Masculino,Quetzaltenango,Quetzaltenango,Empresario,Todos los días,Supermercado,Familia,Menos de Q25,FutbolMix,Picante Chapín,Individual,Q16 - Q20,Sí,Sí,Argentina,Definitivamente sí,Brasil,Lionel Messi; Cristiano Ronaldo; Jude Bellingham,Un jugador famoso,Sorteo de camisetas,Sí,Edición Argentina
1463,2026-04-08,08:57:51,35 - 44 años,Femenino,Guatemala,San Miguel Petapa,Comerciante,Rara vez,Tienda de barrio,Amigos,Q51 - Q100,Hot Stadium Peanuts; Mundialitos Queso Picante,Barbacoa,Para compartir entre 2 personas,Q16 - Q20,No,Sí,Francia,Definitivamente sí,Austria,Julián Álvarez; Neymar Jr.; Vinícius Júnior,Historias de aficionados,2x1,Sí,Edición con jugadores famosos
1464,2026-04-06,17:22:34,18 - 24 años,Masculino,Izabal,Cabecera municipal,Empresario,1 a 2 veces por semana,Supermercado,Familia,Menos de Q25,Gol Nachos Supreme; FutbolMix; CrunchMax BBQ,Barbacoa,Tamaño fiesta o reunión,Más de Q30,Sí,Sí,Francia,Probablemente sí,Türkiye,Lionel Messi,Premios y sorteos,2x1,Sí,Edición Inglaterra
1465,2026-03-03,16:50:54,18 - 24 años,Masculino,Guatemala,San Miguel Petapa,Profesional independiente,3 a 5 veces por semana,Supermercado,Amigos,Q51 - Q100,FutbolMix; Mundialitos Queso Picante; Energy Crunch Protein,Picante Chapín,Familiar,Más de Q30,No,Sí,Portugal,Probablemente no,Brasil,Cristiano Ronaldo,Premios y sorteos,2x1,Sí,Edición Mundial FIFA 2026
1466,2026-04-17,22:07:18,25 - 34 años,Femenino,Guatemala,San Miguel Petapa,Estudiante,3 a 5 veces por semana,Gasolinera,Familia,Más de Q150,Gol Nachos Supreme; Caramel Goal Popcorn; Energy Crunch Protein,Chocolate,Familiar,Menos de Q10,No,Sí,Colombia,Definitivamente no,Brasil,Lionel Messi; Jude Bellingham,Una selección nacional,Producto gratis,No,Edición con jugadores famosos
1467,2026-04-25,22:23:52,35 - 44 años,Masculino,Guatemala,Santa Catarina Pinula,Empleado privado,Rara vez,Supermercado,Solo,Q51 - Q100,Energy Crunch Protein; ChocoKick Bites,Limón,Familiar,Q10 - Q15,No,Sí,Argentina,Definitivamente sí,Brasil,Kylian Mbappé; Lamine Yamal; Federico Valverde,Historias de aficionados,Tarjetas coleccionables,Sí,Edición Argentina
1468,2026-01-11,20:40:08,18 - 24 años,Femenino,El Progreso,El Progreso,Empleado privado,1 a 2 veces por semana,Tienda de barrio,Solo,Menos de Q25,Mundialitos Queso Picante,Queso,Para compartir entre 2 personas,Q21 - Q30,No,Sí,Argentina,Definitivamente no,Argentina,Jude Bellingham,Un jugador famoso,Producto gratis,Sí,Edición Argentina
1469,2026-03-25,18:28:11,18 - 24 años,Femenino,Escuintla,Escuintla,Profesional independiente,Varias veces al mes,Gasolinera,Amigos,Q25 - Q50,Caramel Goal Popcorn,Caramelo,Individual,Q10 - Q15,Sí,Sí,Brasil,Probablemente sí,,Lionel Messi,Premios y sorteos,Tarjetas coleccionables,Sí,Edición con tarjetas coleccionables
1470,2026-03-27,12:02:20,18 - 24 años,Masculino,Guatemala,San Miguel Petapa,Otro,1 a 2 veces por semana,Aplicación de delivery,Amigos,Menos de Q25,CrunchMax BBQ; Gol Nachos Supreme; Mundialitos Queso Picante,Salado Tradicional,Tamaño fiesta o reunión,Q10 - Q15,Sí,Sí,México,Probablemente sí,Portugal,Kylian Mbappé; Lionel Messi; Lamine Yamal,Un jugador famoso,Producto gratis,Sí,Edición Mundial FIFA 2026
1471,2026-04-21,15:33:53,25 - 34 años,Femenino,Sacatepéquez,Jocotenango,Estudiante,1 a 2 veces por semana,Aplicación de delivery,Amigos,Q25 - Q50,Mundialitos Queso Picante; Fan Chips Jalapeño; FutbolMix,Picante Chapín,Individual,Q21 - Q30,No,Sí,Brasil,Tal vez,Argentina,Neymar Jr.; Lionel Messi; Federico Valverde,Un jugador famoso,Producto gratis,Sí,Edición Brasil
1472,2026-04-15,16:49:55,45 - 54 años,Femenino,Chimaltenango,Chimaltenango,Empleado público,Todos los días,Supermercado,Familia,Menos de Q25,Mundialitos Queso Picante; Caramel Goal Popcorn,Picante Chapín,Individual,Q10 - Q15,Sí,Sí,Francia,Probablemente sí,,Neymar Jr.; Cristiano Ronaldo,Una selección nacional,Producto gratis,No,Edición con jugadores famosos
1473,2026-04-07,14:32:16,45 - 54 años,Femenino,Jalapa,Jalapa,Profesional independiente,Todos los días,Otro,Familia,Q101 - Q150,Fan Chips Jalapeño; Mundialitos Queso Picante,Limón,Individual,Más de Q30,No,Sí, MÉXICO ,Definitivamente sí,Panamá,Lamine Yamal; Federico Valverde; Christian Pulisic,Premios y sorteos,Tarjetas coleccionables,No,Edición con jugadores famosos
1474,2026-04-06,10:44:27,18 - 24 años,Femenino,Guatemala,Villa Nueva,Estudiante,3 a 5 veces por semana,Aplicación de delivery,Familia,Q25 - Q50,ChocoKick Bites; Caramel Goal Popcorn; FutbolMix,Salado Tradicional,Para compartir entre 2 personas,Q10 - Q15,Sí,Sí,Portugal,Probablemente sí,Argentina,Lionel Messi; Kylian Mbappé,Premios y sorteos,Tarjetas coleccionables,No,Edición Mundial FIFA 2026
1475,2026-02-15,13:15:42,25 - 34 años,Femenino,Jalapa,Cabecera municipal,Comerciante,Varias veces al mes,Gasolinera,Amigos,Menos de Q25,Fan Chips Jalapeño,Chocolate,Para compartir entre 2 personas,Q16 - Q20,Sí,No,Argentina,Probablemente sí,Brasil,Neymar Jr.; Lamine Yamal,Humor,Sorteo de balones,Sí,Edición con jugadores famosos
1476,2026-02-24,08:49:31,25 - 34 años,Masculino,Escuintla,Santa Lucía Cotzumalguapa,Empleado privado,1 a 2 veces por semana,Supermercado,Otro,Q25 - Q50,Hot Stadium Peanuts; Mundialitos Queso Picante,Limón,Tamaño fiesta o reunión,Q16 - Q20,Sí,Sí,Argentina,Definitivamente sí,Brasil,Cristiano Ronaldo; Lionel Messi,Una selección nacional,Tarjetas coleccionables,Sí,Edición Francia
1477,2026-02-08,17:43:50,18 - 24 años,Femenino,Sololá,Otro municipio,Empresario,Varias veces al mes,Gasolinera,Amigos,Más de Q150,Mundialitos Queso Picante; Caramel Goal Popcorn,Chocolate,Individual,Q10 - Q15,Sí,Sí,México,Tal vez,Alemania,Julián Álvarez,Una selección nacional,2x1,No,Edición con jugadores famosos
1478,2026-04-11,08:51:08,25 - 34 años,Masculino,Quetzaltenango,Quetzaltenango,Empleado privado,Todos los días,Kiosco escolar/universitario,Amigos,Q51 - Q100,Mundialitos Queso Picante; FutbolMix; ChocoKick Bites,Salado Tradicional,Familiar,Q10 - Q15,Sí,Sí,Alemania,Tal vez,Corea del Sur,Cristiano Ronaldo; Lionel Messi; Jude Bellingham,Un jugador famoso,2x1,Sí,Edición Argentina
1479,2026-03-16,21:26:51,25 - 34 años,Masculino,Quetzaltenango, OLINTEPEQUE ,Estudiante,1 a 2 veces por semana,Supermercado,Otro,Q25 - Q50,FutbolMix,Limón,Familiar,Q10 - Q15,Sí,Sí,Francia,Probablemente no,Argentina,Harry Kane; Kylian Mbappé,Una selección nacional,Sorteo de viajes,Sí,Edición Inglaterra
1480,2026-02-13,15:13:00,18 - 24 años,Femenino,Quetzaltenango,Quetzaltenango,Estudiante,Todos los días,Supermercado,Compañeros de trabajo,Q51 - Q100,CrunchMax BBQ,Dulce,Para compartir entre 2 personas,Q16 - Q20,Sí,Sí,Francia,Probablemente sí,Irán,Vinícius Júnior; Cristiano Ronaldo,Una selección nacional,Producto gratis,Sí,Edición Francia
1481,2026-02-24,22:29:42,25 - 34 años,Masculino,El Progreso,Otro municipio,Empresario,1 a 2 veces por semana,Gasolinera,Familia,Q101 - Q150,CrunchMax BBQ,Queso,Individual,Q16 - Q20,Sí,Sí,Inglaterra,Probablemente sí,España,Ninguno; Christian Pulisic; Cristiano Ronaldo,Premios y sorteos,Descuento directo,No,Edición con jugadores famosos
1482,2026-04-02,13:28:39,25 - 34 años,Masculino,Santa Rosa,Cabecera municipal,Empleado privado,1 a 2 veces por semana,Tienda de barrio,Amigos,Q25 - Q50,Caramel Goal Popcorn,Salado Tradicional,Para compartir entre 2 personas,Q10 - Q15,Sí,Sí,Alemania,Definitivamente sí,Argentina,Jude Bellingham; Neymar Jr.; Cristiano Ronaldo,Humor,Sorteo de camisetas,No,Edición Francia
1483,2026-03-12,14:42:01,55 años o más,Masculino,Guatemala,Santa Catarina Pinula,Otro,3 a 5 veces por semana,Tienda de barrio,Familia,Q51 - Q100,Fan Chips Jalapeño; Mundialitos Queso Picante; ChocoKick Bites,Barbacoa,Para compartir entre 2 personas,Menos de Q10,Sí,No,México,Probablemente sí,Argentina,Alphonso Davies; Jude Bellingham; Ninguno,Humor,Descuento directo,No,Edición España
1484,2026-01-18,16:17:15,18 - 24 años,Femenino,Guatemala,Santa Catarina Pinula,Empleado privado,1 a 2 veces por semana,Tienda de barrio,Amigos,Q25 - Q50,FutbolMix; ChocoKick Bites,Queso,Para compartir entre 2 personas,Q16 - Q20,Sí,Sí,México,Definitivamente sí,Argentina,Harry Kane; Kylian Mbappé; Cristiano Ronaldo,Premios y sorteos,Sorteo de balones,Sí,Edición España
1485,2026-01-23,21:42:22,18 - 24 años,Femenino,Guatemala,Mixco,Profesional independiente,Varias veces al mes,Tienda de barrio,Solo,Q51 - Q100,Victory Pretzels; Caramel Goal Popcorn; ChocoKick Bites,Jalapeño,Familiar,Q16 - Q20,Sí,No,Brasil,Definitivamente sí,Argentina,Lionel Messi; Neymar Jr.; Kylian Mbappé,Premios y sorteos,2x1,Sí,Edición Argentina
1486,2026-03-30,11:28:25,Menos de 18 años,Femenino,Santa Rosa,Cabecera municipal,Comerciante,Varias veces al mes,Supermercado,Amigos,Q25 - Q50,CrunchMax BBQ; ChocoKick Bites,Limón,Individual,Q16 - Q20,Sí,Sí,Portugal,Tal vez,Uruguay,Cristiano Ronaldo; Neymar Jr.,Una selección nacional,Descuento directo,No,Edición Brasil
1487,2026-03-30,09:04:15,18 - 24 años,Femenino,Alta Verapaz,Alta Verapaz,Empresario,1 a 2 veces por semana,Tienda de barrio,Amigos,Q51 - Q100,Victory Pretzels,Jalapeño,Individual,Q10 - Q15,No,Sí,Inglaterra,Tal vez,Argentina,Harry Kane; Lamine Yamal,Una selección nacional,Tarjetas coleccionables,Sí,Edición con tarjetas coleccionables
1488,2026-05-05,21:50:16,55 años o más,Femenino,Guatemala,Mixco,Empleado privado,Varias veces al mes,Aplicación de delivery,Compañeros de trabajo,Menos de Q25,Victory Pretzels; Hot Stadium Peanuts; Fan Chips Jalapeño,Chocolate,Familiar,Q21 - Q30,No,No,Argentina,Probablemente sí,Portugal,Lionel Messi; Kylian Mbappé,Un jugador famoso,Descuento directo,Sí,Edición con jugadores famosos
1489,2026-01-17,08:10:25,45 - 54 años,Masculino,Guatemala,Villa Nueva,Comerciante,Varias veces al mes,Kiosco escolar/universitario,Familia,Menos de Q25,CrunchMax BBQ; ChocoKick Bites; Mundialitos Queso Picante,Dulce,Tamaño fiesta o reunión,Q10 - Q15,No,Sí,Alemania,Definitivamente no,Alemania,Kylian Mbappé; Julián Álvarez,Un jugador famoso,Sorteo de camisetas,Sí,Edición España
1490,2026-04-29,19:47:06,18 - 24 años,Masculino,Guatemala,Santa Catarina Pinula,,3 a 5 veces por semana,Supermercado,Solo,Q101 - Q150,FutbolMix; Victory Pretzels,Queso,Para compartir entre 2 personas,Q16 - Q20,No,Sí,Irak,Probablemente sí,Portugal,Lionel Messi; Neymar Jr.; Federico Valverde,Una selección nacional,Producto gratis,Sí,Edición con tarjetas coleccionables
1491,2026-03-30,14:04:58,35 - 44 años,Femenino,Guatemala,San Miguel Petapa,Estudiante,Todos los días,Kiosco escolar/universitario,Familia,Q25 - Q50,CrunchMax BBQ; Caramel Goal Popcorn; Fan Chips Jalapeño,Queso,Para compartir entre 2 personas,Q21 - Q30,Sí,Sí, ARGENTINA ,Tal vez,Estados Unidos,Jude Bellingham,Premios y sorteos,Sorteo de viajes,Sí,Edición Brasil
1492,2026-04-10,22:03:09,18 - 24 años,Femenino,Sacatepéquez,Antigua Guatemala,Empleado privado,Todos los días,Gasolinera,Compañeros de trabajo,Q25 - Q50,Mundialitos Queso Picante; FutbolMix; Fan Chips Jalapeño,Queso,Familiar,Q10 - Q15,Sí,Sí, BRASIL ,Probablemente sí,México,Cristiano Ronaldo,Humor,Sorteo de viajes,No,Edición Mundial FIFA 2026
1493,2026-03-29,21:24:41,Menos de 18 años,Femenino,Quetzaltenango,Olintepeque,Empleado privado,Varias veces al mes,Aplicación de delivery,Familia,Q101 - Q150,Caramel Goal Popcorn,Barbacoa,Tamaño fiesta o reunión,Q10 - Q15,Sí,Sí,Brasil,Definitivamente sí,Argentina,Jude Bellingham,Un jugador famoso,Tarjetas coleccionables,No,Edición Francia
1494,2026-03-09,13:26:06,25 - 34 años,Masculino,Chimaltenango,Chimaltenango,Estudiante,1 a 2 veces por semana,Gasolinera,Amigos,Q25 - Q50,CrunchMax BBQ; Hot Stadium Peanuts; Caramel Goal Popcorn,Jalapeño,Para compartir entre 2 personas,Q21 - Q30,Sí,Sí,Brasil,Definitivamente sí,México,Lionel Messi; Neymar Jr.,Una selección nacional,Descuento directo,Sí,Edición Brasil
1495,2026-04-22,20:14:07,45 - 54 años,Masculino,Chimaltenango,Patzún,Empleado privado,Todos los días,Kiosco escolar/universitario,Familia,Q25 - Q50,Hot Stadium Peanuts,Salado Tradicional,Para compartir entre 2 personas,Q16 - Q20,Sí,Sí,México,Probablemente sí,Argelia,Vinícius Júnior; Neymar Jr.; Kylian Mbappé,Historias de aficionados,Producto gratis,No,Edición Francia
1496,2026-04-22,17:39:51,Menos de 18 años,Masculino,Quiché,Otro municipio,Empleado privado,Varias veces al mes,Kiosco escolar/universitario,Compañeros de trabajo,Menos de Q25,Mundialitos Queso Picante,Queso,Para compartir entre 2 personas,Q21 - Q30,Sí,No,Irán,Tal vez,España,Neymar Jr.,Un jugador famoso,Sorteo de balones,Sí,Edición con jugadores famosos
1497,2026-04-27,11:34:39,35 - 44 años,Femenino,Quetzaltenango,Olintepeque,Empresario,3 a 5 veces por semana,Supermercado,Amigos,Q25 - Q50,Caramel Goal Popcorn; ChocoKick Bites,Queso,Para compartir entre 2 personas,Q10 - Q15,Sí,Sí,México,Probablemente no,Argentina,Lionel Messi; Christian Pulisic,Un jugador famoso,Sorteo de viajes,Sí,Edición Mundial FIFA 2026
1498,2026-04-01,15:10:58,Menos de 18 años,Femenino,Guatemala,San Miguel Petapa,Empleado privado,1 a 2 veces por semana,Tienda de barrio,Solo,Q25 - Q50,ChocoKick Bites,Caramelo,Familiar,Q10 - Q15,Sí,No,Argentina,Definitivamente sí,Brasil,Cristiano Ronaldo; Lionel Messi; Rodri,Una selección nacional,2x1,No,Edición España
1499,2026-01-30,18:04:43,35 - 44 años,Femenino,Guatemala,Villa Nueva,Estudiante,3 a 5 veces por semana,Supermercado,Familia,Q25 - Q50,Mundialitos Queso Picante,Barbacoa,Tamaño fiesta o reunión,Q16 - Q20,Sí,No,Portugal,Probablemente sí,Colombia,Cristiano Ronaldo; Neymar Jr.; Christian Pulisic,Premios y sorteos,Sorteo de viajes,Sí,Edición Brasil
1500,2026-05-08,09:32:08,18 - 24 años,Femenino,Chimaltenango, PATZÚN ,Empleado privado,Todos los días,Tienda de barrio,Familia,Q51 - Q100,Hot Stadium Peanuts,Dulce,Familiar,Q21 - Q30,Sí,Sí,Argentina,Probablemente sí,España,Lionel Messi; Vinícius Júnior; Kylian Mbappé,Humor,Sorteo de camisetas,No,Edición Inglaterra
1501,2026-04-07,14:15:57,18 - 24 años,Femenino,Guatemala,San Miguel Petapa,Empleado privado,1 a 2 veces por semana,Tienda de barrio,Amigos,Q25 - Q50,FutbolMix,Limón,Para compartir entre 2 personas,Q21 - Q30,No,Sí,Alemania,Definitivamente sí,España,Vinícius Júnior,Un jugador famoso,Sorteo de balones,Sí,Edición Brasil
1502,2026-05-03,13:44:07,18 - 24 años,Femenino,Guatemala, VILLA NUEVA ,Ama de casa,1 a 2 veces por semana,Supermercado,Amigos,Menos de Q25,Caramel Goal Popcorn; Hot Stadium Peanuts; Energy Crunch Protein,Picante Chapín,Para compartir entre 2 personas,Menos de Q10,Sí,Sí,Argentina,Definitivamente sí,Brasil,Julián Álvarez; Neymar Jr.,Humor,2x1,No,Edición con tarjetas coleccionables
1503,2026-04-13,20:52:52,35 - 44 años,Masculino,Guatemala,Villa Nueva,Empresario,Todos los días,Supermercado,Amigos,Q25 - Q50,Fan Chips Jalapeño,Picante Chapín,Individual,Q10 - Q15,No,Sí,Argentina,Definitivamente sí,Brasil,Neymar Jr.,Una selección nacional,2x1,No,Edición Mundial FIFA 2026
1504,2026-02-17,16:09:42,25 - 34 años,Prefiero no indicarlo,Escuintla,Escuintla,Empleado privado,1 a 2 veces por semana,Supermercado,Solo,Más de Q150,CrunchMax BBQ; Mundialitos Queso Picante; FutbolMix,Limón,Individual,Q16 - Q20,Sí,Sí,Brasil,Tal vez,Argentina,Vinícius Júnior,Historias de aficionados,Descuento directo,No,Edición Mundial FIFA 2026
1505,2026-01-20,16:37:05,25 - 34 años,Femenino,Guatemala,Mixco,Estudiante,Varias veces al mes,Tienda de barrio,Otro,Más de Q150,CrunchMax BBQ,Queso,Familiar,Q16 - Q20,Sí,No,México,Probablemente sí,Brasil,Jude Bellingham,Una selección nacional,2x1,Sí,Edición con jugadores famosos
1506,2026-02-26,09:42:08,45 - 54 años,Prefiero no indicarlo,Quetzaltenango,Coatepeque,Estudiante,1 a 2 veces por semana,Supermercado,Amigos,Menos de Q25,Hot Stadium Peanuts; CrunchMax BBQ; Caramel Goal Popcorn,Chocolate,Para compartir entre 2 personas,Q16 - Q20,Sí,Sí,Brasil,Probablemente sí, ESPAÑA ,Kylian Mbappé; Lionel Messi; Christian Pulisic,Un jugador famoso,2x1,Sí,Edición Francia
1507,2026-01-10,07:33:17,25 - 34 años,Masculino,Guatemala,Mixco,Empleado público,Todos los días,Gasolinera,Amigos,Q101 - Q150,Mundialitos Queso Picante,Limón,Para compartir entre 2 personas,Menos de Q10,Sí,Sí,Brasil,Definitivamente sí,Egipto,Christian Pulisic; Cristiano Ronaldo,Premios y sorteos,Sorteo de balones,Sí,Edición España
1508,2026-03-25,15:23:37,18 - 24 años,Masculino,Guatemala,San Miguel Petapa,Empleado público,Varias veces al mes,Supermercado,Amigos,Q51 - Q100,FutbolMix; CrunchMax BBQ; Caramel Goal Popcorn,Limón,Individual,Q16 - Q20,Sí,Sí,Alemania,Definitivamente sí,Portugal,Christian Pulisic; Kylian Mbappé; Jude Bellingham,Humor,Sorteo de balones,Sí,Edición España
1509,2026-04-15,15:31:24,Menos de 18 años,Masculino,Sacatepéquez,Jocotenango,Comerciante,Varias veces al mes,Otro,Familia,Q25 - Q50,Gol Nachos Supreme; Mundialitos Queso Picante,Barbacoa,Familiar,Q16 - Q20,No,No,Brasil,Definitivamente no,,Cristiano Ronaldo,Premios y sorteos,Descuento directo,Sí,Edición Argentina
1510,2026-04-23,16:47:17,Menos de 18 años,Femenino,Sacatepéquez,Antigua Guatemala,Empleado público,3 a 5 veces por semana,Aplicación de delivery,Amigos,Q51 - Q100,Mundialitos Queso Picante,Picante Chapín,Familiar,Q21 - Q30,Sí,Sí,Alemania,Definitivamente sí,Brasil,Cristiano Ronaldo,Premios y sorteos,Sorteo de balones,Sí,Edición Argentina
1511,2026-02-04,07:18:23,45 - 54 años,Masculino,Santa Rosa,Santa Rosa,Estudiante,1 a 2 veces por semana,Supermercado,Familia,Q25 - Q50,Victory Pretzels,Queso,Individual,Q16 - Q20,Sí,Sí,Portugal,Probablemente sí,Colombia,Lionel Messi,Premios y sorteos,Descuento directo,No,Edición con jugadores famosos
1512,2026-05-06,22:28:56,Menos de 18 años,Masculino,Guatemala,Mixco,Empleado público,Varias veces al mes,Gasolinera,Compañeros de trabajo,Q101 - Q150,Mundialitos Queso Picante; Fan Chips Jalapeño,Queso,Familiar,Q16 - Q20,Sí,Sí,Francia,Tal vez,Portugal,Lionel Messi,Historias de aficionados,Descuento directo,Sí,Edición Brasil
1513,2026-02-13,14:32:17,18 - 24 años,Masculino,Huehuetenango,Otro municipio,Comerciante,1 a 2 veces por semana,Tienda de barrio,Amigos,Q25 - Q50,Gol Nachos Supreme,Jalapeño,Tamaño fiesta o reunión,Q16 - Q20,No,Sí,Inglaterra,Probablemente sí,México,Federico Valverde,Un jugador famoso,Tarjetas coleccionables,Sí,Edición con tarjetas coleccionables
1514,2026-02-23,15:37:27,35 - 44 años,Masculino,Sacatepéquez,Jocotenango,Profesional independiente,1 a 2 veces por semana,Otro,Solo,Q51 - Q100,FutbolMix; Mundialitos Queso Picante,Limón,Familiar,Q21 - Q30,Sí,Sí,México,Tal vez,Inglaterra,Neymar Jr.; Kylian Mbappé,Una selección nacional,Descuento directo,No,Edición España
1515,2026-02-22,21:28:48,35 - 44 años,Masculino,Suchitepéquez,Cabecera municipal,Empleado privado,3 a 5 veces por semana,Supermercado,Amigos,Menos de Q25,ChocoKick Bites,,Tamaño fiesta o reunión,Q16 - Q20,Sí,Sí, ARGENTINA ,Tal vez,Bosnia y Herzegovina,Kylian Mbappé; Julián Álvarez; Lionel Messi,Una selección nacional,Producto gratis,Sí,Edición con jugadores famosos
1516,2026-04-23,11:05:47,25 - 34 años,Femenino,Guatemala,San Miguel Petapa,Empleado privado,3 a 5 veces por semana,Aplicación de delivery,Familia,Q101 - Q150,CrunchMax BBQ,Picante Chapín,Familiar,Más de Q30,Sí,Sí,Argentina,Tal vez,México,Cristiano Ronaldo,Una selección nacional,2x1,Sí,Edición Brasil
1517,2026-02-12,07:02:10,25 - 34 años,Masculino,Guatemala,Mixco,Comerciante,Todos los días,Supermercado,Otro,Q101 - Q150,Fan Chips Jalapeño,Barbacoa,Familiar,Q16 - Q20,No,Sí,Noruega,Probablemente sí,España,Lamine Yamal,Una selección nacional,Sorteo de camisetas,Sí,Edición Francia
1518,2026-01-17,17:16:21,Menos de 18 años,Masculino,Guatemala,San Miguel Petapa,Comerciante,1 a 2 veces por semana,Kiosco escolar/universitario,Familia,Q51 - Q100,Victory Pretzels; Hot Stadium Peanuts,Jalapeño,Familiar,Q21 - Q30,Sí,Sí,Francia,Probablemente no,México,Neymar Jr.; Ninguno; Vinícius Júnior,Una selección nacional,Tarjetas coleccionables,No,Edición Argentina
1519,2026-03-15,21:35:44,45 - 54 años,Femenino,Guatemala,Santa Catarina Pinula,Empleado público,3 a 5 veces por semana,Supermercado,Solo,Q101 - Q150,Gol Nachos Supreme; Mundialitos Queso Picante; CrunchMax BBQ,Dulce,Individual,Menos de Q10,No,Sí,Argentina,Definitivamente sí,Portugal,Vinícius Júnior,Humor,Sorteo de camisetas,Sí,Edición Mundial FIFA 2026
1520,2026-03-30,10:22:11,Menos de 18 años,Masculino,Guatemala,Villa Nueva,Empresario,Rara vez,Tienda de barrio,Amigos,Q25 - Q50,Fan Chips Jalapeño; Caramel Goal Popcorn,Jalapeño,Tamaño fiesta o reunión,Q16 - Q20,No,Sí,Brasil,Probablemente no,Portugal,Vinícius Júnior,Historias de aficionados,Tarjetas coleccionables,Sí,Edición con jugadores famosos
1521,2026-02-10,08:29:02,18 - 24 años,Femenino,Sacatepéquez,Sumpango,Comerciante,3 a 5 veces por semana,Aplicación de delivery,Amigos,Más de Q150,Mundialitos Queso Picante,Barbacoa,Individual,Q16 - Q20,Sí,No,Francia,Probablemente sí,España,Lionel Messi,Humor,2x1,Sí,Edición con tarjetas coleccionables
1522,2026-03-11,19:01:40,Menos de 18 años,Masculino,El Progreso,Cabecera municipal,Estudiante,3 a 5 veces por semana,Kiosco escolar/universitario,Amigos,Q51 - Q100,Gol Nachos Supreme; Fan Chips Jalapeño,Limón,Individual,Q10 - Q15,No,Sí,Brasil,Tal vez,México,Cristiano Ronaldo; Lionel Messi; Lamine Yamal,Un jugador famoso,2x1,Sí,Edición Brasil
1523,2026-03-07,14:05:57,25 - 34 años,Masculino, GUATEMALA ,San Miguel Petapa,Profesional independiente,Todos los días,Gasolinera,Amigos,Q25 - Q50,Fan Chips Jalapeño; Energy Crunch Protein,Queso,Tamaño fiesta o reunión,Q16 - Q20,No,Sí,Portugal,Tal vez, FRANCIA ,Cristiano Ronaldo; Lionel Messi; Christian Pulisic,Premios y sorteos,Descuento directo,No,Edición Argentina
1524,2026-02-04,18:06:20,25 - 34 años,Masculino,Sacatepéquez,Antigua Guatemala,Empleado público,1 a 2 veces por semana,Supermercado,Amigos,Menos de Q25,Mundialitos Queso Picante; ChocoKick Bites; Energy Crunch Protein,Picante Chapín,Familiar,Q21 - Q30,Sí,Sí,Brasil,Probablemente no,Brasil,Lionel Messi; Alphonso Davies; Lamine Yamal,Una selección nacional,Sorteo de viajes,Sí,Edición Argentina
1525,2026-02-08,19:43:06,18 - 24 años,Femenino,Guatemala,San Miguel Petapa,Empleado privado,Todos los días,Tienda de barrio,Amigos,Q101 - Q150,ChocoKick Bites,Jalapeño,Para compartir entre 2 personas,Q16 - Q20,Sí,Sí,Colombia,Probablemente sí,Argentina,Lamine Yamal; Rodri; Neymar Jr.,Un jugador famoso,Sorteo de camisetas,No,Edición España
1526,2026-01-25,16:04:03,18 - 24 años,Femenino,Retalhuleu,Cabecera municipal,Empleado privado,1 a 2 veces por semana,Aplicación de delivery,Amigos,Menos de Q25,Energy Crunch Protein; CrunchMax BBQ,Caramelo,Familiar,Q10 - Q15,Sí,Sí,Alemania,Definitivamente no,Colombia,Cristiano Ronaldo; Vinícius Júnior,Historias de aficionados,Producto gratis,Sí,Edición Francia
1527,2026-03-31,22:55:00,25 - 34 años,Femenino,Chimaltenango,Chimaltenango,Empleado público,Varias veces al mes,Supermercado,Compañeros de trabajo,Q101 - Q150,CrunchMax BBQ; Gol Nachos Supreme; FutbolMix,Jalapeño,Para compartir entre 2 personas,Q21 - Q30,No,Sí,Brasil,Probablemente no,Portugal,Lamine Yamal,Humor,2x1,Sí,Edición Brasil
1528,2026-03-14,20:33:42,Menos de 18 años,Masculino,Guatemala,Villa Nueva,Empleado privado,1 a 2 veces por semana,Gasolinera,Amigos,Q51 - Q100,CrunchMax BBQ,Barbacoa,Tamaño fiesta o reunión,Q16 - Q20,No,Sí,Argentina,Definitivamente sí,Francia,Alphonso Davies; Neymar Jr.,Un jugador famoso,Sorteo de balones,No,Edición con tarjetas coleccionables
1529,2026-03-16,21:36:29,45 - 54 años,Prefiero no indicarlo,Huehuetenango,Huehuetenango,Empleado privado,Todos los días,Tienda de barrio,Familia,Más de Q150,Fan Chips Jalapeño; ChocoKick Bites; CrunchMax BBQ,Limón,Familiar,Q21 - Q30,Sí,No,Argentina,Probablemente sí, PORTUGAL ,Christian Pulisic; Jude Bellingham; Cristiano Ronaldo,Historias de aficionados,Tarjetas coleccionables,Sí,Edición Francia
1530,2026-03-25,12:03:22,18 - 24 años,Masculino,Guatemala,Villa Nueva,Empleado privado,Todos los días,Supermercado,Familia,Q101 - Q150,Mundialitos Queso Picante; FutbolMix,Jalapeño,Familiar,Q16 - Q20,Sí,Sí,Inglaterra,Definitivamente sí,Brasil,Jude Bellingham,Una selección nacional,Producto gratis,Sí,Edición Brasil
1531,2026-02-21,18:58:51,35 - 44 años,Masculino,Escuintla,Palín,Otro,3 a 5 veces por semana,Otro,Compañeros de trabajo,Q25 - Q50,Fan Chips Jalapeño; ChocoKick Bites; FutbolMix,Chocolate,Individual,Q21 - Q30,No,Sí,Argentina,Tal vez,Francia,Lionel Messi; Christian Pulisic; Kylian Mbappé,Un jugador famoso,Sorteo de camisetas,Sí,Edición Brasil
1532,2026-04-28,13:23:34,18 - 24 años,Masculino,Guatemala,San Miguel Petapa,Ama de casa,3 a 5 veces por semana,Supermercado,Compañeros de trabajo,Q25 - Q50,Mundialitos Queso Picante; Caramel Goal Popcorn; Hot Stadium Peanuts,Jalapeño,Para compartir entre 2 personas,Q21 - Q30,Sí,Sí,Argentina,Probablemente sí,México,Lionel Messi; Neymar Jr.; Jude Bellingham,Premios y sorteos,2x1,No,Edición Mundial FIFA 2026
1533,2026-04-14,21:42:22,25 - 34 años,Masculino,Alta Verapaz,Cabecera municipal,Estudiante,1 a 2 veces por semana,Tienda de barrio,Compañeros de trabajo,Q101 - Q150,Caramel Goal Popcorn; Mundialitos Queso Picante; FutbolMix,Limón,Individual,Q16 - Q20,Sí,Sí,Colombia,Probablemente no,Estados Unidos,Harry Kane; Alphonso Davies,Un jugador famoso,Tarjetas coleccionables,Sí,Edición Argentina
1534,2026-04-23,21:14:59,25 - 34 años,Masculino,Guatemala,Mixco,Comerciante,3 a 5 veces por semana,Tienda de barrio,Otro,Más de Q150,Mundialitos Queso Picante,Chocolate,Tamaño fiesta o reunión,Q16 - Q20,Sí,Sí,Argentina,Tal vez,Brasil,Jude Bellingham,Premios y sorteos,Sorteo de viajes,Sí,Edición Mundial FIFA 2026
1535,2026-04-10,08:34:18,18 - 24 años,Femenino,Sacatepéquez,Sumpango,Empresario,3 a 5 veces por semana,Aplicación de delivery,Compañeros de trabajo,Q51 - Q100,Fan Chips Jalapeño; FutbolMix,Limón,Para compartir entre 2 personas,Q10 - Q15,Sí,Sí,Brasil,Probablemente sí,Brasil,Jude Bellingham; Neymar Jr.; Vinícius Júnior,Una selección nacional,Sorteo de balones,No,Edición Inglaterra
1536,2026-04-13,15:34:57,25 - 34 años,Masculino,Escuintla,Santa Lucía Cotzumalguapa,Comerciante,Varias veces al mes,Supermercado,Amigos,Q51 - Q100,Mundialitos Queso Picante; Victory Pretzels,Picante Chapín,Familiar,Q16 - Q20,Sí,Sí,México,Probablemente no,Uruguay,Vinícius Júnior; Harry Kane; Neymar Jr.,Premios y sorteos,Descuento directo,Sí,Edición Argentina
1537,2026-05-06,21:55:13,35 - 44 años,Femenino,Guatemala,Santa Catarina Pinula,Ama de casa,Varias veces al mes,Supermercado,Solo,Q51 - Q100,Mundialitos Queso Picante; ChocoKick Bites; Hot Stadium Peanuts,Picante Chapín,Para compartir entre 2 personas,Q10 - Q15,Sí,Sí,Japón,Probablemente sí,Francia,Cristiano Ronaldo,Un jugador famoso,Tarjetas coleccionables,Sí,Edición Mundial FIFA 2026
1538,2026-02-11,22:29:03,25 - 34 años,Femenino,Guatemala,San Miguel Petapa,Comerciante,3 a 5 veces por semana,Supermercado,Amigos,Q25 - Q50,Caramel Goal Popcorn; CrunchMax BBQ,Salado Tradicional,Familiar,Q16 - Q20,Sí,Sí,Argentina,Definitivamente sí,México,Harry Kane,Premios y sorteos,Producto gratis,Sí,Edición con jugadores famosos
1539,2026-02-12,15:05:11,18 - 24 años,Masculino,Huehuetenango,Huehuetenango,Empleado público,Todos los días,Aplicación de delivery,Amigos,Q51 - Q100,CrunchMax BBQ; Mundialitos Queso Picante; FutbolMix, QUESO ,Tamaño fiesta o reunión,Q21 - Q30,Sí,No,Japón,Probablemente sí,Estados Unidos,Cristiano Ronaldo,Un jugador famoso,Producto gratis,No,Edición Argentina
1540,2026-01-29,15:19:41,25 - 34 años,Femenino,Suchitepéquez,Cabecera municipal,Empleado privado,3 a 5 veces por semana,Supermercado,Familia,Menos de Q25,Victory Pretzels; Fan Chips Jalapeño; Caramel Goal Popcorn,Jalapeño,Familiar,Menos de Q10,No,No,Corea del Sur,Definitivamente sí,Brasil,Kylian Mbappé; Harry Kane; Alphonso Davies,Un jugador famoso,Tarjetas coleccionables,Sí,Edición Brasil
1541,2026-04-01,10:48:42,45 - 54 años,Femenino,Guatemala,San Miguel Petapa,Empleado privado,Varias veces al mes,Aplicación de delivery,Compañeros de trabajo,Q25 - Q50,Victory Pretzels; Fan Chips Jalapeño,Limón,Tamaño fiesta o reunión,Q16 - Q20,No,Sí,Argentina,Probablemente sí,Ghana,Jude Bellingham; Alphonso Davies,Un jugador famoso,Tarjetas coleccionables,Sí,Edición con jugadores famosos
1542,2026-04-22,20:05:40,18 - 24 años,Femenino,Quetzaltenango,Olintepeque,Empleado privado,1 a 2 veces por semana,Tienda de barrio,Familia,Q25 - Q50,Caramel Goal Popcorn; Victory Pretzels,Jalapeño,Para compartir entre 2 personas,Q21 - Q30,Sí,Sí,México,Definitivamente no, PARAGUAY ,Ninguno; Jude Bellingham; Lamine Yamal,Un jugador famoso,Descuento directo,Sí,Edición con jugadores famosos
1543,2026-03-23,19:48:42,45 - 54 años,Masculino,Alta Verapaz,Otro municipio,Empleado privado,3 a 5 veces por semana,Tienda de barrio,Familia,Q51 - Q100,FutbolMix,Jalapeño,Individual,Q16 - Q20,Sí,Sí,Argentina,Probablemente sí,México,Alphonso Davies; Jude Bellingham; Vinícius Júnior,Un jugador famoso,Producto gratis,Sí,Edición Francia
1544,2026-02-23,12:24:00,18 - 24 años,Femenino,Quetzaltenango, OLINTEPEQUE ,Empleado privado,Rara vez,Supermercado,Compañeros de trabajo,Menos de Q25,CrunchMax BBQ; Caramel Goal Popcorn,Dulce,Individual,Q10 - Q15,Sí,Sí,Nueva Zelanda,Tal vez,Portugal,Cristiano Ronaldo,Un jugador famoso,Producto gratis,Sí,Edición Argentina
1545,2026-04-30,07:07:00,Menos de 18 años,Femenino,Chiquimula,Cabecera municipal,Estudiante,1 a 2 veces por semana,Supermercado,Otro,Q101 - Q150,Fan Chips Jalapeño; Hot Stadium Peanuts,Picante Chapín,Familiar,Q10 - Q15,No,No,Países Bajos,Definitivamente sí,Argentina,Cristiano Ronaldo,Un jugador famoso,Tarjetas coleccionables,No,Edición con jugadores famosos
1546,2026-03-06,13:20:24,35 - 44 años,Masculino,Guatemala,Villa Nueva,Estudiante,1 a 2 veces por semana,Supermercado,Familia,Q51 - Q100,Caramel Goal Popcorn; Gol Nachos Supreme,Chocolate,Individual,Q21 - Q30,No,Sí,Argentina,Definitivamente sí,Argentina,Cristiano Ronaldo; Vinícius Júnior; Julián Álvarez,Premios y sorteos,Producto gratis,No,Edición con jugadores famosos
1547,2026-03-07,08:09:08,18 - 24 años,Femenino,Guatemala,Villa Nueva,Empleado privado,1 a 2 veces por semana,Tienda de barrio,Compañeros de trabajo,Q51 - Q100,Fan Chips Jalapeño; Mundialitos Queso Picante,,Familiar,Q10 - Q15,Sí,Sí,Inglaterra,Probablemente sí,Argentina,Lamine Yamal,Una selección nacional,Descuento directo,No,Edición con tarjetas coleccionables
1548,2026-03-16,15:52:01,35 - 44 años,Femenino,Guatemala,Mixco,Empleado privado,Varias veces al mes,Tienda de barrio,Amigos,Q51 - Q100,CrunchMax BBQ,Queso,Tamaño fiesta o reunión,Q16 - Q20,Sí,Sí,Francia,Tal vez,Portugal,Alphonso Davies,Una selección nacional,Tarjetas coleccionables,Sí,Edición con tarjetas coleccionables
1549,2026-01-12,20:26:29,18 - 24 años,Masculino,Xela,Olintepeque,Empleado privado,3 a 5 veces por semana,Aplicación de delivery,Amigos,Menos de Q25,ChocoKick Bites,Caramelo,Familiar,Menos de Q10,Sí,Sí,España,Tal vez,Brasil,Lionel Messi; Ninguno; Vinícius Júnior,Un jugador famoso,Producto gratis,No,Edición Brasil
1550,2026-05-07,07:50:27,25 - 34 años,Femenino,Guatemala,Guatemala,Comerciante,1 a 2 veces por semana,Supermercado,Solo,Q51 - Q100,Gol Nachos Supreme; Caramel Goal Popcorn,Salado Tradicional,Individual,Q16 - Q20,No,Sí,Argentina,Definitivamente sí,Brasil,Federico Valverde; Vinícius Júnior; Lionel Messi,Humor,Sorteo de viajes,Sí,Edición Brasil
1551,2026-03-30,07:11:54,18 - 24 años,Femenino,Quiché,Otro municipio,Ama de casa,Varias veces al mes,,Amigos,Menos de Q25,Caramel Goal Popcorn; Gol Nachos Supreme,Queso,Individual,Q16 - Q20,Sí,Sí,Argentina,Definitivamente no,México,Lionel Messi,Una selección nacional,Descuento directo,Sí,Edición Brasil
1552,2026-01-25,19:35:31,Menos de 18 años,Masculino,Quetzaltenango,Olintepeque,Empleado privado,3 a 5 veces por semana,Gasolinera,Familia,Menos de Q25,CrunchMax BBQ,Limón,Familiar,Q21 - Q30,Sí,Sí,Argentina,Definitivamente sí,México,Cristiano Ronaldo; Harry Kane,Un jugador famoso,Sorteo de camisetas,No,Edición España
1553,2026-03-26,11:05:43,25 - 34 años,Prefiero no indicarlo,Retalhuleu,Retalhuleu,Comerciante,3 a 5 veces por semana,Supermercado,Familia,Q101 - Q150,CrunchMax BBQ,Queso,Individual,Menos de Q10,Sí,Sí,Argentina,Probablemente sí,Argentina,Lamine Yamal; Christian Pulisic; Lionel Messi,Humor,Tarjetas coleccionables,No,Edición Argentina
1554,2026-02-24,14:46:09,18 - 24 años,Masculino,Guatemala,Santa Catarina Pinula,Estudiante,Rara vez,Supermercado,Familia,Q51 - Q100,ChocoKick Bites,Chocolate,Para compartir entre 2 personas,Más de Q30,Sí,Sí,Estados Unidos,Probablemente no,Argentina,Christian Pulisic; Harry Kane; Lamine Yamal,Humor,Tarjetas coleccionables,Sí,Edición Mundial FIFA 2026
1555,2026-03-05,09:38:05,45 - 54 años,Femenino,Guatemala,Guatemala,Profesional independiente,Varias veces al mes,Aplicación de delivery,Familia,Menos de Q25,Mundialitos Queso Picante,Limón,Individual,Q21 - Q30,No,Sí,Portugal,Definitivamente sí,México,Lionel Messi; Cristiano Ronaldo; Jude Bellingham,Premios y sorteos,2x1,No,Edición Brasil
1556,2026-02-19,21:07:41,Menos de 18 años,Masculino,Jalapa,Cabecera municipal,Empleado privado,3 a 5 veces por semana,Supermercado,Familia,Q25 - Q50,Hot Stadium Peanuts; Fan Chips Jalapeño,Jalapeño,Tamaño fiesta o reunión,Menos de Q10,Sí,No,Portugal,Probablemente sí,Brasil,Kylian Mbappé; Lionel Messi; Vinícius Júnior,Una selección nacional,Producto gratis,Sí,Edición Argentina
1557,2026-04-06,12:42:51,18 - 24 años,Femenino,Guatemala,Santa Catarina Pinula,Ama de casa,3 a 5 veces por semana,Tienda de barrio,Amigos,Q51 - Q100,ChocoKick Bites; Gol Nachos Supreme,Chocolate,Individual,Q16 - Q20,No,Sí,Francia,Definitivamente no,Argentina,Lionel Messi; Cristiano Ronaldo; Harry Kane,Un jugador famoso,Sorteo de camisetas,Sí,Edición Mundial FIFA 2026
1558,2026-02-15,19:24:25,45 - 54 años,Femenino,Guatemala,,Otro,3 a 5 veces por semana,Tienda de barrio,Familia,Q101 - Q150,FutbolMix; Mundialitos Queso Picante,Barbacoa,Para compartir entre 2 personas,Q10 - Q15,No,Sí,Francia,Definitivamente sí,Argentina,Lionel Messi; Neymar Jr.,Un jugador famoso,Tarjetas coleccionables,Sí,Edición Argentina
1559,2026-01-13,19:20:48,45 - 54 años,Masculino, TOTONICAPÁN ,Cabecera municipal,Comerciante,3 a 5 veces por semana,Gasolinera,Amigos,Q51 - Q100,Caramel Goal Popcorn; Fan Chips Jalapeño; Energy Crunch Protein,Salado Tradicional,Para compartir entre 2 personas,Q10 - Q15,No,Sí,Alemania,Probablemente sí,Inglaterra,Vinícius Júnior; Neymar Jr.; Jude Bellingham,Una selección nacional,Descuento directo,No,Edición con jugadores famosos
1560,2026-02-11,22:15:14,25 - 34 años,Masculino,Guatemala,Guatemala,Comerciante,1 a 2 veces por semana,Supermercado,Familia,Más de Q150,Mundialitos Queso Picante; Gol Nachos Supreme,Chocolate,Para compartir entre 2 personas,Q16 - Q20,Sí,Sí, COLOMBIA ,Probablemente sí,Portugal,Cristiano Ronaldo; Julián Álvarez; Lamine Yamal,Una selección nacional,2x1,Sí,Edición Brasil
1561,2026-01-18,17:09:52,35 - 44 años,Femenino,Zacapa,Otro municipio,Empleado privado,3 a 5 veces por semana,Supermercado,Familia,Q25 - Q50,ChocoKick Bites; CrunchMax BBQ,Picante Chapín,Individual,Q16 - Q20,No,Sí,Francia,Probablemente sí,México,Christian Pulisic; Lionel Messi,Un jugador famoso,Sorteo de camisetas,No,Edición Argentina
1562,2026-04-23,14:17:13,35 - 44 años,Femenino,Baja Verapaz,Otro municipio,Comerciante,1 a 2 veces por semana,Supermercado,Solo,Q101 - Q150,ChocoKick Bites,Picante Chapín,Para compartir entre 2 personas,Q21 - Q30,Sí,Sí,Francia,Definitivamente no,México,Cristiano Ronaldo,Historias de aficionados,Producto gratis,Sí,Edición Inglaterra
1563,2026-02-01,17:11:17,25 - 34 años,Femenino,Quetzaltenango,Olintepeque,Estudiante,Todos los días,Gasolinera,Amigos,Menos de Q25,Fan Chips Jalapeño,Jalapeño,Familiar,Q21 - Q30,No,Sí,Francia,Probablemente sí,Francia,Ninguno; Christian Pulisic,Historias de aficionados,Tarjetas coleccionables,Sí,Edición Mundial FIFA 2026
1564,2026-02-07,09:22:57,25 - 34 años,Masculino,Quetzaltenango,Olintepeque,Empleado privado,3 a 5 veces por semana,Otro,Amigos,Q25 - Q50,ChocoKick Bites; FutbolMix,Picante Chapín,Familiar,Q21 - Q30,No,Sí,Francia,Definitivamente sí,México,Cristiano Ronaldo,Una selección nacional,Sorteo de viajes,Sí,Edición con jugadores famosos
1565,2026-02-25,21:39:06,35 - 44 años,Masculino,Guatemala,Santa Catarina Pinula,Empleado público,1 a 2 veces por semana,Supermercado,Familia,Q51 - Q100,ChocoKick Bites; CrunchMax BBQ,Queso,Tamaño fiesta o reunión,Q10 - Q15,Sí,No,Argentina,Probablemente sí,Inglaterra,Vinícius Júnior,Premios y sorteos,Tarjetas coleccionables,Sí,Edición Argentina
1566,2026-03-05,19:28:04,25 - 34 años,Femenino,Quetzaltenango,Coatepeque,Estudiante,3 a 5 veces por semana,,Amigos,Q25 - Q50,Victory Pretzels; Hot Stadium Peanuts; Gol Nachos Supreme,Chocolate,Familiar,Q16 - Q20,No,Sí,Estados Unidos,Tal vez,Brasil,Vinícius Júnior,Un jugador famoso,Tarjetas coleccionables,Sí,Edición con jugadores famosos
1567,2026-01-25,13:52:11,18 - 24 años,Femenino,Chimaltenango,Tecpán Guatemala,Empleado privado,Rara vez,Tienda de barrio,Familia,Q51 - Q100,Fan Chips Jalapeño,Picante Chapín,Tamaño fiesta o reunión,Q16 - Q20,Sí,Sí,Brasil,Probablemente no,Estados Unidos,Lionel Messi; Jude Bellingham; Cristiano Ronaldo,Una selección nacional,Descuento directo,No,Edición Francia
1568,2026-04-02,16:32:20,45 - 54 años,Masculino,Guatemala,Guatemala,Empleado privado,Varias veces al mes,Otro,Compañeros de trabajo,Menos de Q25,ChocoKick Bites; Victory Pretzels,Salado Tradicional,Para compartir entre 2 personas,Q10 - Q15,Sí,Sí,México,Tal vez,Francia,Lionel Messi; Cristiano Ronaldo,Historias de aficionados,2x1,Sí,Edición Brasil
1569,2026-02-03,19:07:12,18 - 24 años,Femenino,Sacatepéquez,Antigua Guatemala,Otro,3 a 5 veces por semana,Tienda de barrio,Solo,Q51 - Q100,CrunchMax BBQ; Caramel Goal Popcorn,Picante Chapín,Individual,Q21 - Q30,Sí,No,Argentina,Tal vez,Nueva Zelanda,Christian Pulisic; Lamine Yamal; Julián Álvarez,Un jugador famoso,Producto gratis,No,Edición Francia
1570,2026-04-04,15:20:16,18 - 24 años,Masculino,Guatemala,Mixco,Profesional independiente,Todos los días,Supermercado,Familia,Q25 - Q50,Hot Stadium Peanuts,Limón,Tamaño fiesta o reunión,Q10 - Q15,Sí,Sí,Argentina,Tal vez,Brasil,Julián Álvarez; Christian Pulisic,Historias de aficionados,Sorteo de camisetas,No,Edición Brasil
1571,2026-04-15,21:34:58,25 - 34 años,Masculino,Suchitepéquez,Otro municipio,Comerciante,1 a 2 veces por semana,Gasolinera,Familia,Más de Q150,FutbolMix; CrunchMax BBQ; Gol Nachos Supreme,Barbacoa,Tamaño fiesta o reunión,Q16 - Q20,No,Sí,Argentina,Probablemente sí,México,Lionel Messi; Lamine Yamal,Una selección nacional,Sorteo de viajes,Sí,Edición con jugadores famosos
1572,2026-04-30,09:16:40,Menos de 18 años,Masculino,Quetzaltenango,Olintepeque,Empleado privado,3 a 5 veces por semana,Tienda de barrio,Amigos,Q25 - Q50,Gol Nachos Supreme; Hot Stadium Peanuts; Fan Chips Jalapeño,Limón,Para compartir entre 2 personas,Q10 - Q15,Sí,Sí,South Africa,Definitivamente sí,Argentina,Neymar Jr.; Cristiano Ronaldo,Historias de aficionados,Tarjetas coleccionables,Sí,Edición Brasil
1573,2026-04-13,10:34:12,25 - 34 años,Masculino,Chiquimula,Chiquimula,Empleado público,3 a 5 veces por semana,Gasolinera,Amigos,Q25 - Q50,Mundialitos Queso Picante; Victory Pretzels,Barbacoa,Para compartir entre 2 personas,Q10 - Q15,Sí,Sí,Inglaterra,Definitivamente sí,Argentina,Lionel Messi; Cristiano Ronaldo,Un jugador famoso,Descuento directo,No,Edición Mundial FIFA 2026
1574,2026-01-11,21:49:22,18 - 24 años,Femenino,Guatemala,Santa Catarina Pinula,Empleado privado,Varias veces al mes,Tienda de barrio,Solo,Q51 - Q100,Mundialitos Queso Picante,Limón,Familiar,Q16 - Q20,No,No,Inglaterra,Probablemente no,Argentina,Julián Álvarez; Cristiano Ronaldo,Humor,Descuento directo,Sí,Edición con jugadores famosos
1575,2026-02-15,11:03:34,25 - 34 años,Masculino,Escuintla,Escuintla,Empleado privado,1 a 2 veces por semana,Tienda de barrio,Compañeros de trabajo,Q101 - Q150,CrunchMax BBQ,Queso,Individual,Más de Q30,Sí,Sí,Colombia,Probablemente sí,Brasil,Lionel Messi; Christian Pulisic,Una selección nacional,Producto gratis,Sí,Edición con jugadores famosos
1576,2026-01-10,12:39:22,25 - 34 años,Femenino,Sacatepéquez,Sumpango,Empleado privado,1 a 2 veces por semana,Supermercado,Familia,Q51 - Q100,Mundialitos Queso Picante,Salado Tradicional,Para compartir entre 2 personas,Q16 - Q20,Sí,Sí,Portugal,Definitivamente no,Francia,Kylian Mbappé; Lamine Yamal; Vinícius Júnior,Una selección nacional,2x1,No,Edición Mundial FIFA 2026
1577,2026-03-22,18:21:46,25 - 34 años,Femenino,Guatemala,Guatemala,Ama de casa,3 a 5 veces por semana,Gasolinera,Amigos,Menos de Q25,Fan Chips Jalapeño; FutbolMix,Limón,Individual,Q16 - Q20,Sí,Sí,Portugal,Probablemente no,Argentina,Cristiano Ronaldo; Rodri,Una selección nacional,Sorteo de balones,Sí,Edición con jugadores famosos
1578,2026-03-02,17:39:20,18 - 24 años,Masculino,El Progreso,Otro municipio,Comerciante,3 a 5 veces por semana,Gasolinera,Otro,Más de Q150,Gol Nachos Supreme,Chocolate,Para compartir entre 2 personas,Menos de Q10,No,No, ESPAÑA ,Probablemente no,México,Rodri; Cristiano Ronaldo; Neymar Jr.,Una selección nacional,Sorteo de camisetas,No,Edición con tarjetas coleccionables
1579,2026-01-23,22:14:27,Menos de 18 años,Masculino,Guatemala,,Profesional independiente,1 a 2 veces por semana,Supermercado,Familia,Q51 - Q100,Hot Stadium Peanuts; Gol Nachos Supreme,Salado Tradicional,Para compartir entre 2 personas,Q21 - Q30,Sí,Sí, MÉXICO ,Probablemente sí,España,Kylian Mbappé; Neymar Jr.,Premios y sorteos,Descuento directo,No,Edición Francia
1580,2026-02-06,18:01:30,25 - 34 años,Masculino,Jalapa,Otro municipio,Empleado privado,3 a 5 veces por semana,Tienda de barrio,Familia,Más de Q150,Hot Stadium Peanuts; CrunchMax BBQ,Jalapeño,Familiar,Q21 - Q30,No,Sí,Portugal,Probablemente sí,Uruguay,Julián Álvarez; Kylian Mbappé,Humor,Sorteo de viajes,No,Edición Francia
1581,2026-03-29,22:38:07,18 - 24 años,Femenino,Chimaltenango,Tecpán Guatemala,Ama de casa,1 a 2 veces por semana,Tienda de barrio,Familia,Q25 - Q50,Caramel Goal Popcorn; ChocoKick Bites,Barbacoa,Tamaño fiesta o reunión,Q16 - Q20,No,Sí,Portugal,Tal vez,Portugal,Kylian Mbappé; Federico Valverde; Ninguno,Premios y sorteos,Descuento directo,No,Edición España
1582,2026-04-09,10:33:31,25 - 34 años,Masculino,Sacatepéquez,Sumpango,Profesional independiente,1 a 2 veces por semana,Tienda de barrio,Amigos,Q51 - Q100,Mundialitos Queso Picante; Gol Nachos Supreme,Queso,Individual,Q21 - Q30,Sí,Sí,Brasil,Probablemente no,España,Neymar Jr.,Una selección nacional,2x1,Sí,Edición Mundial FIFA 2026
1583,2026-02-05,21:30:13,18 - 24 años,Femenino,Guatemala,Guatemala,Profesional independiente,3 a 5 veces por semana,Supermercado,Familia,Menos de Q25,Mundialitos Queso Picante; Caramel Goal Popcorn,Jalapeño,Para compartir entre 2 personas,Q16 - Q20,No,Sí,Brasil,Probablemente no,Francia,Cristiano Ronaldo; Vinícius Júnior,Historias de aficionados,2x1,No,Edición con tarjetas coleccionables
1584,2026-02-06,17:15:53,25 - 34 años,Masculino,Guatemala,San Miguel Petapa,Comerciante,1 a 2 veces por semana,Supermercado,Solo,Q25 - Q50,Gol Nachos Supreme; ChocoKick Bites; Mundialitos Queso Picante,Caramelo,Tamaño fiesta o reunión,Q10 - Q15,Sí,Sí,Brasil,Probablemente sí,México,Lionel Messi,Un jugador famoso,Descuento directo,No,Edición Argentina
1585,2026-02-27,11:38:24,35 - 44 años,Masculino,Escuintla,Santa Lucía Cotzumalguapa,Profesional independiente,3 a 5 veces por semana,Aplicación de delivery,Solo,Q51 - Q100,Caramel Goal Popcorn,Barbacoa,Tamaño fiesta o reunión,Q21 - Q30,No,Sí,México,Probablemente sí,Brasil,Christian Pulisic; Vinícius Júnior,Un jugador famoso,Sorteo de balones,Sí,Edición Brasil
1586,2026-03-22,17:06:12,45 - 54 años,Femenino,Guatemala,Mixco,Empresario,Varias veces al mes,Tienda de barrio,Amigos,Q51 - Q100,Victory Pretzels,,Familiar,Q16 - Q20,Sí,Sí,Portugal,Probablemente no,Argentina,Neymar Jr.,Una selección nacional,Descuento directo,Sí,Edición Mundial FIFA 2026
1587,2026-01-11,13:38:15,Menos de 18 años,Prefiero no indicarlo,Guatemala,San Miguel Petapa,Empleado público,Varias veces al mes,Kiosco escolar/universitario,Familia,Menos de Q25,FutbolMix,Picante Chapín,Individual,Menos de Q10,Sí,Sí,Brasil,Probablemente sí,Brasil,Alphonso Davies; Julián Álvarez,Premios y sorteos,Descuento directo,Sí,Edición Argentina
1588,2026-03-01,16:35:38,35 - 44 años,Masculino,Retalhuleu,Retalhuleu,Empleado privado,Todos los días,Tienda de barrio,Solo,Q25 - Q50,Mundialitos Queso Picante,Jalapeño,Tamaño fiesta o reunión,Q21 - Q30,Sí,Sí,Portugal,Probablemente sí, BRASIL ,Lionel Messi,Un jugador famoso,Descuento directo,No,Edición Brasil
1589,2026-01-15,11:14:48,35 - 44 años,Masculino,Guatemala,Guatemala,Empresario,1 a 2 veces por semana,Tienda de barrio,Familia,Q101 - Q150,Energy Crunch Protein; CrunchMax BBQ,Jalapeño,Para compartir entre 2 personas,Menos de Q10,Sí,No,México,Definitivamente sí,Argentina,Lamine Yamal; Lionel Messi; Cristiano Ronaldo,Un jugador famoso,Descuento directo,No,Edición Francia
1590,2026-02-20,13:13:19,35 - 44 años,Femenino,Guatemala,Mixco,Empleado público,1 a 2 veces por semana,Tienda de barrio,Solo,Más de Q150,ChocoKick Bites,Queso,Familiar,Q21 - Q30,Sí,No,Argentina,Probablemente sí,México,Alphonso Davies,Un jugador famoso,Descuento directo,Sí,Edición Argentina
1591,2026-01-23,07:19:37,18 - 24 años,Masculino,Chimaltenango,Chimaltenango,Empleado privado,Varias veces al mes,Supermercado,Compañeros de trabajo,Q25 - Q50,Gol Nachos Supreme; CrunchMax BBQ,Limón,Familiar,Q21 - Q30,No,No,Portugal,Definitivamente sí,Portugal,Cristiano Ronaldo,Un jugador famoso,Sorteo de viajes,Sí,Edición Inglaterra
1592,2026-02-23,21:08:25,25 - 34 años,Femenino,Escuintla,Escuintla,Estudiante,3 a 5 veces por semana,Tienda de barrio,Amigos,Q25 - Q50,Fan Chips Jalapeño; Gol Nachos Supreme; CrunchMax BBQ,Caramelo,Para compartir entre 2 personas,Q21 - Q30,No,Sí,Brasil,Definitivamente sí,Portugal,Jude Bellingham; Neymar Jr.,Un jugador famoso,Sorteo de balones,Sí,Edición Francia
1593,2026-04-05,07:06:41,18 - 24 años,Femenino,Quetzaltenango,Olintepeque,Empresario,Todos los días,Kiosco escolar/universitario,Familia,Q25 - Q50,Victory Pretzels; CrunchMax BBQ,Picante Chapín,Individual,Q16 - Q20,Sí,Sí,Curaçao,Probablemente no,Portugal,Jude Bellingham; Rodri; Julián Álvarez,Una selección nacional,Tarjetas coleccionables,No,Edición Brasil
1594,2026-02-05,14:16:55,18 - 24 años,Masculino, GUATEMALA ,Guatemala,Empleado privado,3 a 5 veces por semana,Supermercado,Solo,Q101 - Q150,FutbolMix; Gol Nachos Supreme,Queso,Para compartir entre 2 personas,Q10 - Q15,No,Sí,Inglaterra,Probablemente sí,Inglaterra,Julián Álvarez,Un jugador famoso,Descuento directo,Sí,Edición Mundial FIFA 2026
1595,2026-04-27,16:44:15,55 años o más,Femenino,Guatemala,Villa Nueva,Empleado privado,Varias veces al mes,Gasolinera,Familia,Q51 - Q100,FutbolMix; ChocoKick Bites,Barbacoa,Familiar,Q21 - Q30,Sí,Sí,Estados Unidos,Probablemente sí,México,Lionel Messi; Harry Kane; Neymar Jr.,Una selección nacional,Sorteo de viajes,Sí,Edición Mundial FIFA 2026
1596,2026-03-14,12:45:26,25 - 34 años,Femenino,Huehuetenango,Huehuetenango,Empleado privado,3 a 5 veces por semana,Supermercado,Amigos,Q51 - Q100,Fan Chips Jalapeño,Limón,Individual,Q21 - Q30,No,Sí,Francia,Definitivamente sí,Brasil,Julián Álvarez,Un jugador famoso,2x1,Sí,Edición con tarjetas coleccionables
1597,2026-04-03,21:26:34,35 - 44 años,Femenino,Chiquimula,,Estudiante,3 a 5 veces por semana,Gasolinera,Amigos,Menos de Q25,Gol Nachos Supreme; CrunchMax BBQ; Fan Chips Jalapeño,Queso,Para compartir entre 2 personas,Q16 - Q20,No,No,España,Probablemente sí,Argentina,Alphonso Davies; Cristiano Ronaldo; Kylian Mbappé,Una selección nacional,Sorteo de balones,No,Edición Brasil
1598,2026-04-11,08:58:56,18 - 24 años,Femenino,Guatemala,Mixco,Empleado privado,Varias veces al mes,Tienda de barrio,Solo,Q51 - Q100,Mundialitos Queso Picante,Picante Chapín,Individual,Q10 - Q15,Sí,Sí,Estados Unidos,Tal vez,Portugal,Vinícius Júnior; Federico Valverde; Julián Álvarez,Premios y sorteos,Producto gratis,No,Edición con jugadores famosos
1599,2026-01-19,18:15:47,25 - 34 años,Masculino,Escuintla,Escuintla,Empleado privado,Rara vez,Supermercado,Familia,Más de Q150,ChocoKick Bites; CrunchMax BBQ, PICANTE CHAPÍN ,Tamaño fiesta o reunión,Q16 - Q20,Sí,Sí,Brasil,Probablemente sí,Argentina,Vinícius Júnior; Kylian Mbappé,Historias de aficionados,2x1,Sí,Edición Argentina
1600,2026-01-15,19:46:42,Menos de 18 años,Femenino,Guatemala,Santa Catarina Pinula,Comerciante,1 a 2 veces por semana,Kiosco escolar/universitario,Familia,Menos de Q25,FutbolMix,Salado Tradicional,Familiar,Q21 - Q30,Sí,Sí,Uruguay,Probablemente sí,Argentina,Vinícius Júnior; Christian Pulisic,Un jugador famoso,2x1,No,Edición con jugadores famosos
1601,2026-03-23,13:24:59,18 - 24 años,Masculino,Chimaltenango,Tecpán Guatemala,Empleado público,Todos los días,Aplicación de delivery,Otro,Q25 - Q50,Fan Chips Jalapeño; Hot Stadium Peanuts; Energy Crunch Protein,Dulce,Para compartir entre 2 personas,Q21 - Q30,No,Sí,Colombia,Probablemente sí,Francia,Julián Álvarez; Cristiano Ronaldo,Premios y sorteos,Descuento directo,No,Edición Mundial FIFA 2026
1602,2026-02-04,15:34:35,Menos de 18 años,Femenino,Guatemala,Villa Nueva,Empleado privado,3 a 5 veces por semana,Otro,Familia,Menos de Q25,Mundialitos Queso Picante; CrunchMax BBQ,Picante Chapín,Familiar,Q21 - Q30,No,Sí,Irak,Probablemente sí,México,Jude Bellingham,Premios y sorteos,2x1,Sí,Edición Inglaterra
1603,2026-01-27,22:11:06,25 - 34 años,Femenino,Escuintla,Escuintla,Profesional independiente,Todos los días,Gasolinera,Amigos,Q51 - Q100,Caramel Goal Popcorn,Picante Chapín,Individual,Q16 - Q20,Sí,Sí,Ghana,Probablemente sí,México,Lionel Messi; Cristiano Ronaldo,Premios y sorteos,Tarjetas coleccionables,Sí,Edición con jugadores famosos
1604,2026-03-01,08:12:24,35 - 44 años,Femenino, ALTA VERAPAZ ,Cabecera municipal,Estudiante,3 a 5 veces por semana,Gasolinera,Familia,Q51 - Q100,CrunchMax BBQ; Gol Nachos Supreme,Barbacoa,Para compartir entre 2 personas,Q16 - Q20,No,Sí,Inglaterra,Probablemente sí,Brasil,Jude Bellingham,Un jugador famoso,2x1,No,Edición Argentina
1605,2026-02-04,17:46:26,Menos de 18 años,Femenino,Guatemala,Villa Nueva,Empleado privado,Todos los días,Tienda de barrio,Solo,Q25 - Q50,Mundialitos Queso Picante,Queso,Familiar,Q10 - Q15,Sí,Sí,Portugal,Definitivamente no,Portugal,Cristiano Ronaldo,Una selección nacional,Tarjetas coleccionables,No,Edición con jugadores famosos
1606,2026-02-04,22:33:27,45 - 54 años,Femenino,Izabal,Otro municipio,Empleado privado,1 a 2 veces por semana,Aplicación de delivery,Amigos,Q101 - Q150,Gol Nachos Supreme; Mundialitos Queso Picante,Jalapeño,Tamaño fiesta o reunión,Q16 - Q20,Sí,Sí,Túnez,Probablemente sí,Argentina,Cristiano Ronaldo,Premios y sorteos,2x1,No,Edición con jugadores famosos
1607,2026-01-21,16:42:37,25 - 34 años,Femenino,Guatemala,Mixco,Profesional independiente,Todos los días,Supermercado,Amigos,Q101 - Q150,Mundialitos Queso Picante; CrunchMax BBQ; ChocoKick Bites,Picante Chapín,Tamaño fiesta o reunión,Q10 - Q15,No,Sí,Portugal,Definitivamente sí,México,Lionel Messi; Kylian Mbappé,Un jugador famoso,2x1,No,Edición con tarjetas coleccionables
1608,2026-03-24,22:21:05,25 - 34 años,Femenino,Guatemala,Villa Nueva,Empleado público,Varias veces al mes,Supermercado,Solo,Q25 - Q50,Mundialitos Queso Picante; Hot Stadium Peanuts; Energy Crunch Protein,Dulce,Para compartir entre 2 personas,Q16 - Q20,Sí,Sí,Brasil,Tal vez,Francia,Lionel Messi,Un jugador famoso,2x1,Sí,Edición Argentina
1609,2026-02-05,16:53:06,45 - 54 años,Femenino,Huehuetenango,Cabecera municipal,Ama de casa,Varias veces al mes,Aplicación de delivery,Amigos,Q101 - Q150,CrunchMax BBQ,Dulce,Individual,,No,No,Estados Unidos,Probablemente no,Brasil,Vinícius Júnior,Una selección nacional,Sorteo de balones,Sí,Edición Mundial FIFA 2026
1610,2026-02-16,21:18:11,45 - 54 años,Masculino,Guatemala,Mixco,Estudiante,Varias veces al mes,Tienda de barrio,Amigos,Q25 - Q50,Gol Nachos Supreme; Caramel Goal Popcorn,Dulce,Para compartir entre 2 personas,Q21 - Q30,Sí,No,Francia,Definitivamente sí,Inglaterra,Vinícius Júnior,Premios y sorteos,Sorteo de viajes,Sí,Edición con jugadores famosos
1611,2026-03-05,15:22:09,45 - 54 años,Femenino,Chimaltenango,Tecpán Guatemala,Empleado privado,1 a 2 veces por semana,Tienda de barrio,Amigos,Q51 - Q100,Mundialitos Queso Picante; Energy Crunch Protein,Dulce,Familiar,Q10 - Q15,Sí,Sí,México,Tal vez,Paraguay,Vinícius Júnior; Neymar Jr.; Lionel Messi,Historias de aficionados,Sorteo de camisetas,No,Edición Brasil
1612,2026-02-26,16:16:33,25 - 34 años,Masculino,Petén,San Benito,Otro,1 a 2 veces por semana,Aplicación de delivery,Familia,Q51 - Q100,Hot Stadium Peanuts; FutbolMix,Jalapeño,Tamaño fiesta o reunión,Q16 - Q20,Sí,Sí,Francia,Tal vez,Francia,Lionel Messi; Cristiano Ronaldo; Vinícius Júnior,Premios y sorteos,2x1,No,Edición con jugadores famosos
1613,2026-03-23,07:52:24,25 - 34 años,Femenino,Guatemala,Mixco,Estudiante,3 a 5 veces por semana,Gasolinera,Familia,Q25 - Q50,ChocoKick Bites,Chocolate,Individual,Q16 - Q20,No,Sí,Inglaterra,Definitivamente sí,Portugal,Christian Pulisic; Ninguno; Kylian Mbappé,Una selección nacional,Producto gratis,Sí,Edición con jugadores famosos
1614,2026-01-16,20:28:38,45 - 54 años,Femenino,Escuintla,Santa Lucía Cotzumalguapa,,Todos los días,Tienda de barrio,Familia,Más de Q150,CrunchMax BBQ, BARBACOA ,Para compartir entre 2 personas,Q10 - Q15,Sí,Sí,Francia,Definitivamente sí,Argentina,Federico Valverde; Cristiano Ronaldo; Kylian Mbappé,Premios y sorteos,Sorteo de camisetas,Sí,Edición con jugadores famosos
1615,2026-04-28,12:54:46,18 - 24 años,Femenino,Guatemala,Santa Catarina Pinula,Profesional independiente,3 a 5 veces por semana,Supermercado,Familia,Q51 - Q100,Hot Stadium Peanuts,Barbacoa,Familiar,Menos de Q10,No,Sí,México,Tal vez,Portugal,Lionel Messi; Neymar Jr.,Un jugador famoso,Descuento directo,Sí,Edición con jugadores famosos
1616,2026-03-18,20:12:15,18 - 24 años,Masculino,Quetzaltenango,Coatepeque,Estudiante,3 a 5 veces por semana,Supermercado,Familia,Q25 - Q50,Hot Stadium Peanuts; FutbolMix; Victory Pretzels,Barbacoa,Familiar,Q21 - Q30,Sí,Sí,Estados Unidos,Probablemente sí,México,Neymar Jr.; Lionel Messi; Cristiano Ronaldo,Historias de aficionados,Tarjetas coleccionables,Sí,Edición Francia
1617,2026-04-13,15:09:54,35 - 44 años,Femenino,Jalapa,Otro municipio,Empleado privado,Todos los días,Supermercado,Amigos,Menos de Q25,Caramel Goal Popcorn,Picante Chapín,Para compartir entre 2 personas,Q16 - Q20,Sí,Sí,Brasil,Probablemente sí,Argentina,Cristiano Ronaldo,Una selección nacional,Descuento directo,Sí,Edición Brasil
1618,2026-02-15,13:45:24,Menos de 18 años,Masculino,Chimaltenango,Patzún,Otro,Todos los días,Gasolinera,Familia,Q51 - Q100,Fan Chips Jalapeño; Gol Nachos Supreme; CrunchMax BBQ,Barbacoa,Individual,Q21 - Q30,Sí,Sí,Argentina,Tal vez,Argentina,Jude Bellingham,Premios y sorteos,Sorteo de camisetas,Sí,Edición Mundial FIFA 2026
1619,2026-01-19,19:00:14,25 - 34 años,Femenino,Guatemala,Guatemala,Empleado privado,3 a 5 veces por semana,Supermercado,Amigos,Q25 - Q50,Gol Nachos Supreme,Barbacoa,Individual,Q10 - Q15,No,Sí,Brasil,Definitivamente sí,España,Neymar Jr.; Cristiano Ronaldo; Vinícius Júnior,Historias de aficionados,Tarjetas coleccionables,Sí,Edición Brasil
1620,2026-03-23,09:32:37,45 - 54 años,Masculino,Escuintla,Santa Lucía Cotzumalguapa,Empleado privado,3 a 5 veces por semana,Tienda de barrio,Amigos,Q25 - Q50,Energy Crunch Protein,Limón,Familiar,Q10 - Q15,No,No, MÉXICO ,Tal vez,,Vinícius Júnior; Cristiano Ronaldo; Rodri,Un jugador famoso,Tarjetas coleccionables,No,Edición Brasil
1621,2026-03-27,15:23:29,18 - 24 años,Femenino,Guatemala,San Miguel Petapa,Empleado privado,Rara vez,Supermercado,Amigos,Q25 - Q50,Gol Nachos Supreme; CrunchMax BBQ,Salado Tradicional,Tamaño fiesta o reunión,Q10 - Q15,Sí,Sí,Inglaterra,Probablemente sí,Nueva Zelanda,Cristiano Ronaldo; Neymar Jr.; Lamine Yamal,Humor,Descuento directo,Sí,Edición Inglaterra
1622,2026-02-28,22:44:35,25 - 34 años,Femenino,Guatemala,Villa Nueva,Comerciante,3 a 5 veces por semana,Kiosco escolar/universitario,Amigos,Q101 - Q150,Fan Chips Jalapeño; Mundialitos Queso Picante, JALAPEÑO ,Familiar,Q10 - Q15,Sí,Sí,Portugal,Probablemente sí,México,Christian Pulisic; Lionel Messi; Neymar Jr.,Un jugador famoso,Descuento directo,No,Edición Argentina
1623,2026-03-21,10:29:28,18 - 24 años,Femenino,Guatemala,Mixco,Estudiante,3 a 5 veces por semana,Tienda de barrio,Familia,Q101 - Q150,Victory Pretzels; FutbolMix; CrunchMax BBQ,Jalapeño,Tamaño fiesta o reunión,Q16 - Q20,Sí,Sí,Alemania,Probablemente sí,Brasil,Cristiano Ronaldo,Una selección nacional,2x1,Sí,Edición Brasil
1624,2026-02-11,09:55:12,18 - 24 años,Masculino,Guatemala,Villa Nueva,Comerciante,3 a 5 veces por semana,Otro,Solo,Más de Q150,Mundialitos Queso Picante,Chocolate,Para compartir entre 2 personas,Q16 - Q20,Sí,No,Argentina,Definitivamente sí,Inglaterra,Harry Kane,Un jugador famoso,Tarjetas coleccionables,Sí,Edición con tarjetas coleccionables
1625,2026-03-26,12:16:46,18 - 24 años,Masculino,Guatemala,Mixco,Profesional independiente,1 a 2 veces por semana,Kiosco escolar/universitario,Familia,Q25 - Q50,CrunchMax BBQ,Barbacoa,Familiar,Q10 - Q15,No,Sí,México,Probablemente sí,Brasil,Alphonso Davies,Premios y sorteos,Descuento directo,Sí,Edición España
1626,2026-01-31,19:34:32,Menos de 18 años,Masculino,Guatemala,San Miguel Petapa,Empleado privado,3 a 5 veces por semana,Tienda de barrio,Amigos,Q101 - Q150,Fan Chips Jalapeño; Mundialitos Queso Picante; Caramel Goal Popcorn,Chocolate,Para compartir entre 2 personas,Q21 - Q30,No,Sí,Croacia,Definitivamente sí,Estados Unidos,Cristiano Ronaldo; Christian Pulisic; Lionel Messi,Una selección nacional,Descuento directo,Sí,Edición Francia
1627,2026-04-09,19:01:40,45 - 54 años,Femenino,Petén,Flores,Profesional independiente,Todos los días,Kiosco escolar/universitario,Compañeros de trabajo,Menos de Q25,Fan Chips Jalapeño,Jalapeño,Para compartir entre 2 personas,Más de Q30,Sí,Sí,Argentina,Probablemente no,México,Cristiano Ronaldo; Neymar Jr.; Alphonso Davies,Un jugador famoso,Sorteo de viajes,No,Edición Brasil
1628,2026-03-18,07:46:34,45 - 54 años,Masculino,Sololá,Otro municipio,Jubilado,3 a 5 veces por semana,Otro,Familia,Q101 - Q150,Gol Nachos Supreme,Jalapeño,Tamaño fiesta o reunión,Q10 - Q15,No,Sí,Bosnia y Herzegovina,Probablemente no,Argentina,Cristiano Ronaldo; Lionel Messi; Julián Álvarez,Historias de aficionados,2x1,No,Edición con jugadores famosos
1629,2026-02-10,22:14:07,25 - 34 años,Masculino,Guatemala,Guatemala,Otro,1 a 2 veces por semana,Tienda de barrio,Amigos,Q25 - Q50,CrunchMax BBQ; Mundialitos Queso Picante,Barbacoa,Para compartir entre 2 personas,Q21 - Q30,No,Sí,Inglaterra,Tal vez,Portugal,Christian Pulisic; Vinícius Júnior,Historias de aficionados,Sorteo de camisetas,No,Edición Mundial FIFA 2026
1630,2026-03-19,12:42:58,35 - 44 años,Femenino,Zacapa,Cabecera municipal,Empleado privado,1 a 2 veces por semana,Gasolinera,Familia,Q51 - Q100,CrunchMax BBQ; Hot Stadium Peanuts; Energy Crunch Protein,Picante Chapín,Para compartir entre 2 personas,Q16 - Q20,Sí,Sí,Francia,Tal vez,Francia,Lionel Messi; Cristiano Ronaldo,Premios y sorteos,Sorteo de viajes,No,Edición con jugadores famosos
1631,2026-02-13,21:58:59,25 - 34 años,Femenino,Guatemala,San Miguel Petapa,Estudiante,Varias veces al mes,Tienda de barrio,Compañeros de trabajo,Q25 - Q50,FutbolMix; Gol Nachos Supreme,Picante Chapín,Familiar,Q10 - Q15,No,No,Brasil,Probablemente sí,Inglaterra,Lionel Messi,Premios y sorteos,2x1,No,Edición Brasil
1632,2026-03-30,08:20:17,55 años o más,Masculino,Chimaltenango, TECPÁN GUATEMALA ,Empleado privado,1 a 2 veces por semana,Otro,Familia,Q25 - Q50,Mundialitos Queso Picante; Caramel Goal Popcorn; FutbolMix,Chocolate,Tamaño fiesta o reunión,Q21 - Q30,No,No,Inglaterra,Tal vez,Portugal,Ninguno; Lionel Messi,Humor,Descuento directo,Sí,Edición Argentina
1633,2026-02-01,13:54:33,18 - 24 años,Femenino,Guatemala,Mixco,Profesional independiente,1 a 2 veces por semana,Aplicación de delivery,Solo,Menos de Q25,Mundialitos Queso Picante; ChocoKick Bites; Gol Nachos Supreme,Limón,Tamaño fiesta o reunión,Q10 - Q15,No,Sí,Argentina,Probablemente sí,Portugal,Lionel Messi; Neymar Jr.,Humor,2x1,Sí,Edición con tarjetas coleccionables
1634,2026-02-28,16:51:02,18 - 24 años,Femenino, GUATEMALA ,Mixco,Estudiante,3 a 5 veces por semana,Gasolinera,Amigos,Q25 - Q50,Mundialitos Queso Picante; Gol Nachos Supreme; Hot Stadium Peanuts,Picante Chapín,Individual,Q16 - Q20,Sí,Sí,Argentina,Tal vez,Brasil,Kylian Mbappé,Premios y sorteos,Tarjetas coleccionables,Sí,Edición con jugadores famosos
1635,2026-03-01,15:50:05,18 - 24 años,Femenino,Guatemala,Villa Nueva,Empleado público,Rara vez,Tienda de barrio,Familia,Q25 - Q50,Gol Nachos Supreme; CrunchMax BBQ; Energy Crunch Protein,Barbacoa,Familiar,Q16 - Q20,Sí,Sí,España,Probablemente sí,Argentina,Lamine Yamal; Cristiano Ronaldo,Un jugador famoso,Tarjetas coleccionables,Sí,Edición Argentina
1636,2026-04-27,19:18:47,35 - 44 años,Femenino,Guatemala,San Miguel Petapa,Comerciante,Todos los días,Aplicación de delivery,Familia,Q101 - Q150,CrunchMax BBQ,Picante Chapín,Tamaño fiesta o reunión,Q16 - Q20,Sí,Sí,México,Tal vez,Paraguay,Harry Kane; Cristiano Ronaldo,Historias de aficionados,2x1,Sí,Edición con tarjetas coleccionables
1637,2026-05-09,21:00:22,35 - 44 años,Masculino,Escuintla,Santa Lucía Cotzumalguapa,Empleado privado,Todos los días,Kiosco escolar/universitario,Familia,Q25 - Q50,ChocoKick Bites; Fan Chips Jalapeño,Barbacoa,Para compartir entre 2 personas,Q21 - Q30,No,Sí,South Africa,Probablemente sí,Curaçao,Jude Bellingham,Un jugador famoso,Producto gratis,Sí,Edición con jugadores famosos
1638,2026-04-22,13:31:22,18 - 24 años,Femenino,Guatemala,Villa Nueva,Comerciante,Varias veces al mes,Tienda de barrio,Familia,Q25 - Q50,CrunchMax BBQ,Dulce,Familiar,Menos de Q10,No,Sí,Costa de Marfil,Definitivamente sí,Estados Unidos,Alphonso Davies,Humor,Producto gratis,Sí,Edición con tarjetas coleccionables
1639,2026-05-04,19:30:31,25 - 34 años,Femenino,Alta Verapaz,Cabecera municipal,Ama de casa,1 a 2 veces por semana,,Compañeros de trabajo,Q51 - Q100,Fan Chips Jalapeño,Queso,Familiar,Menos de Q10,Sí,Sí,Estados Unidos,Probablemente sí,Portugal,Neymar Jr.; Kylian Mbappé,Humor,2x1,No,Edición con jugadores famosos
1640,2026-04-24,09:41:29,25 - 34 años,Prefiero no indicarlo,Chimaltenango,Patzún,Jubilado,1 a 2 veces por semana,Aplicación de delivery,Compañeros de trabajo,Más de Q150,CrunchMax BBQ,Barbacoa,Familiar,Más de Q30,Sí,Sí,Alemania,Probablemente sí,Argentina,Federico Valverde; Lionel Messi; Vinícius Júnior,Historias de aficionados,Descuento directo,Sí,Edición Francia
1641,2026-02-20,14:13:31,25 - 34 años,Masculino,Guatemala,Mixco,Estudiante,Todos los días,Gasolinera,Amigos,Más de Q150,Caramel Goal Popcorn,Picante Chapín,Para compartir entre 2 personas,Q10 - Q15,Sí,Sí,Estados Unidos,Tal vez,Alemania,Julián Álvarez; Vinícius Júnior,Humor,Descuento directo,Sí,Edición Argentina
1642,2026-03-05,13:40:14,35 - 44 años,Femenino,Guatemala,Santa Catarina Pinula,Empleado privado,Rara vez,Supermercado,Familia,Q25 - Q50,Mundialitos Queso Picante,Chocolate,Para compartir entre 2 personas,Q10 - Q15,Sí,Sí,Brasil,Probablemente no,Estados Unidos,Neymar Jr.,Un jugador famoso,Descuento directo,Sí,Edición Argentina
1643,2026-01-26,07:13:38,18 - 24 años,Femenino,Guatemala,Guatemala,Empleado privado,Varias veces al mes,Tienda de barrio,Familia,Q51 - Q100,Caramel Goal Popcorn; Mundialitos Queso Picante,Barbacoa,Para compartir entre 2 personas,Q10 - Q15,Sí,Sí,Brasil,Definitivamente sí,México,Jude Bellingham; Vinícius Júnior; Harry Kane,Humor,Producto gratis,Sí,Edición Argentina
1644,2026-04-26,14:43:26,25 - 34 años,Masculino,Zacapa,Zacapa,Comerciante,3 a 5 veces por semana,Supermercado,Amigos,Q101 - Q150,ChocoKick Bites,Limón,Tamaño fiesta o reunión,Q21 - Q30,Sí,Sí,Francia,Probablemente no, MÉXICO ,Kylian Mbappé; Cristiano Ronaldo,Historias de aficionados,Sorteo de camisetas,Sí,Edición España
1645,2026-04-18,17:03:21,Menos de 18 años,Femenino,Escuintla,Santa Lucía Cotzumalguapa,Empresario,1 a 2 veces por semana,Supermercado,Amigos,Menos de Q25,Caramel Goal Popcorn,Queso,Familiar,Q21 - Q30,No,Sí,Brasil,Definitivamente sí,Colombia,Ninguno; Lamine Yamal; Kylian Mbappé,Historias de aficionados,2x1,No,Edición con jugadores famosos
1646,2026-02-19,18:40:22,25 - 34 años,Masculino,Guatemala,Mixco,Profesional independiente,Rara vez,Kiosco escolar/universitario,Familia,Q51 - Q100,FutbolMix; CrunchMax BBQ,Barbacoa,Familiar,Q21 - Q30,Sí,Sí,Argentina,Tal vez,Francia,Jude Bellingham,Una selección nacional,2x1,Sí,Edición Mundial FIFA 2026
1647,2026-04-03,12:00:32,55 años o más,Femenino,Guatemala,Guatemala,Estudiante,3 a 5 veces por semana,Kiosco escolar/universitario,Familia,Q51 - Q100,ChocoKick Bites; Caramel Goal Popcorn,Jalapeño,Tamaño fiesta o reunión,Q10 - Q15,Sí,Sí,España,Definitivamente sí,Inglaterra,Cristiano Ronaldo; Ninguno,Una selección nacional,Producto gratis,No,Edición con jugadores famosos
1648,2026-03-31,19:19:25,35 - 44 años,Femenino,Sololá,Cabecera municipal,Empleado privado,3 a 5 veces por semana,Kiosco escolar/universitario,Familia,Más de Q150,FutbolMix; Mundialitos Queso Picante; Hot Stadium Peanuts,Queso,Familiar,Q16 - Q20,Sí,Sí,México,Definitivamente sí,Argentina,Cristiano Ronaldo; Vinícius Júnior,Humor,Tarjetas coleccionables,No,Edición con jugadores famosos
1649,2026-04-01,15:50:55,35 - 44 años,Masculino,Jalapa,Otro municipio,Jubilado,Todos los días,Aplicación de delivery,Amigos,Q51 - Q100,Caramel Goal Popcorn; ChocoKick Bites; Mundialitos Queso Picante,Barbacoa,Familiar,Q10 - Q15,No,Sí,Brasil,Probablemente no,Inglaterra,Jude Bellingham,Un jugador famoso,Producto gratis,No,Edición Argentina
1650,2026-03-19,19:39:11,35 - 44 años,Femenino,Guatemala,Santa Catarina Pinula,Empleado privado,Todos los días,Gasolinera,Compañeros de trabajo,Q51 - Q100,Victory Pretzels; Gol Nachos Supreme,Queso,Individual,Q16 - Q20,No,Sí,Brasil,Definitivamente sí,Argentina,Cristiano Ronaldo,Una selección nacional,Descuento directo,Sí,Edición con tarjetas coleccionables
1651,2026-02-22,14:58:22,35 - 44 años,Masculino,Huehuetenango,Huehuetenango,Estudiante,1 a 2 veces por semana,Gasolinera,Familia,Q51 - Q100,FutbolMix,Picante Chapín,Individual,Q21 - Q30,No,Sí,Argentina,Probablemente sí,España,Vinícius Júnior; Julián Álvarez; Kylian Mbappé,Un jugador famoso,Sorteo de balones,No,Edición Brasil
1652,2026-03-28,21:03:43,25 - 34 años,Masculino,Guatemala,San Miguel Petapa,Profesional independiente,3 a 5 veces por semana,Supermercado,Familia,Q101 - Q150,Hot Stadium Peanuts; Mundialitos Queso Picante; Fan Chips Jalapeño,Chocolate,Familiar,Q21 - Q30,Sí,Sí,Uruguay,Definitivamente sí,Brasil,Cristiano Ronaldo,Humor,Producto gratis,Sí,Edición Argentina
1653,2026-04-21,10:09:07,35 - 44 años,Masculino,Guatemala,Guatemala,Empleado privado,Varias veces al mes,Supermercado,Amigos,Más de Q150,CrunchMax BBQ; FutbolMix,Picante Chapín,Individual,Q16 - Q20,Sí,Sí, ARGENTINA ,Tal vez,Argentina,Lionel Messi; Neymar Jr.; Rodri,Premios y sorteos,Tarjetas coleccionables,No,Edición Argentina
1654,2026-02-13,20:36:07,Menos de 18 años,Masculino,San Marcos,Otro municipio,Ama de casa,1 a 2 veces por semana,Supermercado,Amigos,Q25 - Q50,CrunchMax BBQ; Caramel Goal Popcorn; Mundialitos Queso Picante,Queso,Familiar,,Sí,Sí,España,Tal vez,Argentina,Lionel Messi; Neymar Jr.; Jude Bellingham,Premios y sorteos,Descuento directo,No,Edición Inglaterra
1655,2026-04-05,15:29:24,35 - 44 años,Femenino,Quetzaltenango,Olintepeque,Ama de casa,3 a 5 veces por semana,Kiosco escolar/universitario,Compañeros de trabajo,Q51 - Q100,Mundialitos Queso Picante; Victory Pretzels; Caramel Goal Popcorn,Barbacoa,Individual,Q16 - Q20,Sí,Sí,Francia,Tal vez,Argentina,Jude Bellingham,Premios y sorteos,Descuento directo,Sí,Edición con jugadores famosos
1656,2026-02-25,08:45:32,18 - 24 años,Masculino,Guatemala,Santa Catarina Pinula,Empleado público,1 a 2 veces por semana,Otro,Compañeros de trabajo,Q51 - Q100,Mundialitos Queso Picante; Caramel Goal Popcorn; CrunchMax BBQ,Barbacoa,Familiar,Q10 - Q15,Sí,No,Argentina,Definitivamente sí,Francia,Christian Pulisic; Harry Kane; Jude Bellingham,Humor,2x1,Sí,Edición Argentina
1657,2026-04-24,21:15:38,18 - 24 años,Masculino,Jalapa,Cabecera municipal,Empleado privado,Varias veces al mes,Supermercado,Amigos,Q25 - Q50,ChocoKick Bites,Salado Tradicional,Familiar,Q10 - Q15,Sí,Sí,Francia,Probablemente sí,México,Cristiano Ronaldo; Harry Kane,Premios y sorteos,Sorteo de camisetas,No,Edición Argentina
1658,2026-04-17,13:16:52,25 - 34 años,Femenino,Totonicapán,Totonicapán,Empleado privado,Todos los días,Otro,Amigos,Más de Q150,Hot Stadium Peanuts; ChocoKick Bites,Salado Tradicional,Familiar,Más de Q30,No,Sí,Colombia,Probablemente sí,España,Lionel Messi,Humor,Sorteo de camisetas,Sí,Edición Mundial FIFA 2026
1659,2026-04-20,07:16:57,18 - 24 años,Femenino,Totonicapán,Totonicapán,Otro,1 a 2 veces por semana,Tienda de barrio,Familia,Más de Q150,Gol Nachos Supreme; Victory Pretzels; CrunchMax BBQ,Picante Chapín,Familiar,Q10 - Q15,Sí,Sí,Portugal,Probablemente sí,España,Lionel Messi,Una selección nacional,2x1,Sí,Edición Brasil
1660,2026-02-26,14:53:17,18 - 24 años,Femenino,Baja Verapaz,Otro municipio,Ama de casa,1 a 2 veces por semana,Supermercado,Familia,Q51 - Q100,Caramel Goal Popcorn; FutbolMix,Queso,Individual,Q21 - Q30,No,Sí,Francia,Probablemente sí,Argentina,Cristiano Ronaldo,Un jugador famoso,Sorteo de camisetas,Sí,Edición Brasil
1661,2026-03-30,08:19:59,Menos de 18 años,Femenino, ESCUINTLA ,Palín,Empleado público,1 a 2 veces por semana,Gasolinera,Familia,Q51 - Q100,Caramel Goal Popcorn; Energy Crunch Protein,Limón,Individual,Q21 - Q30,No,Sí,Colombia,Probablemente sí,,Neymar Jr.; Lionel Messi; Lamine Yamal,Humor,Descuento directo,Sí,Edición con jugadores famosos
1662,2026-02-10,21:46:18,35 - 44 años,Masculino,Zacapa,,Empleado privado,1 a 2 veces por semana,Supermercado,Familia,Q25 - Q50,Victory Pretzels; Gol Nachos Supreme; Fan Chips Jalapeño,Chocolate,Para compartir entre 2 personas,Q21 - Q30,No,Sí,España,Probablemente sí,Brasil,Kylian Mbappé,Una selección nacional,Descuento directo,Sí,Edición Mundial FIFA 2026
1663,2026-04-15,11:54:21,18 - 24 años,Femenino,Guatemala,Mixco,,3 a 5 veces por semana,Supermercado,Amigos,Q25 - Q50,CrunchMax BBQ,Picante Chapín,Familiar,Q21 - Q30,No,No,España,Tal vez,España,Neymar Jr.; Lionel Messi; Cristiano Ronaldo,Historias de aficionados,Sorteo de viajes,Sí,Edición Francia
1664,2026-05-06,09:30:05,35 - 44 años,Femenino,Guatemala,Guatemala,Comerciante,1 a 2 veces por semana,Tienda de barrio,Familia,Q51 - Q100,CrunchMax BBQ; Gol Nachos Supreme; Mundialitos Queso Picante,Jalapeño,Para compartir entre 2 personas,Menos de Q10,Sí,Sí,Argentina,Probablemente sí,Brasil,Lionel Messi; Rodri; Vinícius Júnior,Una selección nacional,Producto gratis,No,Edición Mundial FIFA 2026
1665,2026-03-16,22:31:38,25 - 34 años,Masculino,Sololá,Cabecera municipal,Empleado privado,3 a 5 veces por semana,Supermercado,Amigos,Q51 - Q100,Mundialitos Queso Picante; FutbolMix,Dulce,Individual,Q16 - Q20,Sí,Sí,Brasil,Probablemente no,Brasil,Cristiano Ronaldo,Historias de aficionados,2x1,Sí,Edición Brasil
1666,2026-01-23,19:04:20,35 - 44 años,Femenino,Izabal,Otro municipio,Ama de casa,Todos los días,Aplicación de delivery,Familia,Q25 - Q50,Caramel Goal Popcorn,Queso,Individual,Menos de Q10,Sí,Sí,Portugal,Definitivamente sí,Argentina,Cristiano Ronaldo; Neymar Jr.,Humor,Descuento directo,No,Edición con tarjetas coleccionables
1667,2026-02-19,09:32:44,25 - 34 años,Masculino,Guate,Mixco,Estudiante,Varias veces al mes,Gasolinera,Amigos,Q51 - Q100,FutbolMix; Caramel Goal Popcorn; Gol Nachos Supreme,Caramelo,Para compartir entre 2 personas,Q16 - Q20,Sí,Sí,España,Tal vez,Inglaterra,Cristiano Ronaldo,Un jugador famoso,Sorteo de camisetas,Sí,Edición Francia
1668,2026-03-06,08:13:06,35 - 44 años,Femenino,San Marcos,San Marcos,Profesional independiente,Varias veces al mes,Aplicación de delivery,Compañeros de trabajo,Q51 - Q100,FutbolMix; Gol Nachos Supreme,Limón,Individual,Q10 - Q15,Sí,Sí,Brasil,Tal vez,,Lamine Yamal,Premios y sorteos,Descuento directo,Sí,Edición con jugadores famosos
1669,2026-03-23,21:39:25,25 - 34 años,Masculino,Guatemala,San Miguel Petapa,Empleado privado,3 a 5 veces por semana,Tienda de barrio,Familia,Q25 - Q50,Fan Chips Jalapeño; Gol Nachos Supreme; ChocoKick Bites,Limón,Para compartir entre 2 personas,Q16 - Q20,No,Sí,Brasil,Definitivamente sí,Argentina,Vinícius Júnior,Premios y sorteos,2x1,No,Edición con jugadores famosos
1670,2026-04-03,18:28:02,35 - 44 años,Femenino,Guate,Villa Nueva,Empleado privado,1 a 2 veces por semana,Tienda de barrio,Compañeros de trabajo,Q25 - Q50,Victory Pretzels,Queso,Familiar,Q21 - Q30,No,Sí,Inglaterra,Definitivamente sí,México,Lionel Messi; Harry Kane,Un jugador famoso,2x1,No,Edición Mundial FIFA 2026
1671,2026-03-27,12:02:18,35 - 44 años,Masculino,Chimaltenango,Chimaltenango,Estudiante,1 a 2 veces por semana,Aplicación de delivery,Amigos,Q25 - Q50,Mundialitos Queso Picante; ChocoKick Bites; FutbolMix,Jalapeño,Individual,Q21 - Q30,No,Sí,México,Tal vez,Argentina,Lionel Messi; Neymar Jr.,Humor,Sorteo de balones,No,Edición Inglaterra
1672,2026-04-28,10:52:42,25 - 34 años,Femenino,Escuintla,Palín,Estudiante,Varias veces al mes,Kiosco escolar/universitario,Amigos,Menos de Q25,FutbolMix; Hot Stadium Peanuts,Barbacoa,Tamaño fiesta o reunión,Q10 - Q15,Sí,Sí,Argentina,Probablemente sí,Francia,Cristiano Ronaldo; Neymar Jr.; Alphonso Davies,Un jugador famoso,Sorteo de camisetas,Sí,Edición Brasil
1673,2026-02-11,11:16:53,Menos de 18 años,Femenino,Guatemala,Mixco,Empleado privado,Varias veces al mes,Supermercado,Amigos,Q25 - Q50,Energy Crunch Protein,Dulce,Familiar,Q21 - Q30,Sí,No,Argentina,Probablemente sí,Argentina,Cristiano Ronaldo; Lionel Messi; Vinícius Júnior,Humor,Sorteo de viajes,Sí,Edición Francia
1674,2026-05-02,07:18:05,35 - 44 años,Femenino,Guatemala,Villa Nueva,Empresario,Varias veces al mes,Supermercado,Otro,Q25 - Q50,FutbolMix; CrunchMax BBQ,Queso,Para compartir entre 2 personas,Q10 - Q15,No,Sí,Brasil,Probablemente sí,México,Lamine Yamal; Alphonso Davies,Humor,2x1,Sí,Edición Brasil
1675,2026-04-12,16:49:37,25 - 34 años,Femenino,Guatemala,Mixco,Estudiante,Todos los días,Aplicación de delivery,Solo,Q51 - Q100,Caramel Goal Popcorn,Limón,Para compartir entre 2 personas,Q10 - Q15,No,Sí,Portugal,Probablemente sí,Argentina,Ninguno; Vinícius Júnior; Cristiano Ronaldo,Una selección nacional,2x1,No,Edición con jugadores famosos
1676,2026-04-07,13:10:44,45 - 54 años,Femenino,Sacatepéquez,Ciudad Vieja,Empleado público,3 a 5 veces por semana,Tienda de barrio,Amigos,Más de Q150,FutbolMix; Hot Stadium Peanuts,Picante Chapín,Familiar,Q16 - Q20,Sí,Sí,Estados Unidos,Tal vez,Argentina,Federico Valverde; Kylian Mbappé; Cristiano Ronaldo,Humor,Tarjetas coleccionables,Sí,Edición con jugadores famosos
1677,2026-04-05,15:25:38,25 - 34 años,Femenino,Suchitepéquez,Otro municipio,Empleado privado,Varias veces al mes,Gasolinera,Familia,Q51 - Q100,Victory Pretzels; Mundialitos Queso Picante,Limón,Para compartir entre 2 personas,Q10 - Q15,No,Sí,Francia,Probablemente sí,Estados Unidos,Vinícius Júnior; Lionel Messi; Jude Bellingham,Un jugador famoso,Tarjetas coleccionables,Sí,Edición con jugadores famosos
1678,2026-02-18,17:57:45,25 - 34 años,Masculino,Quetzaltenango,,Estudiante,3 a 5 veces por semana,Kiosco escolar/universitario,Familia,Q51 - Q100,Mundialitos Queso Picante,Barbacoa,Para compartir entre 2 personas,Q16 - Q20,Sí,Sí,Brasil,Probablemente sí,Argentina,Lionel Messi; Jude Bellingham,Un jugador famoso,Sorteo de balones,Sí,Edición Mundial FIFA 2026
1679,2026-03-10,19:54:56,18 - 24 años,Masculino, QUETZALTENANGO ,Quetzaltenango,Ama de casa,1 a 2 veces por semana,Supermercado,Familia,Q51 - Q100,Gol Nachos Supreme; FutbolMix; Energy Crunch Protein,Jalapeño,Familiar,Q10 - Q15,No,Sí,España,Probablemente no,Argentina,Lamine Yamal; Kylian Mbappé,Una selección nacional,Producto gratis,Sí,Edición Francia
1680,2026-02-14,11:21:20,55 años o más,Masculino,Guate,Santa Catarina Pinula,Comerciante,1 a 2 veces por semana,Supermercado,Familia,Q51 - Q100,CrunchMax BBQ; Victory Pretzels; ChocoKick Bites, DULCE ,Individual,Q16 - Q20,Sí,Sí,México,Definitivamente sí,Qatar,Kylian Mbappé; Jude Bellingham; Cristiano Ronaldo,Un jugador famoso,2x1,No,Edición con jugadores famosos
1681,2026-04-08,09:13:49,35 - 44 años,Femenino,Guatemala,Guatemala,Ama de casa,3 a 5 veces por semana,Tienda de barrio,Amigos,Q25 - Q50,CrunchMax BBQ; Victory Pretzels,Barbacoa,Para compartir entre 2 personas,Q21 - Q30,Sí,Sí,Argentina,Definitivamente sí,Argentina,Ninguno,Un jugador famoso,Descuento directo,Sí,Edición Brasil
1682,2026-02-05,07:12:29,18 - 24 años,Masculino,Guatemala,Guatemala,Empleado público,Rara vez,Supermercado,Familia,Q51 - Q100,Fan Chips Jalapeño,Dulce,Familiar,Q10 - Q15,No,Sí,Francia,Tal vez,Brasil,Kylian Mbappé; Lionel Messi,Un jugador famoso,Sorteo de balones,No,Edición con jugadores famosos
1683,2026-02-12,10:32:09,25 - 34 años,Masculino,Guatemala, SAN MIGUEL PETAPA ,Otro,3 a 5 veces por semana,Gasolinera,Amigos,Menos de Q25,Fan Chips Jalapeño; Victory Pretzels; Mundialitos Queso Picante,Picante Chapín,Tamaño fiesta o reunión,Q21 - Q30,Sí,Sí,España,Tal vez,Colombia,Lionel Messi; Kylian Mbappé; Federico Valverde,Un jugador famoso,Tarjetas coleccionables,Sí,Edición Brasil
1684,2026-02-22,11:07:44,Menos de 18 años,Masculino,Guatemala,Mixco,Empleado privado,Todos los días,Kiosco escolar/universitario,Solo,Q25 - Q50,Gol Nachos Supreme,Picante Chapín,Individual,Q16 - Q20,Sí,No,Brasil,Definitivamente sí,Estados Unidos,Cristiano Ronaldo; Lionel Messi,Una selección nacional,Descuento directo,Sí,Edición con tarjetas coleccionables
1685,2026-01-21,08:07:57,25 - 34 años,Masculino,Chimaltenango,Chimaltenango,Profesional independiente,3 a 5 veces por semana,Tienda de barrio,Amigos,Q51 - Q100,ChocoKick Bites,Limón,Para compartir entre 2 personas,Q10 - Q15,No,Sí,Brasil,Probablemente sí,,Kylian Mbappé,Humor,Tarjetas coleccionables,Sí,Edición España
1686,2026-04-02,08:58:41,Menos de 18 años,Masculino,Guatemala,Guatemala,Ama de casa,1 a 2 veces por semana,Kiosco escolar/universitario,Amigos,Menos de Q25,ChocoKick Bites; Energy Crunch Protein,Dulce,Familiar,Q21 - Q30,Sí,Sí,Inglaterra,Tal vez,México,Lionel Messi; Julián Álvarez; Cristiano Ronaldo,Humor,Sorteo de camisetas,No,Edición con jugadores famosos
1687,2026-04-20,11:06:10,25 - 34 años,Femenino,Retalhuleu,Otro municipio,Empleado privado,1 a 2 veces por semana,Aplicación de delivery,Otro,Q51 - Q100,FutbolMix; Energy Crunch Protein,Chocolate,Individual,Q10 - Q15,No,Sí,Marruecos,Tal vez,Uruguay,Kylian Mbappé,Humor,Descuento directo,Sí,Edición Argentina
1688,2026-02-08,18:49:06,25 - 34 años,Femenino,Chiquimula,Cabecera municipal,Empleado privado,Todos los días,Tienda de barrio,Amigos,Q101 - Q150,CrunchMax BBQ; FutbolMix; Caramel Goal Popcorn,Barbacoa,Individual,Q10 - Q15,Sí,Sí,Francia,Definitivamente sí,Colombia,Christian Pulisic; Lionel Messi; Vinícius Júnior,Humor,Producto gratis,No,Edición Brasil
1689,2026-04-12,16:11:36,35 - 44 años,Masculino,Quetzaltenango,Coatepeque,Otro,Rara vez,Otro,Amigos,Q25 - Q50,Caramel Goal Popcorn,Caramelo,Familiar,Q10 - Q15,Sí,Sí,Brasil,Tal vez,Colombia,Jude Bellingham,Un jugador famoso,2x1,Sí,Edición Mundial FIFA 2026
1690,2026-05-04,16:09:47,35 - 44 años,Masculino,Jalapa,,Ama de casa,Todos los días,Kiosco escolar/universitario,Familia,Q25 - Q50,Hot Stadium Peanuts; Gol Nachos Supreme; Mundialitos Queso Picante,Queso,Familiar,Menos de Q10,Sí,Sí,Portugal,Tal vez,Argentina,Vinícius Júnior; Lionel Messi; Cristiano Ronaldo,Historias de aficionados,Sorteo de viajes,Sí,Edición Mundial FIFA 2026
1691,2026-02-16,14:13:13,18 - 24 años,Femenino,Sacatepéquez,Antigua Guatemala,Profesional independiente,1 a 2 veces por semana,Gasolinera,Otro,Q25 - Q50,FutbolMix; ChocoKick Bites,Queso,Familiar,Q10 - Q15,No,Sí, FRANCIA ,Definitivamente sí,Uruguay,Lamine Yamal; Cristiano Ronaldo; Neymar Jr.,Humor,Sorteo de camisetas,Sí,Edición Brasil
1692,2026-01-17,17:54:12,45 - 54 años,Masculino,Guatemala,Villa Nueva,Profesional independiente,3 a 5 veces por semana,Otro,Familia,Q51 - Q100,Gol Nachos Supreme,Picante Chapín,Tamaño fiesta o reunión,Q10 - Q15,Sí,Sí,Portugal,Probablemente no,Australia,Julián Álvarez; Rodri; Lamine Yamal,Un jugador famoso,Descuento directo,No,Edición Mundial FIFA 2026
1693,2026-03-28,16:19:04,35 - 44 años,Masculino,Sololá,Sololá,Estudiante,3 a 5 veces por semana,Supermercado,Amigos,Menos de Q25,Hot Stadium Peanuts,Picante Chapín,Individual,Q16 - Q20,No,Sí,México,Probablemente sí,Inglaterra,Christian Pulisic; Lamine Yamal,Historias de aficionados,2x1,Sí,Edición Argentina
1694,2026-03-23,12:27:28,45 - 54 años,Femenino,Guatemala,Guatemala,Empleado privado,Todos los días,Tienda de barrio,Solo,Q25 - Q50,Gol Nachos Supreme,Salado Tradicional,Para compartir entre 2 personas,Q21 - Q30,No,Sí,Inglaterra,Tal vez,Czechia,Lionel Messi; Vinícius Júnior; Cristiano Ronaldo,Premios y sorteos,2x1,Sí,Edición Francia
1695,2026-01-27,21:33:50,18 - 24 años,Femenino,Petén,Flores,Empleado privado,1 a 2 veces por semana,Aplicación de delivery,Solo,Q51 - Q100,CrunchMax BBQ; Gol Nachos Supreme; ChocoKick Bites,Limón,Individual,Q10 - Q15,Sí,No,México,Probablemente sí,Argentina,Cristiano Ronaldo; Vinícius Júnior,Humor,2x1,No,Edición con jugadores famosos
1696,2026-02-05,16:26:06,18 - 24 años,Masculino,Chiquimula,Otro municipio,Empresario,3 a 5 veces por semana,Gasolinera,Familia,Q101 - Q150,Mundialitos Queso Picante; Energy Crunch Protein; Gol Nachos Supreme,Chocolate,Tamaño fiesta o reunión,Más de Q30,No,No,España,Probablemente sí,Inglaterra,Federico Valverde; Lionel Messi,Historias de aficionados,2x1,Sí,Edición Brasil
1697,2026-01-22,17:54:06,45 - 54 años,Masculino,Guatemala,Mixco,Profesional independiente,1 a 2 veces por semana,Tienda de barrio,Familia,Menos de Q25,Victory Pretzels; CrunchMax BBQ; Caramel Goal Popcorn,Caramelo,Familiar,Q10 - Q15,No,Sí,Argentina,Probablemente sí,Portugal,Cristiano Ronaldo; Neymar Jr.; Vinícius Júnior,Premios y sorteos,Descuento directo,No,Edición Francia
1698,2026-04-07,10:52:15,25 - 34 años,Femenino,Guatemala,Santa Catarina Pinula,Empleado público,3 a 5 veces por semana,,Familia,Q51 - Q100,CrunchMax BBQ; Caramel Goal Popcorn,Dulce,Familiar,Q16 - Q20,No,No,Congo DR,Probablemente no,Colombia,Lamine Yamal,Un jugador famoso,Descuento directo,Sí,Edición con jugadores famosos
1699,2026-02-24,22:08:27,45 - 54 años,Masculino,Guatemala, GUATEMALA ,Estudiante,3 a 5 veces por semana,Tienda de barrio,Otro,Menos de Q25,Hot Stadium Peanuts,Caramelo,Individual,Q21 - Q30,Sí,Sí,Brasil,Probablemente sí,Senegal,Cristiano Ronaldo; Vinícius Júnior; Neymar Jr.,Premios y sorteos,2x1,Sí,Edición Mundial FIFA 2026
1700,2026-04-22,12:30:00,18 - 24 años,Masculino,Sacatepéquez,Jocotenango,Empleado privado,1 a 2 veces por semana,Otro,Familia,Q51 - Q100,ChocoKick Bites,Jalapeño,Para compartir entre 2 personas,Q16 - Q20,No,Sí,Francia,Definitivamente sí,Brasil,Kylian Mbappé; Alphonso Davies,Premios y sorteos,2x1,No,Edición España
1701,2026-02-09,14:57:02,45 - 54 años,Masculino,Guatemala,Mixco,Empleado privado,Todos los días,Supermercado,Amigos,Menos de Q25,Gol Nachos Supreme; FutbolMix; CrunchMax BBQ,Queso,Individual,Q16 - Q20,Sí,Sí,Argentina,Tal vez,Inglaterra,Lionel Messi; Cristiano Ronaldo,Un jugador famoso,Descuento directo,Sí,Edición Francia
1702,2026-02-23,17:46:12,Menos de 18 años,Masculino,Retalhuleu,Cabecera municipal,Estudiante,1 a 2 veces por semana,Aplicación de delivery,Familia,Q51 - Q100,FutbolMix; CrunchMax BBQ,Limón,Familiar,Q21 - Q30,Sí,Sí,Brasil,Tal vez,México,Federico Valverde; Neymar Jr.,Humor,2x1,Sí,Edición con jugadores famosos
1703,2026-02-08,10:19:46,45 - 54 años,Masculino,Guatemala,San Miguel Petapa,Empleado privado,1 a 2 veces por semana,Tienda de barrio,Amigos,Q25 - Q50,CrunchMax BBQ; Gol Nachos Supreme; ChocoKick Bites,Barbacoa,Familiar,Q21 - Q30,No,Sí,España,Tal vez,Brasil,Alphonso Davies,Una selección nacional,Producto gratis,Sí,Edición Mundial FIFA 2026
1704,2026-01-29,17:12:40,55 años o más,Masculino,Sololá,Cabecera municipal,Profesional independiente,1 a 2 veces por semana,Supermercado,Familia,Q25 - Q50,CrunchMax BBQ,Caramelo,Tamaño fiesta o reunión,Más de Q30,Sí,Sí,Colombia,Probablemente sí,Portugal,Neymar Jr.; Cristiano Ronaldo; Lionel Messi,Una selección nacional,Descuento directo,No,Edición Mundial FIFA 2026
1705,2026-03-07,13:14:20,Menos de 18 años,Masculino,Chimaltenango,Patzún,Comerciante,3 a 5 veces por semana,Gasolinera,Amigos,Menos de Q25,Gol Nachos Supreme,Limón,Familiar,Q16 - Q20,Sí,Sí,Argentina,Probablemente no,Estados Unidos,Vinícius Júnior; Neymar Jr.; Federico Valverde,Humor,Producto gratis,Sí,Edición Inglaterra
1706,2026-01-30,17:55:25,45 - 54 años,Masculino,Guatemala,Villa Nueva,Empleado privado,Todos los días,Supermercado,Amigos,Menos de Q25,FutbolMix; Caramel Goal Popcorn,Picante Chapín,Individual,Q16 - Q20,Sí,Sí,Argentina,Probablemente sí,Portugal,Lamine Yamal; Vinícius Júnior,Una selección nacional,Producto gratis,Sí,Edición Mundial FIFA 2026
1707,2026-04-01,15:41:12,18 - 24 años,Masculino,Chimaltenango,Chimaltenango,Comerciante,Varias veces al mes,Tienda de barrio,Solo,Q101 - Q150,FutbolMix,Picante Chapín,Tamaño fiesta o reunión,Q10 - Q15,Sí,Sí,Argentina,Tal vez,Argentina,Kylian Mbappé; Lionel Messi,Historias de aficionados,Descuento directo,Sí,Edición Argentina
1708,2026-01-28,19:38:47,Menos de 18 años,Masculino,Quetzaltenango,Quetzaltenango,Profesional independiente,Todos los días,Kiosco escolar/universitario,Familia,Q25 - Q50,Caramel Goal Popcorn,Limón,Familiar,Q16 - Q20,Sí,No,Australia,Definitivamente no,Argentina,Jude Bellingham,Un jugador famoso,Tarjetas coleccionables,Sí,Edición Argentina
1709,2026-02-18,10:21:05,18 - 24 años,Masculino,Guatemala,Mixco,Empleado privado,3 a 5 veces por semana,Supermercado,Amigos,Q51 - Q100,Gol Nachos Supreme; CrunchMax BBQ,Salado Tradicional,Tamaño fiesta o reunión,Más de Q30,Sí,Sí,Francia,Probablemente sí,Argentina,Kylian Mbappé; Lionel Messi; Cristiano Ronaldo,Premios y sorteos,2x1,No,Edición con jugadores famosos
1710,2026-03-15,12:29:05,35 - 44 años,Femenino,Guatemala,Guatemala,Empleado privado,Todos los días,Tienda de barrio,Amigos,Q25 - Q50,Fan Chips Jalapeño; CrunchMax BBQ,Chocolate,Individual,Q16 - Q20,Sí,Sí,Portugal,Probablemente sí,Brasil,Lionel Messi,Premios y sorteos,Tarjetas coleccionables,No,Edición Mundial FIFA 2026
1711,2026-04-26,15:42:43,25 - 34 años,Masculino,Guatemala,,Empleado privado,Varias veces al mes,Supermercado,Familia,Más de Q150,FutbolMix; Caramel Goal Popcorn; Energy Crunch Protein,Queso,Familiar,Q16 - Q20,Sí,Sí,España,Probablemente sí,Argentina,Christian Pulisic,Un jugador famoso,Sorteo de viajes,No,Edición Argentina
1712,2026-05-08,08:05:40,45 - 54 años,Femenino,Chimaltenango, PATZÚN ,Ama de casa,1 a 2 veces por semana,Tienda de barrio,Familia,Q101 - Q150,ChocoKick Bites; Hot Stadium Peanuts,Barbacoa,Para compartir entre 2 personas,Q10 - Q15,Sí,Sí,Argentina,Probablemente sí,Portugal,Lamine Yamal; Jude Bellingham; Alphonso Davies,Historias de aficionados,Producto gratis,Sí,Edición España
1713,2026-03-23,19:45:35,35 - 44 años,Masculino,Sacatepéquez,Antigua Guatemala,Empleado privado,3 a 5 veces por semana,Aplicación de delivery,Familia,Q51 - Q100,Hot Stadium Peanuts; Mundialitos Queso Picante,Limón,Para compartir entre 2 personas,Q21 - Q30,Sí,Sí,Estados Unidos,Probablemente no,Argentina,Lamine Yamal; Ninguno; Cristiano Ronaldo,Una selección nacional,Sorteo de camisetas,Sí,Edición Mundial FIFA 2026
1714,2026-02-12,13:31:30,35 - 44 años,Femenino,Sololá,Cabecera municipal,Empleado público,Todos los días,Supermercado,Amigos,Q101 - Q150,Mundialitos Queso Picante,Chocolate,Familiar,Q16 - Q20,Sí,Sí,Colombia,Probablemente sí,Portugal,Cristiano Ronaldo,Una selección nacional,Sorteo de camisetas,Sí,Edición con jugadores famosos
1715,2026-02-26,17:34:33,35 - 44 años,Masculino,Guatemala,Villa Nueva,Estudiante,1 a 2 veces por semana,Kiosco escolar/universitario,Amigos,Q25 - Q50,Mundialitos Queso Picante; Fan Chips Jalapeño,Barbacoa,Individual,Q10 - Q15,Sí,No,España,Definitivamente no,Francia,Neymar Jr.,Historias de aficionados,Descuento directo,No,Edición con jugadores famosos
1716,2026-02-04,11:36:43,35 - 44 años,Femenino,Chimaltenango, TECPÁN GUATEMALA ,Empleado público,Rara vez,Supermercado,Amigos,Menos de Q25,Caramel Goal Popcorn; Victory Pretzels; Hot Stadium Peanuts,Picante Chapín,Familiar,Q16 - Q20,No,No,Francia,Probablemente sí,Estados Unidos,Harry Kane; Alphonso Davies; Cristiano Ronaldo,Un jugador famoso,Tarjetas coleccionables,No,Edición Mundial FIFA 2026
1717,2026-02-17,21:07:57,35 - 44 años,Prefiero no indicarlo,Suchitepéquez, OTRO MUNICIPIO ,Estudiante,1 a 2 veces por semana,Aplicación de delivery,Solo,Menos de Q25,Gol Nachos Supreme, QUESO ,Individual,Q10 - Q15,Sí,Sí,Estados Unidos,Tal vez,España,Federico Valverde; Cristiano Ronaldo; Alphonso Davies,Un jugador famoso,Sorteo de balones,No,Edición Argentina
1718,2026-01-18,15:51:35,35 - 44 años,Femenino,Quiché,Otro municipio,Estudiante,Varias veces al mes,,Amigos,Q25 - Q50,Fan Chips Jalapeño; CrunchMax BBQ; Gol Nachos Supreme,Barbacoa,Para compartir entre 2 personas,Q10 - Q15,Sí,Sí,Jordania,Definitivamente sí,México,Kylian Mbappé; Lionel Messi,Premios y sorteos,Sorteo de camisetas,No,Edición Brasil
1719,2026-01-31,08:19:13,55 años o más,Masculino,San Marcos,Cabecera municipal,Empleado privado,1 a 2 veces por semana,Kiosco escolar/universitario,Familia,Q51 - Q100,Mundialitos Queso Picante; Fan Chips Jalapeño,Chocolate,Individual,Q16 - Q20,Sí,Sí,Argentina,Tal vez,México,Lionel Messi; Federico Valverde,Premios y sorteos,Tarjetas coleccionables,Sí,Edición Argentina
1720,2026-01-18,16:01:03,25 - 34 años,Femenino,Guatemala,Mixco,Empresario,Todos los días,Kiosco escolar/universitario,Amigos,Q101 - Q150,Victory Pretzels; Hot Stadium Peanuts,Jalapeño,Para compartir entre 2 personas,Q16 - Q20,No,Sí,Inglaterra,Tal vez,Argentina,Lionel Messi; Cristiano Ronaldo; Vinícius Júnior,Humor,2x1,No,Edición Brasil
1721,2026-04-07,07:23:33,25 - 34 años,Masculino,Guatemala,San Miguel Petapa,Empleado privado,Varias veces al mes,Kiosco escolar/universitario,Amigos,Q51 - Q100,Gol Nachos Supreme; Hot Stadium Peanuts,Queso,Familiar,Q10 - Q15,No,Sí,Francia,Definitivamente sí,South Africa,Vinícius Júnior; Neymar Jr.,Humor,Sorteo de balones,Sí,Edición con tarjetas coleccionables
1722,2026-04-12,22:26:13,18 - 24 años,Masculino,Zacapa,Otro municipio,Comerciante,Todos los días,Supermercado,Amigos,Más de Q150,Mundialitos Queso Picante; Gol Nachos Supreme,Salado Tradicional,Familiar,Q16 - Q20,Sí,Sí,Uruguay,Probablemente sí,España,Lionel Messi; Vinícius Júnior; Christian Pulisic,Un jugador famoso,Descuento directo,Sí,Edición Mundial FIFA 2026
1723,2026-02-20,18:37:16,Menos de 18 años,Masculino, GUATEMALA ,Mixco,Ama de casa,Rara vez,Gasolinera,Familia,Q51 - Q100,FutbolMix; Gol Nachos Supreme; Mundialitos Queso Picante,Barbacoa,Familiar,Q10 - Q15,No,Sí,España,Tal vez,Argentina,Alphonso Davies,Premios y sorteos,Descuento directo,Sí,Edición Francia
1724,2026-03-09,11:07:42,25 - 34 años,Prefiero no indicarlo,Retalhuleu,Cabecera municipal,Ama de casa,3 a 5 veces por semana,Otro,Amigos,Menos de Q25,FutbolMix,Jalapeño,Familiar,Q16 - Q20,No,Sí,México,Definitivamente sí, EGIPTO ,Cristiano Ronaldo; Vinícius Júnior; Lamine Yamal,Humor,2x1,No,Edición Argentina
1725,2026-03-01,12:29:50,18 - 24 años,Masculino,Quetzaltenango,Coatepeque,Ama de casa,3 a 5 veces por semana,Supermercado,Amigos,Q25 - Q50,Mundialitos Queso Picante; Fan Chips Jalapeño; FutbolMix,Queso,Para compartir entre 2 personas,Q10 - Q15,Sí,Sí,Brasil,Probablemente sí,México,Neymar Jr.,Premios y sorteos,Sorteo de viajes,No,Edición Inglaterra
1726,2026-04-27,10:44:25,18 - 24 años,Masculino,Guatemala,Guatemala,Empleado público,Varias veces al mes,Supermercado,Otro,Menos de Q25,Victory Pretzels; Gol Nachos Supreme; FutbolMix,Queso,Individual,Q16 - Q20,No,Sí,Portugal,Definitivamente sí,México,Cristiano Ronaldo; Neymar Jr.,Historias de aficionados,Sorteo de viajes,Sí,Edición Francia
1727,2026-02-16,17:06:31,35 - 44 años,Femenino,Quetzaltenango,Olintepeque,Empleado privado,Varias veces al mes,Supermercado,Amigos,Q25 - Q50,Hot Stadium Peanuts,Salado Tradicional,Para compartir entre 2 personas,Q16 - Q20,Sí,Sí,Estados Unidos,Probablemente sí,Estados Unidos,Kylian Mbappé,Un jugador famoso,Sorteo de camisetas,Sí,Edición Francia
1728,2026-01-21,22:03:34,35 - 44 años,Femenino,Guatemala,Guatemala,,3 a 5 veces por semana,Tienda de barrio,Amigos,Q25 - Q50,Gol Nachos Supreme; Fan Chips Jalapeño, LIMÓN ,Familiar,Q21 - Q30,No,No,Colombia,Probablemente no,México,Lionel Messi; Cristiano Ronaldo; Julián Álvarez,Una selección nacional,Tarjetas coleccionables,Sí,Edición con jugadores famosos
1729,2026-01-15,17:35:39,18 - 24 años,Masculino,Escuintla,Palín,Otro,Varias veces al mes,Tienda de barrio,Otro,Q25 - Q50,FutbolMix,Chocolate,Familiar,Q21 - Q30,No,Sí,Alemania,Probablemente sí,Colombia,Neymar Jr.; Alphonso Davies,Una selección nacional,Tarjetas coleccionables,No,Edición con tarjetas coleccionables
1730,2026-01-19,16:00:42,25 - 34 años,Masculino,Chimaltenango,Tecpán Guatemala,Profesional independiente,Todos los días,Supermercado,Amigos,Q25 - Q50,Caramel Goal Popcorn,Dulce,Para compartir entre 2 personas,Q16 - Q20,No,Sí,Inglaterra,Tal vez,Brasil,Neymar Jr.; Lionel Messi; Cristiano Ronaldo,Humor,2x1,Sí,Edición Francia
1731,2026-04-30,13:09:23,25 - 34 años,Femenino,Guatemala,Mixco,Empleado privado,Rara vez,Kiosco escolar/universitario,Amigos,Q25 - Q50,Gol Nachos Supreme,Barbacoa,Individual,Q10 - Q15,Sí,No,Argentina,Definitivamente sí,España,Vinícius Júnior; Cristiano Ronaldo; Kylian Mbappé,Un jugador famoso,Sorteo de viajes,No,Edición Inglaterra
1732,2026-04-15,18:14:04,25 - 34 años,Femenino,Jutiapa,Otro municipio,Ama de casa,Todos los días,Gasolinera,Amigos,Q25 - Q50,FutbolMix,Barbacoa,Tamaño fiesta o reunión,Q16 - Q20,Sí,No,Uruguay,Probablemente sí,Brasil,Lionel Messi; Kylian Mbappé; Vinícius Júnior,Una selección nacional,2x1,Sí,Edición con jugadores famosos
1733,2026-03-04,22:49:50,18 - 24 años,Femenino,Quiché,Cabecera municipal,Empresario,Todos los días,Tienda de barrio,Familia,Q101 - Q150,Caramel Goal Popcorn; Fan Chips Jalapeño; CrunchMax BBQ,Barbacoa,Individual,Más de Q30,No,Sí,Brasil,Definitivamente no,Argentina,Lionel Messi; Lamine Yamal; Vinícius Júnior,Historias de aficionados,Producto gratis,Sí,Edición Inglaterra
1734,2026-03-14,08:12:54,35 - 44 años,Masculino, CHIMALTENANGO ,Patzún,Estudiante,Rara vez,Tienda de barrio,Amigos,Q25 - Q50,Hot Stadium Peanuts; Caramel Goal Popcorn; CrunchMax BBQ,Jalapeño,Individual,Q10 - Q15,Sí,Sí,Francia,Probablemente sí,Inglaterra,Lamine Yamal; Harry Kane,Un jugador famoso,Sorteo de camisetas,Sí,Edición Mundial FIFA 2026
1735,2026-05-05,20:11:18,18 - 24 años,Femenino,Guatemala,San Miguel Petapa,Empleado privado,3 a 5 veces por semana,Gasolinera,Amigos,Q25 - Q50,ChocoKick Bites,Salado Tradicional,Para compartir entre 2 personas,Q10 - Q15,Sí,Sí, ESPAÑA ,Probablemente sí,Brasil,Alphonso Davies,Premios y sorteos,Sorteo de viajes,Sí,Edición Inglaterra
1736,2026-04-26,10:51:33,35 - 44 años,Femenino,Totonicapán,Cabecera municipal,Ama de casa,Varias veces al mes,Supermercado,Familia,Q25 - Q50,FutbolMix,Chocolate,Para compartir entre 2 personas,Q16 - Q20,Sí,Sí,Brasil,Probablemente sí,Brasil,Lamine Yamal; Cristiano Ronaldo; Jude Bellingham,Humor,Tarjetas coleccionables,No,Edición España
1737,2026-03-26,18:27:04,Menos de 18 años,Masculino,Sacatepéquez,Jocotenango,Empleado privado,Varias veces al mes,Supermercado,Amigos,Q25 - Q50,ChocoKick Bites; CrunchMax BBQ; Victory Pretzels,Chocolate,Individual,Q16 - Q20,Sí,Sí,Argentina,Probablemente no,Brasil,Alphonso Davies; Jude Bellingham,Premios y sorteos,Descuento directo,Sí,Edición Mundial FIFA 2026
1738,2026-04-18,21:48:50,18 - 24 años,Masculino,Retalhuleu, CABECERA MUNICIPAL ,Empresario,3 a 5 veces por semana,Supermercado,Familia,Q25 - Q50,Gol Nachos Supreme,Picante Chapín,Para compartir entre 2 personas,Q16 - Q20,No,Sí,España,Definitivamente sí, MÉXICO ,Lamine Yamal; Lionel Messi,Una selección nacional,Producto gratis,Sí,Edición con tarjetas coleccionables
1739,2026-04-06,20:30:45,18 - 24 años,Masculino, CHIMALTENANGO ,Tecpán Guatemala,Profesional independiente,Todos los días,Gasolinera,Amigos,Q101 - Q150,Caramel Goal Popcorn,Barbacoa,Para compartir entre 2 personas,Q21 - Q30,Sí,Sí,España,Definitivamente sí,Portugal,Lionel Messi; Cristiano Ronaldo; Vinícius Júnior,Humor,Tarjetas coleccionables,Sí,Edición Mundial FIFA 2026
1740,2026-04-13,21:14:22,35 - 44 años,Masculino,Guatemala,Santa Catarina Pinula,Jubilado,Rara vez,Aplicación de delivery,Amigos,Q25 - Q50,Victory Pretzels; FutbolMix,Salado Tradicional,Individual,Q16 - Q20,Sí,Sí,Francia,Probablemente no,México,Vinícius Júnior; Neymar Jr.; Lamine Yamal,Un jugador famoso,Tarjetas coleccionables,No,Edición con tarjetas coleccionables
1741,2026-05-10,07:33:33,25 - 34 años,Femenino,Huehuetenango,Cabecera municipal,Empleado privado,Rara vez,Tienda de barrio,Familia,Q51 - Q100,CrunchMax BBQ; FutbolMix; Gol Nachos Supreme,Salado Tradicional,Familiar,Menos de Q10,Sí,Sí,España,Tal vez,Colombia,Neymar Jr.; Jude Bellingham,Premios y sorteos,Producto gratis,No,Edición Brasil
1742,2026-04-06,18:41:35,35 - 44 años,Femenino,Chiquimula,Otro municipio,Otro,1 a 2 veces por semana,Supermercado,Amigos,Q51 - Q100,CrunchMax BBQ,Barbacoa,Para compartir entre 2 personas,Q16 - Q20,Sí,Sí,México,Definitivamente no,Brasil,Jude Bellingham; Neymar Jr.,Una selección nacional,2x1,No,Edición Brasil
1743,2026-04-10,15:23:41,25 - 34 años,Masculino, ESCUINTLA ,Escuintla,Ama de casa,3 a 5 veces por semana,Supermercado,Amigos,Q101 - Q150,Mundialitos Queso Picante,Barbacoa,Tamaño fiesta o reunión,Q10 - Q15,Sí,Sí,Uruguay,Probablemente sí,Alemania,Lamine Yamal; Alphonso Davies,Una selección nacional,Tarjetas coleccionables,Sí,Edición Brasil
1744,2026-04-08,13:02:50,35 - 44 años,Femenino,Quiché,Cabecera municipal,Empleado privado,3 a 5 veces por semana,Tienda de barrio,Familia,Q25 - Q50,Energy Crunch Protein,Salado Tradicional,Tamaño fiesta o reunión,Q16 - Q20,Sí,Sí, PORTUGAL ,Definitivamente no,México,Vinícius Júnior,Premios y sorteos,Tarjetas coleccionables,No,Edición Mundial FIFA 2026
1745,2026-01-13,21:53:00,18 - 24 años,Femenino,Retalhuleu,Cabecera municipal,Comerciante,Rara vez,Supermercado,Familia,Q25 - Q50,Energy Crunch Protein; Victory Pretzels,Limón,Familiar,Q16 - Q20,No,No,Argentina,Definitivamente no,Brasil,Cristiano Ronaldo; Vinícius Júnior; Neymar Jr.,Premios y sorteos,Sorteo de camisetas,Sí,Edición Mundial FIFA 2026
1746,2026-03-28,21:44:09,18 - 24 años,Masculino,Quetzaltenango,Olintepeque,Comerciante,Todos los días,Tienda de barrio,Solo,Q25 - Q50,ChocoKick Bites; FutbolMix,Salado Tradicional,Tamaño fiesta o reunión,Q10 - Q15,Sí,Sí,Francia,Tal vez,Alemania,Neymar Jr.; Cristiano Ronaldo; Kylian Mbappé,Humor,2x1,No,Edición España
1747,2026-03-20,12:56:43,45 - 54 años,Femenino,Chimaltenango,Patzún,Ama de casa,Varias veces al mes,Supermercado,Familia,Q51 - Q100,FutbolMix; Mundialitos Queso Picante,Caramelo,Familiar,Q10 - Q15,No,Sí,México,Tal vez,Francia,Kylian Mbappé; Vinícius Júnior; Cristiano Ronaldo,Historias de aficionados,2x1,No,Edición Argentina
1748,2026-01-20,21:47:40,25 - 34 años,Masculino,Guatemala,San Miguel Petapa,Estudiante,Varias veces al mes,Gasolinera,Familia,Menos de Q25,FutbolMix,Jalapeño,Familiar,Q10 - Q15,No,Sí,Argentina,Tal vez,Argentina,Lionel Messi,Una selección nacional,Descuento directo,No,Edición Argentina
1749,2026-03-06,15:27:52,25 - 34 años,Masculino,El Progreso,Cabecera municipal,Estudiante,Varias veces al mes,Gasolinera,Amigos,Menos de Q25,Gol Nachos Supreme,Jalapeño,Individual,Q16 - Q20,No,Sí,Argentina,Probablemente no,Colombia,Kylian Mbappé; Cristiano Ronaldo; Lionel Messi,Premios y sorteos,Tarjetas coleccionables,Sí,Edición con jugadores famosos
1750,2026-02-19,21:38:28,35 - 44 años,Femenino,Escuintla,Santa Lucía Cotzumalguapa,Ama de casa,Varias veces al mes,Supermercado,Solo,Menos de Q25,CrunchMax BBQ,Dulce,Familiar,Menos de Q10,Sí,Sí,Francia,Probablemente sí,México,Harry Kane; Cristiano Ronaldo,Historias de aficionados,Descuento directo,Sí,Edición con jugadores famosos
1751,2026-01-23,15:33:50,35 - 44 años,Femenino,Guatemala, GUATEMALA ,Comerciante,1 a 2 veces por semana,Aplicación de delivery,Compañeros de trabajo,Q51 - Q100,Gol Nachos Supreme,Salado Tradicional,Familiar,Q16 - Q20,Sí,Sí,Francia,Probablemente sí,Inglaterra,Lionel Messi,Una selección nacional,Producto gratis,No,Edición con jugadores famosos
1752,2026-01-16,09:17:32,18 - 24 años,Femenino,Sacatepéquez,Sumpango,Empresario,Varias veces al mes,Kiosco escolar/universitario,Familia,Q51 - Q100,Gol Nachos Supreme; CrunchMax BBQ; Fan Chips Jalapeño,Picante Chapín,Para compartir entre 2 personas,Q21 - Q30,No,Sí,México,Tal vez,Argentina,Lionel Messi; Neymar Jr.; Cristiano Ronaldo,Un jugador famoso,Tarjetas coleccionables,Sí,Edición con jugadores famosos
1753,2026-04-05,10:36:56,45 - 54 años,Femenino,Santa Rosa, CABECERA MUNICIPAL ,Empleado público,Varias veces al mes,Gasolinera,Familia,Q25 - Q50,Energy Crunch Protein; CrunchMax BBQ,,Tamaño fiesta o reunión,Q10 - Q15,Sí,Sí,México,Probablemente no,Brasil,Kylian Mbappé,Un jugador famoso,Tarjetas coleccionables,Sí,Edición Brasil
1754,2026-01-28,19:56:45,25 - 34 años,Femenino,Jutiapa,Otro municipio,Empleado público,1 a 2 veces por semana,Otro,Familia,Menos de Q25,Energy Crunch Protein; Mundialitos Queso Picante; Caramel Goal Popcorn,Limón,Tamaño fiesta o reunión,Q16 - Q20,Sí,Sí,Argentina,Probablemente sí,Brasil,Christian Pulisic; Lionel Messi; Kylian Mbappé,Un jugador famoso,Descuento directo,No,Edición con jugadores famosos
1755,2026-03-01,09:30:23,25 - 34 años,Femenino,Guatemala,Santa Catarina Pinula,Estudiante,1 a 2 veces por semana,Kiosco escolar/universitario,Familia,Menos de Q25,Energy Crunch Protein; CrunchMax BBQ; Fan Chips Jalapeño,Queso,Individual,Q16 - Q20,Sí,Sí,Brasil,Probablemente sí,Argentina,Vinícius Júnior,Un jugador famoso,Descuento directo,Sí,Edición con tarjetas coleccionables
1756,2026-01-23,12:22:37,18 - 24 años,Femenino,Guatemala,San Miguel Petapa,Jubilado,Todos los días,,Familia,Menos de Q25,Gol Nachos Supreme, JALAPEÑO ,Familiar,Q10 - Q15,No,Sí,Arabia Saudita,Definitivamente sí,Alemania,Jude Bellingham; Neymar Jr.,Un jugador famoso,Tarjetas coleccionables,Sí,Edición Francia
1757,2026-03-30,22:32:17,35 - 44 años,Masculino,Guatemala,Guatemala,Empleado privado,3 a 5 veces por semana,Supermercado,Familia,Menos de Q25,Mundialitos Queso Picante,Jalapeño,Para compartir entre 2 personas,Q16 - Q20,Sí,Sí,Francia,Definitivamente sí,Brasil,Kylian Mbappé; Ninguno,Un jugador famoso,2x1,Sí,Edición con tarjetas coleccionables
1758,2026-02-07,16:26:52,45 - 54 años,Prefiero no indicarlo,Quetzaltenango,Coatepeque,Otro,Varias veces al mes,Supermercado,Otro,Q25 - Q50,Hot Stadium Peanuts; Gol Nachos Supreme; FutbolMix,Chocolate,Para compartir entre 2 personas,Q16 - Q20,Sí,Sí,Qatar,Tal vez,Argentina,Lionel Messi; Ninguno; Vinícius Júnior,Humor,2x1,Sí,Edición Argentina
1759,2026-05-01,20:11:38,35 - 44 años,Femenino,Guatemala,Guatemala,Empleado privado,Todos los días,Gasolinera,Amigos,Q25 - Q50,Victory Pretzels; ChocoKick Bites; Caramel Goal Popcorn,Chocolate,Para compartir entre 2 personas,Q21 - Q30,Sí,Sí,Francia,Definitivamente sí,Francia,Jude Bellingham,Historias de aficionados,Sorteo de camisetas,Sí,Edición con jugadores famosos
1760,2026-02-03,10:25:39,18 - 24 años,Femenino,Escuintla,Escuintla,Empleado privado,1 a 2 veces por semana,Supermercado,Familia,Q25 - Q50,Hot Stadium Peanuts,Dulce,Familiar,Q16 - Q20,Sí,Sí,Portugal,Probablemente no,Francia,Neymar Jr.; Kylian Mbappé,Premios y sorteos,Sorteo de balones,Sí,Edición Mundial FIFA 2026
1761,2026-03-16,20:01:55,35 - 44 años,Masculino,Chimaltenango,Chimaltenango,Profesional independiente,Todos los días,Tienda de barrio,Amigos,Menos de Q25,CrunchMax BBQ; ChocoKick Bites; Gol Nachos Supreme,Caramelo,Tamaño fiesta o reunión,Q21 - Q30,Sí,Sí,Brasil,Definitivamente sí,México,Lionel Messi,Un jugador famoso,2x1,Sí,Edición con jugadores famosos
1762,2026-01-23,07:22:27,35 - 44 años,Femenino,Guatemala,Mixco,Empleado privado,Rara vez,Otro,Familia,Q25 - Q50,Caramel Goal Popcorn,Barbacoa,Individual,Q10 - Q15,No,Sí,España,Definitivamente sí,Argentina,Kylian Mbappé,Historias de aficionados,Sorteo de camisetas,No,Edición Argentina
1763,2026-03-15,07:51:53,Menos de 18 años,Masculino,Guatemala,San Miguel Petapa,Ama de casa,1 a 2 veces por semana,Aplicación de delivery,Amigos,Q25 - Q50,Caramel Goal Popcorn; Gol Nachos Supreme,Limón,Familiar,Q10 - Q15,No,Sí,Francia,Probablemente no,Argentina,Vinícius Júnior; Christian Pulisic; Lionel Messi,Una selección nacional,Sorteo de viajes,Sí,Edición con jugadores famosos
1764,2026-05-06,16:43:21,25 - 34 años,Femenino,Jutiapa,Otro municipio,Profesional independiente,1 a 2 veces por semana,Gasolinera,Amigos,Q101 - Q150,Fan Chips Jalapeño,Barbacoa,Familiar,Q21 - Q30,No,No,Argentina,Probablemente no,España,Lionel Messi; Harry Kane,Humor,Descuento directo,No,Edición Mundial FIFA 2026
1765,2026-04-10,12:52:03,25 - 34 años,Masculino,Santa Rosa,Cabecera municipal,Estudiante,3 a 5 veces por semana,Gasolinera,Amigos,Q25 - Q50,Hot Stadium Peanuts,Caramelo,Familiar,Q10 - Q15,Sí,Sí,Argentina,Definitivamente sí,Francia,Lionel Messi,Historias de aficionados,Sorteo de viajes,Sí,Edición Mundial FIFA 2026
1766,2026-05-03,07:29:50,25 - 34 años,Femenino,Chimaltenango,Patzún,Empleado privado,1 a 2 veces por semana,Kiosco escolar/universitario,Familia,Q25 - Q50,Caramel Goal Popcorn,Picante Chapín,Tamaño fiesta o reunión,Q16 - Q20,No,Sí,Argentina,Probablemente sí,Portugal,Neymar Jr.; Cristiano Ronaldo,Premios y sorteos,Sorteo de camisetas,Sí,Edición Argentina
1767,2026-03-10,12:59:39,25 - 34 años,Masculino,Guatemala,Guatemala,Empleado privado,3 a 5 veces por semana,Tienda de barrio,Amigos,Q51 - Q100,ChocoKick Bites; Fan Chips Jalapeño,Barbacoa,Para compartir entre 2 personas,Q10 - Q15,Sí,Sí,Inglaterra,Probablemente sí,Brasil,Lamine Yamal; Lionel Messi,Una selección nacional,2x1,Sí,Edición España
1768,2026-02-13,10:43:29,Menos de 18 años,Masculino,Jalapa,Otro municipio,Empleado privado,3 a 5 veces por semana,Supermercado,Familia,Q25 - Q50,Mundialitos Queso Picante; Gol Nachos Supreme; Fan Chips Jalapeño,Dulce,Individual,Q21 - Q30,Sí,Sí,México,Definitivamente sí, FRANCIA ,Lionel Messi,Historias de aficionados,2x1,Sí,Edición Mundial FIFA 2026
1769,2026-04-26,18:30:28,35 - 44 años,Masculino,Guatemala, SANTA CATARINA PINULA ,Estudiante,Varias veces al mes,Aplicación de delivery,Amigos,Q51 - Q100,CrunchMax BBQ,Chocolate,Para compartir entre 2 personas,Menos de Q10,Sí,Sí,Argentina,Probablemente no,México,Lionel Messi; Cristiano Ronaldo,Historias de aficionados,Tarjetas coleccionables,Sí,Edición con jugadores famosos
1770,2026-03-30,07:25:11,25 - 34 años,Masculino,Guatemala,Santa Catarina Pinula,Ama de casa,1 a 2 veces por semana,Supermercado,Amigos,Q51 - Q100,CrunchMax BBQ; Mundialitos Queso Picante,Queso,Individual,Q16 - Q20,No,Sí,Brasil,Probablemente sí,Argentina,Lamine Yamal; Harry Kane; Vinícius Júnior,Un jugador famoso,Tarjetas coleccionables,No,Edición Argentina
1771,2026-02-09,07:01:13,25 - 34 años,Masculino,Quetzaltenango,Olintepeque,Empleado privado,3 a 5 veces por semana,Supermercado,Otro,Q25 - Q50,CrunchMax BBQ; Hot Stadium Peanuts; ChocoKick Bites,Caramelo,Familiar,Q16 - Q20,Sí,Sí, ARGENTINA ,Definitivamente sí,Argentina,Lionel Messi,Premios y sorteos,Producto gratis,Sí,Edición Brasil
1772,2026-02-10,14:57:32,25 - 34 años,Femenino,Quetzaltenango,Olintepeque,Empleado público,1 a 2 veces por semana,Tienda de barrio,Amigos,Q51 - Q100,CrunchMax BBQ; Fan Chips Jalapeño; Victory Pretzels,Picante Chapín,Tamaño fiesta o reunión,Q10 - Q15,Sí,Sí,Argentina,Tal vez,Francia,Rodri; Kylian Mbappé; Jude Bellingham,Un jugador famoso,Tarjetas coleccionables,Sí,Edición con tarjetas coleccionables
559,2026-03-01,13:55:31,45 - 54 años,Masculino,Escuintla,Palín,Empleado privado,Todos los días,Supermercado,Familia,Q101 - Q150,ChocoKick Bites, QUESO ,Para compartir entre 2 personas,Q10 - Q15,Sí,Sí,Brasil,Probablemente no,Argentina,Vinícius Júnior,Premios y sorteos,Descuento directo,Sí,Edición Inglaterra
1774,2026-02-20,14:34:20,Menos de 18 años,Masculino,Guate,Guatemala,Empleado privado,Rara vez,Tienda de barrio,Amigos,Q51 - Q100,Energy Crunch Protein,Queso,Familiar,Q16 - Q20,Sí,No,Francia,Probablemente sí,México,Lionel Messi; Neymar Jr.; Cristiano Ronaldo,Un jugador famoso,Tarjetas coleccionables,Sí,Edición con tarjetas coleccionables
1775,2026-04-26,14:19:22,Menos de 18 años,Masculino,Sacatepéquez,Jocotenango,Estudiante,1 a 2 veces por semana,Tienda de barrio,Solo,Menos de Q25,Mundialitos Queso Picante; CrunchMax BBQ,Queso,Para compartir entre 2 personas,Q10 - Q15,Sí,Sí,Portugal,Probablemente no,Argentina,Lionel Messi,Una selección nacional,Tarjetas coleccionables,Sí,Edición Brasil
1776,2026-01-11,07:19:49,45 - 54 años,Femenino,Sacatepéquez,Ciudad Vieja,Empleado público,1 a 2 veces por semana,Gasolinera,Familia,Q51 - Q100,Energy Crunch Protein; Mundialitos Queso Picante,Queso,Familiar,Q16 - Q20,No,Sí,México,Probablemente sí,Inglaterra,Cristiano Ronaldo,Un jugador famoso,2x1,No,Edición Brasil
1777,2026-02-16,09:04:04,25 - 34 años,Femenino,Guatemala,San Miguel Petapa,Empresario,Varias veces al mes,Tienda de barrio,Familia,Q51 - Q100,Gol Nachos Supreme,Queso,Familiar,Más de Q30,Sí,Sí,Canadá,Definitivamente sí,Brasil,Lionel Messi,Humor,Tarjetas coleccionables,No,Edición Brasil
1778,2026-04-25,11:53:25,35 - 44 años,Femenino,Jutiapa,Otro municipio,Empleado privado,Todos los días,Supermercado,Amigos,Q51 - Q100,Hot Stadium Peanuts; Victory Pretzels; FutbolMix,Jalapeño,Individual,Menos de Q10,No,Sí,Francia,Tal vez,Alemania,Kylian Mbappé; Lionel Messi,Una selección nacional,Descuento directo,Sí,Edición España
1779,2026-03-10,08:37:52,18 - 24 años,Masculino,Guatemala,Santa Catarina Pinula,Empleado privado,3 a 5 veces por semana,Kiosco escolar/universitario,Amigos,Q51 - Q100,CrunchMax BBQ,Limón,Para compartir entre 2 personas,Q10 - Q15,Sí,Sí,Colombia,Probablemente sí,Francia,Lamine Yamal,Premios y sorteos,2x1,Sí,Edición Mundial FIFA 2026
1780,2026-04-27,14:18:54,35 - 44 años,Femenino,Guatemala,Santa Catarina Pinula,Profesional independiente,Todos los días,Supermercado,Amigos,Más de Q150,CrunchMax BBQ; Fan Chips Jalapeño; Gol Nachos Supreme,Barbacoa,Familiar,Q16 - Q20,Sí,Sí,México,Definitivamente sí,Inglaterra,Cristiano Ronaldo,Un jugador famoso,2x1,Sí,Edición Argentina
1781,2026-02-11,14:24:10,45 - 54 años,Femenino,Guatemala,San Miguel Petapa,Empleado privado,3 a 5 veces por semana,Supermercado,Familia,Q25 - Q50,CrunchMax BBQ; Caramel Goal Popcorn; FutbolMix,Queso,Tamaño fiesta o reunión,Q10 - Q15,Sí,No,Inglaterra,Tal vez,Argentina,Rodri; Vinícius Júnior; Lionel Messi,Premios y sorteos,2x1,Sí,Edición Mundial FIFA 2026
1782,2026-03-15,13:16:12,18 - 24 años,Masculino,Quetzaltenango,Olintepeque,Empleado privado,1 a 2 veces por semana,Tienda de barrio,Amigos,Q25 - Q50,Mundialitos Queso Picante; Victory Pretzels; Fan Chips Jalapeño,Barbacoa,Individual,Q16 - Q20,Sí,Sí,Brasil,Definitivamente sí,España,Cristiano Ronaldo; Alphonso Davies,Premios y sorteos,Sorteo de camisetas,No,Edición Inglaterra
1783,2026-01-15,12:22:55,25 - 34 años,Femenino,Sacatepéquez,Ciudad Vieja,Comerciante,Varias veces al mes,Tienda de barrio,Familia,Q101 - Q150,Mundialitos Queso Picante; FutbolMix,Picante Chapín,Familiar,Más de Q30,Sí,Sí,Argentina,Probablemente sí,Colombia,Vinícius Júnior; Julián Álvarez; Jude Bellingham,Premios y sorteos,Tarjetas coleccionables,Sí,Edición Mundial FIFA 2026
1784,2026-04-16,19:29:13,55 años o más,Masculino,Chimaltenango,Tecpán Guatemala,,Varias veces al mes,Tienda de barrio,Amigos,Q51 - Q100,CrunchMax BBQ,Salado Tradicional,Individual,Q10 - Q15,Sí,Sí,Argelia,Probablemente sí,España,Lionel Messi; Neymar Jr.,Humor,Sorteo de balones,No,Edición Mundial FIFA 2026
1785,2026-04-10,22:17:25,18 - 24 años,Femenino,Quiché,Cabecera municipal,Comerciante,Varias veces al mes,Tienda de barrio,Amigos,Q25 - Q50,Mundialitos Queso Picante; Fan Chips Jalapeño,Barbacoa,Tamaño fiesta o reunión,Q16 - Q20,No,Sí,Argentina,Definitivamente no,Portugal,Vinícius Júnior; Rodri; Cristiano Ronaldo,Un jugador famoso,Tarjetas coleccionables,No,Edición Argentina
1786,2026-01-10,11:59:08,18 - 24 años,Femenino,Escuintla,Escuintla,Ama de casa,Varias veces al mes,Supermercado,Otro,Q51 - Q100,ChocoKick Bites; FutbolMix; CrunchMax BBQ, BARBACOA ,Para compartir entre 2 personas,Menos de Q10,No,No,México,Probablemente sí,Croacia,Lionel Messi,Un jugador famoso,Descuento directo,No,Edición Mundial FIFA 2026
1787,2026-04-03,19:24:48,18 - 24 años,Femenino,Chimaltenango,Patzún,Jubilado,Rara vez,Gasolinera,Amigos,Q25 - Q50,Gol Nachos Supreme; Energy Crunch Protein; Victory Pretzels,Jalapeño,Familiar,Q16 - Q20,Sí,Sí,Panamá,Probablemente sí,Inglaterra,Alphonso Davies,Una selección nacional,Sorteo de balones,Sí,Edición con tarjetas coleccionables
1788,2026-01-14,13:02:20,35 - 44 años,Femenino,Guatemala,San Miguel Petapa,Profesional independiente,1 a 2 veces por semana,Kiosco escolar/universitario,Amigos,Q51 - Q100,CrunchMax BBQ,Queso,Familiar,Menos de Q10,No,Sí,México,Definitivamente sí,Türkiye,Lamine Yamal; Kylian Mbappé,Un jugador famoso,Sorteo de viajes,Sí,Edición Mundial FIFA 2026
1789,2026-03-22,18:44:07,25 - 34 años,Masculino,Guatemala,Guatemala,Estudiante,1 a 2 veces por semana,Tienda de barrio,Familia,Q51 - Q100,Hot Stadium Peanuts; Caramel Goal Popcorn,Picante Chapín,Para compartir entre 2 personas,Q10 - Q15,Sí,Sí,Portugal,Probablemente sí,Brasil,Federico Valverde; Cristiano Ronaldo; Harry Kane,Humor,Tarjetas coleccionables,Sí,Edición Mundial FIFA 2026
1790,2026-04-05,18:59:28,25 - 34 años,Masculino,Guatemala,Santa Catarina Pinula,Estudiante,3 a 5 veces por semana,Tienda de barrio,Otro,Q101 - Q150,Mundialitos Queso Picante; CrunchMax BBQ,Picante Chapín,Individual,Q21 - Q30,Sí,Sí,Francia,Definitivamente sí,Inglaterra,Lionel Messi; Lamine Yamal; Neymar Jr.,Premios y sorteos,Sorteo de camisetas,No,Edición Brasil
1791,2026-03-19,15:01:23,Menos de 18 años,Femenino,Escuintla,Santa Lucía Cotzumalguapa,Empresario,3 a 5 veces por semana,Aplicación de delivery,Familia,Q101 - Q150,Gol Nachos Supreme; Fan Chips Jalapeño,Limón,Tamaño fiesta o reunión,Q21 - Q30,No,Sí,Inglaterra,Probablemente sí,Argentina,Lionel Messi,Un jugador famoso,2x1,Sí,Edición con jugadores famosos
1792,2026-01-21,13:24:54,35 - 44 años,Masculino,Guatemala,Villa Nueva,Empleado privado,Varias veces al mes,Supermercado,Compañeros de trabajo,Q101 - Q150,Caramel Goal Popcorn; Fan Chips Jalapeño,Barbacoa,Individual,Q16 - Q20,Sí,No,Argentina,Probablemente sí,Colombia,Ninguno,Una selección nacional,2x1,Sí,Edición Mundial FIFA 2026
1793,2026-03-03,08:27:43,55 años o más,Masculino,Guatemala,San Miguel Petapa,Empleado privado,Todos los días,Supermercado,Familia,Q101 - Q150,Fan Chips Jalapeño; FutbolMix; Caramel Goal Popcorn,Barbacoa,Familiar,Q10 - Q15,No,Sí,Estados Unidos,Probablemente sí,España,Harry Kane,Humor,Sorteo de camisetas,Sí,Edición con jugadores famosos
1794,2026-04-16,11:13:57,25 - 34 años,Prefiero no indicarlo,San Marcos,Cabecera municipal,Comerciante,1 a 2 veces por semana,Supermercado,Compañeros de trabajo,Q51 - Q100,Mundialitos Queso Picante,Limón,Familiar,Q16 - Q20,No,Sí,Argentina,Tal vez,Inglaterra,Vinícius Júnior; Lionel Messi; Jude Bellingham,Humor,Producto gratis,No,Edición Mundial FIFA 2026
1795,2026-04-08,13:00:15,55 años o más,Femenino,Guatemala,Mixco,Empresario,Rara vez,Tienda de barrio,Familia,Más de Q150,ChocoKick Bites,Queso,Tamaño fiesta o reunión,Q16 - Q20,Sí,No,México,Probablemente sí,México,Kylian Mbappé; Lionel Messi; Rodri,Premios y sorteos,Sorteo de viajes,No,Edición Inglaterra
1796,2026-03-16,18:13:38,18 - 24 años,Femenino,Escuintla,Palín,Empleado privado,Todos los días,,Amigos,Q25 - Q50,Mundialitos Queso Picante; Energy Crunch Protein,Barbacoa,Familiar,Q16 - Q20,Sí,Sí,Brasil,Definitivamente sí,Argentina,Lamine Yamal; Lionel Messi,Un jugador famoso,Sorteo de camisetas,Sí,Edición con jugadores famosos
1797,2026-02-07,22:16:58,Menos de 18 años,Masculino,Guatemala,Santa Catarina Pinula,Empleado público,1 a 2 veces por semana,Aplicación de delivery,Otro,Más de Q150,Fan Chips Jalapeño; Gol Nachos Supreme,Salado Tradicional,Tamaño fiesta o reunión,,Sí,Sí,Argentina,Probablemente sí,Francia,Cristiano Ronaldo; Neymar Jr.,Humor,Descuento directo,Sí,Edición Inglaterra
1798,2026-04-17,13:49:38,35 - 44 años,Masculino,El Progreso,Cabecera municipal,Empleado público,3 a 5 veces por semana,Supermercado,Compañeros de trabajo,Q51 - Q100,Energy Crunch Protein; Victory Pretzels,Barbacoa,Familiar,Q21 - Q30,Sí,Sí,Colombia,Tal vez,Argentina,Lionel Messi; Vinícius Júnior,Un jugador famoso,Producto gratis,Sí,Edición con jugadores famosos
1799,2026-01-23,21:59:18,45 - 54 años,Masculino,Quetzaltenango,Olintepeque,Profesional independiente,3 a 5 veces por semana,Tienda de barrio,Familia,Q25 - Q50,Caramel Goal Popcorn; CrunchMax BBQ; ChocoKick Bites,Queso,Familiar,Q21 - Q30,No,Sí,México,Probablemente sí,Francia,Cristiano Ronaldo; Neymar Jr.; Lionel Messi,Historias de aficionados,Descuento directo,No,Edición con jugadores famosos
1800,2026-03-12,07:49:48,Menos de 18 años,Femenino,Guatemala,Villa Nueva,Empresario,Rara vez,Gasolinera,Amigos,Q25 - Q50,CrunchMax BBQ,Queso,Para compartir entre 2 personas,Q10 - Q15,No,Sí,Portugal,Probablemente sí,Argentina,Neymar Jr.,Humor,Tarjetas coleccionables,No,Edición con tarjetas coleccionables
1801,2026-03-15,15:28:19,25 - 34 años,Femenino,Quetzaltenango,Quetzaltenango,Empleado público,Todos los días,Gasolinera,Familia,Q101 - Q150,Gol Nachos Supreme; Energy Crunch Protein,Queso,Familiar,Q10 - Q15,Sí,Sí,México,Probablemente no,España,Lionel Messi,Humor,Sorteo de balones,Sí,Edición Mundial FIFA 2026
1802,2026-04-20,15:32:44,Menos de 18 años,Masculino,Sacatepéquez,Antigua Guatemala,Empleado privado,3 a 5 veces por semana,Kiosco escolar/universitario,Amigos,Q25 - Q50,Mundialitos Queso Picante; Caramel Goal Popcorn,Barbacoa,Para compartir entre 2 personas,Q10 - Q15,Sí,Sí,México,Definitivamente sí, ESPAÑA ,Neymar Jr.; Lionel Messi; Cristiano Ronaldo,Un jugador famoso,Descuento directo,No,Edición con tarjetas coleccionables
1803,2026-03-22,08:35:01,18 - 24 años,Femenino,Quetzaltenango,Coatepeque,Estudiante,3 a 5 veces por semana,Tienda de barrio,Amigos,Menos de Q25,Fan Chips Jalapeño; Hot Stadium Peanuts; FutbolMix,Limón,Individual,Q16 - Q20,No,No,Argentina,Tal vez,Brasil,Rodri,Un jugador famoso,Producto gratis,Sí,Edición Mundial FIFA 2026
1804,2026-05-04,21:50:20,18 - 24 años,Femenino,Guatemala,Guatemala,Empresario,3 a 5 veces por semana,Tienda de barrio,Otro,Q101 - Q150,Fan Chips Jalapeño; Caramel Goal Popcorn; Hot Stadium Peanuts,Barbacoa,Familiar,Q16 - Q20,Sí,Sí,Portugal,Probablemente sí,Francia,Christian Pulisic; Vinícius Júnior; Lionel Messi,Una selección nacional,Tarjetas coleccionables,Sí,Edición Brasil
1805,2026-01-14,08:49:30,35 - 44 años,Masculino,Suchitepéquez,Suchitepéquez,Empleado público,3 a 5 veces por semana,Supermercado,Solo,Q25 - Q50,Mundialitos Queso Picante; Energy Crunch Protein; ChocoKick Bites,Queso,Individual,Más de Q30,No,No,España,Probablemente sí,Argentina,Kylian Mbappé,Humor,Descuento directo,Sí,Edición Mundial FIFA 2026
1806,2026-03-01,22:09:42,35 - 44 años,Masculino,Quiché,Cabecera municipal,Comerciante,3 a 5 veces por semana,Supermercado,Solo,Q25 - Q50,ChocoKick Bites,Picante Chapín,Para compartir entre 2 personas,Q10 - Q15,Sí,Sí,Brasil,Probablemente no,Portugal,Neymar Jr.; Lionel Messi; Harry Kane,Humor,Descuento directo,Sí,Edición Brasil
1807,2026-02-21,19:57:38,45 - 54 años,Femenino,Huehuetenango,Otro municipio,Comerciante,3 a 5 veces por semana,Tienda de barrio,Amigos,Q51 - Q100,Gol Nachos Supreme; Mundialitos Queso Picante; FutbolMix,Barbacoa,Familiar,Q21 - Q30,No,Sí,Portugal,Definitivamente sí,Alemania,Cristiano Ronaldo,Humor,Tarjetas coleccionables,Sí,Edición Argentina
1808,2026-03-08,12:03:13,25 - 34 años,Femenino,Guatemala,Mixco,Comerciante,1 a 2 veces por semana,Tienda de barrio,Familia,Q51 - Q100,FutbolMix; Fan Chips Jalapeño; Gol Nachos Supreme,Picante Chapín,Para compartir entre 2 personas,Q10 - Q15,No,Sí,Inglaterra,Tal vez,Argentina,Kylian Mbappé; Lamine Yamal; Federico Valverde,Humor,Descuento directo,Sí,Edición Francia
1809,2026-04-06,09:30:00,45 - 54 años,Femenino,Escuintla,Santa Lucía Cotzumalguapa,Empleado privado,1 a 2 veces por semana,Gasolinera,Familia,Q25 - Q50,Fan Chips Jalapeño; CrunchMax BBQ,Queso,Tamaño fiesta o reunión,Menos de Q10,Sí,Sí,Portugal,Tal vez,España,Vinícius Júnior; Jude Bellingham,Un jugador famoso,Descuento directo,Sí,Edición Francia
1810,2026-03-06,08:42:27,45 - 54 años,Masculino,Suchitepéquez,Otro municipio,Profesional independiente,1 a 2 veces por semana,Kiosco escolar/universitario,Familia,Q101 - Q150,Hot Stadium Peanuts; FutbolMix,Salado Tradicional,Individual,Q21 - Q30,No,Sí,Argentina,Tal vez,Argentina,Lionel Messi,Historias de aficionados,Tarjetas coleccionables,No,Edición Francia
1811,2026-03-18,13:34:08,45 - 54 años,Femenino,Guatemala,Villa Nueva,Estudiante,1 a 2 veces por semana,Supermercado,Familia,Q51 - Q100,Fan Chips Jalapeño; Gol Nachos Supreme; ChocoKick Bites,Chocolate,Familiar,Q10 - Q15,Sí,Sí,Portugal,Definitivamente sí,Francia,Cristiano Ronaldo; Kylian Mbappé; Vinícius Júnior,Un jugador famoso,2x1,No,Edición Mundial FIFA 2026
1812,2026-05-01,10:43:26,45 - 54 años,Femenino,Guatemala, SANTA CATARINA PINULA ,Empleado privado,1 a 2 veces por semana,Aplicación de delivery,Amigos,Q101 - Q150,Energy Crunch Protein,Picante Chapín,Familiar,Q21 - Q30,Sí,No,Portugal,Tal vez,Brasil,Lionel Messi; Cristiano Ronaldo,Historias de aficionados,Descuento directo,No,Edición Inglaterra
1813,2026-03-19,15:38:01,25 - 34 años,Masculino,Guatemala,Santa Catarina Pinula,Empleado privado,1 a 2 veces por semana,Gasolinera,Familia,Q25 - Q50,Gol Nachos Supreme; Mundialitos Queso Picante; ChocoKick Bites,Caramelo,Tamaño fiesta o reunión,Q21 - Q30,Sí,No,México,Definitivamente sí,México,Julián Álvarez; Kylian Mbappé; Lamine Yamal,Humor,Producto gratis,No,Edición Mundial FIFA 2026
1814,2026-04-09,17:47:28,25 - 34 años,Masculino, GUATEMALA ,San Miguel Petapa,Empleado público,3 a 5 veces por semana,Supermercado,Familia,Q101 - Q150,Victory Pretzels; ChocoKick Bites,Picante Chapín,Individual,Q10 - Q15,Sí,Sí,Austria,Definitivamente sí, ARGENTINA ,Alphonso Davies; Lionel Messi; Vinícius Júnior,Una selección nacional,Tarjetas coleccionables,Sí,Edición Brasil
1815,2026-01-23,11:51:43,18 - 24 años,Femenino,Guatemala,San Miguel Petapa,Estudiante,Varias veces al mes,Supermercado,Amigos,Q51 - Q100,Fan Chips Jalapeño,Limón,Familiar,Q16 - Q20,Sí,Sí,Colombia,Definitivamente sí,Portugal,Alphonso Davies,Un jugador famoso,Sorteo de viajes,Sí,Edición Francia
1816,2026-03-12,12:28:16,25 - 34 años,Masculino,Guatemala,Mixco,Empleado privado,Todos los días,Otro,Amigos,Q51 - Q100,Mundialitos Queso Picante; CrunchMax BBQ, PICANTE CHAPÍN ,Tamaño fiesta o reunión,Q10 - Q15,Sí,Sí,Argentina,Tal vez,Brasil,Neymar Jr.; Lionel Messi; Christian Pulisic,Humor,2x1,Sí,Edición España
1817,2026-03-04,17:25:30,25 - 34 años,Masculino,Guatemala, SAN MIGUEL PETAPA ,Profesional independiente,1 a 2 veces por semana,Tienda de barrio,Familia,Q51 - Q100,Mundialitos Queso Picante; Hot Stadium Peanuts; Victory Pretzels,Barbacoa,Familiar,Q10 - Q15,No,Sí,Alemania,Definitivamente no,Noruega,Cristiano Ronaldo; Ninguno,Premios y sorteos,Producto gratis,No,Edición con tarjetas coleccionables
1818,2026-02-17,18:37:27,45 - 54 años,Femenino,Guatemala,Santa Catarina Pinula,Empleado privado,Todos los días,Supermercado,Solo,Q25 - Q50,Caramel Goal Popcorn; Mundialitos Queso Picante; FutbolMix,Jalapeño,Para compartir entre 2 personas,Q16 - Q20,Sí,Sí,México,Tal vez,México,Cristiano Ronaldo,Una selección nacional,2x1,No,Edición Brasil
1819,2026-03-26,20:03:38,18 - 24 años,Femenino,Chimaltenango,Tecpán Guatemala,Comerciante,Todos los días,Supermercado,Familia,Menos de Q25,FutbolMix; Gol Nachos Supreme; ChocoKick Bites,Queso,Tamaño fiesta o reunión,Q10 - Q15,Sí,Sí,South Africa,Probablemente sí,Francia,Lionel Messi; Neymar Jr.,Premios y sorteos,Sorteo de balones,No,Edición con jugadores famosos
1820,2026-04-26,09:27:42,25 - 34 años,Femenino,Quetzaltenango,Quetzaltenango,Empleado privado,3 a 5 veces por semana,Tienda de barrio,Familia,Q101 - Q150,Fan Chips Jalapeño,Queso,Para compartir entre 2 personas,Q10 - Q15,Sí,Sí,Alemania,Probablemente no,México,Lionel Messi; Jude Bellingham,Una selección nacional,2x1,No,Edición con jugadores famosos
1821,2026-03-16,13:53:12,35 - 44 años,Prefiero no indicarlo,Guatemala,San Miguel Petapa,Comerciante,3 a 5 veces por semana,Gasolinera,Familia,Q51 - Q100,Energy Crunch Protein; CrunchMax BBQ; ChocoKick Bites,Salado Tradicional,Familiar,Q16 - Q20,No,No,Argentina,Probablemente no,Brasil,Cristiano Ronaldo,Historias de aficionados,Sorteo de viajes,Sí,Edición Inglaterra
1822,2026-04-22,20:01:35,18 - 24 años,Masculino,Guatemala,Villa Nueva,Comerciante,3 a 5 veces por semana,Aplicación de delivery,Solo,Q51 - Q100,Hot Stadium Peanuts,Caramelo,Tamaño fiesta o reunión,Menos de Q10,Sí,Sí,Argentina,Probablemente no,Francia,Vinícius Júnior,Historias de aficionados,Producto gratis,Sí,Edición Argentina
1823,2026-03-21,13:40:42,45 - 54 años,Masculino,Alta Verapaz,Otro municipio,Empleado privado,3 a 5 veces por semana,Otro,Amigos,Más de Q150,Fan Chips Jalapeño; CrunchMax BBQ,Barbacoa,Para compartir entre 2 personas,Q21 - Q30,Sí,Sí, COLOMBIA ,Tal vez,México,Kylian Mbappé; Ninguno,Premios y sorteos,Sorteo de balones,No,Edición Mundial FIFA 2026
1824,2026-03-23,12:37:09,Menos de 18 años,Femenino,Guatemala,Mixco,Empleado privado,Varias veces al mes,Kiosco escolar/universitario,Solo,Más de Q150,Fan Chips Jalapeño; Gol Nachos Supreme,Picante Chapín,Familiar,Q21 - Q30,Sí,Sí,Francia,Definitivamente no,Uruguay,Cristiano Ronaldo; Lionel Messi; Kylian Mbappé,Historias de aficionados,Descuento directo,No,Edición con jugadores famosos
1825,2026-03-12,11:12:12,18 - 24 años,Masculino,Sololá,Sololá,Comerciante,3 a 5 veces por semana,Tienda de barrio,Familia,Q51 - Q100,Mundialitos Queso Picante; Fan Chips Jalapeño,Queso,Tamaño fiesta o reunión,Q21 - Q30,Sí,Sí,Portugal,Probablemente sí,Portugal,Lionel Messi,Premios y sorteos,Descuento directo,Sí,Edición Brasil
1826,2026-03-03,10:12:55,Menos de 18 años,Femenino,Guate,Guatemala,Comerciante,Todos los días,Supermercado,Compañeros de trabajo,Q51 - Q100,ChocoKick Bites,Barbacoa,Individual,Q10 - Q15,Sí,Sí,México,Definitivamente sí,Francia,Rodri; Neymar Jr.; Cristiano Ronaldo,Una selección nacional,2x1,No,Edición con jugadores famosos
1827,2026-02-04,21:39:45,35 - 44 años,Femenino,Escuintla,,Ama de casa,Todos los días,Tienda de barrio,Otro,Q25 - Q50,Gol Nachos Supreme,Jalapeño,Para compartir entre 2 personas,Q16 - Q20,Sí,Sí,Portugal,Definitivamente sí, FRANCIA ,Kylian Mbappé,Historias de aficionados,Sorteo de camisetas,No,Edición con tarjetas coleccionables
1828,2026-03-30,21:48:15,25 - 34 años,Femenino,Chimaltenango,Chimaltenango,Estudiante,Rara vez,Supermercado,Amigos,Q25 - Q50,CrunchMax BBQ; Victory Pretzels; Hot Stadium Peanuts,Queso,Para compartir entre 2 personas,Q21 - Q30,No,Sí,Argentina,Tal vez,Argentina,Kylian Mbappé; Christian Pulisic; Federico Valverde,Un jugador famoso,Sorteo de balones,Sí,Edición Mundial FIFA 2026
1829,2026-03-02,19:59:53,55 años o más,Masculino,Guatemala,Mixco,Empleado privado,1 a 2 veces por semana,Otro,Familia,Q51 - Q100,CrunchMax BBQ; Mundialitos Queso Picante,Chocolate,Individual,Q16 - Q20,No,Sí,Portugal,Probablemente sí,Túnez,Julián Álvarez; Vinícius Júnior,Humor,Sorteo de balones,Sí,Edición Argentina
1830,2026-01-11,11:52:26,45 - 54 años,Femenino,Guatemala,Santa Catarina Pinula,Ama de casa,3 a 5 veces por semana,Gasolinera,Compañeros de trabajo,Q51 - Q100,CrunchMax BBQ; Fan Chips Jalapeño; Mundialitos Queso Picante,Salado Tradicional,Para compartir entre 2 personas,Q10 - Q15,Sí,Sí,Portugal,Tal vez,Argentina,Kylian Mbappé; Ninguno,Un jugador famoso,2x1,Sí,Edición con jugadores famosos
1831,2026-01-10,08:28:56,35 - 44 años,Femenino,Jalapa,Jalapa,Comerciante,1 a 2 veces por semana,Supermercado,Compañeros de trabajo,Q25 - Q50,Fan Chips Jalapeño,Jalapeño,Familiar,Q16 - Q20,Sí,Sí,Alemania,Probablemente sí, ALEMANIA ,Kylian Mbappé,Una selección nacional,2x1,No,Edición con jugadores famosos
1832,2026-02-21,18:01:09,18 - 24 años,Femenino,Guatemala,Santa Catarina Pinula,Empresario,1 a 2 veces por semana,Gasolinera,Amigos,Q25 - Q50,Caramel Goal Popcorn,Jalapeño,Para compartir entre 2 personas,Q16 - Q20,Sí,Sí,Inglaterra,Probablemente sí,Argentina,Harry Kane,Un jugador famoso,Sorteo de viajes,Sí,Edición con tarjetas coleccionables
1833,2026-01-25,20:55:07,25 - 34 años,Femenino,Baja Verapaz,Cabecera municipal,Profesional independiente,Rara vez,Supermercado,Amigos,Q101 - Q150,Hot Stadium Peanuts; Caramel Goal Popcorn; CrunchMax BBQ,Barbacoa,Individual,Q21 - Q30,No,Sí,Argentina,Tal vez,Francia,Cristiano Ronaldo; Neymar Jr.; Harry Kane,Historias de aficionados,Descuento directo,Sí,Edición Mundial FIFA 2026
1834,2026-04-16,20:26:24,18 - 24 años,Masculino,Guatemala,Santa Catarina Pinula,Otro,Todos los días,Supermercado,Familia,Q25 - Q50,CrunchMax BBQ,Jalapeño,Familiar,Q21 - Q30,Sí,Sí,Uruguay,Probablemente no,Canadá,Kylian Mbappé; Neymar Jr.; Cristiano Ronaldo,Una selección nacional,Descuento directo,No,Edición Argentina
1835,2026-04-16,21:43:53,25 - 34 años,Femenino,Guatemala,Mixco,Empleado privado,Varias veces al mes,Aplicación de delivery,Familia,Q25 - Q50,Fan Chips Jalapeño,Picante Chapín,Individual,Q21 - Q30,Sí,Sí,Brasil,Probablemente sí,Argentina,Lamine Yamal; Lionel Messi; Neymar Jr.,Una selección nacional,Sorteo de viajes,No,Edición con tarjetas coleccionables
1836,2026-02-05,07:42:48,18 - 24 años,Femenino,Guatemala,Guatemala,Estudiante,Varias veces al mes,Supermercado,Amigos,Q51 - Q100,Hot Stadium Peanuts; Caramel Goal Popcorn,Picante Chapín,Para compartir entre 2 personas,Q16 - Q20,Sí,Sí,Estados Unidos,Definitivamente sí,Colombia,Neymar Jr.; Lionel Messi,Una selección nacional,Tarjetas coleccionables,No,Edición España
1837,2026-04-05,19:48:16,Menos de 18 años,Masculino,Guatemala,Mixco,Empresario,1 a 2 veces por semana,Gasolinera,Compañeros de trabajo,Menos de Q25,Gol Nachos Supreme; Caramel Goal Popcorn,Limón,Individual,Q21 - Q30,Sí,Sí,Colombia,Tal vez,Portugal,Cristiano Ronaldo; Lionel Messi,Un jugador famoso,Producto gratis,No,Edición Francia
1838,2026-04-01,10:52:43,35 - 44 años,Femenino,Sacatepéquez,Jocotenango,Empleado privado,1 a 2 veces por semana,Gasolinera,Amigos,Menos de Q25,Hot Stadium Peanuts; Energy Crunch Protein; Caramel Goal Popcorn,Chocolate,Familiar,Q10 - Q15,Sí,Sí,Argentina,Tal vez,Argentina,Kylian Mbappé; Lionel Messi; Cristiano Ronaldo,Premios y sorteos,Descuento directo,Sí,Edición Francia
1839,2026-02-27,22:42:21,25 - 34 años,Masculino,Guatemala,Guatemala,Empleado privado,1 a 2 veces por semana,Supermercado,Familia,Q101 - Q150,Fan Chips Jalapeño, SALADO TRADICIONAL ,Tamaño fiesta o reunión,Q21 - Q30,Sí,Sí,Estados Unidos,Probablemente no,Portugal,Lamine Yamal,Una selección nacional,2x1,No,Edición con jugadores famosos
1840,2026-04-11,07:00:34,25 - 34 años,Femenino,Guatemala,Mixco,Empleado público,Varias veces al mes,Supermercado,Familia,Q25 - Q50,Victory Pretzels; Fan Chips Jalapeño,Jalapeño,Familiar,Q10 - Q15,No,Sí,Portugal,Probablemente sí,Francia,Lamine Yamal; Neymar Jr.,Un jugador famoso,Sorteo de camisetas,No,Edición Francia
1841,2026-03-25,19:14:07,18 - 24 años,Femenino,Baja Verapaz,Baja Verapaz,Empleado público,Todos los días,Tienda de barrio,Familia,Q25 - Q50,Mundialitos Queso Picante,Picante Chapín,Individual,Q21 - Q30,Sí,No,Senegal,Tal vez,Francia,Kylian Mbappé,Historias de aficionados,Sorteo de camisetas,Sí,Edición con tarjetas coleccionables
1842,2026-04-26,21:25:01,18 - 24 años,Masculino,Chimaltenango, CHIMALTENANGO ,Empresario,Todos los días,Aplicación de delivery,Familia,Menos de Q25,Fan Chips Jalapeño,Salado Tradicional,Tamaño fiesta o reunión,Q10 - Q15,No,Sí,Argentina,Definitivamente sí,Argentina,Federico Valverde; Lamine Yamal,Una selección nacional,Descuento directo,Sí,Edición Mundial FIFA 2026
1843,2026-02-17,21:59:37,35 - 44 años,Femenino,Guatemala,Mixco,Empresario,Todos los días,Tienda de barrio,Familia,Q51 - Q100,Victory Pretzels; CrunchMax BBQ,Queso,Tamaño fiesta o reunión,Q10 - Q15,Sí,Sí,Curaçao,Probablemente sí,Portugal,Neymar Jr.; Kylian Mbappé; Cristiano Ronaldo,Premios y sorteos,Sorteo de viajes,No,Edición Argentina
1844,2026-01-20,18:52:39,35 - 44 años,Femenino,Sacatepéquez,Sumpango,Ama de casa,1 a 2 veces por semana,Supermercado,Familia,Q25 - Q50,CrunchMax BBQ; Mundialitos Queso Picante; Fan Chips Jalapeño,Limón,Individual,Q16 - Q20,Sí,Sí,México,Probablemente sí,Portugal,Cristiano Ronaldo,Premios y sorteos,Sorteo de camisetas,Sí,Edición Argentina
1845,2026-02-18,14:14:36,18 - 24 años,Femenino,Quetzaltenango,Quetzaltenango,Profesional independiente,Varias veces al mes,Supermercado,Compañeros de trabajo,Q25 - Q50,Caramel Goal Popcorn; Energy Crunch Protein,Jalapeño,Familiar,Q16 - Q20,No,Sí,Panamá,Definitivamente sí,Brasil,Ninguno; Kylian Mbappé; Julián Álvarez,Una selección nacional,Tarjetas coleccionables,Sí,Edición Argentina
1846,2026-02-08,11:36:34,Menos de 18 años,Femenino,El Progreso,Cabecera municipal,Profesional independiente,Varias veces al mes,Gasolinera,Amigos,Menos de Q25,FutbolMix; ChocoKick Bites; Fan Chips Jalapeño,Jalapeño,Para compartir entre 2 personas,Q10 - Q15,No,Sí,México,Probablemente sí,España,Jude Bellingham,Humor,Sorteo de balones,Sí,Edición con jugadores famosos
1847,2026-03-23,22:58:12,25 - 34 años,Femenino,Guatemala,San Miguel Petapa,Ama de casa,1 a 2 veces por semana,Supermercado,Familia,Q25 - Q50,CrunchMax BBQ; Mundialitos Queso Picante,Queso,Familiar,Q21 - Q30,No,Sí,Francia,Definitivamente sí,Colombia,Julián Álvarez,Historias de aficionados,2x1,Sí,Edición Argentina
1848,2026-02-18,19:40:08,25 - 34 años,Femenino,Santa Rosa,Santa Rosa,Comerciante,1 a 2 veces por semana,Tienda de barrio,Amigos,Q101 - Q150,Gol Nachos Supreme; CrunchMax BBQ; Hot Stadium Peanuts,Limón,Familiar,Q21 - Q30,Sí,Sí,Portugal,Definitivamente sí,Argentina,Neymar Jr.; Cristiano Ronaldo; Vinícius Júnior,Una selección nacional,Descuento directo,Sí,Edición Francia
1849,2026-02-24,18:38:03,25 - 34 años,Prefiero no indicarlo,Petén,San Benito,Empleado público,Rara vez,Gasolinera,Familia,Q101 - Q150,Victory Pretzels; Fan Chips Jalapeño,Dulce,Familiar,Q10 - Q15,Sí,Sí,Paraguay,Tal vez,Argentina,Lionel Messi,Premios y sorteos,Descuento directo,Sí,Edición Francia
1850,2026-04-11,22:42:37,25 - 34 años,Femenino,San Marcos,San Marcos,Empleado privado,Varias veces al mes,Supermercado,Amigos,Menos de Q25,Fan Chips Jalapeño, BARBACOA ,Para compartir entre 2 personas,Q21 - Q30,No,No,Argentina,Definitivamente sí,Argentina,Cristiano Ronaldo,Un jugador famoso,Descuento directo,Sí,Edición con tarjetas coleccionables
1851,2026-03-04,10:29:14,18 - 24 años,Femenino,El Progreso,El Progreso,Comerciante,1 a 2 veces por semana,Otro,Familia,Q51 - Q100,Gol Nachos Supreme, BARBACOA ,Familiar,Q10 - Q15,No,Sí,México,Definitivamente sí,Brasil,Ninguno; Jude Bellingham,Un jugador famoso,Sorteo de balones,No,Edición Francia
1852,2026-03-24,21:17:08,18 - 24 años,Femenino,Guatemala,San Miguel Petapa,Empleado privado,Todos los días,Supermercado,Familia,Menos de Q25,Gol Nachos Supreme; Energy Crunch Protein,Barbacoa,Tamaño fiesta o reunión,Q16 - Q20,Sí,Sí, ARGENTINA ,Tal vez,Argentina,Lamine Yamal; Lionel Messi; Christian Pulisic,Historias de aficionados,2x1,No,Edición con jugadores famosos
1853,2026-02-22,08:22:27,35 - 44 años,Masculino,Jalapa,Otro municipio,Ama de casa,1 a 2 veces por semana,Tienda de barrio,Amigos,Q51 - Q100,Mundialitos Queso Picante,Limón,Individual,Q10 - Q15,Sí,Sí,Japón,Probablemente sí,Argentina,Cristiano Ronaldo,Premios y sorteos,Sorteo de viajes,Sí,Edición España
1854,2026-01-25,08:31:44,25 - 34 años,Femenino,Zacapa,Cabecera municipal,Empleado privado,1 a 2 veces por semana,Gasolinera,Compañeros de trabajo,Más de Q150,CrunchMax BBQ; Caramel Goal Popcorn,Picante Chapín,Para compartir entre 2 personas,Q16 - Q20,No,Sí,México,Tal vez,Bélgica,Lionel Messi,Un jugador famoso,2x1,Sí,Edición Brasil
1855,2026-01-10,14:18:36,25 - 34 años,Masculino,Sacatepéquez,Jocotenango,Empleado privado,Varias veces al mes,Supermercado,Amigos,Q51 - Q100,Fan Chips Jalapeño; CrunchMax BBQ,Barbacoa,Individual,Q10 - Q15,No,No,Portugal,Probablemente sí,Francia,Rodri; Vinícius Júnior,Premios y sorteos,Descuento directo,Sí,Edición Brasil
1856,2026-01-26,11:41:44,35 - 44 años,Femenino,Guatemala,San Miguel Petapa,Estudiante,3 a 5 veces por semana,Otro,Amigos,Q25 - Q50,Energy Crunch Protein,Limón,Familiar,Q21 - Q30,Sí,Sí,Portugal,Tal vez,México,Cristiano Ronaldo; Neymar Jr.; Lionel Messi,Humor,Descuento directo,Sí,Edición Francia
1857,2026-03-11,09:00:56,18 - 24 años,Femenino,Escuintla,Santa Lucía Cotzumalguapa,Profesional independiente,Varias veces al mes,Aplicación de delivery,Amigos,Q25 - Q50,Hot Stadium Peanuts,Queso,Tamaño fiesta o reunión,Q10 - Q15,Sí,Sí,Francia,Probablemente sí,Cabo Verde,Christian Pulisic; Lionel Messi,Humor,2x1,No,Edición Mundial FIFA 2026
1858,2026-02-04,19:39:19,35 - 44 años,Masculino,Guatemala,Santa Catarina Pinula,Empresario,Varias veces al mes,Gasolinera,Amigos,Q51 - Q100,FutbolMix; Caramel Goal Popcorn,Barbacoa,Individual,Q21 - Q30,Sí,Sí,Francia,Probablemente sí,México,Jude Bellingham,Una selección nacional,Tarjetas coleccionables,No,Edición con jugadores famosos
1859,2026-04-14,09:53:10,25 - 34 años,Femenino,Guatemala,Villa Nueva,Empleado privado,1 a 2 veces por semana,Gasolinera,Amigos,Menos de Q25,FutbolMix; Hot Stadium Peanuts; Fan Chips Jalapeño,Jalapeño,Para compartir entre 2 personas,Más de Q30,Sí,Sí,Portugal,Tal vez,Brasil,Christian Pulisic,Una selección nacional,2x1,No,Edición Argentina
1860,2026-03-01,09:52:07,55 años o más,Prefiero no indicarlo, GUATEMALA ,Mixco,Comerciante,1 a 2 veces por semana,Supermercado,Amigos,Q25 - Q50,Fan Chips Jalapeño; CrunchMax BBQ,Jalapeño,Familiar,Q21 - Q30,Sí,Sí,Portugal,Tal vez,Brasil,Kylian Mbappé; Neymar Jr.; Cristiano Ronaldo,Una selección nacional,Sorteo de camisetas,Sí,Edición Argentina
1861,2026-02-05,13:18:56,18 - 24 años,Femenino,Jalapa,Jalapa,Empleado público,3 a 5 veces por semana,Tienda de barrio,Compañeros de trabajo,Q51 - Q100,Fan Chips Jalapeño; Victory Pretzels; Hot Stadium Peanuts,Dulce,Tamaño fiesta o reunión,Q16 - Q20,Sí,No, FRANCIA ,Definitivamente no,Portugal,Lionel Messi,Una selección nacional,2x1,Sí,Edición Brasil
1862,2026-05-08,08:57:39,45 - 54 años,Femenino,Sacatepéquez,Antigua Guatemala,Otro,Varias veces al mes,Aplicación de delivery,Amigos,Q51 - Q100,Gol Nachos Supreme; CrunchMax BBQ; ChocoKick Bites,Barbacoa,Individual,Q16 - Q20,Sí,Sí,Brasil,Definitivamente sí,Argentina,Neymar Jr.,Historias de aficionados,Tarjetas coleccionables,No,Edición España
1863,2026-02-03,17:14:43,35 - 44 años,Masculino,Zacapa,Cabecera municipal,Otro,3 a 5 veces por semana,Gasolinera,Amigos,Q101 - Q150,Energy Crunch Protein; Gol Nachos Supreme; Caramel Goal Popcorn,Limón,Tamaño fiesta o reunión,Q21 - Q30,Sí,Sí,Argentina,Tal vez,Brasil,Vinícius Júnior; Lionel Messi; Neymar Jr.,Premios y sorteos,Descuento directo,No,Edición Argentina
1864,2026-03-09,22:49:11,Menos de 18 años,Masculino,Sacatepéquez,Ciudad Vieja,Ama de casa,Varias veces al mes,Supermercado,Amigos,Q51 - Q100,Victory Pretzels,Salado Tradicional,Tamaño fiesta o reunión,Q16 - Q20,Sí,Sí,Brasil,Definitivamente sí,Francia,Federico Valverde; Jude Bellingham; Lionel Messi,Humor,Sorteo de balones,Sí,Edición Mundial FIFA 2026
1865,2026-03-11,21:05:31,25 - 34 años,Femenino,Guatemala,Guatemala,Ama de casa,3 a 5 veces por semana,Tienda de barrio,Otro,Más de Q150,Mundialitos Queso Picante; CrunchMax BBQ,Queso,Tamaño fiesta o reunión,Q10 - Q15,Sí,Sí,México,Tal vez,Argentina,Cristiano Ronaldo; Lionel Messi,Un jugador famoso,Descuento directo,No,Edición Mundial FIFA 2026
1866,2026-03-08,22:09:15,25 - 34 años,Femenino, GUATEMALA ,Santa Catarina Pinula,Estudiante,Varias veces al mes,Gasolinera,Amigos,Q101 - Q150,Mundialitos Queso Picante; Fan Chips Jalapeño,Jalapeño,Tamaño fiesta o reunión,Q21 - Q30,Sí,No,Brasil,Definitivamente sí,Argentina,Harry Kane,Un jugador famoso,2x1,No,Edición Argentina
1867,2026-04-06,08:18:00,45 - 54 años,Masculino,Guatemala,Santa Catarina Pinula,Empresario,1 a 2 veces por semana,Supermercado,Familia,Q25 - Q50,Mundialitos Queso Picante; ChocoKick Bites; CrunchMax BBQ,Barbacoa,Tamaño fiesta o reunión,Q10 - Q15,No,No,Portugal,Probablemente sí,México,Julián Álvarez,Un jugador famoso,Descuento directo,No,Edición Brasil
1868,2026-02-27,15:00:49,45 - 54 años,Masculino,Chimaltenango,Tecpán Guatemala,Empleado privado,Todos los días,Tienda de barrio,Familia,Q101 - Q150,ChocoKick Bites; CrunchMax BBQ,Picante Chapín,Individual,Q21 - Q30,Sí,Sí,Argentina,Probablemente no,Francia,Cristiano Ronaldo; Ninguno; Vinícius Júnior,Humor,Sorteo de camisetas,Sí,Edición Argentina
1869,2026-01-23,22:39:39,Menos de 18 años,Masculino,Chimaltenango,Patzún,Estudiante,Todos los días,Supermercado,Amigos,Q51 - Q100,Energy Crunch Protein; FutbolMix,Dulce,Familiar,Q16 - Q20,Sí,Sí,Brasil,Probablemente sí,Brasil,Kylian Mbappé,Una selección nacional,Descuento directo,Sí,Edición Mundial FIFA 2026
1870,2026-04-28,12:00:10,25 - 34 años,Femenino,Baja Verapaz,Baja Verapaz,Profesional independiente,3 a 5 veces por semana,Supermercado,Amigos,Q25 - Q50,Fan Chips Jalapeño; Mundialitos Queso Picante,Jalapeño,Para compartir entre 2 personas,Q16 - Q20,Sí,No,México,Definitivamente no,España,Lionel Messi,Historias de aficionados,Tarjetas coleccionables,Sí,Edición Francia
1871,2026-02-12,08:42:43,45 - 54 años,Masculino,Guatemala,Mixco,Empleado privado,Todos los días,Gasolinera,Familia,Q25 - Q50,Hot Stadium Peanuts; CrunchMax BBQ,Picante Chapín,Tamaño fiesta o reunión,Q21 - Q30,Sí,No,Brasil,Definitivamente sí,Argentina,Jude Bellingham,Un jugador famoso,2x1,Sí,Edición con jugadores famosos
1872,2026-02-13,08:08:40,55 años o más,Femenino,Baja Verapaz,Cabecera municipal,Comerciante,3 a 5 veces por semana,Kiosco escolar/universitario,Familia,Q51 - Q100,Fan Chips Jalapeño; Victory Pretzels,Limón,Tamaño fiesta o reunión,Q21 - Q30,Sí,Sí,Brasil,Definitivamente sí,Francia,Neymar Jr.; Kylian Mbappé; Julián Álvarez,Una selección nacional,2x1,Sí,Edición con jugadores famosos
1873,2026-05-02,17:42:34,35 - 44 años,Femenino,Guatemala,San Miguel Petapa,Comerciante,Varias veces al mes,Supermercado,Familia,Q25 - Q50,FutbolMix,Limón,Familiar,Q16 - Q20,Sí,Sí,México,Definitivamente sí,Argentina,Jude Bellingham; Kylian Mbappé,Humor,Producto gratis,Sí,Edición Argentina
1874,2026-04-03,18:04:53,25 - 34 años,Masculino,Huehuetenango,Otro municipio,Empleado privado,Todos los días,Gasolinera,Amigos,Menos de Q25,Mundialitos Queso Picante; CrunchMax BBQ; Fan Chips Jalapeño,Picante Chapín,Familiar,Q16 - Q20,Sí,Sí,Brasil,Tal vez,Austria,Jude Bellingham; Neymar Jr.; Alphonso Davies,Un jugador famoso,Sorteo de camisetas,No,Edición España
1875,2026-04-25,12:50:53,35 - 44 años,Femenino,Zacapa,Zacapa,Comerciante,1 a 2 veces por semana,Tienda de barrio,Familia,Q25 - Q50,Fan Chips Jalapeño; FutbolMix,Limón,Individual,Q10 - Q15,Sí,No,Inglaterra,Tal vez,Brasil,Alphonso Davies; Neymar Jr.; Lionel Messi,Premios y sorteos,2x1,Sí,Edición Argentina
1876,2026-02-08,19:33:40,25 - 34 años,Masculino,Petén,,Estudiante,Varias veces al mes,Supermercado,Familia,Menos de Q25,Fan Chips Jalapeño,Chocolate,Familiar,Más de Q30,Sí,Sí,Estados Unidos,Tal vez,Argentina,Cristiano Ronaldo; Neymar Jr.,Humor,Sorteo de viajes,No,Edición Inglaterra
1877,2026-01-21,22:34:38,18 - 24 años,Femenino,El Progreso,Cabecera municipal,Estudiante,Varias veces al mes,Supermercado,Amigos,Más de Q150,Mundialitos Queso Picante; Caramel Goal Popcorn,Picante Chapín,Familiar,Q10 - Q15,No,Sí,Inglaterra,Definitivamente no,Portugal,Lamine Yamal; Neymar Jr.; Vinícius Júnior,Una selección nacional,Producto gratis,No,Edición España
1878,2026-03-29,14:05:57,18 - 24 años,Masculino,Escuintla,Escuintla,Otro,Todos los días,Tienda de barrio,Amigos,Q51 - Q100,Hot Stadium Peanuts; ChocoKick Bites,Caramelo,Individual,Q10 - Q15,No,No,Argentina,Definitivamente sí,Francia,Neymar Jr.; Federico Valverde; Lamine Yamal,Historias de aficionados,Producto gratis,No,Edición con jugadores famosos
1879,2026-04-01,13:00:47,25 - 34 años,Masculino,Escuintla,Santa Lucía Cotzumalguapa,Empleado privado,1 a 2 veces por semana,Kiosco escolar/universitario,Familia,Q51 - Q100,Mundialitos Queso Picante; FutbolMix; Caramel Goal Popcorn,Picante Chapín,Para compartir entre 2 personas,Q16 - Q20,Sí,No,Estados Unidos,Probablemente sí,Inglaterra,Cristiano Ronaldo,Una selección nacional,2x1,Sí,Edición Francia
1880,2026-03-06,21:22:56,35 - 44 años,Femenino,Escuintla,Escuintla,Ama de casa,1 a 2 veces por semana,Gasolinera,Familia,Q51 - Q100,Hot Stadium Peanuts; Mundialitos Queso Picante,Jalapeño,Tamaño fiesta o reunión,Q16 - Q20,Sí,Sí,Portugal,Tal vez,Brasil,Neymar Jr.; Federico Valverde,Premios y sorteos,Tarjetas coleccionables,Sí,Edición Brasil
1881,2026-02-15,07:45:55,25 - 34 años,Masculino,Guatemala,Mixco,Estudiante,Todos los días,Supermercado,Familia,Q25 - Q50,CrunchMax BBQ,Picante Chapín,Individual,Q10 - Q15,Sí,Sí,Uruguay,Definitivamente sí, MÉXICO ,Jude Bellingham; Cristiano Ronaldo,Humor,Producto gratis,Sí,Edición Francia
1882,2026-01-15,18:34:28,55 años o más,Masculino,Escuintla,Escuintla,Comerciante,3 a 5 veces por semana,Otro,Familia,Q25 - Q50,ChocoKick Bites; CrunchMax BBQ,Barbacoa,Familiar,Q10 - Q15,No,Sí,Inglaterra,Probablemente no,México,Lionel Messi; Christian Pulisic; Lamine Yamal,Un jugador famoso,Sorteo de camisetas,Sí,Edición Brasil
1883,2026-04-08,09:45:44,35 - 44 años,Femenino,Zacapa,Zacapa,Empleado privado,3 a 5 veces por semana,Aplicación de delivery,Familia,Q25 - Q50,Hot Stadium Peanuts; Energy Crunch Protein,Picante Chapín,Tamaño fiesta o reunión,Q16 - Q20,Sí,Sí,Brasil,Probablemente sí,España,Lionel Messi; Vinícius Júnior; Cristiano Ronaldo,Una selección nacional,Sorteo de camisetas,No,Edición Brasil
1884,2026-04-20,07:14:49,18 - 24 años,Femenino,Sololá,Sololá,Estudiante,Varias veces al mes,Supermercado,Amigos,Q51 - Q100,Fan Chips Jalapeño; Mundialitos Queso Picante,Salado Tradicional,Familiar,Q21 - Q30,Sí,No,Argentina,Definitivamente sí,Francia,Neymar Jr.,Un jugador famoso,Descuento directo,No,Edición Mundial FIFA 2026
1885,2026-02-11,08:37:26,25 - 34 años,Masculino,Huehuetenango,Huehuetenango,Estudiante,3 a 5 veces por semana,Kiosco escolar/universitario,Familia,Q51 - Q100,Gol Nachos Supreme; Caramel Goal Popcorn,Limón,Individual,Q21 - Q30,No,Sí,Francia,Probablemente sí,México,Cristiano Ronaldo,Premios y sorteos,Tarjetas coleccionables,Sí,Edición con jugadores famosos
1886,2026-05-09,10:59:08,55 años o más,Femenino,Escuintla,Palín,Empleado privado,1 a 2 veces por semana,Supermercado,Familia,Q51 - Q100,Gol Nachos Supreme; Fan Chips Jalapeño; Hot Stadium Peanuts,Picante Chapín,Para compartir entre 2 personas,Q21 - Q30,No,Sí,South Africa,Probablemente sí,Brasil,Lionel Messi; Federico Valverde,Un jugador famoso,2x1,Sí,Edición Inglaterra
1887,2026-01-16,17:41:50,25 - 34 años,Masculino,Quetzaltenango,Olintepeque,Otro,1 a 2 veces por semana,Supermercado,Familia,Q51 - Q100,Fan Chips Jalapeño,Limón,Familiar,Q21 - Q30,Sí,Sí,Brasil,Definitivamente no, COLOMBIA ,Neymar Jr.,Una selección nacional,Producto gratis,No,Edición Inglaterra
1888,2026-02-17,11:08:19,25 - 34 años,Masculino,Chimaltenango,Chimaltenango,Empleado público,3 a 5 veces por semana,Tienda de barrio,Amigos,Q51 - Q100,Fan Chips Jalapeño; Gol Nachos Supreme; Mundialitos Queso Picante,Limón,Familiar,Menos de Q10,Sí,Sí,Francia,Probablemente sí,México,Cristiano Ronaldo,Premios y sorteos,2x1,No,Edición con jugadores famosos
1889,2026-04-29,12:59:44,25 - 34 años,Femenino,Guatemala,Villa Nueva,Empresario,Varias veces al mes,Tienda de barrio,Familia,Q25 - Q50,FutbolMix; Mundialitos Queso Picante,Jalapeño,Familiar,Q21 - Q30,Sí,Sí, BRASIL ,Probablemente sí,Estados Unidos,Lionel Messi; Lamine Yamal; Julián Álvarez,Una selección nacional,Producto gratis,No,Edición Brasil
1890,2026-04-19,17:00:28,35 - 44 años,Femenino,Guatemala,Santa Catarina Pinula,Empleado privado,1 a 2 veces por semana,Supermercado,Familia,Q51 - Q100,ChocoKick Bites; CrunchMax BBQ; Caramel Goal Popcorn,Queso,Individual,Q16 - Q20,No,Sí,Argentina,Definitivamente sí,Austria,Neymar Jr.; Alphonso Davies,Premios y sorteos,Tarjetas coleccionables,No,Edición Francia
1891,2026-04-20,11:59:53,25 - 34 años,Prefiero no indicarlo,Guatemala,Mixco,Empleado privado,1 a 2 veces por semana,Tienda de barrio,Amigos,Q25 - Q50,ChocoKick Bites; Caramel Goal Popcorn; CrunchMax BBQ,Barbacoa,Familiar,Menos de Q10,Sí,Sí,Brasil,Tal vez,Francia,Vinícius Júnior; Julián Álvarez; Jude Bellingham,Un jugador famoso,Producto gratis,Sí,Edición Argentina
1892,2026-03-14,10:02:11,25 - 34 años,Prefiero no indicarlo,Izabal,Otro municipio,Estudiante,Rara vez,Tienda de barrio,Familia,Q51 - Q100,FutbolMix,Salado Tradicional,Para compartir entre 2 personas,Q16 - Q20,Sí,Sí,Portugal,Tal vez,Francia,Jude Bellingham; Vinícius Júnior,Humor,Tarjetas coleccionables,No,Edición Brasil
1893,2026-02-11,16:15:44,18 - 24 años,Femenino,Guatemala,Santa Catarina Pinula,Profesional independiente,1 a 2 veces por semana,Aplicación de delivery,Solo,Q51 - Q100,Fan Chips Jalapeño,Limón,Para compartir entre 2 personas,Q10 - Q15,Sí,Sí,México,Tal vez,Argentina,Jude Bellingham,Una selección nacional,2x1,Sí,Edición Inglaterra
1894,2026-03-20,14:21:21,35 - 44 años,Prefiero no indicarlo,Petén,,Empleado privado,1 a 2 veces por semana,Tienda de barrio,Compañeros de trabajo,Q101 - Q150,Hot Stadium Peanuts; Caramel Goal Popcorn; Victory Pretzels,Dulce,Individual,Q16 - Q20,Sí,Sí,México,Definitivamente sí,Inglaterra,Christian Pulisic; Lionel Messi; Cristiano Ronaldo,Premios y sorteos,Producto gratis,Sí,Edición Mundial FIFA 2026
1895,2026-01-29,20:02:31,18 - 24 años,Femenino,Izabal,Otro municipio,Empresario,1 a 2 veces por semana,Kiosco escolar/universitario,Amigos,Q51 - Q100,Gol Nachos Supreme; Caramel Goal Popcorn; Hot Stadium Peanuts, QUESO ,Tamaño fiesta o reunión,Q21 - Q30,Sí,Sí,Portugal,Probablemente sí,Argentina,Cristiano Ronaldo; Neymar Jr.,Premios y sorteos,Producto gratis,Sí,Edición Brasil
1896,2026-03-07,22:27:54,25 - 34 años,Femenino,Escuintla,Palín,Comerciante,Todos los días,Tienda de barrio,Compañeros de trabajo,Q101 - Q150,Fan Chips Jalapeño; Hot Stadium Peanuts; Gol Nachos Supreme,Queso,Para compartir entre 2 personas,Q10 - Q15,Sí,No,Portugal,Probablemente sí,Inglaterra,Ninguno; Cristiano Ronaldo; Julián Álvarez,Historias de aficionados,Tarjetas coleccionables,Sí,Edición Francia
1897,2026-03-07,20:10:12,35 - 44 años,Masculino,Chiquimula,Otro municipio,Empresario,Todos los días,Aplicación de delivery,Familia,Q51 - Q100,Energy Crunch Protein; Mundialitos Queso Picante,Salado Tradicional,Individual,Q21 - Q30,Sí,No,Francia,Probablemente sí,Francia,Lionel Messi; Cristiano Ronaldo,Un jugador famoso,2x1,Sí,Edición Inglaterra
1898,2026-03-21,17:16:38,Menos de 18 años,Masculino,Chiquimula,Cabecera municipal,Empleado público,Todos los días,Supermercado,Amigos,Menos de Q25,CrunchMax BBQ; Mundialitos Queso Picante,Queso,Tamaño fiesta o reunión,Q10 - Q15,Sí,Sí,México,Tal vez,Túnez,Jude Bellingham,Historias de aficionados,Tarjetas coleccionables,No,Edición con tarjetas coleccionables
1899,2026-04-03,17:40:08,Menos de 18 años,Masculino,Escuintla,Escuintla,Empleado público,3 a 5 veces por semana,Gasolinera,Familia,Menos de Q25,CrunchMax BBQ; Mundialitos Queso Picante,Salado Tradicional,Familiar,Q16 - Q20,Sí,Sí,Brasil,Probablemente sí,Inglaterra,Kylian Mbappé,Premios y sorteos,Tarjetas coleccionables,Sí,Edición con tarjetas coleccionables
1900,2026-03-13,16:23:35,25 - 34 años,Masculino,Guatemala,Villa Nueva,Comerciante,Varias veces al mes,Kiosco escolar/universitario,Amigos,Q25 - Q50,CrunchMax BBQ; Gol Nachos Supreme,Queso,Familiar,Q21 - Q30,No,Sí,Argentina,Probablemente sí,Brasil,Vinícius Júnior; Lionel Messi,Historias de aficionados,Sorteo de camisetas,Sí,Edición Brasil
1901,2026-03-10,13:15:29,Menos de 18 años,Femenino,Zacapa,Otro municipio,Empleado privado,Todos los días,Tienda de barrio,Amigos,Q51 - Q100,FutbolMix; Hot Stadium Peanuts; Caramel Goal Popcorn,Barbacoa,Para compartir entre 2 personas,Q10 - Q15,No,Sí,España,Definitivamente sí,Inglaterra,Julián Álvarez; Neymar Jr.; Lionel Messi,Una selección nacional,Sorteo de viajes,Sí,Edición Argentina
1902,2026-04-20,08:58:56,45 - 54 años,Femenino,Guatemala,Santa Catarina Pinula,Comerciante,Todos los días,Tienda de barrio,Amigos,Más de Q150,CrunchMax BBQ; Gol Nachos Supreme,Queso,Individual,,Sí,Sí,Irak,Tal vez,Alemania,Cristiano Ronaldo; Lionel Messi,Una selección nacional,Sorteo de camisetas,Sí,Edición con jugadores famosos
1903,2026-04-16,12:49:43,55 años o más,Femenino,Guatemala,Guatemala,Comerciante,Varias veces al mes,Tienda de barrio,Amigos,Más de Q150,CrunchMax BBQ,Caramelo,Para compartir entre 2 personas,Q16 - Q20,Sí,Sí,Bélgica,Probablemente sí,Inglaterra,Christian Pulisic; Kylian Mbappé,Historias de aficionados,Sorteo de camisetas,No,Edición Mundial FIFA 2026
1904,2026-02-28,09:41:09,35 - 44 años,Masculino,Retalhuleu,Otro municipio,Empleado privado,1 a 2 veces por semana,Tienda de barrio,Familia,Q51 - Q100,Gol Nachos Supreme; Mundialitos Queso Picante,Barbacoa,Para compartir entre 2 personas,Q10 - Q15,Sí,Sí,Estados Unidos,Definitivamente sí,España,Christian Pulisic,Premios y sorteos,Sorteo de viajes,Sí,Edición Mundial FIFA 2026
1905,2026-04-02,09:15:01,18 - 24 años,Masculino,Quetzaltenango,Coatepeque,Empleado privado,1 a 2 veces por semana,Gasolinera,Compañeros de trabajo,Q25 - Q50,CrunchMax BBQ; Gol Nachos Supreme,Jalapeño,Familiar,Q10 - Q15,Sí,Sí,Brasil,Probablemente no,Portugal,Lionel Messi; Alphonso Davies,Premios y sorteos,Descuento directo,No,Edición España
1906,2026-01-28,14:08:14,25 - 34 años,Masculino,Guatemala,San Miguel Petapa,Ama de casa,3 a 5 veces por semana,Otro,Compañeros de trabajo,Q51 - Q100,CrunchMax BBQ; Gol Nachos Supreme; Fan Chips Jalapeño,Queso,Tamaño fiesta o reunión,Q10 - Q15,Sí,Sí,Portugal,Tal vez,Brasil,Neymar Jr.,Un jugador famoso,Descuento directo,No,Edición con tarjetas coleccionables
1907,2026-01-23,18:49:32,Menos de 18 años,Masculino,Chiquimula,Otro municipio,Empleado público,Todos los días,Tienda de barrio,Compañeros de trabajo,Q51 - Q100,Gol Nachos Supreme; CrunchMax BBQ,nan,Para compartir entre 2 personas,Q21 - Q30,Sí,Sí,México,Probablemente sí,Alemania,Neymar Jr.; Federico Valverde,Premios y sorteos,2x1,Sí,Edición con jugadores famosos
1908,2026-01-27,08:46:31,18 - 24 años,Masculino,Guatemala,Villa Nueva,Empleado privado,Varias veces al mes,Otro,Amigos,Q51 - Q100,Energy Crunch Protein; Gol Nachos Supreme; FutbolMix,Queso,Tamaño fiesta o reunión,Q10 - Q15,No,Sí,México,Tal vez,México,Lamine Yamal; Neymar Jr.; Cristiano Ronaldo,Un jugador famoso,Producto gratis,Sí,Edición Brasil
1909,2026-02-26,19:34:13,55 años o más,Masculino,Sacatepéquez,Ciudad Vieja,Empleado privado,Todos los días,Gasolinera,Familia,Q51 - Q100,CrunchMax BBQ,Picante Chapín,Familiar,Q16 - Q20,No,Sí,Czechia,Probablemente no,Argentina,Lionel Messi; Kylian Mbappé,Premios y sorteos,Descuento directo,No,Edición con jugadores famosos
1910,2026-02-18,09:50:53,25 - 34 años,Femenino,Santa Rosa,Otro municipio,Estudiante,1 a 2 veces por semana,Supermercado,Solo,Q51 - Q100,CrunchMax BBQ,Queso,Familiar,Menos de Q10,No,Sí,Brasil,Definitivamente no,Portugal,Vinícius Júnior; Lionel Messi,Premios y sorteos,Descuento directo,No,Edición Argentina
1911,2026-03-13,22:12:47,25 - 34 años,Masculino,Escuintla, ESCUINTLA ,Profesional independiente,Todos los días,Aplicación de delivery,Amigos,Q25 - Q50,Gol Nachos Supreme; Mundialitos Queso Picante; Fan Chips Jalapeño,Barbacoa,Familiar,Menos de Q10,No,Sí,México,Definitivamente no,Brasil,Kylian Mbappé; Neymar Jr.; Jude Bellingham,Un jugador famoso,2x1,Sí,Edición Mundial FIFA 2026
1912,2026-02-20,18:27:50,25 - 34 años,Femenino, EL PROGRESO ,El Progreso,Comerciante,3 a 5 veces por semana,Tienda de barrio,Amigos,Q101 - Q150,Mundialitos Queso Picante,Queso,Para compartir entre 2 personas,Q16 - Q20,No,Sí,México,Probablemente sí,Argentina,Lionel Messi; Cristiano Ronaldo,Un jugador famoso,Sorteo de viajes,Sí,Edición Brasil
1913,2026-05-05,11:27:50,45 - 54 años,Masculino,Escuintla,Palín,Empleado privado,Todos los días,Tienda de barrio,Compañeros de trabajo,Q51 - Q100,Energy Crunch Protein; CrunchMax BBQ; ChocoKick Bites,Picante Chapín,Para compartir entre 2 personas,Q16 - Q20,No,Sí,Brasil,Probablemente sí,Argentina,Vinícius Júnior; Cristiano Ronaldo,Un jugador famoso,2x1,No,Edición Inglaterra
1914,2026-05-06,14:03:18,18 - 24 años,Masculino,Sacatepéquez,Jocotenango,Empleado privado,Varias veces al mes,Supermercado,Solo,Q51 - Q100,Mundialitos Queso Picante; Gol Nachos Supreme; ChocoKick Bites,Queso,Tamaño fiesta o reunión,Q10 - Q15,No,No,Alemania,Definitivamente no,Inglaterra,Jude Bellingham; Lionel Messi; Neymar Jr.,Una selección nacional,Descuento directo,Sí,Edición Inglaterra
1915,2026-03-19,13:16:17,25 - 34 años,Masculino,Guatemala,Guatemala,Empleado privado,Varias veces al mes,Kiosco escolar/universitario,Familia,Más de Q150,Mundialitos Queso Picante,Dulce,Tamaño fiesta o reunión,Q16 - Q20,Sí,Sí,México,Probablemente sí,Argentina,Lamine Yamal; Federico Valverde,Premios y sorteos,Sorteo de camisetas,Sí,Edición Mundial FIFA 2026
1916,2026-02-27,10:07:51,35 - 44 años,Masculino,Sacatepéquez,Jocotenango,Profesional independiente,Todos los días,Tienda de barrio,Familia,Q51 - Q100,FutbolMix; CrunchMax BBQ,Queso,Para compartir entre 2 personas,Q16 - Q20,Sí,Sí,Alemania,Tal vez,Portugal,Cristiano Ronaldo,Una selección nacional,2x1,Sí,Edición España
1917,2026-02-04,09:43:11,25 - 34 años,Femenino,Jalapa,Jalapa,Profesional independiente,3 a 5 veces por semana,Kiosco escolar/universitario,Familia,Q101 - Q150,Hot Stadium Peanuts; Fan Chips Jalapeño; Caramel Goal Popcorn,Jalapeño,Para compartir entre 2 personas,Q10 - Q15,Sí,Sí,Argentina,Probablemente no,Brasil,Vinícius Júnior,Premios y sorteos,Tarjetas coleccionables,No,Edición con jugadores famosos
1918,2026-01-28,12:45:07,18 - 24 años,Femenino,Quetzaltenango,Olintepeque,Otro,3 a 5 veces por semana,Aplicación de delivery,Amigos,Q51 - Q100,FutbolMix; Energy Crunch Protein; Mundialitos Queso Picante,Queso,Tamaño fiesta o reunión,Q10 - Q15,No,Sí,Argentina,Probablemente sí,Argentina,Lionel Messi,Una selección nacional,Tarjetas coleccionables,Sí,Edición Inglaterra
1919,2026-03-01,18:19:27,55 años o más,Masculino,Chiquimula,Otro municipio,Empresario,1 a 2 veces por semana,Tienda de barrio,Amigos,Q51 - Q100,Caramel Goal Popcorn,Picante Chapín,Para compartir entre 2 personas,Q16 - Q20,No,Sí,México,Definitivamente sí,Corea del Sur,Ninguno,Premios y sorteos,Sorteo de camisetas,No,Edición España
1920,2026-02-16,22:08:14,35 - 44 años,Masculino,Guatemala,Santa Catarina Pinula,Empleado privado,Todos los días,Supermercado,Familia,Q51 - Q100,Victory Pretzels; Caramel Goal Popcorn,Jalapeño,Familiar,Q10 - Q15,Sí,Sí,México,Probablemente no,Canadá,Cristiano Ronaldo; Vinícius Júnior,Un jugador famoso,Descuento directo,Sí,Edición Francia
1921,2026-03-27,20:39:35,25 - 34 años,Femenino,Santa Rosa,,Estudiante,3 a 5 veces por semana,Tienda de barrio,Amigos,Q25 - Q50,CrunchMax BBQ; Gol Nachos Supreme; Fan Chips Jalapeño,Jalapeño,Para compartir entre 2 personas,Q10 - Q15,No,Sí, FRANCIA ,Definitivamente no,México,Jude Bellingham; Neymar Jr.,Premios y sorteos,Descuento directo,No,Edición Brasil
1922,2026-04-06,07:53:59,25 - 34 años,Masculino,Chimaltenango,Chimaltenango,Ama de casa,3 a 5 veces por semana,Gasolinera,Familia,Menos de Q25,Mundialitos Queso Picante; Fan Chips Jalapeño,Queso,Familiar,Q16 - Q20,No,Sí,Panamá,Tal vez,Portugal,Lionel Messi,Un jugador famoso,Sorteo de viajes,Sí,Edición Francia
1923,2026-04-05,16:37:17,35 - 44 años,Masculino, QUICHÉ ,Quiché,Empleado privado,Varias veces al mes,Tienda de barrio,Amigos,Menos de Q25,Fan Chips Jalapeño; FutbolMix,Barbacoa,Individual,Q16 - Q20,Sí,Sí,Argentina,Probablemente no,Austria,Vinícius Júnior; Julián Álvarez; Lionel Messi,Un jugador famoso,2x1,Sí,Edición Brasil
1924,2026-04-25,14:12:19,25 - 34 años,Masculino,Guatemala,San Miguel Petapa,Empleado privado,3 a 5 veces por semana,Supermercado,Amigos,Menos de Q25,Gol Nachos Supreme; Mundialitos Queso Picante,Jalapeño,Familiar,Q16 - Q20,No,Sí,Portugal,Probablemente sí,Estados Unidos,Cristiano Ronaldo; Jude Bellingham,Premios y sorteos,Sorteo de camisetas,Sí,Edición Mundial FIFA 2026
1925,2026-01-15,09:52:28,35 - 44 años,Femenino,Guatemala,Mixco,Estudiante,3 a 5 veces por semana,Supermercado,Familia,Q25 - Q50,ChocoKick Bites,Queso,Para compartir entre 2 personas,Q10 - Q15,No,Sí,Inglaterra,Tal vez,Estados Unidos,Harry Kane,Historias de aficionados,2x1,Sí,Edición con jugadores famosos
1926,2026-02-08,13:07:33,25 - 34 años,Masculino,Chimaltenango,Tecpán Guatemala,Estudiante,Todos los días,,Compañeros de trabajo,Menos de Q25,CrunchMax BBQ; Caramel Goal Popcorn; Hot Stadium Peanuts,Chocolate,Tamaño fiesta o reunión,Q21 - Q30,No,Sí,Brasil,Definitivamente sí,Brasil,Lamine Yamal,Historias de aficionados,2x1,No,Edición España
1927,2026-02-25,14:06:11,35 - 44 años,Masculino,Escuintla,Santa Lucía Cotzumalguapa,Empleado privado,1 a 2 veces por semana,Tienda de barrio,Familia,Q51 - Q100,Caramel Goal Popcorn; CrunchMax BBQ,Queso,Individual,Q16 - Q20,No,Sí,Argentina,Tal vez,Brasil,Cristiano Ronaldo,Una selección nacional,2x1,Sí,Edición Brasil
1928,2026-02-09,07:59:47,18 - 24 años,Femenino,Quetzaltenango,Quetzaltenango,Empleado público,3 a 5 veces por semana,Tienda de barrio,Amigos,Q25 - Q50,Victory Pretzels,Caramelo,Familiar,Q10 - Q15,Sí,Sí,South Africa,Tal vez,Argentina,Cristiano Ronaldo,Premios y sorteos,Tarjetas coleccionables,No,Edición con tarjetas coleccionables
1929,2026-02-27,13:03:31,18 - 24 años,Masculino,Santa Rosa,Otro municipio,Profesional independiente,Rara vez,Tienda de barrio,Solo,Q25 - Q50,FutbolMix; Gol Nachos Supreme; Fan Chips Jalapeño,Barbacoa,Familiar,Q21 - Q30,Sí,Sí,Francia,Definitivamente sí,España,Lamine Yamal,Una selección nacional,Descuento directo,No,Edición Argentina
1930,2026-04-23,16:40:57,35 - 44 años,Femenino,Escuintla,Escuintla,Empleado privado,Rara vez,Otro,Amigos,Q51 - Q100,Mundialitos Queso Picante; CrunchMax BBQ,Queso,Tamaño fiesta o reunión,Q21 - Q30,Sí,Sí,Argentina,Definitivamente sí, BRASIL ,Jude Bellingham,Premios y sorteos,2x1,No,Edición Argentina
1127,2026-02-10,19:55:33,18 - 24 años,Masculino,Guatemala,Guatemala,Empleado privado,1 a 2 veces por semana,Supermercado,Familia,Q101 - Q150,Caramel Goal Popcorn,Picante Chapín,Individual,Q16 - Q20,Sí,Sí,Argentina,Probablemente sí,Brasil,Vinícius Júnior,Humor,2x1,No,Edición Inglaterra
1932,2026-04-13,08:39:15,55 años o más,Masculino,Chimaltenango,Chimaltenango,Estudiante,Varias veces al mes,Otro,Amigos,Q51 - Q100,Gol Nachos Supreme; CrunchMax BBQ; Hot Stadium Peanuts,Barbacoa,Familiar,Menos de Q10,Sí,Sí,México,Probablemente sí,Qatar,Kylian Mbappé; Federico Valverde; Lamine Yamal,Historias de aficionados,Sorteo de balones,No,Edición España
1933,2026-05-08,22:55:35,18 - 24 años,Femenino,Guatemala,Guatemala,Empleado privado,Varias veces al mes,Tienda de barrio,Solo,Q101 - Q150,Gol Nachos Supreme,Limón,Familiar,Q16 - Q20,No,Sí,México,Definitivamente sí,México,Rodri,Humor,Tarjetas coleccionables,Sí,Edición con tarjetas coleccionables
1934,2026-02-19,18:31:38,25 - 34 años,Femenino,Guatemala,Villa Nueva,Empleado privado,Todos los días,Supermercado,Amigos,Menos de Q25,Caramel Goal Popcorn,Chocolate,Individual,Q16 - Q20,No,No,Argentina,Probablemente sí,Francia,Vinícius Júnior; Cristiano Ronaldo,Un jugador famoso,Sorteo de viajes,Sí,Edición con tarjetas coleccionables
1935,2026-02-28,11:19:36,Menos de 18 años,Femenino,Quetzaltenango,Olintepeque,Otro,Todos los días,Supermercado,Familia,Q101 - Q150,Fan Chips Jalapeño; CrunchMax BBQ; Caramel Goal Popcorn,Barbacoa,Familiar,Q16 - Q20,Sí,Sí,Inglaterra,Probablemente no,Congo DR,Neymar Jr.; Jude Bellingham; Lamine Yamal,Humor,Sorteo de viajes,Sí,Edición Mundial FIFA 2026
1936,2026-03-10,12:44:31,18 - 24 años,Femenino,Guatemala,Villa Nueva,Empleado privado,Rara vez,Supermercado,Amigos,Q25 - Q50,CrunchMax BBQ; Mundialitos Queso Picante; Fan Chips Jalapeño,Jalapeño,Tamaño fiesta o reunión,Q10 - Q15,Sí,No,Estados Unidos,Tal vez,Argentina,Lamine Yamal,Humor,Descuento directo,Sí,Edición con jugadores famosos
1937,2026-02-12,18:22:24,18 - 24 años,Femenino,Quetzaltenango, OLINTEPEQUE ,Estudiante,1 a 2 veces por semana,Otro,Familia,Menos de Q25,CrunchMax BBQ,Queso,Familiar,Q10 - Q15,Sí,Sí,Francia,Probablemente sí, ARGENTINA ,Neymar Jr.; Julián Álvarez; Lionel Messi,Una selección nacional,Tarjetas coleccionables,No,Edición con jugadores famosos
1938,2026-05-02,07:40:08,25 - 34 años,Masculino,Totonicapán, OTRO MUNICIPIO ,Profesional independiente,3 a 5 veces por semana,Tienda de barrio,Amigos,Menos de Q25,Gol Nachos Supreme; FutbolMix,Picante Chapín,Para compartir entre 2 personas,Q16 - Q20,No,Sí,Argentina,Definitivamente sí,Argentina,Kylian Mbappé; Neymar Jr.; Julián Álvarez,Premios y sorteos,Producto gratis,No,Edición Mundial FIFA 2026
1939,2026-03-17,14:55:40,55 años o más,Femenino,Guatemala,Guatemala,Empleado privado,Todos los días,Otro,Amigos,Q25 - Q50,Fan Chips Jalapeño; Gol Nachos Supreme; Energy Crunch Protein,Chocolate,Para compartir entre 2 personas,Q21 - Q30,Sí,Sí, MÉXICO ,Tal vez,Argentina,Jude Bellingham; Christian Pulisic,Historias de aficionados,Tarjetas coleccionables,Sí,Edición Brasil
1940,2026-03-21,17:56:56,55 años o más,Masculino, HUEHUETENANGO ,Huehuetenango,Estudiante,Varias veces al mes,Aplicación de delivery,Familia,Q51 - Q100,Hot Stadium Peanuts; Fan Chips Jalapeño,Barbacoa,Familiar,Q10 - Q15,Sí,Sí,Francia,Definitivamente sí,Inglaterra,Lionel Messi; Cristiano Ronaldo,Historias de aficionados,Sorteo de viajes,Sí,Edición Mundial FIFA 2026
1941,2026-02-14,13:39:18,35 - 44 años,Prefiero no indicarlo,Suchitepéquez,Cabecera municipal,Estudiante,Todos los días,Supermercado,Familia,Q51 - Q100,CrunchMax BBQ; Gol Nachos Supreme; Hot Stadium Peanuts,Picante Chapín,Para compartir entre 2 personas,Q10 - Q15,No,Sí,Brasil,Probablemente sí,España,Lionel Messi; Cristiano Ronaldo,Una selección nacional,Descuento directo,No,Edición Mundial FIFA 2026
1942,2026-02-13,20:43:09,25 - 34 años,Masculino,Sacatepéquez,Jocotenango,Empleado privado,Todos los días,Tienda de barrio,Familia,Q25 - Q50,Caramel Goal Popcorn; Mundialitos Queso Picante; Gol Nachos Supreme,Picante Chapín,Tamaño fiesta o reunión,Menos de Q10,Sí,No,Estados Unidos,Tal vez,Brasil,Harry Kane; Lamine Yamal,Un jugador famoso,Tarjetas coleccionables,Sí,Edición España
1943,2026-04-11,15:02:19,35 - 44 años,Masculino,Sololá,Sololá,Estudiante,1 a 2 veces por semana,Otro,Solo,Q51 - Q100,FutbolMix,Dulce,Para compartir entre 2 personas,Q16 - Q20,Sí,Sí,Congo DR,Tal vez,Francia,Lionel Messi; Alphonso Davies,Una selección nacional,2x1,No,Edición España
1944,2026-04-09,08:03:15,25 - 34 años,Masculino, CHIQUIMULA ,Chiquimula,Empleado privado,3 a 5 veces por semana,Supermercado,Familia,Menos de Q25,Mundialitos Queso Picante; Gol Nachos Supreme; ChocoKick Bites,Queso,Individual,Q10 - Q15,No,Sí,Argentina,Definitivamente sí,Argentina,Christian Pulisic; Neymar Jr.,Premios y sorteos,Producto gratis,No,Edición con jugadores famosos
1945,2026-01-18,21:40:44,25 - 34 años,Femenino,Guatemala,Santa Catarina Pinula,Empresario,Rara vez,Supermercado,Familia,Q25 - Q50,Hot Stadium Peanuts,Barbacoa,Individual,Q10 - Q15,No,Sí,Portugal,Probablemente sí,Francia,Christian Pulisic; Vinícius Júnior; Neymar Jr.,Un jugador famoso,Tarjetas coleccionables,No,Edición con jugadores famosos
1946,2026-02-28,13:15:07,55 años o más,Masculino,Quiché,Cabecera municipal,Profesional independiente,1 a 2 veces por semana,Tienda de barrio,Familia,Q25 - Q50,ChocoKick Bites; FutbolMix; Mundialitos Queso Picante,Dulce,Para compartir entre 2 personas,Q21 - Q30,Sí,Sí,España,Definitivamente sí,Portugal,Kylian Mbappé; Neymar Jr.; Cristiano Ronaldo,Una selección nacional,Tarjetas coleccionables,Sí,Edición con tarjetas coleccionables
1947,2026-02-27,17:34:35,45 - 54 años,Femenino,Sacatepéquez,Antigua Guatemala,Empleado público,3 a 5 veces por semana,Supermercado,Familia,Q25 - Q50,Caramel Goal Popcorn; Fan Chips Jalapeño; FutbolMix,Queso,Tamaño fiesta o reunión,Q16 - Q20,No,Sí,España,Definitivamente sí,Colombia,Lionel Messi,Historias de aficionados,Producto gratis,No,Edición Inglaterra
1948,2026-05-02,17:44:28,18 - 24 años,Femenino,Guatemala,Santa Catarina Pinula,Empleado privado,1 a 2 veces por semana,Supermercado,Familia,Q101 - Q150,Gol Nachos Supreme; FutbolMix; Caramel Goal Popcorn,Salado Tradicional,Individual,Q21 - Q30,Sí,Sí,España,Tal vez,,Kylian Mbappé; Julián Álvarez,Una selección nacional,Producto gratis,Sí,Edición Inglaterra
1949,2026-04-23,20:04:24,25 - 34 años,Masculino,Guatemala,Villa Nueva,Empleado privado,Varias veces al mes,Tienda de barrio,Compañeros de trabajo,Q51 - Q100,ChocoKick Bites,Dulce,Familiar,Q21 - Q30,No,Sí,Francia,Probablemente sí,Brasil,Neymar Jr.; Kylian Mbappé,Historias de aficionados,2x1,No,Edición con jugadores famosos
1950,2026-02-28,22:15:17,25 - 34 años,Masculino,Chimaltenango,Tecpán Guatemala,Empresario,Varias veces al mes,Supermercado,Familia,Q51 - Q100,Mundialitos Queso Picante; Fan Chips Jalapeño,Jalapeño,Familiar,Q10 - Q15,No,Sí,Inglaterra,Probablemente sí,México,Cristiano Ronaldo; Lamine Yamal,Un jugador famoso,2x1,No,Edición Mundial FIFA 2026
1951,2026-03-15,10:15:39,18 - 24 años,Masculino,Guatemala,Villa Nueva,Empleado público,Todos los días,Tienda de barrio,Familia,Q25 - Q50,Victory Pretzels,Barbacoa,Individual,Q16 - Q20,Sí,Sí,Inglaterra,Definitivamente no,Portugal,Lamine Yamal; Lionel Messi; Ninguno,Una selección nacional,Producto gratis,Sí,Edición España
1952,2026-03-30,11:51:23,35 - 44 años,Femenino,Escuintla,Palín,Empleado privado,1 a 2 veces por semana,Tienda de barrio,Amigos,Q101 - Q150,Mundialitos Queso Picante,Salado Tradicional,Familiar,Más de Q30,Sí,Sí,Portugal,Tal vez,Alemania,Kylian Mbappé,Una selección nacional,Tarjetas coleccionables,No,Edición Argentina
1953,2026-02-17,18:15:40,18 - 24 años,Masculino,Guatemala,Mixco,Ama de casa,3 a 5 veces por semana,Kiosco escolar/universitario,Amigos,Q25 - Q50,FutbolMix; Hot Stadium Peanuts; Caramel Goal Popcorn,Chocolate,Familiar,Más de Q30,Sí,No,Francia,Probablemente sí,España,Jude Bellingham,Premios y sorteos,Sorteo de viajes,Sí,Edición Mundial FIFA 2026
1954,2026-02-08,20:27:26,25 - 34 años,Femenino,Guatemala,nan,Comerciante,Varias veces al mes,Gasolinera,Compañeros de trabajo,Menos de Q25,Victory Pretzels; Gol Nachos Supreme,Limón,Individual,Menos de Q10,No,Sí,México,Probablemente no,Alemania,Cristiano Ronaldo; Rodri; Lionel Messi,Premios y sorteos,Descuento directo,Sí,Edición con tarjetas coleccionables
1955,2026-03-06,19:00:03,45 - 54 años,Masculino,Chimaltenango,Tecpán Guatemala,Empleado público,Varias veces al mes,Supermercado,Otro,Q51 - Q100,ChocoKick Bites; Gol Nachos Supreme; FutbolMix,Barbacoa,Familiar,Q10 - Q15,No,Sí,España,Tal vez,Brasil,Neymar Jr.; Lionel Messi,Premios y sorteos,Descuento directo,Sí,Edición con tarjetas coleccionables
1956,2026-03-27,13:58:33,35 - 44 años,Masculino,Guatemala,,Empleado privado,Todos los días,Tienda de barrio,Amigos,Menos de Q25,Hot Stadium Peanuts; Mundialitos Queso Picante; ChocoKick Bites,Barbacoa,Individual,Q10 - Q15,No,Sí,México,Definitivamente sí,Argentina,Lionel Messi; Kylian Mbappé; Jude Bellingham,Un jugador famoso,Descuento directo,Sí,Edición con tarjetas coleccionables
1957,2026-02-21,10:59:08,35 - 44 años,Masculino,Guatemala,Villa Nueva,Empleado privado,1 a 2 veces por semana,,Amigos,Menos de Q25,FutbolMix; Gol Nachos Supreme; Hot Stadium Peanuts,Chocolate,Familiar,Q21 - Q30,No,Sí,Francia,Probablemente sí,,Lionel Messi,Historias de aficionados,2x1,No,Edición Brasil
1958,2026-02-09,22:13:04,Menos de 18 años,Femenino,Guatemala,Villa Nueva,Profesional independiente,Todos los días,Tienda de barrio,Familia,Q51 - Q100,CrunchMax BBQ; Fan Chips Jalapeño; Victory Pretzels,Caramelo,Individual,Q16 - Q20,Sí,Sí,Argentina,Tal vez, ESTADOS UNIDOS ,Alphonso Davies; Lionel Messi,Un jugador famoso,2x1,Sí,Edición con jugadores famosos
1959,2026-04-23,07:16:23,18 - 24 años,Masculino,Guatemala,Santa Catarina Pinula,Otro,Todos los días,Supermercado,Amigos,Q25 - Q50,CrunchMax BBQ; ChocoKick Bites; Hot Stadium Peanuts,Jalapeño,Tamaño fiesta o reunión,Q10 - Q15,No,Sí,Portugal,Tal vez,Argentina,Julián Álvarez; Lionel Messi,Un jugador famoso,Tarjetas coleccionables,Sí,Edición Brasil
1960,2026-01-19,13:17:45,18 - 24 años,Femenino,Guatemala,Villa Nueva,Empleado privado,3 a 5 veces por semana,Supermercado,Familia,Más de Q150,FutbolMix; Gol Nachos Supreme; Energy Crunch Protein,Jalapeño,Tamaño fiesta o reunión,Más de Q30,No,Sí,Brasil,Probablemente sí,Cabo Verde,Julián Álvarez,Una selección nacional,2x1,No,Edición Mundial FIFA 2026
1961,2026-05-09,11:19:23,18 - 24 años,Masculino,Guatemala,Guatemala,Empleado privado,Varias veces al mes,Tienda de barrio,Otro,Q25 - Q50,Caramel Goal Popcorn; Fan Chips Jalapeño,Queso,Para compartir entre 2 personas,Q21 - Q30,Sí,No,Brasil,Probablemente no,Estados Unidos,Julián Álvarez,Un jugador famoso,Tarjetas coleccionables,No,Edición España
1962,2026-04-13,12:48:17,18 - 24 años,Femenino,Guatemala,Mixco,Empleado privado,1 a 2 veces por semana,Aplicación de delivery,Compañeros de trabajo,Menos de Q25,ChocoKick Bites; Fan Chips Jalapeño,Limón,Individual,Q21 - Q30,Sí,Sí,Portugal,Probablemente sí,Francia,Cristiano Ronaldo; Federico Valverde,Premios y sorteos,Producto gratis,Sí,Edición Mundial FIFA 2026
1963,2026-03-01,15:20:33,18 - 24 años,Femenino,Guatemala,Mixco,Otro,3 a 5 veces por semana,Tienda de barrio,Familia,Q51 - Q100,Victory Pretzels; CrunchMax BBQ, BARBACOA ,Para compartir entre 2 personas,Q16 - Q20,Sí,Sí,México,Definitivamente sí,Francia,Ninguno,Una selección nacional,2x1,Sí,Edición con jugadores famosos
1964,2026-01-25,13:14:19,35 - 44 años,Masculino,Guatemala,Santa Catarina Pinula,Ama de casa,Varias veces al mes,Gasolinera,Amigos,Q25 - Q50,Fan Chips Jalapeño; CrunchMax BBQ,Picante Chapín,Para compartir entre 2 personas,Q16 - Q20,Sí,No,Portugal,Tal vez,Argentina,Vinícius Júnior; Neymar Jr.; Kylian Mbappé,Una selección nacional,Producto gratis,Sí,Edición Mundial FIFA 2026
1965,2026-04-24,07:24:06,45 - 54 años,Prefiero no indicarlo,Guatemala,Santa Catarina Pinula,Otro,1 a 2 veces por semana,Otro,Compañeros de trabajo,Q51 - Q100,Mundialitos Queso Picante; CrunchMax BBQ,Picante Chapín,Para compartir entre 2 personas,Q16 - Q20,Sí,Sí,Inglaterra,Probablemente sí,Brasil,Federico Valverde; Harry Kane,Premios y sorteos,Sorteo de balones,Sí,Edición con tarjetas coleccionables
1966,2026-03-01,22:31:38,Menos de 18 años,Masculino,Retalhuleu,Cabecera municipal,Empleado público,3 a 5 veces por semana,Supermercado,Familia,Menos de Q25,Mundialitos Queso Picante; Caramel Goal Popcorn,Barbacoa,Individual,Menos de Q10,Sí,Sí,Estados Unidos,Probablemente sí,Argentina,Christian Pulisic,Humor,2x1,No,Edición con tarjetas coleccionables
1967,2026-02-15,13:31:01,35 - 44 años,Femenino,Guatemala,Villa Nueva,Empleado privado,3 a 5 veces por semana,Tienda de barrio,Amigos,Q25 - Q50,Gol Nachos Supreme; FutbolMix; Mundialitos Queso Picante,Dulce,Individual,Q10 - Q15,Sí,Sí,Argentina,Definitivamente no,Argentina,Lionel Messi; Cristiano Ronaldo; Julián Álvarez,Historias de aficionados,2x1,No,Edición con tarjetas coleccionables
1968,2026-01-22,15:20:42,18 - 24 años,Femenino,Sacatepéquez,Sumpango,Empleado privado,Rara vez,Tienda de barrio,Solo,Q25 - Q50,Gol Nachos Supreme; Mundialitos Queso Picante; Energy Crunch Protein,Chocolate,Individual,Q16 - Q20,No,Sí,Argentina,Tal vez,Francia,Neymar Jr.; Lamine Yamal,Historias de aficionados,2x1,Sí,Edición Argentina
1969,2026-01-14,16:46:36,55 años o más,Masculino,Sololá,Cabecera municipal,Otro,Todos los días,Tienda de barrio,Compañeros de trabajo,Q25 - Q50,FutbolMix; CrunchMax BBQ,Limón,Para compartir entre 2 personas,Q16 - Q20,Sí,Sí,Marruecos,Definitivamente sí,Estados Unidos,Kylian Mbappé; Cristiano Ronaldo,Premios y sorteos,Producto gratis,Sí,Edición Mundial FIFA 2026
1970,2026-02-07,17:48:50,45 - 54 años,Femenino,Guatemala,Santa Catarina Pinula,Empleado privado,1 a 2 veces por semana,Tienda de barrio,Otro,Menos de Q25,Fan Chips Jalapeño; FutbolMix,Barbacoa,Individual,Q16 - Q20,Sí,Sí,España,Probablemente sí,Francia,Neymar Jr.; Lionel Messi; Vinícius Júnior,Premios y sorteos,Sorteo de viajes,No,Edición con tarjetas coleccionables
1971,2026-04-24,13:51:19,18 - 24 años,Masculino,Zacapa,Otro municipio,Estudiante,Rara vez,Tienda de barrio,Solo,Q25 - Q50,Energy Crunch Protein,Jalapeño,Individual,Q21 - Q30,No,Sí,México,Probablemente sí,Alemania,Lionel Messi; Ninguno,Humor,Sorteo de balones,Sí,Edición Francia
1972,2026-03-11,09:06:47,25 - 34 años,Masculino,Zacapa,Otro municipio,Empleado privado,3 a 5 veces por semana,Tienda de barrio,Familia,Q25 - Q50,FutbolMix; Fan Chips Jalapeño,Picante Chapín,Tamaño fiesta o reunión,Q16 - Q20,No,Sí,Argentina,Definitivamente sí,Portugal,Neymar Jr.,Historias de aficionados,2x1,Sí,Edición Mundial FIFA 2026
1973,2026-02-05,20:21:56,25 - 34 años,Masculino,Escuintla,Escuintla,Estudiante,1 a 2 veces por semana,Gasolinera,Compañeros de trabajo,Q51 - Q100,Fan Chips Jalapeño; CrunchMax BBQ; FutbolMix,Caramelo,Familiar,Q10 - Q15,Sí,No,Brasil,Probablemente sí,México,Cristiano Ronaldo; Lionel Messi; Jude Bellingham,Una selección nacional,Sorteo de balones,Sí,Edición Brasil
1974,2026-03-03,14:06:01,25 - 34 años,Femenino,Sacatepéquez,Sumpango,Comerciante,1 a 2 veces por semana,Gasolinera,Familia,Q25 - Q50,CrunchMax BBQ,Queso,Familiar,Q16 - Q20,No,Sí,Portugal,Definitivamente no,Argentina,Lionel Messi; Harry Kane; Kylian Mbappé,Un jugador famoso,Producto gratis,No,Edición con tarjetas coleccionables
1975,2026-01-20,08:27:43,35 - 44 años,Masculino,Guatemala,Villa Nueva,Ama de casa,Rara vez,Tienda de barrio,Familia,Q51 - Q100,ChocoKick Bites; FutbolMix; Mundialitos Queso Picante,Picante Chapín,Familiar,Q10 - Q15,Sí,Sí,Brasil,Definitivamente sí,Portugal,Cristiano Ronaldo,Un jugador famoso,2x1,No,Edición con tarjetas coleccionables
1976,2026-03-23,11:45:07,18 - 24 años,Femenino,Retalhuleu,Retalhuleu,Empresario,Varias veces al mes,Gasolinera,Familia,Q51 - Q100,Gol Nachos Supreme; CrunchMax BBQ; Mundialitos Queso Picante,Limón,Para compartir entre 2 personas,,No,Sí,Inglaterra,Definitivamente sí,España,Lionel Messi; Neymar Jr.; Cristiano Ronaldo,Humor,Descuento directo,No,Edición Argentina
1977,2026-03-08,22:19:01,55 años o más,Femenino,Quetzaltenango,,Jubilado,Todos los días,Supermercado,Familia,Q25 - Q50,Fan Chips Jalapeño; Gol Nachos Supreme,Jalapeño,Familiar,Q16 - Q20,No,Sí,Francia,Definitivamente sí,Brasil,Cristiano Ronaldo; Harry Kane; Vinícius Júnior,Humor,Sorteo de camisetas,Sí,Edición Francia
1978,2026-04-06,07:42:48,Menos de 18 años,Masculino,Chimaltenango,Chimaltenango,Comerciante,Todos los días,Tienda de barrio,Solo,Q51 - Q100,FutbolMix,Limón,Tamaño fiesta o reunión,Q10 - Q15,Sí,Sí,Argentina,Definitivamente sí,Brasil,Lionel Messi,Un jugador famoso,Tarjetas coleccionables,No,Edición Brasil
1979,2026-03-27,17:04:19,18 - 24 años,Femenino,Santa Rosa,Santa Rosa,Empleado privado,3 a 5 veces por semana,Supermercado,Amigos,Q51 - Q100,CrunchMax BBQ,Limón,Para compartir entre 2 personas,Menos de Q10,No,No,Francia,Tal vez,Brasil,Cristiano Ronaldo,Un jugador famoso,2x1,Sí,Edición Francia
1980,2026-01-22,11:30:12,18 - 24 años,Masculino,Guatemala,Villa Nueva,Otro,Todos los días,Supermercado,Compañeros de trabajo,Q25 - Q50,Gol Nachos Supreme,Queso,Para compartir entre 2 personas,Q16 - Q20,Sí,Sí,Inglaterra,Definitivamente sí,México,Kylian Mbappé,Premios y sorteos,Producto gratis,No,Edición con tarjetas coleccionables
1981,2026-02-12,17:56:49,25 - 34 años,Masculino,Guatemala,,Profesional independiente,3 a 5 veces por semana,Supermercado,Familia,Q101 - Q150,CrunchMax BBQ,Queso,Tamaño fiesta o reunión,Q16 - Q20,Sí,Sí,Alemania,Definitivamente sí,España,Cristiano Ronaldo; Lionel Messi; Vinícius Júnior,Historias de aficionados,Descuento directo,No,Edición Inglaterra
1982,2026-04-09,17:20:25,18 - 24 años,Femenino,Guatemala,Villa Nueva,Jubilado,3 a 5 veces por semana,Otro,Familia,Q51 - Q100,ChocoKick Bites,Limón,Familiar,Q16 - Q20,Sí,Sí,Brasil,Probablemente sí,México,Federico Valverde,Premios y sorteos,Sorteo de viajes,Sí,Edición Brasil
1983,2026-02-26,17:16:26,18 - 24 años,Masculino,Quetzaltenango,Coatepeque,Estudiante,Rara vez,Gasolinera,Amigos,Menos de Q25,FutbolMix; CrunchMax BBQ,Salado Tradicional,Individual,Q21 - Q30,Sí,Sí,Portugal,Tal vez,Congo DR,Jude Bellingham,Un jugador famoso,Tarjetas coleccionables,Sí,Edición Brasil
1984,2026-01-26,11:38:48,25 - 34 años,Femenino,Guatemala,,Estudiante,Todos los días,Supermercado,Familia,Q101 - Q150,Hot Stadium Peanuts; FutbolMix; ChocoKick Bites,Dulce,Tamaño fiesta o reunión,Q16 - Q20,Sí,Sí,Portugal,Probablemente no,Alemania,Cristiano Ronaldo,Una selección nacional,2x1,No,Edición Argentina
1985,2026-01-23,09:55:25,55 años o más,Masculino,Guatemala,Mixco,Comerciante,3 a 5 veces por semana,Supermercado,Amigos,Q25 - Q50,Caramel Goal Popcorn,Barbacoa,Para compartir entre 2 personas,Q16 - Q20,Sí,Sí,México,Probablemente no,México,Lamine Yamal; Jude Bellingham,Un jugador famoso,Descuento directo,No,Edición Brasil
1986,2026-05-07,17:52:30,35 - 44 años,Masculino,Guatemala,San Miguel Petapa,Empresario,Todos los días,Supermercado,Compañeros de trabajo,Q51 - Q100,Fan Chips Jalapeño; Caramel Goal Popcorn,Chocolate,Familiar,Q21 - Q30,No,Sí,Portugal,Definitivamente sí,Brasil,Rodri; Kylian Mbappé; Lionel Messi,Un jugador famoso,Sorteo de viajes,No,Edición Francia
1987,2026-05-09,13:29:46,25 - 34 años,Masculino,Quetzaltenango,Coatepeque,Comerciante,Varias veces al mes,Supermercado,Compañeros de trabajo,Menos de Q25,CrunchMax BBQ; ChocoKick Bites,Picante Chapín,Familiar,Más de Q30,No,Sí,Brasil,Definitivamente no,Argentina,Christian Pulisic,Un jugador famoso,Producto gratis,Sí,Edición Brasil
1988,2026-04-02,16:10:58,35 - 44 años,Femenino,Guatemala,Santa Catarina Pinula,Comerciante,Todos los días,Aplicación de delivery,Amigos,Q101 - Q150,Fan Chips Jalapeño,Barbacoa,Familiar,Q16 - Q20,Sí,Sí, ALEMANIA ,Tal vez,Brasil,Lionel Messi; Neymar Jr.,Historias de aficionados,Producto gratis,No,Edición España
1989,2026-01-17,14:43:45,45 - 54 años,Femenino,Guatemala,Mixco,Estudiante,Varias veces al mes,Gasolinera,Compañeros de trabajo,Q51 - Q100,Caramel Goal Popcorn,Queso,Familiar,Q16 - Q20,Sí,Sí,Argentina,Probablemente sí,Uruguay,Lionel Messi; Cristiano Ronaldo; Neymar Jr.,Un jugador famoso,Sorteo de balones,Sí,Edición Mundial FIFA 2026
1990,2026-05-07,07:28:46,18 - 24 años,Femenino,Guatemala,Villa Nueva,Estudiante,1 a 2 veces por semana,Supermercado,Compañeros de trabajo,Q25 - Q50,Energy Crunch Protein,Queso,Tamaño fiesta o reunión,Menos de Q10,No,Sí,Inglaterra,Probablemente sí,Francia,Cristiano Ronaldo; Julián Álvarez,Un jugador famoso,2x1,Sí,Edición Argentina
1991,2026-03-08,20:04:50,45 - 54 años,Femenino,Guatemala,Mixco,Profesional independiente,3 a 5 veces por semana,Tienda de barrio,Amigos,Q25 - Q50,ChocoKick Bites; Victory Pretzels,Jalapeño,Para compartir entre 2 personas,Q10 - Q15,Sí,Sí,Uruguay,Probablemente no,Portugal,Cristiano Ronaldo; Kylian Mbappé,Premios y sorteos,Descuento directo,No,Edición con jugadores famosos
1992,2026-04-30,20:50:10,25 - 34 años,Masculino,Guatemala,Mixco,Ama de casa,3 a 5 veces por semana,Tienda de barrio,Amigos,Q25 - Q50,Gol Nachos Supreme; CrunchMax BBQ,Barbacoa,Para compartir entre 2 personas,Q21 - Q30,Sí,Sí,Francia,Probablemente sí,Argentina,Cristiano Ronaldo; Kylian Mbappé,Una selección nacional,Sorteo de balones,Sí,Edición Francia
1993,2026-04-04,17:09:41,18 - 24 años,Femenino,Chimaltenango,Tecpán Guatemala,,Todos los días,Tienda de barrio,Compañeros de trabajo,Más de Q150,Hot Stadium Peanuts; Energy Crunch Protein; ChocoKick Bites,Limón,Tamaño fiesta o reunión,Q16 - Q20,Sí,Sí,Brasil,Tal vez,México,Lionel Messi,Una selección nacional,2x1,No,Edición Brasil
1994,2026-03-27,17:56:15,18 - 24 años,Masculino,Guatemala,Villa Nueva,Comerciante,1 a 2 veces por semana,Tienda de barrio,Solo,Q51 - Q100,Gol Nachos Supreme; Mundialitos Queso Picante; CrunchMax BBQ,Picante Chapín,Individual,Q16 - Q20,Sí,Sí,Francia,Definitivamente sí,Ghana,Lamine Yamal,Un jugador famoso,Descuento directo,Sí,Edición Inglaterra
1995,2026-01-16,16:49:19,25 - 34 años,Masculino,El Progreso,Otro municipio,Comerciante,Rara vez,Gasolinera,Familia,Q25 - Q50,Gol Nachos Supreme; Caramel Goal Popcorn; Hot Stadium Peanuts, JALAPEÑO ,Tamaño fiesta o reunión,Q21 - Q30,Sí,Sí,Francia,Tal vez,Argentina,Lionel Messi; Neymar Jr.; Cristiano Ronaldo,Un jugador famoso,Sorteo de viajes,Sí,Edición Brasil
1996,2026-01-22,12:10:13,45 - 54 años,Prefiero no indicarlo,Quetzaltenango,Coatepeque,Empleado privado,1 a 2 veces por semana,Tienda de barrio,Otro,Q51 - Q100,Fan Chips Jalapeño,Queso,Individual,Q10 - Q15,No,Sí,Argentina,Probablemente sí,Argentina,Lionel Messi; Cristiano Ronaldo; Jude Bellingham,Historias de aficionados,Descuento directo,Sí,Edición Inglaterra
1997,2026-03-30,12:33:42,18 - 24 años,Masculino,Jalapa,Jalapa,Empleado privado,Todos los días,Otro,Familia,Menos de Q25,CrunchMax BBQ; FutbolMix,Jalapeño,Individual,Q10 - Q15,Sí,Sí,Portugal,Tal vez,Inglaterra,Cristiano Ronaldo,Un jugador famoso,Tarjetas coleccionables,Sí,Edición Brasil
1998,2026-04-20,18:16:39,35 - 44 años,Masculino,Guatemala,Mixco,Empleado privado,1 a 2 veces por semana,Gasolinera,Amigos,Q25 - Q50,Fan Chips Jalapeño,Limón,Familiar,Q16 - Q20,Sí,Sí,Argentina,Probablemente sí,Colombia,Lamine Yamal; Lionel Messi,Un jugador famoso,Sorteo de balones,Sí,Edición Brasil
1999,2026-04-16,10:31:30,18 - 24 años,Femenino, GUATEMALA ,San Miguel Petapa,Empleado privado,1 a 2 veces por semana,Tienda de barrio,Familia,Q25 - Q50,ChocoKick Bites; CrunchMax BBQ,Picante Chapín,Para compartir entre 2 personas,Q10 - Q15,Sí,Sí,Francia,Tal vez,Argentina,Lionel Messi; Cristiano Ronaldo; Lamine Yamal,Un jugador famoso,2x1,Sí,Edición Inglaterra
2000,2026-03-10,16:14:43,25 - 34 años,Masculino,Jalapa,Otro municipio,Estudiante,Varias veces al mes,Supermercado,Familia,Q51 - Q100,Victory Pretzels,Salado Tradicional,Familiar,Q10 - Q15,Sí,Sí,Alemania,Probablemente sí,Brasil,Lamine Yamal,Historias de aficionados,Sorteo de viajes,Sí,Edición Argentina
2001,2026-05-09,20:48:45,55 años o más,Masculino,Guatemala,San Miguel Petapa,Jubilado,3 a 5 veces por semana,Tienda de barrio,Amigos,Q25 - Q50,Fan Chips Jalapeño,Limón,Tamaño fiesta o reunión,Q21 - Q30,No,Sí,Uruguay,Definitivamente sí,Egipto,Lionel Messi; Lamine Yamal,Una selección nacional,Sorteo de camisetas,Sí,Edición Argentina
2002,2026-04-27,10:54:53,45 - 54 años,Femenino,Retalhuleu,Otro municipio,Empleado público,Todos los días,Supermercado,Familia,Q101 - Q150,Hot Stadium Peanuts; ChocoKick Bites; Caramel Goal Popcorn,Barbacoa,Individual,Q21 - Q30,Sí,Sí,Alemania,Probablemente sí,Francia,Rodri; Kylian Mbappé; Lamine Yamal,Historias de aficionados,Sorteo de balones,Sí,Edición Mundial FIFA 2026
2003,2026-02-06,13:03:19,45 - 54 años,Masculino,Suchitepéquez,Otro municipio,Empleado privado,Todos los días,Kiosco escolar/universitario,Familia,Q25 - Q50,Victory Pretzels; Fan Chips Jalapeño; Mundialitos Queso Picante,Limón,Para compartir entre 2 personas,Q16 - Q20,No,Sí,España,Definitivamente sí,Francia,Kylian Mbappé; Harry Kane; Cristiano Ronaldo,Humor,2x1,No,Edición Argentina
2004,2026-02-15,20:33:02,25 - 34 años,Masculino,Jutiapa,Jutiapa,Empleado privado,1 a 2 veces por semana,Supermercado,Familia,Menos de Q25,FutbolMix; Fan Chips Jalapeño,Picante Chapín,Individual,Q16 - Q20,Sí,Sí,Colombia,Definitivamente no,Portugal,Neymar Jr.; Rodri; Christian Pulisic,Humor,Sorteo de viajes,No,Edición Argentina
2005,2026-05-06,19:15:05,18 - 24 años,Masculino,Jalapa, JALAPA ,Comerciante,Todos los días,Gasolinera,Familia,Q101 - Q150,CrunchMax BBQ; Hot Stadium Peanuts,Caramelo,Para compartir entre 2 personas,Q16 - Q20,No,Sí,España,Probablemente sí,México,Lionel Messi; Jude Bellingham; Julián Álvarez,Un jugador famoso,Sorteo de camisetas,Sí,Edición Mundial FIFA 2026
2006,2026-04-11,20:37:20,45 - 54 años,Masculino,Chimaltenango,Patzún,Empleado privado,Todos los días,Tienda de barrio,Familia,Menos de Q25,CrunchMax BBQ; ChocoKick Bites; Mundialitos Queso Picante,Chocolate,Familiar,Q21 - Q30,Sí,Sí,Argentina,Tal vez,Haití,Ninguno; Lionel Messi; Neymar Jr.,Una selección nacional,2x1,No,Edición Brasil
2007,2026-03-20,07:41:56,25 - 34 años,Femenino,Baja Verapaz,Otro municipio,Comerciante,1 a 2 veces por semana,Supermercado,Familia,Q51 - Q100,Fan Chips Jalapeño; CrunchMax BBQ; ChocoKick Bites,Chocolate,Tamaño fiesta o reunión,Q21 - Q30,Sí,Sí,Francia,Definitivamente sí,Francia,Vinícius Júnior; Lamine Yamal; Neymar Jr.,Una selección nacional,Sorteo de viajes,Sí,Edición Brasil
2008,2026-01-11,09:44:58,35 - 44 años,Femenino,Guatemala,San Miguel Petapa,Comerciante,Varias veces al mes,Supermercado,Familia,Q51 - Q100,ChocoKick Bites; Hot Stadium Peanuts,Queso,Para compartir entre 2 personas,Q16 - Q20,No,No,Portugal,Probablemente sí,Portugal,Lamine Yamal,Humor,Producto gratis,Sí,Edición Mundial FIFA 2026
2009,2026-04-08,16:14:13,25 - 34 años,Femenino,Guatemala,Santa Catarina Pinula,Estudiante,Varias veces al mes,Supermercado,Familia,Q25 - Q50,CrunchMax BBQ,Barbacoa,Para compartir entre 2 personas,Menos de Q10,Sí,Sí,México,Definitivamente sí,Argentina,Lionel Messi,Un jugador famoso,Tarjetas coleccionables,No,Edición Argentina
2010,2026-03-18,09:09:32,25 - 34 años,Masculino,Izabal,Cabecera municipal,Empleado privado,3 a 5 veces por semana,Gasolinera,Familia,Menos de Q25,CrunchMax BBQ,Barbacoa,Tamaño fiesta o reunión,Menos de Q10,No,No,España,Definitivamente sí,Portugal,Kylian Mbappé; Vinícius Júnior,Un jugador famoso,Sorteo de viajes,Sí,Edición España
2011,2026-01-18,18:42:38,35 - 44 años,Femenino,Jutiapa,Jutiapa,Estudiante,Varias veces al mes,Supermercado,Familia,Q51 - Q100,Gol Nachos Supreme; Hot Stadium Peanuts; FutbolMix,Salado Tradicional,Familiar,Q21 - Q30,No,Sí,Inglaterra,Definitivamente sí,Senegal,Neymar Jr.; Cristiano Ronaldo; Kylian Mbappé,Una selección nacional,2x1,Sí,Edición España
2012,2026-02-11,17:00:23,25 - 34 años,Masculino,Santa Rosa,Otro municipio,Ama de casa,Rara vez,Gasolinera,Amigos,Q25 - Q50,ChocoKick Bites,Jalapeño,Familiar,Q21 - Q30,Sí,Sí,España,Probablemente sí,Argentina,Lamine Yamal,Un jugador famoso,Descuento directo,Sí,Edición Argentina
2013,2026-04-26,18:42:25,35 - 44 años,Masculino,Retalhuleu,Retalhuleu,Empleado privado,Varias veces al mes,Tienda de barrio,Otro,Q25 - Q50,ChocoKick Bites,Dulce,Familiar,Menos de Q10,Sí,No,México,Definitivamente no,Argentina,Lionel Messi; Alphonso Davies; Federico Valverde,Un jugador famoso,Tarjetas coleccionables,Sí,Edición Mundial FIFA 2026
2014,2026-01-23,12:08:53,18 - 24 años,Femenino,Chimaltenango,Patzún,Estudiante,Varias veces al mes,Aplicación de delivery,Familia,Q101 - Q150,Fan Chips Jalapeño,Barbacoa,Individual,Q16 - Q20,Sí,Sí,Estados Unidos,Definitivamente sí,Brasil,Vinícius Júnior; Alphonso Davies,Un jugador famoso,Sorteo de balones,Sí,Edición Francia
2015,2026-01-23,21:21:16,35 - 44 años,Femenino,Guatemala,Villa Nueva,Estudiante,Todos los días,Tienda de barrio,Solo,Menos de Q25,FutbolMix,Jalapeño,Individual,Q10 - Q15,Sí,Sí,Portugal,Probablemente sí,Bélgica,Vinícius Júnior; Harry Kane,Un jugador famoso,Producto gratis,No,Edición Brasil
2016,2026-01-22,08:53:38,25 - 34 años,Femenino,Sacatepéquez,Ciudad Vieja,Empleado público,1 a 2 veces por semana,Aplicación de delivery,Solo,Q25 - Q50,Hot Stadium Peanuts; Fan Chips Jalapeño,Barbacoa,Tamaño fiesta o reunión,Q16 - Q20,Sí,Sí,Francia,Definitivamente sí,México,Cristiano Ronaldo; Kylian Mbappé; Lionel Messi,Un jugador famoso,2x1,Sí,Edición Brasil
2017,2026-02-25,08:25:53,55 años o más,Femenino,Guatemala,Santa Catarina Pinula,Profesional independiente,1 a 2 veces por semana,Gasolinera,Solo,Q101 - Q150,Fan Chips Jalapeño; Mundialitos Queso Picante,Barbacoa,Individual,Q10 - Q15,No,Sí,Uruguay,Probablemente no,España,Jude Bellingham; Vinícius Júnior,Humor,Producto gratis,Sí,Edición con tarjetas coleccionables
2018,2026-02-06,22:08:17,18 - 24 años,Masculino,Guatemala,San Miguel Petapa,Ama de casa,Varias veces al mes,Supermercado,Solo,Q25 - Q50,Mundialitos Queso Picante,Barbacoa,Para compartir entre 2 personas,Q10 - Q15,No,Sí,México,Probablemente sí,Francia,Jude Bellingham; Lionel Messi,Una selección nacional,2x1,Sí,Edición Mundial FIFA 2026
2019,2026-02-04,12:35:05,25 - 34 años,Femenino,Chimaltenango,Patzún,Estudiante,Todos los días,Supermercado,Amigos,Q25 - Q50,Hot Stadium Peanuts; Caramel Goal Popcorn; Energy Crunch Protein,,Individual,Q21 - Q30,Sí,Sí,Francia,Probablemente sí,Argelia,Neymar Jr.; Vinícius Júnior; Rodri,Una selección nacional,Tarjetas coleccionables,Sí,Edición Argentina
2020,2026-02-16,15:06:28,35 - 44 años,Femenino,Guatemala,Mixco,Empleado privado,3 a 5 veces por semana,Supermercado,Amigos,Q25 - Q50,Gol Nachos Supreme; Hot Stadium Peanuts, PICANTE CHAPÍN ,Tamaño fiesta o reunión,Q10 - Q15,Sí,No,Francia,Tal vez,Inglaterra,Vinícius Júnior; Kylian Mbappé,Premios y sorteos,2x1,No,Edición con jugadores famosos
2021,2026-04-10,21:09:14,25 - 34 años,Masculino,Quetzaltenango,Quetzaltenango,Jubilado,1 a 2 veces por semana,Aplicación de delivery,Compañeros de trabajo,Q25 - Q50,Caramel Goal Popcorn; Gol Nachos Supreme,Picante Chapín,Para compartir entre 2 personas,Q16 - Q20,Sí,Sí,Inglaterra,Probablemente sí,Argentina,Lionel Messi; Alphonso Davies; Neymar Jr.,Premios y sorteos,Descuento directo,No,Edición Francia
2022,2026-04-07,14:07:19,18 - 24 años,Masculino,Chimaltenango,Patzún,Comerciante,3 a 5 veces por semana,Supermercado,Familia,Q51 - Q100,Victory Pretzels,Caramelo,Tamaño fiesta o reunión,Q21 - Q30,No,Sí,Argentina,Probablemente sí,Argentina,Lionel Messi; Neymar Jr.,Una selección nacional,2x1,Sí,Edición Francia
2023,2026-03-12,07:47:22,18 - 24 años,Masculino,Guatemala,San Miguel Petapa,Ama de casa,Varias veces al mes,Gasolinera,Otro,Q25 - Q50,Gol Nachos Supreme, CHOCOLATE ,Individual,Menos de Q10,Sí,Sí,México,Definitivamente sí,Argentina,Cristiano Ronaldo,Premios y sorteos,Descuento directo,No,Edición Mundial FIFA 2026
2024,2026-01-23,19:25:16,35 - 44 años,Femenino,Guatemala,San Miguel Petapa,Estudiante,1 a 2 veces por semana,Supermercado,Familia,Q51 - Q100,CrunchMax BBQ,Barbacoa,Familiar,Q21 - Q30,Sí,Sí,Francia,Definitivamente sí,Alemania,Cristiano Ronaldo; Neymar Jr.,Una selección nacional,2x1,Sí,Edición Argentina
2025,2026-02-23,13:59:39,25 - 34 años,Masculino,Guatemala,Santa Catarina Pinula,Estudiante,3 a 5 veces por semana,Supermercado,Compañeros de trabajo,Q101 - Q150,Mundialitos Queso Picante,Jalapeño,Familiar,Q16 - Q20,No,Sí,España,Probablemente sí,Inglaterra,Neymar Jr.; Kylian Mbappé; Vinícius Júnior,Premios y sorteos,Tarjetas coleccionables,No,Edición Inglaterra
2026,2026-02-10,16:15:01,25 - 34 años,Masculino,Guatemala,San Miguel Petapa,Empleado privado,Varias veces al mes,Tienda de barrio,Familia,Q25 - Q50,Caramel Goal Popcorn,Jalapeño,Para compartir entre 2 personas,Q10 - Q15,No,Sí,Brasil,Probablemente sí,Argentina,Lionel Messi,Humor,Descuento directo,No,Edición Mundial FIFA 2026
2027,2026-02-18,10:17:34,55 años o más,Masculino, ESCUINTLA ,Escuintla,Empleado privado,Todos los días,Otro,Familia,Q25 - Q50,Gol Nachos Supreme; Caramel Goal Popcorn,Queso,Individual,Q10 - Q15,No,Sí,Francia,Probablemente sí,Argentina,Lionel Messi; Neymar Jr.,Un jugador famoso,Tarjetas coleccionables,Sí,Edición Mundial FIFA 2026
2028,2026-02-01,07:57:06,35 - 44 años,Masculino,Guatemala,Villa Nueva,Empleado privado,3 a 5 veces por semana,Tienda de barrio,Amigos,Q101 - Q150,Energy Crunch Protein; Fan Chips Jalapeño; Gol Nachos Supreme,Jalapeño,Para compartir entre 2 personas,Q10 - Q15,No,Sí,México,Definitivamente sí,Francia,Julián Álvarez; Neymar Jr.,Premios y sorteos,2x1,Sí,Edición con jugadores famosos
2029,2026-03-29,21:27:11,18 - 24 años,Femenino,Chimaltenango,Tecpán Guatemala,Empleado privado,Varias veces al mes,Tienda de barrio,Amigos,Q25 - Q50,ChocoKick Bites,Jalapeño,Para compartir entre 2 personas,Q21 - Q30,Sí,Sí,Francia,Probablemente no,Francia,Ninguno,Premios y sorteos,Producto gratis,Sí,Edición Francia
2030,2026-04-21,13:12:28,Menos de 18 años,Masculino,Guatemala,Mixco,Estudiante,Todos los días,Supermercado,Amigos,Menos de Q25,Gol Nachos Supreme,Salado Tradicional,Familiar,Q10 - Q15,Sí,Sí,Portugal,Tal vez,Argentina,Lionel Messi,Historias de aficionados,2x1,Sí,Edición Francia
2031,2026-02-22,13:39:55,25 - 34 años,Masculino,Guatemala,Villa Nueva,Empleado privado,1 a 2 veces por semana,Supermercado,Familia,Q51 - Q100,Fan Chips Jalapeño,Picante Chapín,Para compartir entre 2 personas,Q21 - Q30,Sí,No,Inglaterra,Definitivamente sí,Francia,Alphonso Davies,Un jugador famoso,2x1,Sí,Edición Inglaterra
2032,2026-04-04,20:14:21,Menos de 18 años,Femenino,Guatemala, MIXCO ,Empleado privado,Todos los días,Supermercado,Amigos,Q51 - Q100,FutbolMix; Mundialitos Queso Picante,Limón,Familiar,Q16 - Q20,No,Sí,Brasil,Probablemente sí,Portugal,Christian Pulisic; Kylian Mbappé,Humor,Sorteo de camisetas,Sí,Edición con jugadores famosos
2033,2026-04-05,11:06:58,Menos de 18 años,Masculino,Escuintla,Santa Lucía Cotzumalguapa,Empleado privado,1 a 2 veces por semana,Gasolinera,Amigos,Q25 - Q50,ChocoKick Bites; Hot Stadium Peanuts,Barbacoa,Familiar,Más de Q30,Sí,Sí,México,Definitivamente sí,España,Cristiano Ronaldo; Lamine Yamal; Ninguno,Historias de aficionados,2x1,No,Edición con tarjetas coleccionables
2034,2026-03-04,12:47:55,35 - 44 años,Femenino,Retalhuleu,Cabecera municipal,Ama de casa,Rara vez,Otro,Familia,Q101 - Q150,CrunchMax BBQ; Caramel Goal Popcorn; Mundialitos Queso Picante,Limón,Individual,Q16 - Q20,No,Sí,Francia,Probablemente sí,Brasil,Lionel Messi,Premios y sorteos,2x1,Sí,Edición Mundial FIFA 2026
2035,2026-03-09,17:58:00,25 - 34 años,Femenino,Guatemala,Mixco,Estudiante,3 a 5 veces por semana,Gasolinera,Familia,Q25 - Q50,Mundialitos Queso Picante; Gol Nachos Supreme,Dulce,Para compartir entre 2 personas,Q10 - Q15,No,Sí,Brasil,Definitivamente no,Inglaterra,Lionel Messi,Premios y sorteos,Sorteo de viajes,Sí,Edición España
2036,2026-03-30,15:43:34,18 - 24 años,Femenino,Sacatepéquez,Antigua Guatemala,Empleado privado,1 a 2 veces por semana,Tienda de barrio,Familia,Menos de Q25,Mundialitos Queso Picante; Hot Stadium Peanuts; Fan Chips Jalapeño,Barbacoa,Tamaño fiesta o reunión,Q10 - Q15,Sí,No,Argentina,Probablemente sí,Argentina,Ninguno; Neymar Jr.,Un jugador famoso,Sorteo de viajes,No,Edición Argentina
2037,2026-01-15,11:40:45,35 - 44 años,Masculino,Guatemala,Santa Catarina Pinula,Estudiante,Rara vez,Gasolinera,Compañeros de trabajo,Q25 - Q50,Caramel Goal Popcorn; Gol Nachos Supreme,Dulce,Para compartir entre 2 personas,Q10 - Q15,No,Sí,Costa de Marfil,Tal vez,Argentina,Kylian Mbappé,Historias de aficionados,Sorteo de balones,Sí,Edición Argentina
2038,2026-05-07,21:45:28,18 - 24 años,Masculino,Guatemala,Villa Nueva,Otro,Todos los días,Tienda de barrio,Familia,Menos de Q25,Gol Nachos Supreme; CrunchMax BBQ,Limón,Para compartir entre 2 personas,Q10 - Q15,Sí,Sí,Brasil,Tal vez,México,Christian Pulisic; Lionel Messi; Lamine Yamal,Historias de aficionados,Sorteo de viajes,Sí,Edición España
2039,2026-01-29,22:43:18,35 - 44 años,Femenino,Guatemala,Guatemala,Estudiante,1 a 2 veces por semana,Gasolinera,Amigos,Q51 - Q100,CrunchMax BBQ; Caramel Goal Popcorn,Jalapeño,Para compartir entre 2 personas,Menos de Q10,Sí,Sí, BRASIL ,Probablemente no,Francia,Jude Bellingham; Vinícius Júnior,Humor,Sorteo de camisetas,Sí,Edición Mundial FIFA 2026
2040,2026-03-13,16:25:21,25 - 34 años,Masculino,Chiquimula,Otro municipio,Otro,Todos los días,Gasolinera,Amigos,Q51 - Q100,FutbolMix; Gol Nachos Supreme; CrunchMax BBQ,Dulce,Individual,Q16 - Q20,Sí,Sí,Francia,Definitivamente no,Francia,Neymar Jr.; Christian Pulisic; Ninguno,Premios y sorteos,Tarjetas coleccionables,No,Edición con jugadores famosos
2041,2026-04-26,16:14:06,18 - 24 años,Masculino,Sacatepéquez,Antigua Guatemala,Estudiante,Rara vez,Tienda de barrio,Solo,Q101 - Q150,ChocoKick Bites; FutbolMix,Queso,Familiar,Q21 - Q30,Sí,Sí,Argentina,Definitivamente sí,Francia,Lionel Messi; Vinícius Júnior; Federico Valverde,Una selección nacional,Sorteo de viajes,Sí,Edición Francia
2042,2026-01-16,21:10:12,25 - 34 años,Masculino,Guatemala,San Miguel Petapa,Empresario,Varias veces al mes,Gasolinera,Compañeros de trabajo,Q51 - Q100,Caramel Goal Popcorn; CrunchMax BBQ; FutbolMix, PICANTE CHAPÍN ,Para compartir entre 2 personas,Q21 - Q30,No,Sí,España,Probablemente sí,España,Kylian Mbappé; Lionel Messi,Humor,Descuento directo,Sí,Edición Brasil
2043,2026-03-27,18:45:04,35 - 44 años,Femenino,Escuintla,Escuintla,Otro,1 a 2 veces por semana,Aplicación de delivery,Familia,Q25 - Q50,Victory Pretzels; ChocoKick Bites,Jalapeño,Individual,Q10 - Q15,Sí,Sí,Argentina,Tal vez,Ecuador,Neymar Jr.; Lionel Messi,Historias de aficionados,Descuento directo,No,Edición Mundial FIFA 2026
2044,2026-04-13,22:10:36,25 - 34 años,Femenino,Guatemala,Santa Catarina Pinula,,Todos los días,Tienda de barrio,Familia,Q25 - Q50,Hot Stadium Peanuts; Energy Crunch Protein; Caramel Goal Popcorn,Jalapeño,Para compartir entre 2 personas,Q10 - Q15,No,No,Qatar,Tal vez,Suecia,Ninguno; Lionel Messi,Una selección nacional,Tarjetas coleccionables,Sí,Edición Argentina
2045,2026-05-04,10:15:46,Menos de 18 años,Masculino,Escuintla,Santa Lucía Cotzumalguapa,Empresario,Todos los días,Tienda de barrio,Compañeros de trabajo,Menos de Q25,FutbolMix; Mundialitos Queso Picante; Caramel Goal Popcorn,Salado Tradicional,Familiar,Q10 - Q15,Sí,Sí,Francia,Tal vez,México,Jude Bellingham; Cristiano Ronaldo; Christian Pulisic,Premios y sorteos,Descuento directo,Sí,Edición con tarjetas coleccionables
2046,2026-03-04,07:55:42,25 - 34 años,Masculino,Escuintla,Palín,Empleado público,Todos los días,,Amigos,Q51 - Q100,Mundialitos Queso Picante; FutbolMix; Gol Nachos Supreme,Queso,Para compartir entre 2 personas,Menos de Q10,Sí,Sí,Brasil,Probablemente no,Argentina,Lionel Messi; Lamine Yamal; Neymar Jr.,Una selección nacional,Tarjetas coleccionables,No,Edición con jugadores famosos
2047,2026-03-26,15:03:13,25 - 34 años,Femenino,Guatemala,San Miguel Petapa,Estudiante,Todos los días,Aplicación de delivery,Familia,Q101 - Q150,Caramel Goal Popcorn; FutbolMix,Barbacoa,Para compartir entre 2 personas,Q21 - Q30,Sí,No,Inglaterra,Definitivamente sí,España,Rodri; Lionel Messi,Premios y sorteos,2x1,Sí,Edición con jugadores famosos
2048,2026-01-25,20:44:43,35 - 44 años,Femenino,Chimaltenango,Patzún,Empleado privado,3 a 5 veces por semana,Gasolinera,Familia,Q101 - Q150,CrunchMax BBQ; Fan Chips Jalapeño,Jalapeño,Familiar,Q16 - Q20,Sí,Sí,Portugal,Tal vez,Haití,Neymar Jr.; Lionel Messi; Jude Bellingham,Historias de aficionados,Sorteo de camisetas,Sí,Edición Inglaterra
2049,2026-04-23,19:26:30,18 - 24 años,Femenino,Guatemala,Villa Nueva,Comerciante,1 a 2 veces por semana,Supermercado,Familia,Q101 - Q150,Energy Crunch Protein; Mundialitos Queso Picante,Limón,Familiar,Menos de Q10,Sí,Sí,South Africa,Probablemente sí,España,Vinícius Júnior; Christian Pulisic; Lamine Yamal,Una selección nacional,Sorteo de camisetas,Sí,Edición con tarjetas coleccionables
2050,2026-04-04,15:43:20,25 - 34 años,Masculino,Izabal,Cabecera municipal,Empleado público,1 a 2 veces por semana,Otro,Solo,Q25 - Q50,Energy Crunch Protein; Fan Chips Jalapeño; FutbolMix,Queso,Tamaño fiesta o reunión,Q10 - Q15,No,Sí, BRASIL ,Probablemente no,Brasil,Neymar Jr.,Historias de aficionados,Tarjetas coleccionables,Sí,Edición con tarjetas coleccionables
2051,2026-01-22,19:14:10,Menos de 18 años,Femenino,Chimaltenango,Tecpán Guatemala,Empleado privado,Varias veces al mes,Supermercado,Familia,Q51 - Q100,Fan Chips Jalapeño; Hot Stadium Peanuts; Energy Crunch Protein, PICANTE CHAPÍN ,Familiar,Q16 - Q20,No,Sí,Inglaterra,Probablemente no,Francia,Kylian Mbappé; Cristiano Ronaldo; Lionel Messi,Premios y sorteos,Descuento directo,Sí,Edición España
2052,2026-05-06,13:07:23,25 - 34 años,Masculino,Guatemala,San Miguel Petapa,Comerciante,Todos los días,Supermercado,Amigos,Q51 - Q100,Gol Nachos Supreme; ChocoKick Bites; CrunchMax BBQ,Jalapeño,Familiar,Q16 - Q20,Sí,No,Argentina,Definitivamente sí,Argentina,Cristiano Ronaldo; Federico Valverde; Neymar Jr.,Un jugador famoso,Tarjetas coleccionables,Sí,Edición Mundial FIFA 2026
2053,2026-04-03,21:38:57,35 - 44 años,Masculino,Guatemala,Mixco,Empleado privado,Todos los días,Gasolinera,Amigos,Q25 - Q50,Mundialitos Queso Picante,Jalapeño,Tamaño fiesta o reunión,Q16 - Q20,No,Sí,Qatar,Definitivamente sí,Argentina,Lamine Yamal,Un jugador famoso,Sorteo de camisetas,Sí,Edición España
2054,2026-04-19,21:09:20,Menos de 18 años,Masculino,Guatemala,Santa Catarina Pinula,Estudiante,Varias veces al mes,Tienda de barrio,Solo,Q25 - Q50,FutbolMix; Hot Stadium Peanuts,Queso,Familiar,Q10 - Q15,Sí,Sí,Portugal,Definitivamente no,México,Alphonso Davies; Lionel Messi; Julián Álvarez,Premios y sorteos,Descuento directo,Sí,Edición Argentina
2055,2026-01-25,11:13:54,45 - 54 años,Femenino,Guatemala,Guatemala,Empleado privado,3 a 5 veces por semana,Gasolinera,Amigos,Q25 - Q50,CrunchMax BBQ; FutbolMix; Caramel Goal Popcorn,Picante Chapín,Para compartir entre 2 personas,Q10 - Q15,No,Sí,Brasil,Tal vez,México,Ninguno,Un jugador famoso,Producto gratis,Sí,Edición con jugadores famosos
2056,2026-03-11,21:35:26,Menos de 18 años,Femenino,Alta Verapaz,Cabecera municipal,Empleado privado,1 a 2 veces por semana,Supermercado,Amigos,Q25 - Q50,ChocoKick Bites; CrunchMax BBQ,Limón,Familiar,Q16 - Q20,No,No,Inglaterra,Probablemente sí,Portugal,Cristiano Ronaldo,Historias de aficionados,Sorteo de viajes,Sí,Edición Mundial FIFA 2026
2057,2026-02-24,21:08:55,Menos de 18 años,Femenino,Quetzaltenango,Quetzaltenango,Profesional independiente,1 a 2 veces por semana,Tienda de barrio,Familia,Menos de Q25,Hot Stadium Peanuts,Jalapeño,Para compartir entre 2 personas,Menos de Q10,Sí,Sí,Australia,Definitivamente sí,Brasil,Lionel Messi,Una selección nacional,Sorteo de camisetas,Sí,Edición con jugadores famosos
2058,2026-04-14,15:37:24,25 - 34 años,Masculino,Chimaltenango,Chimaltenango,Empleado privado,3 a 5 veces por semana,Tienda de barrio,Familia,Q101 - Q150,Caramel Goal Popcorn; FutbolMix; Victory Pretzels,Queso,Familiar,Q16 - Q20,No,No,México,Probablemente sí,Brasil,Kylian Mbappé; Lionel Messi,Una selección nacional,Sorteo de camisetas,Sí,Edición con tarjetas coleccionables
2059,2026-05-07,08:29:01,18 - 24 años,Femenino,Guatemala,Villa Nueva,Estudiante,Varias veces al mes,Supermercado,Compañeros de trabajo,Q51 - Q100,FutbolMix; ChocoKick Bites,Caramelo,Familiar,Q10 - Q15,Sí,Sí,Brasil,Probablemente sí,Alemania,Vinícius Júnior; Cristiano Ronaldo; Christian Pulisic,Un jugador famoso,Tarjetas coleccionables,Sí,Edición Brasil
2060,2026-03-19,13:05:28,25 - 34 años,Femenino,Guatemala,Santa Catarina Pinula,,3 a 5 veces por semana,Aplicación de delivery,Familia,Q25 - Q50,Mundialitos Queso Picante; ChocoKick Bites,Queso,Tamaño fiesta o reunión,Q16 - Q20,Sí,Sí,Uruguay,Definitivamente sí,Brasil,Lionel Messi; Lamine Yamal; Rodri,Premios y sorteos,Descuento directo,No,Edición Brasil
2061,2026-01-19,12:35:40,25 - 34 años,Femenino,Escuintla,Santa Lucía Cotzumalguapa,Profesional independiente,Rara vez,Supermercado,Amigos,Q51 - Q100,Mundialitos Queso Picante; CrunchMax BBQ; FutbolMix,Salado Tradicional,Familiar,Q10 - Q15,No,Sí,Francia,Tal vez,Portugal,Ninguno,Premios y sorteos,2x1,No,Edición Francia
2062,2026-03-09,20:26:45,35 - 44 años,Prefiero no indicarlo, GUATEMALA ,Mixco,Empleado privado,Todos los días,Gasolinera,Solo,Q51 - Q100,FutbolMix,Queso,Para compartir entre 2 personas,Más de Q30,Sí,Sí,Argentina,Definitivamente sí,Inglaterra,Harry Kane; Cristiano Ronaldo,Una selección nacional,Sorteo de camisetas,Sí,Edición con tarjetas coleccionables
2063,2026-02-26,08:04:23,25 - 34 años,Masculino,Zacapa,Cabecera municipal,Estudiante,Varias veces al mes,Tienda de barrio,Solo,Q25 - Q50,FutbolMix; CrunchMax BBQ,Queso,Familiar,Q16 - Q20,No,Sí,Haití,Tal vez,Congo DR,Jude Bellingham; Vinícius Júnior,Humor,2x1,No,Edición Brasil
2064,2026-02-26,15:14:28,35 - 44 años,Femenino,Chimaltenango, PATZÚN ,Ama de casa,3 a 5 veces por semana,Aplicación de delivery,Amigos,Q25 - Q50,CrunchMax BBQ; Gol Nachos Supreme,Jalapeño,Familiar,Q21 - Q30,Sí,Sí,España,Probablemente sí,Cabo Verde,Christian Pulisic; Neymar Jr.; Lionel Messi,Una selección nacional,Sorteo de viajes,No,Edición Argentina
2065,2026-04-11,22:02:42,18 - 24 años,Masculino,Guatemala,,Comerciante,1 a 2 veces por semana,Kiosco escolar/universitario,Familia,Q51 - Q100,Victory Pretzels; Gol Nachos Supreme,Queso,Individual,Menos de Q10,Sí,Sí,Alemania,Probablemente sí,México,Jude Bellingham; Federico Valverde,Una selección nacional,Descuento directo,Sí,Edición con jugadores famosos
2066,2026-04-02,09:28:51,45 - 54 años,Femenino,Guatemala,Villa Nueva,Comerciante,1 a 2 veces por semana,Gasolinera,Amigos,Menos de Q25,Fan Chips Jalapeño; ChocoKick Bites,Barbacoa,Para compartir entre 2 personas,Más de Q30,No,Sí,Brasil,Definitivamente sí,Argentina,Christian Pulisic; Cristiano Ronaldo,Un jugador famoso,2x1,No,Edición con jugadores famosos
2067,2026-03-15,21:13:40,55 años o más,Femenino,Sacatepéquez,Sumpango,Profesional independiente,Todos los días,Tienda de barrio,Compañeros de trabajo,Q25 - Q50,Gol Nachos Supreme; FutbolMix; Fan Chips Jalapeño,Salado Tradicional,Para compartir entre 2 personas,Q16 - Q20,Sí,Sí,Inglaterra,Definitivamente sí,Argentina,Cristiano Ronaldo; Kylian Mbappé; Jude Bellingham,Un jugador famoso,Producto gratis,Sí,Edición con jugadores famosos
2068,2026-02-22,16:15:17,18 - 24 años,Prefiero no indicarlo,San Marcos,San Marcos,Empleado privado,1 a 2 veces por semana,Supermercado,Amigos,Más de Q150,FutbolMix; Mundialitos Queso Picante,Queso,Familiar,Q10 - Q15,Sí,Sí,Argentina,Probablemente sí,Portugal,Julián Álvarez; Lamine Yamal; Alphonso Davies,Un jugador famoso,2x1,Sí,Edición con tarjetas coleccionables
2069,2026-03-25,21:13:52,18 - 24 años,Masculino,Totonicapán,Totonicapán,Empleado privado,3 a 5 veces por semana,Gasolinera,Familia,Q101 - Q150,Mundialitos Queso Picante,Chocolate,Individual,Q16 - Q20,Sí,Sí,Francia,Probablemente sí,México,Ninguno; Neymar Jr.; Lamine Yamal,Un jugador famoso,Descuento directo,No,Edición Argentina
2070,2026-03-22,12:28:20,35 - 44 años,Masculino,Jutiapa,Otro municipio,Comerciante,3 a 5 veces por semana,Supermercado,Amigos,Q51 - Q100,CrunchMax BBQ; Victory Pretzels,Queso,Para compartir entre 2 personas,Q16 - Q20,No,Sí,Brasil,Probablemente sí,Brasil,Rodri; Neymar Jr.,Una selección nacional,Tarjetas coleccionables,Sí,Edición con jugadores famosos
2071,2026-05-03,10:33:52,35 - 44 años,Femenino,Jutiapa,Cabecera municipal,Estudiante,Todos los días,Tienda de barrio,Amigos,Q25 - Q50,Gol Nachos Supreme,Chocolate,Tamaño fiesta o reunión,Q16 - Q20,Sí,Sí,Brasil,Definitivamente no,Argentina,Vinícius Júnior; Lamine Yamal; Jude Bellingham,Una selección nacional,2x1,Sí,Edición Argentina
2072,2026-02-24,10:39:34,55 años o más,Masculino,Sacatepéquez,Ciudad Vieja,Estudiante,3 a 5 veces por semana,Tienda de barrio,Familia,Menos de Q25,Fan Chips Jalapeño; Hot Stadium Peanuts,Limón,Familiar,Q16 - Q20,Sí,Sí,México,Probablemente sí,Bosnia y Herzegovina,Vinícius Júnior; Federico Valverde; Kylian Mbappé,Una selección nacional,Tarjetas coleccionables,No,Edición Mundial FIFA 2026
2073,2026-01-23,18:05:48,35 - 44 años,Femenino,Quetzaltenango,Olintepeque,Profesional independiente,Varias veces al mes,Tienda de barrio,Amigos,Q25 - Q50,Mundialitos Queso Picante; Hot Stadium Peanuts,Chocolate,Familiar,Q21 - Q30,No,Sí,Portugal,Probablemente sí,Inglaterra,Cristiano Ronaldo,Una selección nacional,2x1,Sí,Edición con jugadores famosos
2074,2026-05-05,17:02:12,18 - 24 años,Femenino,Chimaltenango, PATZÚN ,Otro,Varias veces al mes,Tienda de barrio,Familia,Q51 - Q100,Hot Stadium Peanuts; Energy Crunch Protein,Jalapeño,Familiar,Q10 - Q15,Sí,Sí,Alemania,Definitivamente sí,México,Lionel Messi; Cristiano Ronaldo,Una selección nacional,Producto gratis,No,Edición con tarjetas coleccionables
2075,2026-01-20,10:31:18,18 - 24 años,Masculino,Escuintla,Santa Lucía Cotzumalguapa,Ama de casa,3 a 5 veces por semana,Tienda de barrio,Familia,Q51 - Q100,Fan Chips Jalapeño; Gol Nachos Supreme; Mundialitos Queso Picante,Picante Chapín,Para compartir entre 2 personas,Más de Q30,No,Sí,Brasil,Probablemente no,Argentina,Kylian Mbappé,Un jugador famoso,Sorteo de viajes,Sí,Edición con tarjetas coleccionables
2076,2026-03-18,22:48:00,55 años o más,Femenino,Quetzaltenango,Quetzaltenango,Empleado privado,1 a 2 veces por semana,Supermercado,Familia,Q51 - Q100,Victory Pretzels; CrunchMax BBQ; ChocoKick Bites,Queso,Tamaño fiesta o reunión,Q10 - Q15,Sí,Sí,Croacia,Probablemente no,Portugal,Neymar Jr.; Cristiano Ronaldo; Lamine Yamal,Historias de aficionados,Descuento directo,No,Edición Brasil
2077,2026-01-20,16:27:48,35 - 44 años,Femenino,Guatemala,Villa Nueva,Profesional independiente,3 a 5 veces por semana,Tienda de barrio,Familia,Más de Q150,FutbolMix,Caramelo,Individual,Más de Q30,Sí,Sí,Brasil,Definitivamente sí,Portugal,Lionel Messi; Lamine Yamal; Cristiano Ronaldo,Un jugador famoso,Sorteo de camisetas,No,Edición Brasil
2078,2026-03-06,19:40:13,35 - 44 años,Masculino,Guatemala,Villa Nueva,Estudiante,1 a 2 veces por semana,Otro,Amigos,Q25 - Q50,ChocoKick Bites; Mundialitos Queso Picante,Limón,Individual,Q21 - Q30,Sí,Sí,México,Probablemente no,Argentina,Neymar Jr.; Cristiano Ronaldo,Un jugador famoso,Tarjetas coleccionables,Sí,Edición Mundial FIFA 2026
2079,2026-03-28,13:18:26,25 - 34 años,Masculino,Santa Rosa,Santa Rosa,Estudiante,3 a 5 veces por semana,Supermercado,Familia,Q101 - Q150,ChocoKick Bites; Gol Nachos Supreme; Fan Chips Jalapeño,Queso,Familiar,Q16 - Q20,Sí,Sí,México,Definitivamente sí,Estados Unidos,Vinícius Júnior; Christian Pulisic,Premios y sorteos,Sorteo de camisetas,Sí,Edición con tarjetas coleccionables
2080,2026-03-14,15:12:52,35 - 44 años,Masculino,Guatemala,Villa Nueva,Estudiante,Varias veces al mes,Supermercado,Solo,Q51 - Q100,Mundialitos Queso Picante; Gol Nachos Supreme; FutbolMix,Caramelo,Familiar,Q21 - Q30,No,Sí,Brasil,Definitivamente sí,Inglaterra,Christian Pulisic; Harry Kane,Un jugador famoso,2x1,No,Edición España
2081,2026-01-22,16:59:39,Menos de 18 años,Masculino,Guatemala,Santa Catarina Pinula,Ama de casa,3 a 5 veces por semana,Tienda de barrio,Compañeros de trabajo,Menos de Q25,Gol Nachos Supreme; Energy Crunch Protein,Picante Chapín,Tamaño fiesta o reunión,Q10 - Q15,No,Sí,Brasil,Definitivamente sí,Brasil,Cristiano Ronaldo,Un jugador famoso,Sorteo de camisetas,No,Edición con jugadores famosos
2082,2026-01-12,21:50:02,35 - 44 años,Prefiero no indicarlo,Guatemala,Villa Nueva,Ama de casa,3 a 5 veces por semana,Supermercado,Solo,Q25 - Q50,Energy Crunch Protein; CrunchMax BBQ; Mundialitos Queso Picante,Picante Chapín,Familiar,Q21 - Q30,Sí,Sí,Argentina,Probablemente sí,Brasil,Vinícius Júnior; Lionel Messi; Neymar Jr.,Un jugador famoso,Tarjetas coleccionables,Sí,Edición Argentina
2083,2026-04-22,14:31:10,45 - 54 años,Femenino,Quetzaltenango,Quetzaltenango,Estudiante,Varias veces al mes,Tienda de barrio,Amigos,Q25 - Q50,ChocoKick Bites; CrunchMax BBQ; FutbolMix,Barbacoa,Familiar,Q16 - Q20,Sí,Sí,Argentina,Definitivamente no,Argentina,Lionel Messi; Alphonso Davies,Una selección nacional,Descuento directo,Sí,Edición Inglaterra
2084,2026-04-30,13:32:03,25 - 34 años,Masculino,Sacatepéquez,Ciudad Vieja,Jubilado,3 a 5 veces por semana,Gasolinera,Amigos,Q25 - Q50,Mundialitos Queso Picante,Caramelo,Para compartir entre 2 personas,Q16 - Q20,Sí,Sí,Uruguay,Tal vez,Argentina,Kylian Mbappé; Lamine Yamal,Premios y sorteos,2x1,Sí,Edición Inglaterra
2085,2026-02-01,14:55:05,25 - 34 años,Masculino,Retalhuleu,Otro municipio,Empleado privado,Todos los días,Kiosco escolar/universitario,Familia,Q101 - Q150,Energy Crunch Protein; Hot Stadium Peanuts,Queso,Para compartir entre 2 personas,Q10 - Q15,Sí,Sí,Alemania,Tal vez,Argentina,Neymar Jr.; Christian Pulisic; Jude Bellingham,Un jugador famoso,Sorteo de viajes,No,Edición con tarjetas coleccionables
2086,2026-03-11,17:48:08,18 - 24 años,Femenino,Guatemala,Mixco,Empleado privado,1 a 2 veces por semana,Supermercado,Amigos,Q101 - Q150,Mundialitos Queso Picante,Barbacoa,Familiar,Menos de Q10,Sí,Sí,Suiza,Tal vez,México,Alphonso Davies; Cristiano Ronaldo; Lionel Messi,Premios y sorteos,Sorteo de balones,No,Edición Argentina
2087,2026-03-07,15:43:35,18 - 24 años,Femenino,Guatemala,Santa Catarina Pinula,Comerciante,Rara vez,Supermercado,Familia,Menos de Q25,FutbolMix; Fan Chips Jalapeño; Mundialitos Queso Picante,Chocolate,Familiar,Q16 - Q20,No,Sí,Argentina,Probablemente sí,Alemania,Cristiano Ronaldo,Humor,Sorteo de camisetas,Sí,Edición Francia
2088,2026-05-05,16:42:45,35 - 44 años,Masculino,Guatemala,Villa Nueva,Empresario,Rara vez,Supermercado,Familia,Q25 - Q50,Fan Chips Jalapeño,Dulce,Familiar,Q16 - Q20,Sí,Sí,Argentina,Tal vez,Estados Unidos,Federico Valverde,Historias de aficionados,Tarjetas coleccionables,Sí,Edición Brasil
638,2026-03-02,11:12:39,18 - 24 años,Masculino,Sacatepéquez,Antigua Guatemala,Empleado privado,3 a 5 veces por semana,Tienda de barrio,Familia,Q101 - Q150,CrunchMax BBQ; Gol Nachos Supreme,Picante Chapín,Familiar,Q16 - Q20,Sí,Sí,Portugal,Definitivamente no,Portugal,Cristiano Ronaldo; Neymar Jr.; Kylian Mbappé,Una selección nacional,Producto gratis,Sí,Edición Mundial FIFA 2026
2090,2026-02-05,14:53:21,25 - 34 años,Femenino,Guatemala,Mixco,Comerciante,1 a 2 veces por semana,Kiosco escolar/universitario,Otro,Q25 - Q50,Mundialitos Queso Picante; Fan Chips Jalapeño,Picante Chapín,Para compartir entre 2 personas,Q10 - Q15,No,Sí,Portugal,Probablemente sí,Uruguay,Neymar Jr.,Una selección nacional,Tarjetas coleccionables,Sí,Edición Mundial FIFA 2026
2091,2026-05-04,10:41:38,55 años o más,Femenino,Chimaltenango,Chimaltenango,Estudiante,3 a 5 veces por semana,Tienda de barrio,Amigos,Q25 - Q50,Gol Nachos Supreme; FutbolMix; Hot Stadium Peanuts,Limón,Individual,,No,Sí,Estados Unidos,Tal vez,Argentina,Cristiano Ronaldo; Lionel Messi; Vinícius Júnior,Un jugador famoso,Descuento directo,No,Edición Brasil
2092,2026-02-05,20:09:30,35 - 44 años,Femenino,Guatemala,San Miguel Petapa,Estudiante,Varias veces al mes,Tienda de barrio,Amigos,Q51 - Q100,Hot Stadium Peanuts; Mundialitos Queso Picante; Energy Crunch Protein, PICANTE CHAPÍN ,Para compartir entre 2 personas,Q21 - Q30,Sí,Sí,Portugal,Tal vez,España,Lionel Messi; Neymar Jr.; Lamine Yamal,Un jugador famoso,Tarjetas coleccionables,No,Edición con jugadores famosos
2093,2026-01-26,10:56:25,18 - 24 años,Femenino,Guatemala,Mixco,Comerciante,3 a 5 veces por semana,Gasolinera,Amigos,Q25 - Q50,Gol Nachos Supreme; ChocoKick Bites,Picante Chapín,Tamaño fiesta o reunión,Q10 - Q15,Sí,Sí,Brasil,Probablemente sí,Portugal,Federico Valverde; Lionel Messi; Cristiano Ronaldo,Una selección nacional,Descuento directo,Sí,Edición Mundial FIFA 2026
2094,2026-03-27,07:20:01,35 - 44 años,Masculino,Chimaltenango,Tecpán Guatemala,Empleado público,Varias veces al mes,Supermercado,Familia,Q51 - Q100,Mundialitos Queso Picante; Caramel Goal Popcorn,Queso,Individual,Q10 - Q15,No,Sí,Colombia,Definitivamente sí,México,Kylian Mbappé,Un jugador famoso,Sorteo de camisetas,No,Edición España
2095,2026-02-09,12:49:20,45 - 54 años,Femenino,Quetzaltenango,Coatepeque,Comerciante,1 a 2 veces por semana,Kiosco escolar/universitario,Solo,Menos de Q25,Gol Nachos Supreme,Dulce,Familiar,Menos de Q10,No,Sí,México,Definitivamente sí,Marruecos,Lamine Yamal; Christian Pulisic,Premios y sorteos,Producto gratis,Sí,Edición Argentina
2096,2026-03-26,12:40:20,55 años o más,Masculino,Guatemala,,Estudiante,1 a 2 veces por semana,Supermercado,Amigos,Más de Q150,Gol Nachos Supreme; ChocoKick Bites; Hot Stadium Peanuts,Picante Chapín,Individual,Q10 - Q15,Sí,Sí,Argentina,Definitivamente sí,Argentina,Neymar Jr.,Una selección nacional,2x1,No,Edición con jugadores famosos
2097,2026-02-17,15:33:42,25 - 34 años,Masculino,Guatemala,Guatemala,Empleado privado,3 a 5 veces por semana,Supermercado,Familia,Menos de Q25,FutbolMix; Fan Chips Jalapeño,Queso,Familiar,Q10 - Q15,No,Sí,Portugal,Definitivamente sí,Bélgica,Lionel Messi; Christian Pulisic,Un jugador famoso,Producto gratis,Sí,Edición Argentina
2098,2026-02-24,22:54:37,45 - 54 años,Masculino,Chimaltenango,Tecpán Guatemala,Empleado privado,3 a 5 veces por semana,Tienda de barrio,Familia,Q25 - Q50,ChocoKick Bites,Limón,Tamaño fiesta o reunión,Q16 - Q20,No,Sí,Brasil,Probablemente sí,Estados Unidos,Vinícius Júnior; Lamine Yamal; Lionel Messi,Historias de aficionados,Producto gratis,No,Edición con tarjetas coleccionables
2099,2026-05-07,09:10:17,25 - 34 años,Masculino,Huehuetenango,Otro municipio,,3 a 5 veces por semana,Gasolinera,Amigos,Q51 - Q100,FutbolMix; Victory Pretzels,Barbacoa,Familiar,Q16 - Q20,Sí,Sí,Francia,Definitivamente sí,Alemania,Cristiano Ronaldo; Kylian Mbappé,Un jugador famoso,Sorteo de balones,Sí,Edición España
2100,2026-05-08,20:17:33,25 - 34 años,Femenino,Quetzaltenango,Coatepeque,Profesional independiente,3 a 5 veces por semana,Aplicación de delivery,Familia,Q25 - Q50,Hot Stadium Peanuts; Energy Crunch Protein,Jalapeño,Tamaño fiesta o reunión,Q10 - Q15,Sí,Sí,Alemania,Probablemente sí,Argentina,Cristiano Ronaldo; Kylian Mbappé,Historias de aficionados,Tarjetas coleccionables,Sí,Edición Mundial FIFA 2026
2101,2026-02-12,13:40:58,25 - 34 años,Masculino,Guatemala,Guatemala,Estudiante,Varias veces al mes,Supermercado,Compañeros de trabajo,Q25 - Q50,Fan Chips Jalapeño; FutbolMix; Gol Nachos Supreme,Picante Chapín,Familiar,Más de Q30,No,Sí,Estados Unidos,Probablemente sí,Brasil,Harry Kane; Kylian Mbappé; Neymar Jr.,Premios y sorteos,Producto gratis,No,Edición Inglaterra
2102,2026-03-20,22:28:39,35 - 44 años,Masculino,Guatemala,Villa Nueva,Empleado privado,3 a 5 veces por semana,Tienda de barrio,Compañeros de trabajo,Q25 - Q50,CrunchMax BBQ; Hot Stadium Peanuts; FutbolMix,Queso,Para compartir entre 2 personas,Q16 - Q20,Sí,Sí,México,Tal vez,Portugal,Cristiano Ronaldo; Federico Valverde,Un jugador famoso,Producto gratis,Sí,Edición Francia
2103,2026-03-23,13:53:21,35 - 44 años,Femenino,Guatemala,San Miguel Petapa,Comerciante,Todos los días,Gasolinera,Amigos,Q25 - Q50,CrunchMax BBQ; Caramel Goal Popcorn; Gol Nachos Supreme,,Para compartir entre 2 personas,Q21 - Q30,Sí,Sí,Inglaterra,Probablemente sí,España,Cristiano Ronaldo; Vinícius Júnior; Jude Bellingham,Un jugador famoso,Descuento directo,No,Edición Inglaterra
2104,2026-02-24,18:33:13,35 - 44 años,Masculino,Quiché,Cabecera municipal,Jubilado,Todos los días,Supermercado,Familia,Q25 - Q50,Mundialitos Queso Picante; CrunchMax BBQ; Fan Chips Jalapeño,Queso,Para compartir entre 2 personas,Menos de Q10,Sí,Sí,Francia,Probablemente no,Colombia,Lamine Yamal,Premios y sorteos,2x1,Sí,Edición Brasil
2105,2026-03-18,20:57:56,Menos de 18 años,Femenino,Guatemala,Guatemala,Empleado privado,1 a 2 veces por semana,Gasolinera,Amigos,Q51 - Q100,Energy Crunch Protein,Barbacoa,Para compartir entre 2 personas,Más de Q30,Sí,Sí,Francia,Tal vez,Australia,Kylian Mbappé; Neymar Jr.,Premios y sorteos,2x1,No,Edición Brasil
2106,2026-03-17,13:24:48,25 - 34 años,Femenino,Guatemala,Villa Nueva,Estudiante,Varias veces al mes,Supermercado,Familia,Q51 - Q100,Mundialitos Queso Picante; ChocoKick Bites,Chocolate,Para compartir entre 2 personas,Q16 - Q20,No,Sí,Inglaterra,Definitivamente sí,Portugal,Vinícius Júnior; Jude Bellingham; Christian Pulisic,Una selección nacional,2x1,No,Edición Mundial FIFA 2026
2107,2026-01-18,22:59:25,18 - 24 años,Masculino,Guatemala,San Miguel Petapa,Empleado público,3 a 5 veces por semana,Tienda de barrio,Compañeros de trabajo,Más de Q150,Mundialitos Queso Picante; FutbolMix; ChocoKick Bites,,Individual,Menos de Q10,Sí,Sí,Brasil,Tal vez,México,Lionel Messi; Lamine Yamal; Vinícius Júnior,Una selección nacional,Producto gratis,No,Edición Mundial FIFA 2026
2108,2026-01-10,10:44:29,25 - 34 años,Masculino,Guatemala,Mixco,Empresario,1 a 2 veces por semana,Supermercado,Familia,Q25 - Q50,Victory Pretzels; ChocoKick Bites,Jalapeño,Individual,Q16 - Q20,No,Sí,Jordania,Probablemente no,México,Christian Pulisic; Cristiano Ronaldo; Lamine Yamal,Un jugador famoso,Sorteo de viajes,Sí,Edición Brasil
2109,2026-04-01,19:05:06,18 - 24 años,Femenino,Chiquimula,Cabecera municipal,Empleado privado,1 a 2 veces por semana,Gasolinera,Familia,Q101 - Q150,Energy Crunch Protein; Mundialitos Queso Picante; ChocoKick Bites,Chocolate,Tamaño fiesta o reunión,Menos de Q10,Sí,Sí, TÚNEZ ,Definitivamente sí,Croacia,Lionel Messi; Neymar Jr.,Humor,Descuento directo,Sí,Edición Argentina
2110,2026-03-20,18:10:17,25 - 34 años,Femenino,Suchitepéquez,Suchitepéquez,Otro,Varias veces al mes,Supermercado,Amigos,Q101 - Q150,Caramel Goal Popcorn; Gol Nachos Supreme,Barbacoa,Individual,Q16 - Q20,No,No,Portugal,Probablemente sí,Argentina,Christian Pulisic,Premios y sorteos,2x1,No,Edición Argentina
2111,2026-04-18,16:18:29,25 - 34 años,Masculino,Guatemala,Mixco,Estudiante,Rara vez,Supermercado,Amigos,Q25 - Q50,ChocoKick Bites; Mundialitos Queso Picante; Caramel Goal Popcorn,Chocolate,Para compartir entre 2 personas,Q16 - Q20,No,Sí,Estados Unidos,Definitivamente no,Argentina,Neymar Jr.; Vinícius Júnior; Kylian Mbappé,Humor,2x1,No,Edición Inglaterra
2112,2026-04-05,10:22:47,45 - 54 años,Femenino,Guatemala,Mixco,Estudiante,Varias veces al mes,Gasolinera,Amigos,Q25 - Q50,Hot Stadium Peanuts; Fan Chips Jalapeño; Energy Crunch Protein,Picante Chapín,Tamaño fiesta o reunión,Q10 - Q15,No,Sí,Inglaterra,Probablemente sí,Japón,Christian Pulisic,Una selección nacional,2x1,No,Edición con jugadores famosos
2113,2026-02-21,12:36:59,25 - 34 años,Masculino,Guatemala,Santa Catarina Pinula,Empleado público,Varias veces al mes,Supermercado,Amigos,Q51 - Q100,Gol Nachos Supreme; Energy Crunch Protein,Picante Chapín,Para compartir entre 2 personas,Q10 - Q15,Sí,Sí,Argentina,Probablemente sí,México,Cristiano Ronaldo; Neymar Jr.; Kylian Mbappé,Un jugador famoso,Tarjetas coleccionables,Sí,Edición Argentina
2114,2026-03-09,16:56:10,18 - 24 años,Masculino,Sacatepéquez,Sumpango,Empleado privado,Rara vez,Gasolinera,Solo,Q25 - Q50,FutbolMix; Fan Chips Jalapeño,Dulce,Individual,Q10 - Q15,Sí,Sí,México,Probablemente sí,Portugal,Alphonso Davies,Humor,Producto gratis,Sí,Edición Brasil
2115,2026-03-01,17:27:18,35 - 44 años,Femenino,Quetzaltenango,Olintepeque,Estudiante,3 a 5 veces por semana,Supermercado,Familia,Q25 - Q50,Mundialitos Queso Picante; FutbolMix,Chocolate,Familiar,Q21 - Q30,No,Sí,España,Tal vez, PORTUGAL ,Jude Bellingham; Cristiano Ronaldo; Neymar Jr.,Un jugador famoso,Producto gratis,No,Edición Francia
2116,2026-04-16,11:16:58,25 - 34 años,Masculino,Santa Rosa,Cabecera municipal,Empleado privado,1 a 2 veces por semana,Kiosco escolar/universitario,Familia,Menos de Q25,Mundialitos Queso Picante; Gol Nachos Supreme,Chocolate,Para compartir entre 2 personas,Q10 - Q15,No,Sí,México,Tal vez,México,Cristiano Ronaldo,Premios y sorteos,Descuento directo,Sí,Edición España
2117,2026-03-23,11:27:15,55 años o más,Femenino,Guatemala,San Miguel Petapa,Estudiante,1 a 2 veces por semana,Supermercado,Amigos,Q25 - Q50,CrunchMax BBQ,Queso,Para compartir entre 2 personas,Q16 - Q20,Sí,Sí,Türkiye,Definitivamente sí,España,Cristiano Ronaldo,Historias de aficionados,Descuento directo,Sí,Edición España
2118,2026-04-26,07:34:16,25 - 34 años,Masculino,Guatemala,San Miguel Petapa,Empleado privado,3 a 5 veces por semana,Supermercado,Solo,Q51 - Q100,Mundialitos Queso Picante; Hot Stadium Peanuts; Gol Nachos Supreme,Salado Tradicional,Familiar,Q16 - Q20,Sí,No,México,Definitivamente no,Argentina,Ninguno; Neymar Jr.,Historias de aficionados,Tarjetas coleccionables,Sí,Edición Francia
2119,2026-02-21,18:11:53,25 - 34 años,Masculino,Guatemala,Villa Nueva,Estudiante,Varias veces al mes,Tienda de barrio,Compañeros de trabajo,Q25 - Q50,Fan Chips Jalapeño; ChocoKick Bites,Limón,Individual,Q10 - Q15,Sí,Sí,Francia,Tal vez,Croacia,Lionel Messi; Kylian Mbappé,Humor,Descuento directo,Sí,Edición con jugadores famosos
2120,2026-04-18,11:29:31,35 - 44 años,Femenino,Guatemala,Santa Catarina Pinula,Comerciante,1 a 2 veces por semana,Aplicación de delivery,Familia,Q101 - Q150,Mundialitos Queso Picante,Limón,Para compartir entre 2 personas,Más de Q30,No,Sí,Inglaterra,Probablemente sí,Argelia,Lionel Messi,Una selección nacional,2x1,Sí,Edición Brasil
2121,2026-02-04,12:28:24,18 - 24 años,Masculino,Guatemala,Guatemala,Profesional independiente,Todos los días,Supermercado,Otro,Q51 - Q100,Gol Nachos Supreme; CrunchMax BBQ,Caramelo,Para compartir entre 2 personas,Q10 - Q15,No,Sí,Argentina,Definitivamente sí,Portugal,Neymar Jr.; Vinícius Júnior; Lionel Messi,Una selección nacional,Tarjetas coleccionables,No,Edición Francia
2122,2026-04-14,22:49:05,35 - 44 años,Femenino,Guate,Santa Catarina Pinula,Empresario,Varias veces al mes,Supermercado,Familia,Q25 - Q50,Mundialitos Queso Picante; FutbolMix; Victory Pretzels,Dulce,Para compartir entre 2 personas,Q16 - Q20,No,Sí,Argentina,Probablemente sí,,Lamine Yamal; Jude Bellingham; Lionel Messi,Una selección nacional,Sorteo de viajes,No,Edición Mundial FIFA 2026
2123,2026-01-31,08:38:08,18 - 24 años,Masculino,Suchitepéquez,Cabecera municipal,Empleado privado,1 a 2 veces por semana,Tienda de barrio,Amigos,Q101 - Q150,FutbolMix,Queso,Para compartir entre 2 personas,Q10 - Q15,No,No,México,Definitivamente sí, PORTUGAL ,Lionel Messi; Vinícius Júnior,Premios y sorteos,Sorteo de balones,Sí,Edición Francia
2124,2026-03-03,19:35:24,25 - 34 años,Masculino,Guatemala,Santa Catarina Pinula,Estudiante,1 a 2 veces por semana,Kiosco escolar/universitario,Familia,Menos de Q25,Gol Nachos Supreme; Caramel Goal Popcorn; Fan Chips Jalapeño,Barbacoa,Familiar,Q16 - Q20,Sí,Sí,Portugal,Probablemente sí,Argentina,Cristiano Ronaldo; Lionel Messi,Premios y sorteos,Tarjetas coleccionables,Sí,Edición Brasil
2125,2026-04-10,14:17:15,Menos de 18 años,Femenino,Quetzaltenango,Coatepeque,Estudiante,1 a 2 veces por semana,Tienda de barrio,Compañeros de trabajo,Q51 - Q100,CrunchMax BBQ,Picante Chapín,Para compartir entre 2 personas,Q16 - Q20,Sí,Sí,Colombia,Probablemente no,Brasil,Vinícius Júnior; Cristiano Ronaldo; Jude Bellingham,Historias de aficionados,Descuento directo,Sí,Edición Mundial FIFA 2026
2126,2026-02-24,11:41:01,Menos de 18 años,Femenino,Guatemala,Santa Catarina Pinula,Empleado privado,Varias veces al mes,Supermercado,Amigos,Q25 - Q50,Caramel Goal Popcorn,Jalapeño,Familiar,Q16 - Q20,No,Sí,Brasil,Tal vez,España,Lionel Messi,Un jugador famoso,2x1,Sí,Edición con tarjetas coleccionables
2127,2026-03-20,11:02:23,25 - 34 años,Femenino,Quetzaltenango,Quetzaltenango,Empresario,Varias veces al mes,Tienda de barrio,Amigos,Q25 - Q50,Mundialitos Queso Picante,Barbacoa,Tamaño fiesta o reunión,Q10 - Q15,Sí,Sí,Argentina,Probablemente sí,Brasil,Jude Bellingham; Kylian Mbappé; Neymar Jr.,Un jugador famoso,Tarjetas coleccionables,No,Edición Argentina
2128,2026-01-27,07:46:16,18 - 24 años,Femenino,Suchitepéquez,Otro municipio,Comerciante,Todos los días,Supermercado,Familia,Q25 - Q50,Hot Stadium Peanuts,Chocolate,Familiar,Q10 - Q15,Sí,Sí,Alemania,Definitivamente no,Portugal,Jude Bellingham; Lamine Yamal; Vinícius Júnior,Una selección nacional,Descuento directo,No,Edición Inglaterra
2129,2026-04-25,17:18:20,25 - 34 años,Femenino,Jalapa,Otro municipio,Empleado privado,1 a 2 veces por semana,Tienda de barrio,Familia,Q101 - Q150,Gol Nachos Supreme; Fan Chips Jalapeño; Hot Stadium Peanuts,Barbacoa,Tamaño fiesta o reunión,,Sí,Sí,Brasil,Tal vez,México,Vinícius Júnior; Lionel Messi; Neymar Jr.,Humor,Tarjetas coleccionables,No,Edición Argentina
2130,2026-04-16,11:01:54,18 - 24 años,Prefiero no indicarlo,Guatemala,Mixco,Profesional independiente,1 a 2 veces por semana,Gasolinera,Familia,Q25 - Q50,Gol Nachos Supreme; Energy Crunch Protein,Chocolate,Tamaño fiesta o reunión,Menos de Q10,Sí,Sí,Argentina,Tal vez,Portugal,Cristiano Ronaldo; Kylian Mbappé; Lionel Messi,Premios y sorteos,2x1,Sí,Edición España
2131,2026-01-23,13:49:22,55 años o más,Masculino,Suchitepéquez,Cabecera municipal,Profesional independiente,3 a 5 veces por semana,Tienda de barrio,Familia,Menos de Q25,Mundialitos Queso Picante,Chocolate,Tamaño fiesta o reunión,Q10 - Q15,Sí,Sí,España,Probablemente no,Inglaterra,Vinícius Júnior; Federico Valverde; Kylian Mbappé,Premios y sorteos,Descuento directo,No,Edición Inglaterra
2132,2026-04-23,20:59:29,25 - 34 años,Masculino,Baja Verapaz,Otro municipio,Comerciante,Todos los días,Tienda de barrio,Familia,Q101 - Q150,Mundialitos Queso Picante; FutbolMix; Gol Nachos Supreme,Limón,Familiar,Menos de Q10,Sí,Sí,Argentina,Probablemente sí,España,Lionel Messi,Humor,Tarjetas coleccionables,No,Edición Inglaterra
2133,2026-01-12,13:33:00,25 - 34 años,Femenino,Quetzaltenango,Olintepeque,Estudiante,3 a 5 veces por semana,Supermercado,Amigos,Menos de Q25,Gol Nachos Supreme; ChocoKick Bites; Hot Stadium Peanuts,Picante Chapín,Familiar,Q10 - Q15,Sí,Sí,Brasil,Tal vez,Haití,Federico Valverde,Humor,Tarjetas coleccionables,No,Edición Brasil
2134,2026-04-28,12:18:35,35 - 44 años,Femenino,Guatemala,Villa Nueva,Estudiante,Varias veces al mes,Aplicación de delivery,Amigos,Q51 - Q100,Victory Pretzels; ChocoKick Bites,Chocolate,Familiar,Q16 - Q20,No,Sí,España,Definitivamente sí,Escocia,Neymar Jr.,Premios y sorteos,Producto gratis,Sí,Edición Brasil
2135,2026-01-14,11:24:36,25 - 34 años,Femenino,San Marcos,San Marcos,Estudiante,3 a 5 veces por semana,Kiosco escolar/universitario,Amigos,Q25 - Q50,Caramel Goal Popcorn; FutbolMix,Picante Chapín,Individual,Q10 - Q15,No,Sí,Portugal,Probablemente no,México,Neymar Jr.; Cristiano Ronaldo,Historias de aficionados,2x1,Sí,Edición Brasil
2136,2026-03-16,15:33:19,45 - 54 años,Masculino,Guatemala,Guatemala,Estudiante,Varias veces al mes,Kiosco escolar/universitario,Amigos,Menos de Q25,Gol Nachos Supreme; Mundialitos Queso Picante,Limón,Familiar,Q16 - Q20,No,Sí,México,Probablemente sí,México,Lionel Messi,Un jugador famoso,Descuento directo,No,Edición Mundial FIFA 2026
2137,2026-01-30,13:56:10,25 - 34 años,Masculino,Guatemala,San Miguel Petapa,Ama de casa,Todos los días,Supermercado,Familia,Q25 - Q50,Mundialitos Queso Picante; Caramel Goal Popcorn; CrunchMax BBQ,Queso,Familiar,,No,Sí,Inglaterra,Definitivamente no,España,Cristiano Ronaldo; Lionel Messi,Humor,Sorteo de camisetas,Sí,Edición España
2138,2026-05-10,14:35:01,35 - 44 años,Femenino,Escuintla,Santa Lucía Cotzumalguapa,Empresario,3 a 5 veces por semana,Supermercado,Familia,Q25 - Q50,Victory Pretzels; FutbolMix; Mundialitos Queso Picante,Chocolate,Tamaño fiesta o reunión,Más de Q30,Sí,Sí,Francia,Definitivamente sí,Francia,Neymar Jr.,Premios y sorteos,Tarjetas coleccionables,Sí,Edición Argentina
2139,2026-03-12,19:06:58,25 - 34 años,Masculino,Sacatepéquez,Sumpango,,3 a 5 veces por semana,Supermercado,Otro,Q25 - Q50,ChocoKick Bites; Hot Stadium Peanuts, QUESO ,Individual,Q16 - Q20,Sí,Sí,Panamá,Definitivamente sí,Inglaterra,Kylian Mbappé; Jude Bellingham; Neymar Jr.,Premios y sorteos,Sorteo de camisetas,Sí,Edición Mundial FIFA 2026
2140,2026-05-02,12:43:38,18 - 24 años,Masculino,Huehuetenango,Huehuetenango,Comerciante,3 a 5 veces por semana,Tienda de barrio,Amigos,Q51 - Q100,CrunchMax BBQ,Salado Tradicional,Para compartir entre 2 personas,Q10 - Q15,Sí,Sí,Argentina,Definitivamente sí,Portugal,Neymar Jr.; Vinícius Júnior; Jude Bellingham,Una selección nacional,Sorteo de camisetas,No,Edición con jugadores famosos
2141,2026-04-29,17:16:48,18 - 24 años,Femenino,Jutiapa,Jutiapa,Empleado privado,Rara vez,Aplicación de delivery,Amigos,Q25 - Q50,Gol Nachos Supreme; FutbolMix; Fan Chips Jalapeño,,Para compartir entre 2 personas,Q16 - Q20,Sí,Sí,Arabia Saudita,Probablemente sí,España,Cristiano Ronaldo; Lionel Messi; Lamine Yamal,Un jugador famoso,Tarjetas coleccionables,Sí,Edición con jugadores famosos
2142,2026-04-07,18:00:45,18 - 24 años,Masculino,Guatemala,Villa Nueva,Empleado privado,1 a 2 veces por semana,Aplicación de delivery,Amigos,Menos de Q25,FutbolMix; ChocoKick Bites; Hot Stadium Peanuts,Jalapeño,Tamaño fiesta o reunión,Q16 - Q20,Sí,Sí,México,Probablemente sí,España,Lionel Messi,Una selección nacional,Producto gratis,Sí,Edición Argentina
2143,2026-04-29,07:07:32,25 - 34 años,Femenino,Guatemala,Santa Catarina Pinula,Empresario,3 a 5 veces por semana,Gasolinera,Solo,Q25 - Q50,FutbolMix; Mundialitos Queso Picante,Barbacoa,Familiar,Q21 - Q30,No,Sí,Portugal,Definitivamente no,Brasil,Vinícius Júnior,Premios y sorteos,Sorteo de camisetas,Sí,Edición Argentina
2144,2026-02-16,08:36:28,55 años o más,Femenino,Chimaltenango,Tecpán Guatemala,Ama de casa,Varias veces al mes,Gasolinera,Familia,Q51 - Q100,Mundialitos Queso Picante; Victory Pretzels,Queso,Familiar,Q10 - Q15,No,Sí,España,Definitivamente sí,Brasil,Cristiano Ronaldo; Federico Valverde; Lionel Messi,Un jugador famoso,Descuento directo,No,Edición con jugadores famosos
2145,2026-02-17,13:10:02,18 - 24 años,Masculino,Guatemala,Guatemala,Otro,3 a 5 veces por semana,Supermercado,Solo,Q25 - Q50,CrunchMax BBQ,Queso,Individual,Q10 - Q15,Sí,Sí,Argentina,Definitivamente sí,South Africa,Lionel Messi; Vinícius Júnior; Harry Kane,Una selección nacional,2x1,No,Edición Mundial FIFA 2026
2146,2026-05-06,09:54:10,25 - 34 años,Femenino,Quetzaltenango,Olintepeque,Empleado privado,3 a 5 veces por semana,Aplicación de delivery,Familia,Q25 - Q50,FutbolMix,Barbacoa,Para compartir entre 2 personas,Q16 - Q20,Sí,Sí,México,Probablemente no,España,Kylian Mbappé; Neymar Jr.; Lionel Messi,Historias de aficionados,Producto gratis,No,Edición Inglaterra
2147,2026-03-11,12:32:02,25 - 34 años,Masculino,El Progreso,Cabecera municipal,Comerciante,1 a 2 veces por semana,Kiosco escolar/universitario,Otro,Q51 - Q100,Hot Stadium Peanuts; CrunchMax BBQ,Jalapeño,Individual,Q21 - Q30,Sí,Sí,Alemania,Tal vez,Estados Unidos,Kylian Mbappé,Un jugador famoso,Descuento directo,Sí,Edición Inglaterra
2148,2026-03-11,12:44:02,25 - 34 años,Masculino,Guatemala,Guatemala,Empleado privado,Todos los días,Tienda de barrio,Solo,Q101 - Q150,Energy Crunch Protein; ChocoKick Bites; Caramel Goal Popcorn,Salado Tradicional,Para compartir entre 2 personas,Q16 - Q20,Sí,Sí,México,Probablemente sí,Suiza,Neymar Jr.; Christian Pulisic; Rodri,Humor,Tarjetas coleccionables,Sí,Edición Argentina
2149,2026-02-20,11:44:53,18 - 24 años,Femenino,Guatemala,Guatemala,Empleado privado,3 a 5 veces por semana,Tienda de barrio,Familia,Q25 - Q50,Hot Stadium Peanuts; FutbolMix; Mundialitos Queso Picante,Limón,Individual,Q16 - Q20,No,Sí,Francia,Tal vez,Portugal,Cristiano Ronaldo; Rodri; Jude Bellingham,Un jugador famoso,Descuento directo,No,Edición con tarjetas coleccionables
2150,2026-02-22,14:51:42,25 - 34 años,Femenino,Guatemala,San Miguel Petapa,Empleado público,Varias veces al mes,Tienda de barrio,Amigos,Menos de Q25,Victory Pretzels; CrunchMax BBQ,Queso,Familiar,Q21 - Q30,No,Sí,Portugal,Tal vez,Panamá,Lionel Messi,Historias de aficionados,Descuento directo,Sí,Edición con jugadores famosos
2151,2026-02-03,21:47:27,35 - 44 años,Masculino,Guatemala,Mixco,Comerciante,Varias veces al mes,Gasolinera,Amigos,Q51 - Q100,CrunchMax BBQ,Jalapeño,Familiar,Q21 - Q30,No,Sí,Inglaterra,Definitivamente sí,Inglaterra,Neymar Jr.,Una selección nacional,Sorteo de viajes,Sí,Edición Mundial FIFA 2026
2152,2026-03-05,16:40:51,18 - 24 años,Masculino,Guatemala,Guatemala,Comerciante,Varias veces al mes,Supermercado,Familia,Q51 - Q100,ChocoKick Bites; CrunchMax BBQ; FutbolMix,Dulce,Familiar,Q21 - Q30,Sí,Sí,Uruguay,Probablemente sí,México,Neymar Jr.; Julián Álvarez; Cristiano Ronaldo,Una selección nacional,Sorteo de camisetas,Sí,Edición Brasil
2153,2026-04-19,09:44:53,35 - 44 años,Prefiero no indicarlo,Guatemala,Guatemala,Jubilado,1 a 2 veces por semana,Supermercado,Familia,Q25 - Q50,Hot Stadium Peanuts; Fan Chips Jalapeño, CARAMELO ,Para compartir entre 2 personas,Q16 - Q20,Sí,Sí,Argentina,Definitivamente no,Argentina,Lionel Messi; Harry Kane; Christian Pulisic,Historias de aficionados,Sorteo de balones,No,Edición con jugadores famosos
2154,2026-01-25,16:47:23,25 - 34 años,Masculino,Guatemala,Santa Catarina Pinula,Comerciante,1 a 2 veces por semana,Kiosco escolar/universitario,Familia,Q51 - Q100,CrunchMax BBQ,Salado Tradicional,Familiar,Q16 - Q20,Sí,Sí,Portugal,Definitivamente no,Argentina,Kylian Mbappé; Neymar Jr.,Una selección nacional,Sorteo de camisetas,No,Edición con tarjetas coleccionables
2155,2026-04-25,19:10:12,35 - 44 años,Femenino,Quetzaltenango,Coatepeque,Comerciante,3 a 5 veces por semana,Supermercado,Familia,Q51 - Q100,CrunchMax BBQ; FutbolMix,Queso,Individual,Q16 - Q20,Sí,No,Inglaterra,Probablemente sí,South Africa,Vinícius Júnior; Lamine Yamal; Cristiano Ronaldo,Una selección nacional,Sorteo de viajes,Sí,Edición Brasil
2156,2026-04-07,12:36:06,45 - 54 años,Femenino, SANTA ROSA ,Cabecera municipal,Empresario,3 a 5 veces por semana,Gasolinera,Familia,Q51 - Q100,Hot Stadium Peanuts; Fan Chips Jalapeño,Salado Tradicional,Familiar,Q10 - Q15,Sí,Sí,Portugal,Probablemente sí,Brasil,Harry Kane; Vinícius Júnior,Historias de aficionados,Sorteo de camisetas,Sí,Edición Argentina
2157,2026-03-18,19:30:17,Menos de 18 años,Masculino,Quetzaltenango,Olintepeque,Estudiante,Varias veces al mes,Supermercado,Familia,Q25 - Q50,Victory Pretzels,Jalapeño,Familiar,Q10 - Q15,Sí,Sí,Brasil,Probablemente sí,Francia,Lionel Messi; Cristiano Ronaldo,Una selección nacional,Sorteo de camisetas,Sí,Edición Mundial FIFA 2026
2158,2026-01-11,16:36:34,55 años o más,Masculino,Chimaltenango, TECPÁN GUATEMALA ,Empleado público,1 a 2 veces por semana,Tienda de barrio,Amigos,Q25 - Q50,CrunchMax BBQ; Fan Chips Jalapeño; Mundialitos Queso Picante,Chocolate,Familiar,Q16 - Q20,No,Sí,Francia,Definitivamente sí,Francia,Neymar Jr.; Cristiano Ronaldo; Vinícius Júnior,Una selección nacional,Producto gratis,Sí,Edición Argentina
2159,2026-02-27,21:58:59,18 - 24 años,Masculino,Escuintla,Escuintla,Jubilado,1 a 2 veces por semana,Gasolinera,Familia,Menos de Q25,Mundialitos Queso Picante; FutbolMix,Queso,Familiar,Menos de Q10,No,Sí, FRANCIA ,Definitivamente sí,Francia,Lionel Messi; Lamine Yamal; Alphonso Davies,Premios y sorteos,Descuento directo,No,Edición Inglaterra
2160,2026-01-15,18:18:20,25 - 34 años,Femenino,Guatemala,Santa Catarina Pinula,Profesional independiente,Todos los días,Tienda de barrio,Familia,Q51 - Q100,Hot Stadium Peanuts; Gol Nachos Supreme,Queso,Tamaño fiesta o reunión,Q21 - Q30,Sí,Sí,Portugal,Probablemente sí,Uruguay,Christian Pulisic,Un jugador famoso,Sorteo de camisetas,Sí,Edición con jugadores famosos
2161,2026-03-22,16:41:33,18 - 24 años,Masculino,Guatemala,Guatemala,Ama de casa,3 a 5 veces por semana,Supermercado,Amigos,Q25 - Q50,ChocoKick Bites; Energy Crunch Protein,Salado Tradicional,Familiar,Q10 - Q15,No,Sí,Inglaterra,Tal vez,Argentina,Cristiano Ronaldo,Una selección nacional,Sorteo de viajes,Sí,Edición con tarjetas coleccionables
2162,2026-01-12,14:24:52,25 - 34 años,Masculino,Guatemala,Santa Catarina Pinula,Estudiante,Todos los días,Tienda de barrio,Amigos,Q51 - Q100,Gol Nachos Supreme; Mundialitos Queso Picante; Victory Pretzels,Caramelo,Individual,Q10 - Q15,Sí,Sí,Alemania,Tal vez,Argentina,Alphonso Davies; Lionel Messi; Harry Kane,Humor,Producto gratis,Sí,Edición con jugadores famosos
2163,2026-04-08,17:47:25,45 - 54 años,Masculino,Guatemala,Guatemala,Estudiante,1 a 2 veces por semana,Kiosco escolar/universitario,Amigos,Q51 - Q100,Caramel Goal Popcorn; CrunchMax BBQ; FutbolMix,Queso,Individual,Q16 - Q20,No,Sí,Argentina,Definitivamente sí,Portugal,Cristiano Ronaldo; Neymar Jr.; Vinícius Júnior,Una selección nacional,Sorteo de balones,No,Edición Inglaterra
2164,2026-04-16,22:43:19,18 - 24 años,Masculino,Petén,San Benito,Empleado privado,Varias veces al mes,Supermercado,Familia,Menos de Q25,Victory Pretzels; Hot Stadium Peanuts; Caramel Goal Popcorn,Picante Chapín,Familiar,Q16 - Q20,Sí,Sí,Francia,Tal vez,México,Jude Bellingham; Vinícius Júnior; Kylian Mbappé,Una selección nacional,Descuento directo,Sí,Edición Mundial FIFA 2026
2165,2026-02-17,08:49:58,35 - 44 años,Femenino,Alta Verapaz,Alta Verapaz,Estudiante,Todos los días,Tienda de barrio,Familia,Q25 - Q50,ChocoKick Bites,Limón,Para compartir entre 2 personas,Q10 - Q15,Sí,Sí,España,Probablemente no,Irán,Lionel Messi,Historias de aficionados,Descuento directo,Sí,Edición con jugadores famosos
2166,2026-03-31,20:39:46,55 años o más,Femenino,Guatemala,San Miguel Petapa,Empleado privado,Todos los días,Supermercado,Familia,Menos de Q25,ChocoKick Bites; FutbolMix,Queso,Para compartir entre 2 personas,Q21 - Q30,Sí,Sí,Brasil,Tal vez,Portugal,Ninguno,Una selección nacional,Tarjetas coleccionables,Sí,Edición Mundial FIFA 2026
2167,2026-04-30,12:49:07,25 - 34 años,Masculino,Guatemala,Villa Nueva,Ama de casa,1 a 2 veces por semana,Gasolinera,Familia,Q51 - Q100,Victory Pretzels; ChocoKick Bites, SALADO TRADICIONAL ,Familiar,Q10 - Q15,No,Sí,Brasil,Definitivamente sí,Estados Unidos,Jude Bellingham,Premios y sorteos,Descuento directo,Sí,Edición con jugadores famosos
2168,2026-02-11,19:59:07,18 - 24 años,Masculino,El Progreso,Otro municipio,Estudiante,1 a 2 veces por semana,Tienda de barrio,Solo,Q101 - Q150,Energy Crunch Protein,Chocolate,Familiar,Q10 - Q15,No,Sí,Argentina,Definitivamente sí,Brasil,Kylian Mbappé,Humor,2x1,Sí,Edición Mundial FIFA 2026
2169,2026-04-25,14:34:12,35 - 44 años,Femenino,Escuintla,Santa Lucía Cotzumalguapa,Profesional independiente,Todos los días,Supermercado,Familia,Q25 - Q50,Hot Stadium Peanuts,Jalapeño,Para compartir entre 2 personas,Q21 - Q30,No,Sí,Estados Unidos,Definitivamente sí,Estados Unidos,Neymar Jr.; Kylian Mbappé,Humor,Producto gratis,No,Edición Brasil
2170,2026-05-02,21:34:22,35 - 44 años,Femenino,Escuintla,Escuintla,Empleado público,1 a 2 veces por semana,Supermercado,Amigos,Más de Q150,ChocoKick Bites; Gol Nachos Supreme; Caramel Goal Popcorn,Chocolate,Familiar,Q16 - Q20,No,Sí,Haití,Definitivamente no,Brasil,Lionel Messi; Vinícius Júnior; Cristiano Ronaldo,Historias de aficionados,Descuento directo,Sí,Edición Francia
2171,2026-05-07,10:07:16,25 - 34 años,Femenino,Guatemala,Santa Catarina Pinula,Comerciante,1 a 2 veces por semana,Supermercado,Compañeros de trabajo,Menos de Q25,Hot Stadium Peanuts; Victory Pretzels; Caramel Goal Popcorn,Limón,Familiar,Q10 - Q15,Sí,Sí,Brasil,Tal vez,Argentina,Rodri; Neymar Jr.; Federico Valverde,Historias de aficionados,Descuento directo,Sí,Edición Mundial FIFA 2026
2172,2026-02-27,13:40:39,18 - 24 años,Femenino,Quiché,Quiché,Profesional independiente,3 a 5 veces por semana,Otro,Compañeros de trabajo,Menos de Q25,FutbolMix; Gol Nachos Supreme,Picante Chapín,Familiar,Q16 - Q20,Sí,Sí,Argentina,Tal vez,Estados Unidos,Neymar Jr.,Humor,2x1,Sí,Edición Inglaterra
2173,2026-03-18,12:02:32,35 - 44 años,Femenino,Guatemala,Mixco,Profesional independiente,1 a 2 veces por semana,Gasolinera,Solo,Menos de Q25,Fan Chips Jalapeño; Mundialitos Queso Picante,Picante Chapín,Tamaño fiesta o reunión,Q16 - Q20,Sí,Sí,Portugal,Definitivamente sí,Argentina,Rodri; Lamine Yamal,Humor,Sorteo de viajes,Sí,Edición Mundial FIFA 2026
2174,2026-04-23,22:22:27,18 - 24 años,Femenino, SACATEPÉQUEZ ,Antigua Guatemala,Profesional independiente,1 a 2 veces por semana,Tienda de barrio,Familia,Q51 - Q100,Energy Crunch Protein; ChocoKick Bites,Picante Chapín,Familiar,Q16 - Q20,Sí,Sí,Czechia,Definitivamente sí,Colombia,Alphonso Davies; Neymar Jr.,Un jugador famoso,Producto gratis,Sí,Edición con tarjetas coleccionables
2175,2026-03-02,20:15:48,25 - 34 años,Femenino,Santa Rosa,Otro municipio,Estudiante,Todos los días,Tienda de barrio,Otro,Q25 - Q50,FutbolMix,Barbacoa,Para compartir entre 2 personas,Q10 - Q15,Sí,Sí,Inglaterra,Probablemente no,Argentina,Lionel Messi,Un jugador famoso,Producto gratis,No,Edición con jugadores famosos
2176,2026-01-13,09:55:16,25 - 34 años,Femenino,Retalhuleu,Retalhuleu,Empleado privado,1 a 2 veces por semana,Tienda de barrio,Familia,Q101 - Q150,Mundialitos Queso Picante; CrunchMax BBQ,Picante Chapín,Familiar,Q21 - Q30,No,Sí,Argentina,Definitivamente no,México,Neymar Jr.,Un jugador famoso,2x1,No,Edición Mundial FIFA 2026
2177,2026-04-09,13:40:02,18 - 24 años,Masculino,Guatemala,San Miguel Petapa,Comerciante,1 a 2 veces por semana,Tienda de barrio,Solo,Menos de Q25,CrunchMax BBQ,Barbacoa,Individual,Q21 - Q30,Sí,Sí,Brasil,Definitivamente sí,Brasil,Kylian Mbappé; Cristiano Ronaldo,Premios y sorteos,Descuento directo,Sí,Edición Mundial FIFA 2026
2178,2026-04-22,09:27:41,45 - 54 años,Masculino,Escuintla,Santa Lucía Cotzumalguapa,Otro,Varias veces al mes,Otro,Amigos,Q101 - Q150,Fan Chips Jalapeño,Barbacoa,Para compartir entre 2 personas,Q16 - Q20,Sí,Sí,Colombia,Probablemente sí,Brasil,Alphonso Davies; Lionel Messi; Harry Kane,Premios y sorteos,Descuento directo,Sí,Edición Brasil
2179,2026-04-29,19:11:19,25 - 34 años,Femenino,San Marcos,San Marcos,Estudiante,1 a 2 veces por semana,Tienda de barrio,Familia,Q51 - Q100,Fan Chips Jalapeño; Caramel Goal Popcorn; Gol Nachos Supreme,Limón,Para compartir entre 2 personas,,Sí,Sí,Brasil,Definitivamente sí,Francia,Alphonso Davies; Lamine Yamal,Humor,Descuento directo,No,Edición Argentina
2180,2026-05-06,21:00:42,Menos de 18 años,Masculino,Alta Verapaz,Cabecera municipal,Profesional independiente,1 a 2 veces por semana,Tienda de barrio,Familia,Q25 - Q50,Gol Nachos Supreme; Caramel Goal Popcorn; Mundialitos Queso Picante,Salado Tradicional,Tamaño fiesta o reunión,Q10 - Q15,No,Sí,Brasil,Definitivamente no,Portugal,Rodri,Humor,Producto gratis,No,Edición con jugadores famosos
2181,2026-02-20,22:54:38,55 años o más,Masculino,Guatemala,San Miguel Petapa,Estudiante,1 a 2 veces por semana,Supermercado,Amigos,Q101 - Q150,FutbolMix; ChocoKick Bites,Jalapeño,Tamaño fiesta o reunión,Q21 - Q30,Sí,Sí,Argentina,Definitivamente no,Argentina,Lionel Messi,Una selección nacional,Tarjetas coleccionables,Sí,Edición Argentina
2182,2026-02-24,09:44:09,18 - 24 años,Masculino,Guatemala,Guatemala,Estudiante,Todos los días,Tienda de barrio,Amigos,Q51 - Q100,Fan Chips Jalapeño; Caramel Goal Popcorn; Hot Stadium Peanuts,Jalapeño,Para compartir entre 2 personas,Q10 - Q15,No,Sí,Portugal,Tal vez,Argentina,Neymar Jr.; Ninguno,Una selección nacional,Tarjetas coleccionables,Sí,Edición Inglaterra
2183,2026-02-23,17:59:08,25 - 34 años,Femenino,Chimaltenango,Tecpán Guatemala,Profesional independiente,Todos los días,Supermercado,Familia,Q25 - Q50,ChocoKick Bites; Victory Pretzels; Fan Chips Jalapeño,Limón,Familiar,Q10 - Q15,Sí,Sí,España,Probablemente no,Francia,Federico Valverde; Vinícius Júnior; Lionel Messi,Historias de aficionados,Descuento directo,Sí,Edición Argentina
2184,2026-01-19,15:16:51,25 - 34 años,Masculino,Guate,Santa Catarina Pinula,Profesional independiente,1 a 2 veces por semana,Supermercado,Amigos,Q25 - Q50,FutbolMix; CrunchMax BBQ,Chocolate,Para compartir entre 2 personas,Q10 - Q15,Sí,Sí,Brasil,Probablemente sí,Brasil,Cristiano Ronaldo; Rodri; Alphonso Davies,Una selección nacional,Producto gratis,Sí,Edición Argentina
2185,2026-01-24,08:36:03,18 - 24 años,Femenino, SACATEPÉQUEZ ,Antigua Guatemala,Ama de casa,3 a 5 veces por semana,Supermercado,Familia,Q51 - Q100,ChocoKick Bites,Jalapeño,Individual,Q10 - Q15,Sí,Sí,Portugal,Probablemente sí, PORTUGAL ,Cristiano Ronaldo; Neymar Jr.; Lionel Messi,Premios y sorteos,Sorteo de camisetas,Sí,Edición Argentina
2186,2026-04-13,13:54:31,25 - 34 años,Masculino,Guatemala,Santa Catarina Pinula,Profesional independiente,Varias veces al mes,Aplicación de delivery,Compañeros de trabajo,Q25 - Q50,Caramel Goal Popcorn,Salado Tradicional,Individual,Q16 - Q20,Sí,Sí,Francia,Definitivamente sí,Argentina,Cristiano Ronaldo,Un jugador famoso,Producto gratis,No,Edición Inglaterra
2187,2026-01-23,17:34:34,18 - 24 años,Masculino,Chimaltenango,Patzún,Empleado público,3 a 5 veces por semana,Tienda de barrio,Amigos,Menos de Q25,Fan Chips Jalapeño; FutbolMix; Hot Stadium Peanuts,Limón,Familiar,Q16 - Q20,No,Sí,Francia,Probablemente sí,México,Lamine Yamal; Neymar Jr.,Un jugador famoso,Descuento directo,No,Edición Argentina
2188,2026-03-02,16:55:19,35 - 44 años,Masculino,Totonicapán,Otro municipio,Empleado privado,3 a 5 veces por semana,Supermercado,Amigos,Q25 - Q50,Fan Chips Jalapeño; ChocoKick Bites,Picante Chapín,Para compartir entre 2 personas,Menos de Q10,No,No,México,Definitivamente sí,Francia,Cristiano Ronaldo; Lionel Messi,Una selección nacional,Producto gratis,Sí,Edición Mundial FIFA 2026
2189,2026-03-31,13:03:12,55 años o más,Masculino,El Progreso,Otro municipio,Estudiante,3 a 5 veces por semana,Aplicación de delivery,Familia,Q51 - Q100,FutbolMix,Picante Chapín,Familiar,Q21 - Q30,No,Sí,Brasil,Probablemente sí,Brasil,Lionel Messi; Jude Bellingham; Ninguno,Una selección nacional,Tarjetas coleccionables,Sí,Edición con jugadores famosos
2190,2026-03-31,17:50:18,25 - 34 años,Femenino,Guatemala,Guatemala,Ama de casa,3 a 5 veces por semana,Supermercado,Amigos,Menos de Q25,Gol Nachos Supreme; FutbolMix,Queso,Individual,Q16 - Q20,Sí,Sí,México,Definitivamente sí,Argentina,Rodri,Una selección nacional,Sorteo de camisetas,Sí,Edición con tarjetas coleccionables
2191,2026-01-28,13:53:59,45 - 54 años,Prefiero no indicarlo,Santa Rosa,Cabecera municipal,Empleado privado,3 a 5 veces por semana,Otro,Familia,Q101 - Q150,Fan Chips Jalapeño,Barbacoa,Tamaño fiesta o reunión,Más de Q30,Sí,Sí,Argentina,Tal vez,México,Vinícius Júnior; Jude Bellingham,Humor,Descuento directo,Sí,Edición con tarjetas coleccionables
2192,2026-04-20,07:55:39,25 - 34 años,Masculino,Alta Verapaz,Alta Verapaz,Estudiante,Varias veces al mes,Aplicación de delivery,Familia,Q51 - Q100,FutbolMix,Queso,Tamaño fiesta o reunión,Q10 - Q15,Sí,Sí,Francia,Probablemente sí,México,Neymar Jr.; Lionel Messi; Lamine Yamal,Premios y sorteos,2x1,No,Edición con tarjetas coleccionables
2193,2026-02-14,11:04:31,Menos de 18 años,Masculino,Quetzaltenango, COATEPEQUE ,Jubilado,3 a 5 veces por semana,Tienda de barrio,Familia,Q25 - Q50,Hot Stadium Peanuts,Dulce,Familiar,Q21 - Q30,No,No,Alemania,Definitivamente no,Inglaterra,Harry Kane,Premios y sorteos,Sorteo de camisetas,No,Edición Francia
2194,2026-04-05,08:00:25,25 - 34 años,Masculino,Chimaltenango,Patzún,Empresario,Varias veces al mes,Supermercado,Compañeros de trabajo,Q25 - Q50,ChocoKick Bites; Gol Nachos Supreme; CrunchMax BBQ,Barbacoa,Individual,Q10 - Q15,No,Sí,Brasil,Definitivamente no,Uruguay,Cristiano Ronaldo,Premios y sorteos,Producto gratis,No,Edición Argentina
2195,2026-04-28,16:44:14,35 - 44 años,Masculino,Guatemala,Villa Nueva,Comerciante,Todos los días,Supermercado,Familia,Menos de Q25,Caramel Goal Popcorn; Fan Chips Jalapeño,Jalapeño,Para compartir entre 2 personas,Q10 - Q15,No,Sí,Portugal,Definitivamente sí,Argelia,Cristiano Ronaldo; Vinícius Júnior,Humor,Sorteo de camisetas,Sí,Edición con tarjetas coleccionables
2196,2026-03-07,14:36:35,45 - 54 años,Femenino,Escuintla,Palín,Empleado privado,Varias veces al mes,Tienda de barrio,Compañeros de trabajo,Q51 - Q100,Gol Nachos Supreme,Queso,Tamaño fiesta o reunión,Q21 - Q30,No,Sí,Países Bajos,Definitivamente sí,Croacia,Neymar Jr.; Lionel Messi; Kylian Mbappé,Una selección nacional,Sorteo de camisetas,No,Edición Francia
2197,2026-04-03,08:16:39,18 - 24 años,Masculino,Jutiapa,Cabecera municipal,Ama de casa,1 a 2 veces por semana,Aplicación de delivery,Compañeros de trabajo,Q25 - Q50,Mundialitos Queso Picante,Queso,Para compartir entre 2 personas,Q16 - Q20,Sí,Sí,España,Definitivamente sí,Brasil,Ninguno; Cristiano Ronaldo; Federico Valverde,Una selección nacional,Producto gratis,No,Edición Francia
2198,2026-04-03,21:54:59,18 - 24 años,Masculino,Chimaltenango,Tecpán Guatemala,Empleado privado,Todos los días,Supermercado,Amigos,Menos de Q25,Mundialitos Queso Picante; Gol Nachos Supreme; Fan Chips Jalapeño,Dulce,Individual,Q16 - Q20,No,Sí,México,Definitivamente sí,Estados Unidos,Lionel Messi; Cristiano Ronaldo; Christian Pulisic,Premios y sorteos,Sorteo de camisetas,Sí,Edición Francia
2199,2026-04-18,21:59:46,45 - 54 años,Femenino,Guatemala,San Miguel Petapa,Comerciante,3 a 5 veces por semana,Gasolinera,Amigos,Q25 - Q50,CrunchMax BBQ,Queso,Familiar,Q16 - Q20,Sí,Sí,Senegal,Definitivamente sí,España,Cristiano Ronaldo; Vinícius Júnior,Humor,Sorteo de viajes,No,Edición Argentina
2200,2026-02-28,11:37:33,18 - 24 años,Femenino,Zacapa,Zacapa,Empleado privado,3 a 5 veces por semana,Supermercado,Familia,Q51 - Q100,Hot Stadium Peanuts,Picante Chapín,Familiar,Menos de Q10,Sí,Sí,Estados Unidos,Tal vez,España,Alphonso Davies; Lionel Messi; Cristiano Ronaldo,Una selección nacional,Sorteo de balones,No,Edición Mundial FIFA 2026
2201,2026-03-03,19:30:41,45 - 54 años,Masculino,Guatemala,Mixco,Empleado privado,Todos los días,Tienda de barrio,Familia,Menos de Q25,Gol Nachos Supreme; Mundialitos Queso Picante; Fan Chips Jalapeño, DULCE ,Familiar,Q10 - Q15,Sí,Sí,Argentina,Probablemente sí,Argentina,Cristiano Ronaldo; Lamine Yamal; Federico Valverde,Un jugador famoso,2x1,No,Edición Argentina
2202,2026-01-13,20:50:47,18 - 24 años,Masculino,Guate,Guatemala,Empresario,1 a 2 veces por semana,Otro,Amigos,Q51 - Q100,Hot Stadium Peanuts; Mundialitos Queso Picante,Jalapeño,Individual,Q10 - Q15,Sí,No,Brasil,Probablemente sí,Uruguay,Jude Bellingham,Humor,Sorteo de balones,No,Edición España
2203,2026-03-27,08:28:06,45 - 54 años,Masculino,Guatemala,San Miguel Petapa,Empleado privado,Varias veces al mes,Tienda de barrio,Amigos,Q25 - Q50,Mundialitos Queso Picante; CrunchMax BBQ; Gol Nachos Supreme,Barbacoa,Familiar,Q10 - Q15,Sí,Sí,España,Definitivamente sí, INGLATERRA ,Neymar Jr.; Jude Bellingham,Una selección nacional,Sorteo de camisetas,Sí,Edición con jugadores famosos
2204,2026-01-23,14:02:47,25 - 34 años,Femenino,Guatemala, SANTA CATARINA PINULA ,Empleado privado,Todos los días,Gasolinera,Familia,Q51 - Q100,Gol Nachos Supreme; Victory Pretzels; Fan Chips Jalapeño,Picante Chapín,Individual,Q16 - Q20,Sí,Sí,Portugal,Probablemente sí,Uruguay,Cristiano Ronaldo; Neymar Jr.,Historias de aficionados,Tarjetas coleccionables,Sí,Edición Brasil
2205,2026-04-18,16:55:47,55 años o más,Femenino,Guatemala,Guatemala,Comerciante,Todos los días,Tienda de barrio,Familia,Q25 - Q50,Fan Chips Jalapeño,Picante Chapín,Para compartir entre 2 personas,Q16 - Q20,No,No, COLOMBIA ,Probablemente sí,Uruguay,Lionel Messi; Lamine Yamal; Vinícius Júnior,Humor,2x1,No,Edición Francia
2206,2026-04-30,16:53:26,18 - 24 años,Femenino,Jalapa,Cabecera municipal,,3 a 5 veces por semana,Gasolinera,Solo,Q25 - Q50,Gol Nachos Supreme,Caramelo,Individual,Q21 - Q30,Sí,Sí,Brasil,Probablemente no,Colombia,Christian Pulisic,Un jugador famoso,Tarjetas coleccionables,Sí,Edición Inglaterra
2207,2026-04-11,11:10:08,35 - 44 años,Femenino,Guatemala,Santa Catarina Pinula,Empleado privado,1 a 2 veces por semana,Aplicación de delivery,Compañeros de trabajo,Más de Q150,CrunchMax BBQ; Gol Nachos Supreme; FutbolMix, DULCE ,Familiar,Q16 - Q20,Sí,Sí,España,Probablemente sí,Brasil,Alphonso Davies; Lionel Messi,Historias de aficionados,Descuento directo,No,Edición Argentina
2208,2026-01-26,14:28:18,Menos de 18 años,Femenino,Escuintla,Palín,Estudiante,1 a 2 veces por semana,Gasolinera,Amigos,Q25 - Q50,Caramel Goal Popcorn; Fan Chips Jalapeño; Gol Nachos Supreme,Dulce,Tamaño fiesta o reunión,Q16 - Q20,No,Sí,Inglaterra,Probablemente sí,Inglaterra,Cristiano Ronaldo; Neymar Jr.,Humor,Descuento directo,Sí,Edición con jugadores famosos
2209,2026-02-15,13:12:15,18 - 24 años,Femenino,Guatemala,Mixco,Estudiante,Todos los días,Tienda de barrio,Amigos,Q25 - Q50,Victory Pretzels; FutbolMix,Barbacoa,Tamaño fiesta o reunión,Q10 - Q15,Sí,Sí,España,Tal vez,Argentina,Neymar Jr.; Rodri; Vinícius Júnior,Un jugador famoso,Descuento directo,Sí,Edición España
2210,2026-01-18,20:50:44,18 - 24 años,Masculino,Guatemala,Guatemala,Estudiante,Varias veces al mes,Tienda de barrio,Amigos,Q51 - Q100,CrunchMax BBQ; Mundialitos Queso Picante,Limón,Tamaño fiesta o reunión,Más de Q30,Sí,Sí,Argentina,Definitivamente sí,Argentina,Lionel Messi; Rodri; Harry Kane,Historias de aficionados,Descuento directo,No,Edición Francia
2211,2026-04-24,20:51:25,35 - 44 años,Femenino,Santa Rosa,Cabecera municipal,Empleado público,Todos los días,Aplicación de delivery,Amigos,Q101 - Q150,Fan Chips Jalapeño; ChocoKick Bites,Queso,Individual,Q21 - Q30,Sí,Sí,Brasil,Probablemente no,México,Vinícius Júnior,Una selección nacional,2x1,No,Edición Argentina
2212,2026-04-23,18:09:25,25 - 34 años,Femenino,Quetzaltenango,Quetzaltenango,Jubilado,Varias veces al mes,Tienda de barrio,Solo,Q51 - Q100,Gol Nachos Supreme; Victory Pretzels,Queso,Para compartir entre 2 personas,Q10 - Q15,No,Sí, ESTADOS UNIDOS ,Probablemente sí,Brasil,Julián Álvarez; Jude Bellingham,Un jugador famoso,Producto gratis,Sí,Edición con tarjetas coleccionables
2213,2026-02-24,17:47:06,18 - 24 años,Femenino,Guatemala,Guatemala,Jubilado,1 a 2 veces por semana,Kiosco escolar/universitario,Familia,Menos de Q25,Caramel Goal Popcorn,Queso,Familiar,Menos de Q10,Sí,Sí,Brasil,Definitivamente sí,Portugal,Cristiano Ronaldo,Un jugador famoso,Sorteo de balones,Sí,Edición con tarjetas coleccionables
2214,2026-03-02,21:24:23,Menos de 18 años,Prefiero no indicarlo,Guatemala,San Miguel Petapa,Empleado privado,Todos los días,,Amigos,Menos de Q25,Energy Crunch Protein,Dulce,Individual,Q10 - Q15,Sí,Sí,Argentina,Tal vez,México,Cristiano Ronaldo; Harry Kane,Una selección nacional,Descuento directo,Sí,Edición Francia
2215,2026-05-03,08:16:20,25 - 34 años,Masculino,Suchitepéquez,Cabecera municipal,Empresario,1 a 2 veces por semana,Supermercado,Amigos,Q51 - Q100,Hot Stadium Peanuts; Mundialitos Queso Picante; Fan Chips Jalapeño,Limón,Familiar,Q21 - Q30,Sí,Sí,México,Probablemente sí,Inglaterra,Lionel Messi,Un jugador famoso,2x1,Sí,Edición Mundial FIFA 2026
2216,2026-03-31,19:37:00,25 - 34 años,Femenino,Zacapa, OTRO MUNICIPIO ,,Varias veces al mes,Supermercado,Familia,Más de Q150,Fan Chips Jalapeño,Jalapeño,Para compartir entre 2 personas,Q21 - Q30,No,Sí,España,Tal vez,México,Neymar Jr.,Premios y sorteos,Producto gratis,Sí,Edición Francia
2217,2026-04-05,21:20:25,25 - 34 años,Femenino,Sacatepéquez,Ciudad Vieja,Otro,3 a 5 veces por semana,Tienda de barrio,Compañeros de trabajo,Menos de Q25,Hot Stadium Peanuts,Dulce,Familiar,Q16 - Q20,Sí,Sí,Francia,Tal vez,Francia,Cristiano Ronaldo; Kylian Mbappé; Lamine Yamal,Un jugador famoso,2x1,Sí,Edición Argentina
2218,2026-02-23,10:17:14,55 años o más,Masculino,Guatemala,Villa Nueva,Empleado privado,Varias veces al mes,Aplicación de delivery,Familia,Menos de Q25,Caramel Goal Popcorn,Barbacoa,Tamaño fiesta o reunión,Menos de Q10,Sí,Sí,España,Probablemente sí,Argentina,Neymar Jr.; Lionel Messi; Christian Pulisic,Una selección nacional,2x1,No,Edición Mundial FIFA 2026
2219,2026-04-26,08:29:08,18 - 24 años,Prefiero no indicarlo,Totonicapán,Otro municipio,Empleado privado,Varias veces al mes,Supermercado,Amigos,Q25 - Q50,Caramel Goal Popcorn; Gol Nachos Supreme; CrunchMax BBQ,Queso,Tamaño fiesta o reunión,Q10 - Q15,No,No,Colombia,Probablemente sí,Argentina,Julián Álvarez; Jude Bellingham,Premios y sorteos,Descuento directo,Sí,Edición con jugadores famosos
2220,2026-01-18,18:08:26,35 - 44 años,Masculino,Baja Verapaz,Otro municipio,Estudiante,Todos los días,Supermercado,Amigos,Q25 - Q50,Mundialitos Queso Picante; Gol Nachos Supreme; Energy Crunch Protein,Barbacoa,Para compartir entre 2 personas,Q10 - Q15,No,No,México,Probablemente sí,España,Alphonso Davies,Una selección nacional,2x1,No,Edición España
2221,2026-04-13,09:53:48,18 - 24 años,Femenino,Quetzaltenango,Coatepeque,Comerciante,3 a 5 veces por semana,Tienda de barrio,Familia,Menos de Q25,Caramel Goal Popcorn,Queso,Familiar,Q21 - Q30,Sí,Sí,Portugal,Definitivamente sí,Portugal,Rodri,Premios y sorteos,Descuento directo,Sí,Edición Argentina
2222,2026-04-23,09:26:30,45 - 54 años,Femenino,Guatemala,Mixco,Estudiante,Rara vez,Aplicación de delivery,Amigos,Menos de Q25,Caramel Goal Popcorn,Jalapeño,Familiar,Q21 - Q30,Sí,Sí,Argentina,Definitivamente sí,Inglaterra,Cristiano Ronaldo,Un jugador famoso,Tarjetas coleccionables,Sí,Edición con tarjetas coleccionables
2223,2026-01-12,15:34:50,18 - 24 años,Masculino,Guatemala,Mixco,Empleado privado,3 a 5 veces por semana,Supermercado,Amigos,Q51 - Q100,Hot Stadium Peanuts,Barbacoa,Familiar,Q10 - Q15,Sí,Sí, URUGUAY ,Definitivamente sí,Portugal,Neymar Jr.,Humor,Tarjetas coleccionables,No,Edición Mundial FIFA 2026
2224,2026-02-24,11:48:06,25 - 34 años,Femenino,Guatemala,Santa Catarina Pinula,Comerciante,Varias veces al mes,Tienda de barrio,Familia,Q101 - Q150,Gol Nachos Supreme; Fan Chips Jalapeño,Salado Tradicional,Tamaño fiesta o reunión,Q21 - Q30,Sí,Sí,Estados Unidos,Probablemente sí,México,Cristiano Ronaldo,Un jugador famoso,Sorteo de camisetas,Sí,Edición con jugadores famosos
2225,2026-03-31,07:22:43,18 - 24 años,Masculino,Guatemala,Villa Nueva,Otro,3 a 5 veces por semana,Supermercado,Amigos,Q25 - Q50,Fan Chips Jalapeño; CrunchMax BBQ,Picante Chapín,Individual,Q16 - Q20,Sí,Sí,Inglaterra,Probablemente no,Inglaterra,Cristiano Ronaldo; Neymar Jr.,Una selección nacional,Sorteo de viajes,No,Edición España
2226,2026-01-19,22:26:45,25 - 34 años,Masculino,Guatemala,Villa Nueva,Empleado privado,3 a 5 veces por semana,Supermercado,Familia,Q51 - Q100,Mundialitos Queso Picante,Jalapeño,Tamaño fiesta o reunión,Q10 - Q15,Sí,Sí,Nueva Zelanda,Probablemente sí,Argentina,Neymar Jr.; Kylian Mbappé,Un jugador famoso,2x1,Sí,Edición Argentina
2227,2026-03-18,11:21:29,Menos de 18 años,Masculino,Guatemala,Santa Catarina Pinula,Empleado privado,1 a 2 veces por semana,Supermercado,Amigos,Q51 - Q100,Hot Stadium Peanuts,Jalapeño,Individual,Q16 - Q20,Sí,No,Alemania,Probablemente sí,Portugal,Kylian Mbappé,Un jugador famoso,2x1,No,Edición Argentina
2228,2026-04-11,14:09:29,45 - 54 años,Masculino,Suchitepéquez,Suchitepéquez,Profesional independiente,Varias veces al mes,Tienda de barrio,Familia,Menos de Q25,CrunchMax BBQ,Queso,Para compartir entre 2 personas,Más de Q30,No,Sí,España,Tal vez,Argentina,Lamine Yamal; Cristiano Ronaldo,Una selección nacional,Tarjetas coleccionables,Sí,Edición Francia
2229,2026-02-17,10:45:21,25 - 34 años,Masculino,Quetzaltenango,Coatepeque,Empleado privado,1 a 2 veces por semana,Otro,Amigos,Q51 - Q100,CrunchMax BBQ; Mundialitos Queso Picante,Chocolate,Familiar,Q16 - Q20,Sí,Sí,Portugal,Probablemente sí,Portugal,Lamine Yamal,Una selección nacional,Producto gratis,Sí,Edición Brasil
2230,2026-04-10,12:58:20,Menos de 18 años,Femenino,Escuintla,Santa Lucía Cotzumalguapa,Estudiante,Rara vez,Tienda de barrio,Familia,Q25 - Q50,CrunchMax BBQ,Limón,Familiar,Q16 - Q20,No,Sí,Brasil,Definitivamente sí, SUECIA ,Christian Pulisic,Un jugador famoso,2x1,No,Edición Argentina
2231,2026-05-03,10:16:19,35 - 44 años,Femenino,Santa Rosa,Otro municipio,Comerciante,3 a 5 veces por semana,Supermercado,Familia,Q25 - Q50,CrunchMax BBQ; Energy Crunch Protein; Caramel Goal Popcorn,Queso,Individual,Q21 - Q30,Sí,Sí,Argentina,Definitivamente sí,Inglaterra,Kylian Mbappé; Lamine Yamal; Lionel Messi,Un jugador famoso,2x1,Sí,Edición Brasil
2232,2026-01-23,15:59:52,45 - 54 años,Femenino,Guatemala,Santa Catarina Pinula,Empleado privado,3 a 5 veces por semana,Aplicación de delivery,Amigos,Q101 - Q150,FutbolMix; CrunchMax BBQ,Barbacoa,Familiar,Q10 - Q15,No,Sí,Portugal,Definitivamente sí,Australia,Cristiano Ronaldo,Premios y sorteos,2x1,Sí,Edición Inglaterra
2233,2026-04-30,17:48:10,55 años o más,Femenino,Quetzaltenango,Olintepeque,Estudiante,Rara vez,Aplicación de delivery,Familia,Q25 - Q50,Caramel Goal Popcorn; Hot Stadium Peanuts,Dulce,Individual,Q10 - Q15,Sí,Sí,España,Tal vez,Escocia,Cristiano Ronaldo; Christian Pulisic,Premios y sorteos,Tarjetas coleccionables,Sí,Edición Argentina
2234,2026-04-09,19:26:10,18 - 24 años,Femenino,Escuintla,Palín,Otro,Todos los días,Gasolinera,Amigos,Q51 - Q100,Mundialitos Queso Picante; FutbolMix,Barbacoa,Familiar,Q10 - Q15,Sí,Sí,México,Definitivamente sí,Brasil,Lamine Yamal,Historias de aficionados,Descuento directo,Sí,Edición Argentina
2235,2026-02-23,16:19:57,45 - 54 años,Masculino,Chimaltenango,Patzún,Empleado privado,1 a 2 veces por semana,Otro,Amigos,Q51 - Q100,Hot Stadium Peanuts; Caramel Goal Popcorn,Queso,Familiar,Q10 - Q15,Sí,Sí,México,Definitivamente no,Argentina,Lionel Messi; Cristiano Ronaldo; Neymar Jr.,Un jugador famoso,Tarjetas coleccionables,No,Edición Mundial FIFA 2026
2236,2026-05-07,19:44:50,45 - 54 años,Masculino,Guatemala,Guatemala,Ama de casa,1 a 2 veces por semana,Tienda de barrio,Amigos,Q25 - Q50,Gol Nachos Supreme,Chocolate,Para compartir entre 2 personas,Q10 - Q15,Sí,Sí,Brasil,Probablemente no,México,Vinícius Júnior,Un jugador famoso,Tarjetas coleccionables,Sí,Edición con tarjetas coleccionables
2237,2026-04-30,09:06:35,25 - 34 años,Femenino,Guatemala,Guatemala,Profesional independiente,Varias veces al mes,Supermercado,Solo,Q101 - Q150,Fan Chips Jalapeño,Picante Chapín,Para compartir entre 2 personas,Q16 - Q20,Sí,Sí,Nueva Zelanda,Tal vez,Colombia,Federico Valverde; Lionel Messi; Cristiano Ronaldo,Un jugador famoso,Tarjetas coleccionables,Sí,Edición con jugadores famosos
2238,2026-03-18,12:53:36,35 - 44 años,Masculino,Suchitepéquez,Cabecera municipal,Estudiante,3 a 5 veces por semana,Tienda de barrio,Solo,Q25 - Q50,Mundialitos Queso Picante,Limón,Tamaño fiesta o reunión,Q21 - Q30,Sí,Sí,México,Definitivamente sí,Argentina,Alphonso Davies; Julián Álvarez; Harry Kane,Un jugador famoso,2x1,Sí,Edición España
2239,2026-01-12,07:20:17,18 - 24 años,Masculino,Jalapa,Otro municipio,Estudiante,3 a 5 veces por semana,Supermercado,Familia,Q101 - Q150,CrunchMax BBQ,Barbacoa,Tamaño fiesta o reunión,Q10 - Q15,Sí,Sí,Brasil,Probablemente no,México,Christian Pulisic; Cristiano Ronaldo; Lionel Messi,Humor,2x1,Sí,Edición con tarjetas coleccionables
2240,2026-03-10,22:19:24,45 - 54 años,Masculino,Escuintla,Santa Lucía Cotzumalguapa,Empleado público,3 a 5 veces por semana,Supermercado,Amigos,Q25 - Q50,Fan Chips Jalapeño,Barbacoa,Individual,Q10 - Q15,No,Sí,Francia,Probablemente sí,Alemania,Alphonso Davies,Humor,Sorteo de viajes,No,Edición Mundial FIFA 2026
2241,2026-02-01,18:22:51,35 - 44 años,Femenino,Quetzaltenango,,Empresario,Varias veces al mes,Supermercado,Familia,Más de Q150,Mundialitos Queso Picante; Fan Chips Jalapeño; ChocoKick Bites,Jalapeño,Para compartir entre 2 personas,Menos de Q10,Sí,Sí,Argentina,Probablemente sí,Canadá,Cristiano Ronaldo; Julián Álvarez,Una selección nacional,Descuento directo,No,Edición con tarjetas coleccionables
2242,2026-04-22,17:07:16,45 - 54 años,Masculino,Escuintla,Santa Lucía Cotzumalguapa,Otro,1 a 2 veces por semana,Tienda de barrio,Compañeros de trabajo,Menos de Q25,ChocoKick Bites,Chocolate,Individual,Q16 - Q20,Sí,Sí,España,Probablemente sí,Inglaterra,Alphonso Davies,Una selección nacional,Sorteo de balones,Sí,Edición Brasil
2243,2026-01-29,17:14:04,25 - 34 años,Masculino,San Marcos,San Marcos,Empleado privado,Varias veces al mes,Tienda de barrio,Amigos,Q51 - Q100,Gol Nachos Supreme; Fan Chips Jalapeño; CrunchMax BBQ,Picante Chapín,Individual,Q16 - Q20,No,Sí,Estados Unidos,Definitivamente sí,Inglaterra,Jude Bellingham; Neymar Jr.; Lionel Messi,Premios y sorteos,2x1,Sí,Edición con tarjetas coleccionables
2244,2026-04-15,14:36:24,18 - 24 años,Masculino,Guatemala,Guatemala,Comerciante,Varias veces al mes,Supermercado,Familia,Q25 - Q50,Mundialitos Queso Picante; Fan Chips Jalapeño; Gol Nachos Supreme,Chocolate,Familiar,Q10 - Q15,Sí,No,Nueva Zelanda,Probablemente no,Canadá,Alphonso Davies,Una selección nacional,2x1,No,Edición Inglaterra
2245,2026-05-05,19:53:04,45 - 54 años,Masculino,Guatemala,San Miguel Petapa,Empleado privado,Todos los días,Gasolinera,Amigos,Menos de Q25,Fan Chips Jalapeño; CrunchMax BBQ,Jalapeño,Familiar,Q10 - Q15,Sí,Sí,Portugal,Definitivamente sí,Brasil,Neymar Jr.,Historias de aficionados,2x1,Sí,Edición España
2246,2026-01-19,12:26:02,18 - 24 años,Femenino,Sacatepéquez,Ciudad Vieja,Estudiante,3 a 5 veces por semana,Tienda de barrio,Compañeros de trabajo,Q25 - Q50,Caramel Goal Popcorn,Barbacoa,Familiar,Más de Q30,No,Sí,Colombia,Tal vez,Estados Unidos,Jude Bellingham,Humor,Sorteo de viajes,Sí,Edición Mundial FIFA 2026
2247,2026-02-11,14:00:11,Menos de 18 años,Masculino,Sololá,Sololá,,Rara vez,Supermercado,Familia,Q51 - Q100,ChocoKick Bites; FutbolMix; CrunchMax BBQ,Barbacoa,Para compartir entre 2 personas,Más de Q30,Sí,Sí,Argentina,Probablemente sí,Argentina,Lionel Messi; Alphonso Davies; Kylian Mbappé,Una selección nacional,Sorteo de camisetas,Sí,Edición Argentina
2248,2026-02-28,21:59:47,Menos de 18 años,Femenino,Guatemala,Santa Catarina Pinula,Ama de casa,1 a 2 veces por semana,Tienda de barrio,Compañeros de trabajo,Q25 - Q50,FutbolMix; Caramel Goal Popcorn; CrunchMax BBQ,Picante Chapín,Individual,Q16 - Q20,Sí,Sí,Corea del Sur,Definitivamente no,Argentina,Neymar Jr.,Un jugador famoso,Descuento directo,Sí,Edición Mundial FIFA 2026
2249,2026-04-10,08:42:29,18 - 24 años,Masculino,Guatemala,San Miguel Petapa,Comerciante,1 a 2 veces por semana,Otro,Solo,Menos de Q25,Gol Nachos Supreme,Barbacoa,Familiar,Menos de Q10,Sí,Sí,Inglaterra,Probablemente sí,Argentina,Lamine Yamal; Vinícius Júnior,Una selección nacional,Tarjetas coleccionables,No,Edición con tarjetas coleccionables
2250,2026-02-22,15:32:11,45 - 54 años,Masculino,Quetzaltenango,Coatepeque,Estudiante,3 a 5 veces por semana,Tienda de barrio,Otro,Q101 - Q150,Fan Chips Jalapeño; ChocoKick Bites,Limón,Individual,Menos de Q10,Sí,No,España,Definitivamente sí,Argentina,Neymar Jr.; Lionel Messi,Una selección nacional,Sorteo de viajes,No,Edición Francia
2251,2026-01-14,07:37:35,25 - 34 años,Masculino,Guatemala,Mixco,Estudiante,Rara vez,Aplicación de delivery,Amigos,Q101 - Q150,FutbolMix; Gol Nachos Supreme,Queso,Familiar,Q16 - Q20,No,Sí,Alemania,Probablemente sí,Argentina,Lionel Messi; Jude Bellingham,Historias de aficionados,Sorteo de camisetas,Sí,Edición con jugadores famosos
2252,2026-03-01,08:07:36,55 años o más,Masculino,Baja Verapaz, CABECERA MUNICIPAL ,Empleado privado,3 a 5 veces por semana,Aplicación de delivery,Otro,Q51 - Q100,Gol Nachos Supreme; Hot Stadium Peanuts,Limón,Individual,Q16 - Q20,Sí,Sí,Inglaterra,Tal vez, ESTADOS UNIDOS ,Lamine Yamal,Historias de aficionados,Sorteo de viajes,No,Edición Inglaterra
2253,2026-03-04,14:32:17,45 - 54 años,Prefiero no indicarlo,Alta Verapaz,Cabecera municipal,Otro,1 a 2 veces por semana,Gasolinera,Solo,Q25 - Q50,Caramel Goal Popcorn,Barbacoa,Familiar,Q10 - Q15,Sí,Sí,Inglaterra,Tal vez,Portugal,Neymar Jr.; Vinícius Júnior,Un jugador famoso,Sorteo de camisetas,No,Edición España
2254,2026-02-07,14:54:30,25 - 34 años,Masculino,Quetzaltenango,Quetzaltenango,Empresario,1 a 2 veces por semana,Tienda de barrio,Amigos,Menos de Q25,Gol Nachos Supreme; CrunchMax BBQ; FutbolMix,Queso,Familiar,Más de Q30,Sí,Sí,Inglaterra,Definitivamente sí, MÉXICO ,Vinícius Júnior,Un jugador famoso,2x1,Sí,Edición Inglaterra
2255,2026-03-10,18:49:16,25 - 34 años,Masculino,Guatemala,Mixco,Comerciante,3 a 5 veces por semana,Tienda de barrio,Amigos,Q51 - Q100,Fan Chips Jalapeño; Mundialitos Queso Picante,Salado Tradicional,Individual,Q16 - Q20,No,Sí,Francia,Definitivamente sí,Portugal,Cristiano Ronaldo; Vinícius Júnior,Historias de aficionados,Sorteo de viajes,Sí,Edición Mundial FIFA 2026
2256,2026-03-08,16:52:58,25 - 34 años,Femenino, QUETZALTENANGO ,Quetzaltenango,Empresario,Varias veces al mes,Supermercado,Familia,Q51 - Q100,CrunchMax BBQ,Limón,Familiar,Q16 - Q20,Sí,Sí,Cabo Verde,Tal vez,Inglaterra,Cristiano Ronaldo; Vinícius Júnior,Premios y sorteos,Descuento directo,No,Edición Inglaterra
2257,2026-02-16,10:42:50,55 años o más,Prefiero no indicarlo,Guatemala,San Miguel Petapa,Estudiante,1 a 2 veces por semana,Gasolinera,Solo,Menos de Q25,Fan Chips Jalapeño,Caramelo,Individual,Q10 - Q15,No,Sí,Portugal,Definitivamente no,,Kylian Mbappé; Lamine Yamal,Un jugador famoso,Sorteo de viajes,Sí,Edición Mundial FIFA 2026
2258,2026-04-28,10:47:53,35 - 44 años,Masculino,Guatemala,Villa Nueva,Comerciante,3 a 5 veces por semana,Aplicación de delivery,Familia,Q25 - Q50,FutbolMix; Hot Stadium Peanuts; Gol Nachos Supreme,Picante Chapín,Para compartir entre 2 personas,Menos de Q10,No,Sí,Francia,Tal vez,Czechia,Christian Pulisic,Humor,Producto gratis,Sí,Edición Brasil
2259,2026-04-21,07:49:44,25 - 34 años,Femenino,Escuintla,,Otro,Varias veces al mes,Tienda de barrio,Solo,Q101 - Q150,Mundialitos Queso Picante,Chocolate,Para compartir entre 2 personas,Q10 - Q15,No,Sí,Francia,Definitivamente sí,Francia,Lionel Messi; Lamine Yamal; Kylian Mbappé,Una selección nacional,Sorteo de balones,Sí,Edición España
2260,2026-02-25,22:20:31,45 - 54 años,Masculino,Quetzaltenango,Coatepeque,Empleado privado,Rara vez,Tienda de barrio,Familia,Q51 - Q100,Gol Nachos Supreme; ChocoKick Bites,Picante Chapín,Familiar,Q21 - Q30,Sí,Sí,Argentina,Probablemente sí,España,Lionel Messi; Vinícius Júnior; Christian Pulisic,Historias de aficionados,Producto gratis,No,Edición con tarjetas coleccionables
2261,2026-02-03,21:01:45,18 - 24 años,Femenino,Guatemala,San Miguel Petapa,Estudiante,3 a 5 veces por semana,Gasolinera,Familia,Menos de Q25,CrunchMax BBQ,Limón,Familiar,Q16 - Q20,No,Sí,Francia,Tal vez,Brasil,Federico Valverde,Premios y sorteos,2x1,Sí,Edición España
2262,2026-05-04,08:03:56,25 - 34 años,Masculino,Chimaltenango,Chimaltenango,Comerciante,3 a 5 veces por semana,,Familia,Q25 - Q50,FutbolMix; Gol Nachos Supreme; Fan Chips Jalapeño,Picante Chapín,Individual,Q10 - Q15,Sí,Sí,México,Definitivamente no,Argentina,Vinícius Júnior; Alphonso Davies; Ninguno,Humor,Sorteo de viajes,Sí,Edición Brasil
2263,2026-02-08,13:55:30,25 - 34 años,Femenino,Huehuetenango,Cabecera municipal,Estudiante,1 a 2 veces por semana,Tienda de barrio,Familia,Menos de Q25,FutbolMix,Jalapeño,Familiar,Q16 - Q20,Sí,Sí,Brasil,Probablemente sí,Brasil,Cristiano Ronaldo,Un jugador famoso,2x1,Sí,Edición Mundial FIFA 2026
2264,2026-03-17,22:49:42,25 - 34 años,Masculino,Guatemala, GUATEMALA ,Empleado privado,Varias veces al mes,Supermercado,Familia,Más de Q150,Fan Chips Jalapeño; Caramel Goal Popcorn; FutbolMix,Picante Chapín,Para compartir entre 2 personas,Q16 - Q20,Sí,Sí, BRASIL ,Definitivamente sí,Panamá,Lionel Messi,Historias de aficionados,Tarjetas coleccionables,No,Edición Inglaterra
2265,2026-02-11,20:26:00,Menos de 18 años,Femenino,Alta Verapaz,Cabecera municipal,Comerciante,3 a 5 veces por semana,Gasolinera,Compañeros de trabajo,Más de Q150,Hot Stadium Peanuts; FutbolMix,Barbacoa,Individual,Q10 - Q15,Sí,Sí,España,Tal vez,España,Lionel Messi; Cristiano Ronaldo; Vinícius Júnior,Una selección nacional,Descuento directo,Sí,Edición Argentina
2266,2026-04-20,08:49:41,35 - 44 años,Femenino,Jalapa,Cabecera municipal,Empresario,Varias veces al mes,Supermercado,Familia,Q25 - Q50,Energy Crunch Protein,Barbacoa,Para compartir entre 2 personas,Q10 - Q15,Sí,Sí,Estados Unidos,Definitivamente no,Argentina,Neymar Jr.; Alphonso Davies,Historias de aficionados,Descuento directo,Sí,Edición Francia
2267,2026-01-25,10:39:40,45 - 54 años,Femenino,Santa Rosa, OTRO MUNICIPIO ,Otro,1 a 2 veces por semana,Tienda de barrio,Compañeros de trabajo,Q25 - Q50,Fan Chips Jalapeño; Caramel Goal Popcorn,Chocolate,Individual,Q16 - Q20,No,Sí,Portugal,Probablemente sí,Alemania,Cristiano Ronaldo; Lionel Messi; Julián Álvarez,Un jugador famoso,Sorteo de balones,Sí,Edición Mundial FIFA 2026
2268,2026-04-03,11:42:42,25 - 34 años,Masculino,Chimaltenango,Patzún,Empleado privado,1 a 2 veces por semana,Tienda de barrio,Familia,Q101 - Q150,Gol Nachos Supreme; Mundialitos Queso Picante; CrunchMax BBQ,Queso,Tamaño fiesta o reunión,Q10 - Q15,Sí,Sí,Argentina,Definitivamente sí,Estados Unidos,Kylian Mbappé,Un jugador famoso,Tarjetas coleccionables,Sí,Edición España
2269,2026-04-28,14:56:47,18 - 24 años,Femenino,El Progreso,Cabecera municipal,Empleado público,Varias veces al mes,Gasolinera,Amigos,Q101 - Q150,Mundialitos Queso Picante,Limón,Familiar,Más de Q30,Sí,Sí,Argentina,Probablemente sí,Argentina,Neymar Jr.,Un jugador famoso,Descuento directo,No,Edición con jugadores famosos
2270,2026-03-22,07:12:04,18 - 24 años,Masculino,Sacatepéquez,Jocotenango,Profesional independiente,Todos los días,Gasolinera,Amigos,Menos de Q25,CrunchMax BBQ,Barbacoa,Familiar,Q10 - Q15,No,Sí,Inglaterra,Tal vez,Portugal,Vinícius Júnior; Cristiano Ronaldo; Jude Bellingham,Un jugador famoso,Producto gratis,Sí,Edición Inglaterra
2271,2026-05-06,11:37:39,Menos de 18 años,Femenino,Guatemala,San Miguel Petapa,Profesional independiente,3 a 5 veces por semana,Gasolinera,Compañeros de trabajo,Q25 - Q50,Mundialitos Queso Picante; ChocoKick Bites; Hot Stadium Peanuts,Dulce,Para compartir entre 2 personas,Q21 - Q30,Sí,Sí,Argentina,Tal vez,Francia,Lionel Messi; Cristiano Ronaldo,Una selección nacional,2x1,Sí,Edición con jugadores famosos
2272,2026-03-20,09:11:58,35 - 44 años,Femenino,Jalapa,Otro municipio,Empleado privado,3 a 5 veces por semana,Gasolinera,Solo,Q25 - Q50,Gol Nachos Supreme,Jalapeño,Familiar,Q16 - Q20,No,Sí,Estados Unidos,Probablemente no,Czechia,Lionel Messi; Neymar Jr.; Cristiano Ronaldo,Humor,Tarjetas coleccionables,No,Edición Mundial FIFA 2026
2273,2026-04-25,16:56:44,18 - 24 años,Femenino,Santa Rosa,Santa Rosa,Empleado privado,3 a 5 veces por semana,Aplicación de delivery,Amigos,Más de Q150,CrunchMax BBQ; Fan Chips Jalapeño; Hot Stadium Peanuts,Dulce,Tamaño fiesta o reunión,Q10 - Q15,Sí,Sí,Inglaterra,Definitivamente sí,Portugal,Julián Álvarez; Neymar Jr.; Kylian Mbappé,Historias de aficionados,Sorteo de viajes,Sí,Edición Argentina
2274,2026-04-14,14:31:12,35 - 44 años,Femenino,Guatemala,Villa Nueva,Estudiante,Varias veces al mes,Gasolinera,Amigos,Menos de Q25,Gol Nachos Supreme,Jalapeño,Individual,Q10 - Q15,Sí,Sí,México,Tal vez,Uruguay,Neymar Jr.,Un jugador famoso,2x1,Sí,Edición Argentina
2275,2026-01-15,19:24:35,18 - 24 años,Femenino,Chimaltenango,Chimaltenango,Profesional independiente,Varias veces al mes,Aplicación de delivery,Amigos,Q25 - Q50,FutbolMix; Fan Chips Jalapeño; Mundialitos Queso Picante,Salado Tradicional,Individual,Q10 - Q15,No,Sí,Alemania,Tal vez,España,Cristiano Ronaldo,Premios y sorteos,Sorteo de viajes,Sí,Edición con jugadores famosos
2276,2026-05-07,13:58:33,45 - 54 años,Masculino,Baja Verapaz,Baja Verapaz,Empleado privado,3 a 5 veces por semana,Tienda de barrio,Amigos,Q101 - Q150,Victory Pretzels; CrunchMax BBQ; FutbolMix,Caramelo,Familiar,Q16 - Q20,Sí,Sí, CROACIA ,Definitivamente no,Argentina,Lionel Messi; Kylian Mbappé,Historias de aficionados,Tarjetas coleccionables,Sí,Edición Argentina
2277,2026-04-21,12:27:34,55 años o más,Prefiero no indicarlo,Guatemala,Mixco,Empleado público,Varias veces al mes,Tienda de barrio,Amigos,Q51 - Q100,Energy Crunch Protein,Queso,Para compartir entre 2 personas,Q16 - Q20,Sí,Sí,Türkiye,Tal vez,Argentina,Jude Bellingham; Lionel Messi; Vinícius Júnior,Premios y sorteos,2x1,Sí,Edición Mundial FIFA 2026
2278,2026-02-21,16:28:41,25 - 34 años,Masculino,Quiché,Cabecera municipal,Ama de casa,3 a 5 veces por semana,Kiosco escolar/universitario,Familia,Q25 - Q50,Gol Nachos Supreme; Energy Crunch Protein,Chocolate,Familiar,Q16 - Q20,Sí,No,Argentina,Definitivamente sí,Alemania,Julián Álvarez; Lionel Messi; Vinícius Júnior,Una selección nacional,2x1,No,Edición Argentina
2279,2026-01-21,08:52:10,55 años o más,Masculino,Sacatepéquez,Sumpango,Profesional independiente,1 a 2 veces por semana,Supermercado,Familia,Más de Q150,Hot Stadium Peanuts; Energy Crunch Protein; ChocoKick Bites,Salado Tradicional,Para compartir entre 2 personas,Q10 - Q15,Sí,Sí,Portugal,Tal vez,Argentina,Neymar Jr.,Una selección nacional,Tarjetas coleccionables,No,Edición Brasil
2280,2026-02-21,16:33:10,25 - 34 años,Femenino,Petén,Flores,Empleado privado,3 a 5 veces por semana,Tienda de barrio,Familia,Más de Q150,Mundialitos Queso Picante; Gol Nachos Supreme; Hot Stadium Peanuts,Chocolate,Familiar,Q10 - Q15,No,Sí,Portugal,Definitivamente sí,Uruguay,Kylian Mbappé,Una selección nacional,Descuento directo,No,Edición Brasil
2281,2026-04-14,18:01:14,25 - 34 años,Prefiero no indicarlo,Guatemala,Guatemala,Empleado privado,Varias veces al mes,Tienda de barrio,Amigos,Menos de Q25,Fan Chips Jalapeño; Mundialitos Queso Picante,Picante Chapín,Para compartir entre 2 personas,Q10 - Q15,No,Sí,Japón,Probablemente sí,Brasil,Neymar Jr.; Lionel Messi; Lamine Yamal,Premios y sorteos,Sorteo de balones,Sí,Edición Argentina
2282,2026-04-18,09:38:35,45 - 54 años,Femenino,Escuintla,Palín,Empleado público,Todos los días,Tienda de barrio,Amigos,Q25 - Q50,Fan Chips Jalapeño; CrunchMax BBQ,Picante Chapín,Para compartir entre 2 personas,Menos de Q10,Sí,Sí,Inglaterra,Definitivamente sí,Francia,Christian Pulisic,Un jugador famoso,2x1,Sí,Edición Brasil
2283,2026-02-14,16:23:38,35 - 44 años,Femenino,Alta Verapaz,Otro municipio,Estudiante,1 a 2 veces por semana,Tienda de barrio,Amigos,Q101 - Q150,Fan Chips Jalapeño; Hot Stadium Peanuts; FutbolMix,Limón,Tamaño fiesta o reunión,Q16 - Q20,Sí,Sí,Inglaterra,Probablemente sí,Alemania,Lionel Messi; Christian Pulisic,Un jugador famoso,Sorteo de camisetas,No,Edición Argentina
2284,2026-02-27,18:45:35,Menos de 18 años,Femenino,Chiquimula,Cabecera municipal,Comerciante,Todos los días,Supermercado,Familia,Q51 - Q100,Hot Stadium Peanuts; Fan Chips Jalapeño; ChocoKick Bites,Limón,Tamaño fiesta o reunión,Q16 - Q20,No,No,España,Tal vez,Portugal,Kylian Mbappé; Cristiano Ronaldo; Lamine Yamal,Un jugador famoso,2x1,Sí,Edición España
2285,2026-01-16,14:43:58,25 - 34 años,Masculino,Escuintla,Escuintla,Empleado privado,Todos los días,Tienda de barrio,Amigos,Q51 - Q100,Hot Stadium Peanuts; ChocoKick Bites; Caramel Goal Popcorn,Barbacoa,Familiar,Q16 - Q20,Sí,Sí,Argentina,Probablemente sí,Brasil,Cristiano Ronaldo; Neymar Jr.,Un jugador famoso,Tarjetas coleccionables,No,Edición Argentina
2286,2026-03-28,13:23:54,25 - 34 años,Masculino,Escuintla,Santa Lucía Cotzumalguapa,Empleado público,Rara vez,Gasolinera,Solo,Más de Q150,Mundialitos Queso Picante; ChocoKick Bites,Picante Chapín,Familiar,Q16 - Q20,Sí,No,Brasil,Probablemente sí,Brasil,Jude Bellingham; Cristiano Ronaldo; Lamine Yamal,Humor,2x1,Sí,Edición con tarjetas coleccionables
2287,2026-03-01,09:29:01,55 años o más,Femenino,Guatemala,Mixco,Ama de casa,Varias veces al mes,Supermercado,Amigos,Más de Q150,Caramel Goal Popcorn; Fan Chips Jalapeño; Gol Nachos Supreme,Picante Chapín,Familiar,Q10 - Q15,Sí,Sí, MÉXICO ,Tal vez,Francia,Neymar Jr.,Premios y sorteos,2x1,Sí,Edición Argentina
2288,2026-02-24,08:22:53,45 - 54 años,Femenino,Sacatepéquez,Ciudad Vieja,Comerciante,Todos los días,Kiosco escolar/universitario,Familia,Más de Q150,Fan Chips Jalapeño; CrunchMax BBQ; Caramel Goal Popcorn,Picante Chapín,Tamaño fiesta o reunión,Menos de Q10,Sí,Sí,Francia,Probablemente sí,Inglaterra,Lamine Yamal; Cristiano Ronaldo; Lionel Messi,Premios y sorteos,Descuento directo,Sí,Edición España
2289,2026-03-08,07:45:46,45 - 54 años,Masculino,Guatemala,Villa Nueva,Estudiante,Todos los días,Kiosco escolar/universitario,Familia,Q25 - Q50,Fan Chips Jalapeño; Mundialitos Queso Picante; FutbolMix,Salado Tradicional,Para compartir entre 2 personas,Q10 - Q15,Sí,No,Brasil,Probablemente no,Francia,Kylian Mbappé; Lionel Messi,Historias de aficionados,Sorteo de viajes,Sí,Edición Francia
2290,2026-03-10,15:23:56,18 - 24 años,Masculino,Izabal,Otro municipio,Comerciante,1 a 2 veces por semana,Kiosco escolar/universitario,Compañeros de trabajo,Q51 - Q100,CrunchMax BBQ; Mundialitos Queso Picante; ChocoKick Bites,Queso,Tamaño fiesta o reunión,Q16 - Q20,Sí,Sí,Czechia,Probablemente sí,Francia,Lionel Messi; Cristiano Ronaldo,Historias de aficionados,Sorteo de camisetas,Sí,Edición Argentina
2291,2026-04-25,13:51:45,45 - 54 años,Femenino,Sololá,Cabecera municipal,Empleado privado,Rara vez,Aplicación de delivery,Amigos,Más de Q150,FutbolMix; Fan Chips Jalapeño,Salado Tradicional,Para compartir entre 2 personas,Q21 - Q30,Sí,No,Estados Unidos,Definitivamente sí,España,Neymar Jr.; Lionel Messi; Julián Álvarez,Un jugador famoso,Sorteo de viajes,No,Edición Mundial FIFA 2026
2292,2026-01-27,10:20:33,Menos de 18 años,Femenino,Sacatepéquez,Sumpango,Comerciante,3 a 5 veces por semana,Supermercado,Amigos,Q25 - Q50,Caramel Goal Popcorn; Mundialitos Queso Picante; ChocoKick Bites,Caramelo,Tamaño fiesta o reunión,Q16 - Q20,Sí,Sí,España,Probablemente sí,Colombia,Vinícius Júnior; Cristiano Ronaldo; Kylian Mbappé,Una selección nacional,Tarjetas coleccionables,Sí,Edición Mundial FIFA 2026
2293,2026-01-22,12:56:16,18 - 24 años,Masculino,Suchitepéquez,Suchitepéquez,Empleado privado,Varias veces al mes,Supermercado,Familia,Menos de Q25,Victory Pretzels,Barbacoa,Individual,Q10 - Q15,Sí,Sí,España,Tal vez,Francia,Cristiano Ronaldo,Una selección nacional,Tarjetas coleccionables,Sí,Edición Francia
2294,2026-03-04,09:17:26,55 años o más,Masculino,Sacatepéquez,Jocotenango,Empleado privado,1 a 2 veces por semana,Kiosco escolar/universitario,Familia,Q25 - Q50,FutbolMix; Mundialitos Queso Picante,Queso,Familiar,,No,Sí,México,Definitivamente sí,Colombia,Lionel Messi,Premios y sorteos,Sorteo de camisetas,Sí,Edición Mundial FIFA 2026
2295,2026-03-23,14:20:24,45 - 54 años,Masculino,Guatemala,Santa Catarina Pinula,Empleado privado,Varias veces al mes,Supermercado,Otro,Q51 - Q100,Victory Pretzels,Chocolate,Familiar,Q10 - Q15,No,No,España,Tal vez,Argentina,Lionel Messi,Un jugador famoso,Tarjetas coleccionables,No,Edición con tarjetas coleccionables
2296,2026-04-12,10:13:06,25 - 34 años,Masculino,Izabal,Otro municipio,Empresario,Varias veces al mes,Supermercado,Amigos,Q25 - Q50,Energy Crunch Protein; ChocoKick Bites; CrunchMax BBQ,Caramelo,Individual,Q10 - Q15,Sí,Sí,Francia,Probablemente no,México,Lionel Messi; Cristiano Ronaldo; Lamine Yamal,Historias de aficionados,Sorteo de viajes,Sí,Edición España
2297,2026-02-09,13:04:22,25 - 34 años,Masculino,Sacatepéquez,Ciudad Vieja,Empresario,3 a 5 veces por semana,Gasolinera,Amigos,Q101 - Q150,CrunchMax BBQ; Fan Chips Jalapeño; Mundialitos Queso Picante,Chocolate,Individual,Q16 - Q20,Sí,Sí,Francia,Probablemente sí,Senegal,Harry Kane,Historias de aficionados,2x1,Sí,Edición Francia
2298,2026-01-29,12:49:56,Menos de 18 años,Femenino,Guatemala,Santa Catarina Pinula,,Todos los días,Otro,Amigos,Q101 - Q150,Mundialitos Queso Picante,Picante Chapín,Individual,Q10 - Q15,Sí,Sí,Uruguay,Tal vez,Uruguay,Alphonso Davies; Ninguno; Neymar Jr.,Un jugador famoso,Sorteo de camisetas,No,Edición Brasil
2299,2026-02-25,14:53:41,25 - 34 años,Femenino,Zacapa,Otro municipio,Estudiante,Varias veces al mes,Supermercado,Familia,Q25 - Q50,FutbolMix,Jalapeño,Para compartir entre 2 personas,Más de Q30,Sí,Sí,Países Bajos,Tal vez,Brasil,Lionel Messi; Lamine Yamal; Vinícius Júnior,Una selección nacional,Sorteo de camisetas,No,Edición Brasil
2300,2026-01-13,17:43:33,Menos de 18 años,Masculino,Guatemala,Villa Nueva,Empleado privado,1 a 2 veces por semana,Otro,Familia,Q51 - Q100,Mundialitos Queso Picante,Picante Chapín,Tamaño fiesta o reunión,Q16 - Q20,No,Sí,Argentina,Probablemente no, ARGENTINA ,Cristiano Ronaldo,Premios y sorteos,Producto gratis,Sí,Edición con jugadores famosos
2301,2026-02-10,11:46:23,25 - 34 años,Masculino,Santa Rosa,Otro municipio,Profesional independiente,1 a 2 veces por semana,Tienda de barrio,Familia,Q25 - Q50,Gol Nachos Supreme; CrunchMax BBQ; Energy Crunch Protein,Barbacoa,Individual,Q16 - Q20,Sí,Sí,Argentina,Probablemente sí,Brasil,Cristiano Ronaldo; Lamine Yamal; Neymar Jr.,Un jugador famoso,Sorteo de camisetas,Sí,Edición Brasil
2302,2026-02-15,21:30:28,35 - 44 años,Masculino,Escuintla,Palín,Empleado privado,3 a 5 veces por semana,Tienda de barrio,Familia,Q101 - Q150,FutbolMix; CrunchMax BBQ; Gol Nachos Supreme,Caramelo,Familiar,Q16 - Q20,No,Sí,Francia,Definitivamente no,Uruguay,Cristiano Ronaldo,Historias de aficionados,2x1,Sí,Edición Inglaterra
2303,2026-04-11,10:48:15,35 - 44 años,Femenino,Guatemala,Guatemala,Empleado privado,Todos los días,Kiosco escolar/universitario,Amigos,Q101 - Q150,FutbolMix; Gol Nachos Supreme,Picante Chapín,Familiar,Q16 - Q20,No,Sí,Croacia,Probablemente sí,Argentina,Vinícius Júnior; Lamine Yamal,Un jugador famoso,Producto gratis,No,Edición Mundial FIFA 2026
2304,2026-03-07,10:58:17,45 - 54 años,Femenino,Sacatepéquez,Jocotenango,Profesional independiente,1 a 2 veces por semana,Tienda de barrio,Familia,Q25 - Q50,CrunchMax BBQ; Energy Crunch Protein; Caramel Goal Popcorn,Chocolate,Individual,Q16 - Q20,Sí,Sí,Francia,Definitivamente sí,Brasil,Ninguno; Cristiano Ronaldo; Vinícius Júnior,Un jugador famoso,Sorteo de camisetas,No,Edición Brasil
2305,2026-01-29,08:41:23,45 - 54 años,Masculino,Santa Rosa,Cabecera municipal,Comerciante,1 a 2 veces por semana,Tienda de barrio,Familia,Q25 - Q50,Hot Stadium Peanuts; Gol Nachos Supreme,Jalapeño,Familiar,Menos de Q10,Sí,Sí,México,Definitivamente sí,Brasil,Lionel Messi; Kylian Mbappé; Neymar Jr.,Un jugador famoso,Descuento directo,Sí,Edición Brasil
2306,2026-04-23,07:54:58,25 - 34 años,Prefiero no indicarlo,Zacapa,Otro municipio,Ama de casa,3 a 5 veces por semana,Kiosco escolar/universitario,Compañeros de trabajo,Q101 - Q150,Fan Chips Jalapeño; Hot Stadium Peanuts,Dulce,Tamaño fiesta o reunión,Q10 - Q15,No,No,España,Probablemente sí,Inglaterra,Cristiano Ronaldo; Lionel Messi,Premios y sorteos,2x1,Sí,Edición con jugadores famosos
2307,2026-03-14,18:27:53,18 - 24 años,Masculino,Guatemala,San Miguel Petapa,Empleado privado,1 a 2 veces por semana,Supermercado,Familia,Más de Q150,FutbolMix; Victory Pretzels; Caramel Goal Popcorn,Limón,Familiar,Q10 - Q15,Sí,Sí,Portugal,Probablemente sí,Inglaterra,Cristiano Ronaldo,Premios y sorteos,2x1,No,Edición Inglaterra
2308,2026-01-25,08:39:08,Menos de 18 años,Femenino,Sacatepéquez,Jocotenango,Empleado privado,3 a 5 veces por semana,Gasolinera,Amigos,Más de Q150,Victory Pretzels; Gol Nachos Supreme,Queso,Familiar,Q21 - Q30,Sí,Sí,Francia,Tal vez,Brasil,Vinícius Júnior; Lionel Messi,Un jugador famoso,2x1,Sí,Edición con jugadores famosos
2309,2026-04-09,21:07:07,25 - 34 años,Masculino,Guatemala,,Profesional independiente,3 a 5 veces por semana,Tienda de barrio,Familia,Q25 - Q50,Caramel Goal Popcorn,Salado Tradicional,Para compartir entre 2 personas,Q16 - Q20,Sí,Sí,México,Tal vez,Brasil,Lionel Messi; Jude Bellingham; Federico Valverde,Una selección nacional,Tarjetas coleccionables,No,Edición Inglaterra
2310,2026-01-10,08:19:43,25 - 34 años,Masculino,Alta Verapaz,Otro municipio,Profesional independiente,1 a 2 veces por semana,Tienda de barrio,Solo,Q25 - Q50,Mundialitos Queso Picante; Gol Nachos Supreme,Barbacoa,Tamaño fiesta o reunión,Q16 - Q20,No,Sí,Francia,Definitivamente sí,España,Jude Bellingham; Vinícius Júnior,Un jugador famoso,Producto gratis,No,Edición con tarjetas coleccionables
2311,2026-04-07,11:30:20,35 - 44 años,Masculino,Guatemala,Santa Catarina Pinula,Comerciante,3 a 5 veces por semana,Gasolinera,Otro,Q51 - Q100,Energy Crunch Protein; Gol Nachos Supreme; CrunchMax BBQ,Chocolate,Familiar,Q10 - Q15,Sí,Sí,México,Tal vez,Inglaterra,Lamine Yamal; Kylian Mbappé; Christian Pulisic,Humor,2x1,Sí,Edición Francia
2312,2026-05-08,15:12:44,45 - 54 años,Masculino,Sololá,Otro municipio,Empresario,1 a 2 veces por semana,Tienda de barrio,Amigos,Q25 - Q50,Mundialitos Queso Picante, QUESO ,Familiar,Menos de Q10,Sí,Sí,Argentina,Definitivamente sí,Argentina,Kylian Mbappé; Cristiano Ronaldo; Neymar Jr.,Una selección nacional,Tarjetas coleccionables,Sí,Edición Francia
2313,2026-02-04,18:50:16,45 - 54 años,Femenino,Baja Verapaz,Otro municipio,Comerciante,Todos los días,Supermercado,Familia,Menos de Q25,Gol Nachos Supreme; FutbolMix; Fan Chips Jalapeño,Queso,Familiar,Q21 - Q30,No,No,México,Probablemente sí,Argentina,Lionel Messi; Julián Álvarez,Un jugador famoso,Sorteo de viajes,Sí,Edición Argentina
2314,2026-04-01,10:28:29,35 - 44 años,Femenino,Guatemala,Santa Catarina Pinula,Comerciante,1 a 2 veces por semana,Kiosco escolar/universitario,Familia,Q51 - Q100,Gol Nachos Supreme; Mundialitos Queso Picante,Queso,Para compartir entre 2 personas,Q21 - Q30,No,No,Brasil,Definitivamente no,Marruecos,Harry Kane,Un jugador famoso,2x1,Sí,Edición Argentina
2315,2026-03-01,21:58:23,18 - 24 años,Prefiero no indicarlo,Guatemala,,Empresario,Varias veces al mes,Kiosco escolar/universitario,Amigos,Q51 - Q100,Fan Chips Jalapeño,Limón,Individual,Q21 - Q30,No,Sí, ARGENTINA ,Definitivamente sí,Portugal,Neymar Jr.,Un jugador famoso,2x1,Sí,Edición Mundial FIFA 2026
2316,2026-03-13,17:41:21,25 - 34 años,Femenino,Retalhuleu,Otro municipio,Estudiante,Todos los días,Supermercado,Familia,Q51 - Q100,CrunchMax BBQ; Mundialitos Queso Picante; Caramel Goal Popcorn,Picante Chapín,Para compartir entre 2 personas,Q10 - Q15,Sí,Sí,Uruguay,Tal vez,Portugal,Neymar Jr.; Lamine Yamal,Una selección nacional,Sorteo de camisetas,Sí,Edición España
2317,2026-01-22,21:46:20,25 - 34 años,Masculino,Sacatepéquez,Antigua Guatemala,Empleado privado,1 a 2 veces por semana,Supermercado,Amigos,Q25 - Q50,Mundialitos Queso Picante,Chocolate,Para compartir entre 2 personas,Q16 - Q20,Sí,No,México,Definitivamente sí,Colombia,Kylian Mbappé; Neymar Jr.,Un jugador famoso,Producto gratis,No,Edición Mundial FIFA 2026
2318,2026-04-06,09:59:45,45 - 54 años,Femenino,Chimaltenango,Patzún,Empresario,Varias veces al mes,Gasolinera,Amigos,Q51 - Q100,CrunchMax BBQ; FutbolMix; Gol Nachos Supreme,Salado Tradicional,Individual,Q16 - Q20,No,Sí,Uruguay,Probablemente no,Colombia,Lionel Messi; Kylian Mbappé,Historias de aficionados,Sorteo de viajes,No,Edición Argentina
2319,2026-01-28,20:50:17,35 - 44 años,Femenino, ESCUINTLA ,Santa Lucía Cotzumalguapa,Empleado privado,1 a 2 veces por semana,Tienda de barrio,Otro,Q25 - Q50,Hot Stadium Peanuts,Picante Chapín,Para compartir entre 2 personas,Q16 - Q20,Sí,Sí,Argentina,Tal vez,Argentina,Kylian Mbappé; Cristiano Ronaldo; Vinícius Júnior,Premios y sorteos,2x1,No,Edición con tarjetas coleccionables
2320,2026-01-11,21:55:14,45 - 54 años,Masculino,Guatemala,Villa Nueva,Empleado privado,Todos los días,Gasolinera,Familia,Q51 - Q100,Fan Chips Jalapeño; Hot Stadium Peanuts,Queso,Para compartir entre 2 personas,Q21 - Q30,No,Sí,México,Definitivamente sí,Francia,Cristiano Ronaldo; Neymar Jr.; Rodri,Premios y sorteos,Tarjetas coleccionables,No,Edición con tarjetas coleccionables
2321,2026-03-20,11:09:51,25 - 34 años,Femenino, GUATEMALA ,Guatemala,Comerciante,Varias veces al mes,Tienda de barrio,Familia,Q101 - Q150,Gol Nachos Supreme; CrunchMax BBQ; ChocoKick Bites, SALADO TRADICIONAL ,Para compartir entre 2 personas,Q21 - Q30,Sí,Sí,Brasil,Definitivamente sí,Francia,Neymar Jr.; Rodri,Un jugador famoso,2x1,Sí,Edición con tarjetas coleccionables
2322,2026-05-05,11:50:43,35 - 44 años,Masculino,Guatemala,Villa Nueva,Comerciante,Todos los días,Tienda de barrio,Compañeros de trabajo,Menos de Q25,Victory Pretzels; Hot Stadium Peanuts,Queso,Individual,Q21 - Q30,Sí,Sí,Francia,Tal vez,Portugal,Neymar Jr.; Lionel Messi,Premios y sorteos,Producto gratis,Sí,Edición Brasil
2323,2026-03-06,12:22:40,55 años o más,Masculino,Guatemala,San Miguel Petapa,Comerciante,Todos los días,Aplicación de delivery,Amigos,Q101 - Q150,CrunchMax BBQ; Caramel Goal Popcorn; Hot Stadium Peanuts,Salado Tradicional,Para compartir entre 2 personas,Q10 - Q15,Sí,Sí,Brasil,Probablemente sí,Portugal,Vinícius Júnior,Una selección nacional,Sorteo de balones,Sí,Edición con jugadores famosos
2324,2026-01-11,08:17:49,Menos de 18 años,Femenino,Guatemala,San Miguel Petapa,Empleado público,Varias veces al mes,Tienda de barrio,Amigos,Menos de Q25,CrunchMax BBQ,Chocolate,Familiar,Q10 - Q15,Sí,Sí,España,Definitivamente sí,México,Lionel Messi; Jude Bellingham,Un jugador famoso,Tarjetas coleccionables,Sí,Edición Brasil
2325,2026-01-14,13:18:36,25 - 34 años,Masculino,Escuintla,Santa Lucía Cotzumalguapa,Empleado privado,Varias veces al mes,Tienda de barrio,Amigos,Q51 - Q100,Mundialitos Queso Picante; Fan Chips Jalapeño,Dulce,Para compartir entre 2 personas,Q21 - Q30,Sí,Sí,Brasil,Probablemente no,Colombia,Cristiano Ronaldo; Vinícius Júnior,Un jugador famoso,Producto gratis,Sí,Edición con jugadores famosos
2326,2026-03-31,08:34:26,25 - 34 años,Masculino, QUETZALTENANGO , OLINTEPEQUE ,Estudiante,3 a 5 veces por semana,Tienda de barrio,Compañeros de trabajo,Q101 - Q150,Gol Nachos Supreme, LIMÓN ,Familiar,Q21 - Q30,Sí,Sí,México,Definitivamente sí,Portugal,Neymar Jr.; Jude Bellingham; Alphonso Davies,Un jugador famoso,2x1,Sí,Edición con tarjetas coleccionables
2327,2026-01-11,19:34:40,25 - 34 años,Masculino,Escuintla,Palín,Empleado privado,Varias veces al mes,Tienda de barrio,Amigos,Q51 - Q100,FutbolMix; Fan Chips Jalapeño,Queso,Individual,Q16 - Q20,Sí,Sí,Colombia,Tal vez,Portugal,Kylian Mbappé,Humor,Sorteo de viajes,No,Edición con tarjetas coleccionables
2328,2026-01-31,12:50:35,35 - 44 años,Femenino,Guatemala,San Miguel Petapa,Comerciante,1 a 2 veces por semana,Tienda de barrio,Amigos,Q51 - Q100,Fan Chips Jalapeño; Mundialitos Queso Picante,Queso,Familiar,Q16 - Q20,Sí,Sí,Brasil,Probablemente sí,México,Christian Pulisic; Lionel Messi,Una selección nacional,Sorteo de balones,No,Edición Brasil
2329,2026-04-12,21:56:04,25 - 34 años,Femenino, GUATEMALA ,San Miguel Petapa,Empleado privado,Varias veces al mes,Aplicación de delivery,Amigos,Más de Q150,Victory Pretzels; Fan Chips Jalapeño; Hot Stadium Peanuts,Limón,Familiar,Q16 - Q20,No,Sí,Inglaterra,Tal vez,Brasil,Cristiano Ronaldo; Harry Kane,Una selección nacional,Descuento directo,Sí,Edición Argentina
2174,2026-04-23,22:22:27,18 - 24 años,Femenino,Sacatepéquez,Antigua Guatemala,Profesional independiente,1 a 2 veces por semana,Tienda de barrio,Familia,Q51 - Q100,Energy Crunch Protein; ChocoKick Bites,Picante Chapín,Familiar,Q16 - Q20,Sí,Sí,Czechia,Definitivamente sí,Colombia,Alphonso Davies; Neymar Jr.,Un jugador famoso,Producto gratis,Sí,Edición con tarjetas coleccionables
2331,2026-02-21,15:57:45,18 - 24 años,Prefiero no indicarlo,Quetzaltenango,Coatepeque,Empleado privado,1 a 2 veces por semana,Gasolinera,Amigos,Q51 - Q100,Energy Crunch Protein; CrunchMax BBQ; Gol Nachos Supreme,Chocolate,Individual,Q21 - Q30,Sí,Sí,México,Probablemente no,Argentina,Lionel Messi; Cristiano Ronaldo,Una selección nacional,2x1,Sí,Edición España
2332,2026-02-10,16:04:50,55 años o más,Femenino,Zacapa,Zacapa,Empleado privado,1 a 2 veces por semana,Gasolinera,Familia,Q25 - Q50,Gol Nachos Supreme; Caramel Goal Popcorn,Salado Tradicional,Individual,Q10 - Q15,Sí,Sí,Brasil,Definitivamente sí,Francia,Lionel Messi,Premios y sorteos,Tarjetas coleccionables,No,Edición Mundial FIFA 2026
2333,2026-03-03,09:38:24,25 - 34 años,Femenino,Santa Rosa,Santa Rosa,Empleado público,3 a 5 veces por semana,Supermercado,Familia,Menos de Q25,CrunchMax BBQ,Salado Tradicional,Para compartir entre 2 personas,Q10 - Q15,Sí,Sí,Brasil,Probablemente sí,Uruguay,Cristiano Ronaldo; Lionel Messi; Kylian Mbappé,Un jugador famoso,Sorteo de balones,No,Edición Brasil
2334,2026-04-06,15:27:04,55 años o más,Masculino,Guatemala,Villa Nueva,Estudiante,Varias veces al mes,Tienda de barrio,Familia,Q101 - Q150,ChocoKick Bites; Caramel Goal Popcorn; Hot Stadium Peanuts,Jalapeño,Individual,Q10 - Q15,Sí,Sí,Argentina,Probablemente sí,Inglaterra,Lionel Messi; Federico Valverde; Christian Pulisic,Un jugador famoso,2x1,No,Edición Mundial FIFA 2026
2335,2026-04-23,20:12:39,55 años o más,Femenino,Quetzaltenango,Quetzaltenango,Empleado privado,Rara vez,Gasolinera,Compañeros de trabajo,Q25 - Q50,Gol Nachos Supreme; Energy Crunch Protein,Queso,Familiar,,No,Sí,Portugal,Probablemente no,Argentina,Cristiano Ronaldo,Historias de aficionados,Sorteo de balones,No,Edición Inglaterra
2336,2026-02-21,10:31:09,45 - 54 años,Masculino,El Progreso,Cabecera municipal,Estudiante,Varias veces al mes,Supermercado,Familia,Q25 - Q50,ChocoKick Bites; FutbolMix; Gol Nachos Supreme,Chocolate,Para compartir entre 2 personas,Más de Q30,Sí,Sí,Portugal,Tal vez,Francia,Cristiano Ronaldo,Humor,Descuento directo,No,Edición Francia
2337,2026-04-14,16:55:49,25 - 34 años,Femenino,Escuintla,Escuintla,Empleado privado,1 a 2 veces por semana,Tienda de barrio,Amigos,Q101 - Q150,CrunchMax BBQ; Mundialitos Queso Picante; FutbolMix,Queso,Tamaño fiesta o reunión,Q16 - Q20,Sí,Sí,Francia,Tal vez,Francia,Lamine Yamal,Historias de aficionados,2x1,Sí,Edición España
2338,2026-05-01,20:35:15,25 - 34 años,Femenino,Guatemala,Mixco,Profesional independiente,Rara vez,Tienda de barrio,Compañeros de trabajo,Q51 - Q100,FutbolMix; ChocoKick Bites,Jalapeño,Familiar,Q21 - Q30,No,Sí,Brasil,Probablemente sí,México,Cristiano Ronaldo; Lionel Messi; Christian Pulisic,Un jugador famoso,Descuento directo,Sí,Edición Mundial FIFA 2026
2339,2026-02-04,12:55:40,45 - 54 años,Femenino,Zacapa,Cabecera municipal,Empleado público,Todos los días,Tienda de barrio,Solo,Menos de Q25,ChocoKick Bites; Gol Nachos Supreme,Chocolate,Individual,Q21 - Q30,Sí,Sí,Estados Unidos,Definitivamente sí,Estados Unidos,Julián Álvarez; Lionel Messi; Lamine Yamal,Humor,2x1,No,Edición España
2340,2026-01-23,14:02:18,18 - 24 años,Femenino,Guatemala,San Miguel Petapa,Ama de casa,Todos los días,Supermercado,Amigos,Q101 - Q150,Gol Nachos Supreme; Hot Stadium Peanuts,Barbacoa,Familiar,Q10 - Q15,Sí,Sí,Argentina,Definitivamente sí,Portugal,Lamine Yamal; Lionel Messi; Kylian Mbappé,Premios y sorteos,Descuento directo,Sí,Edición Francia
2341,2026-03-22,14:53:26,25 - 34 años,Masculino,Chimaltenango,Chimaltenango,Empleado privado,1 a 2 veces por semana,Supermercado,Amigos,Q51 - Q100,Gol Nachos Supreme; CrunchMax BBQ; Mundialitos Queso Picante,Picante Chapín,Tamaño fiesta o reunión,Q21 - Q30,Sí,Sí,Irán,Tal vez,Francia,Kylian Mbappé,Historias de aficionados,Tarjetas coleccionables,Sí,Edición Brasil
2342,2026-04-12,21:58:36,Menos de 18 años,Masculino,Guatemala,San Miguel Petapa,Ama de casa,3 a 5 veces por semana,Otro,Amigos,Q51 - Q100,Fan Chips Jalapeño,Picante Chapín,Familiar,Q10 - Q15,No,Sí,Inglaterra,Tal vez,Argentina,Alphonso Davies; Lamine Yamal; Christian Pulisic,Humor,Descuento directo,No,Edición con tarjetas coleccionables
2343,2026-02-08,09:34:12,25 - 34 años,Femenino,Sacatepéquez,Antigua Guatemala,Estudiante,Rara vez,Tienda de barrio,Familia,Q25 - Q50,Gol Nachos Supreme,Limón,Para compartir entre 2 personas,Más de Q30,No,Sí,Brasil,Tal vez,Brasil,Federico Valverde,Un jugador famoso,Producto gratis,No,Edición Inglaterra
2344,2026-02-21,19:12:49,55 años o más,Masculino, GUATEMALA ,Mixco,Profesional independiente,Todos los días,Tienda de barrio,Familia,Menos de Q25,CrunchMax BBQ; Caramel Goal Popcorn; Fan Chips Jalapeño,Salado Tradicional,Tamaño fiesta o reunión,Q21 - Q30,No,Sí,México,Definitivamente no,Ecuador,Christian Pulisic,Una selección nacional,2x1,Sí,Edición España
2345,2026-02-01,10:06:12,18 - 24 años,Femenino,Quiché,Otro municipio,Empleado privado,Rara vez,Tienda de barrio,Familia,Q51 - Q100,FutbolMix; Mundialitos Queso Picante,Picante Chapín,Individual,Q16 - Q20,No,Sí,Argentina,Definitivamente sí,Argentina,Federico Valverde; Cristiano Ronaldo; Vinícius Júnior,Una selección nacional,Descuento directo,No,Edición con tarjetas coleccionables
2346,2026-04-30,14:50:00,35 - 44 años,Prefiero no indicarlo,Guatemala,Santa Catarina Pinula,Comerciante,3 a 5 veces por semana,Supermercado,Amigos,Q25 - Q50,Energy Crunch Protein,Caramelo,Familiar,Q21 - Q30,No,No,Brasil,Definitivamente sí,España,Lamine Yamal; Cristiano Ronaldo; Jude Bellingham,Un jugador famoso,Producto gratis,Sí,Edición Argentina
2347,2026-04-22,16:11:13,Menos de 18 años,Masculino,Guatemala,Santa Catarina Pinula,Ama de casa,Todos los días,Supermercado,Compañeros de trabajo,Q25 - Q50,Victory Pretzels,Salado Tradicional,Para compartir entre 2 personas,Q16 - Q20,Sí,Sí,Inglaterra,Tal vez,Argentina,Rodri; Lionel Messi; Cristiano Ronaldo,Historias de aficionados,Tarjetas coleccionables,Sí,Edición Mundial FIFA 2026
2348,2026-03-22,13:28:38,18 - 24 años,Femenino,Sacatepéquez,Jocotenango,Profesional independiente,1 a 2 veces por semana,Gasolinera,Amigos,Q51 - Q100,Fan Chips Jalapeño; ChocoKick Bites; Victory Pretzels,Chocolate,Para compartir entre 2 personas,Q16 - Q20,No,Sí,Alemania,Definitivamente sí,Brasil,Lionel Messi,Historias de aficionados,Producto gratis,Sí,Edición con tarjetas coleccionables
2349,2026-01-12,13:34:50,25 - 34 años,Masculino,Quetzaltenango,Quetzaltenango,Estudiante,Todos los días,Supermercado,Familia,Q51 - Q100,Fan Chips Jalapeño; ChocoKick Bites; Caramel Goal Popcorn,Barbacoa,Individual,Q16 - Q20,No,Sí,Cabo Verde,Tal vez,México,Cristiano Ronaldo; Julián Álvarez,Humor,Producto gratis,No,Edición España
2350,2026-03-25,15:39:00,18 - 24 años,Femenino,Retalhuleu,Otro municipio,Empleado privado,Varias veces al mes,Supermercado,Compañeros de trabajo,Q25 - Q50,ChocoKick Bites; Mundialitos Queso Picante; CrunchMax BBQ, JALAPEÑO ,Individual,Q10 - Q15,No,Sí,México,Probablemente no,México,Ninguno,Premios y sorteos,2x1,Sí,Edición Argentina
2351,2026-01-29,16:01:29,35 - 44 años,Masculino,Guatemala,Villa Nueva,Profesional independiente,1 a 2 veces por semana,Kiosco escolar/universitario,Familia,Q51 - Q100,Gol Nachos Supreme; Mundialitos Queso Picante; Fan Chips Jalapeño,Limón,Familiar,Q21 - Q30,No,Sí,Estados Unidos,Definitivamente sí,Argentina,Julián Álvarez,Premios y sorteos,Producto gratis,Sí,Edición Brasil
2352,2026-01-22,12:18:20,45 - 54 años,Masculino,Guatemala,San Miguel Petapa,Empleado público,Todos los días,Supermercado,Amigos,Q101 - Q150,Caramel Goal Popcorn,Chocolate,Individual,Q10 - Q15,No,Sí,Brasil,Tal vez,Francia,Lionel Messi; Kylian Mbappé,Un jugador famoso,Sorteo de camisetas,Sí,Edición Mundial FIFA 2026
2353,2026-03-24,22:40:25,45 - 54 años,Masculino,Guatemala,Santa Catarina Pinula,Empleado privado,Todos los días,Supermercado,Amigos,Q101 - Q150,ChocoKick Bites; FutbolMix; Mundialitos Queso Picante,Barbacoa,Familiar,Q16 - Q20,Sí,Sí,Argentina,Definitivamente sí,Francia,Neymar Jr.; Cristiano Ronaldo,Premios y sorteos,Sorteo de balones,Sí,Edición con jugadores famosos
2354,2026-02-11,21:15:20,35 - 44 años,Masculino,Guatemala,Santa Catarina Pinula,Comerciante,Todos los días,Tienda de barrio,Amigos,Q25 - Q50,Hot Stadium Peanuts,Picante Chapín,Tamaño fiesta o reunión,Más de Q30,Sí,Sí,México,Probablemente sí,Uruguay,Lionel Messi,Humor,Tarjetas coleccionables,Sí,Edición Brasil
2355,2026-03-20,17:31:46,35 - 44 años,Femenino,Retalhuleu,Retalhuleu,Estudiante,3 a 5 veces por semana,Supermercado,Familia,Q25 - Q50,Victory Pretzels,Picante Chapín,Familiar,Q21 - Q30,No,Sí,Brasil,Probablemente sí,Francia,Cristiano Ronaldo,Humor,Producto gratis,No,Edición Francia
2356,2026-01-14,10:56:57,25 - 34 años,Femenino,Escuintla,Escuintla,Otro,1 a 2 veces por semana,Tienda de barrio,Amigos,Q51 - Q100,CrunchMax BBQ; Gol Nachos Supreme; Mundialitos Queso Picante,Jalapeño,Para compartir entre 2 personas,Q10 - Q15,No,Sí,Argentina,Tal vez,Brasil,Jude Bellingham,Una selección nacional,Sorteo de viajes,Sí,Edición Argentina
2357,2026-04-16,07:23:25,25 - 34 años,Femenino,Quetzaltenango,Quetzaltenango,Empleado privado,Todos los días,Tienda de barrio,Amigos,Menos de Q25,Mundialitos Queso Picante; Energy Crunch Protein,Caramelo,Para compartir entre 2 personas,Q10 - Q15,No,Sí,Argentina,Definitivamente sí,Argentina,Vinícius Júnior; Alphonso Davies; Julián Álvarez,Historias de aficionados,2x1,Sí,Edición Mundial FIFA 2026
2358,2026-01-20,22:17:59,35 - 44 años,Masculino,Quetzaltenango,Quetzaltenango,Empleado público,Rara vez,Supermercado,Amigos,Q25 - Q50,Caramel Goal Popcorn; FutbolMix,Limón,Familiar,Q10 - Q15,No,No,Francia,Tal vez,Brasil,Kylian Mbappé; Cristiano Ronaldo; Neymar Jr.,Un jugador famoso,Descuento directo,No,Edición Argentina
2359,2026-04-02,18:22:57,35 - 44 años,Masculino,Guatemala,Santa Catarina Pinula,Empleado privado,1 a 2 veces por semana,Aplicación de delivery,Amigos,Q101 - Q150,Hot Stadium Peanuts; ChocoKick Bites; Mundialitos Queso Picante,Limón,Tamaño fiesta o reunión,Q21 - Q30,No,Sí,México,Definitivamente sí,Brasil,Neymar Jr.; Vinícius Júnior,Un jugador famoso,Sorteo de camisetas,Sí,Edición Inglaterra
2360,2026-04-15,21:39:44,18 - 24 años,Femenino,Sacatepéquez,Jocotenango,Empleado privado,Rara vez,Gasolinera,Compañeros de trabajo,Q51 - Q100,CrunchMax BBQ; Hot Stadium Peanuts; Fan Chips Jalapeño,Jalapeño,Tamaño fiesta o reunión,Q16 - Q20,Sí,Sí,Inglaterra,Definitivamente no,Estados Unidos,Lionel Messi,Una selección nacional,Tarjetas coleccionables,Sí,Edición Mundial FIFA 2026
2361,2026-03-27,17:09:23,45 - 54 años,Masculino,Chiquimula,Otro municipio,Empleado privado,Todos los días,Kiosco escolar/universitario,Amigos,Q25 - Q50,Fan Chips Jalapeño; Hot Stadium Peanuts; Gol Nachos Supreme,Jalapeño,Individual,Q10 - Q15,Sí,Sí,Estados Unidos,Probablemente sí,Colombia,Cristiano Ronaldo,Una selección nacional,Sorteo de camisetas,Sí,Edición Argentina
2362,2026-02-11,20:28:53,18 - 24 años,Femenino,Retalhuleu,Cabecera municipal,Empleado privado,Todos los días,Tienda de barrio,Familia,Q101 - Q150,FutbolMix; Energy Crunch Protein,Barbacoa,Individual,Q16 - Q20,Sí,Sí,Portugal,Probablemente sí,Francia,Jude Bellingham; Vinícius Júnior; Neymar Jr.,Un jugador famoso,Tarjetas coleccionables,Sí,Edición Argentina
2363,2026-04-17,17:02:20,18 - 24 años,Masculino,Guatemala,Santa Catarina Pinula,Estudiante,1 a 2 veces por semana,Tienda de barrio,Compañeros de trabajo,Menos de Q25,Fan Chips Jalapeño; Gol Nachos Supreme; Hot Stadium Peanuts,Queso,Tamaño fiesta o reunión,Q16 - Q20,Sí,Sí,Estados Unidos,Tal vez,México,Jude Bellingham; Kylian Mbappé,Una selección nacional,2x1,No,Edición Francia
2364,2026-01-30,11:08:31,18 - 24 años,Masculino,San Marcos,Otro municipio,Estudiante,Todos los días,Aplicación de delivery,Familia,Q25 - Q50,Hot Stadium Peanuts; ChocoKick Bites; FutbolMix,Barbacoa,Para compartir entre 2 personas,Q10 - Q15,No,Sí,España,Tal vez,España,Lionel Messi; Lamine Yamal,Un jugador famoso,Sorteo de camisetas,No,Edición Brasil
2365,2026-02-05,16:14:38,18 - 24 años,Masculino,Sacatepéquez,Antigua Guatemala,Empleado privado,1 a 2 veces por semana,Tienda de barrio,Amigos,Q25 - Q50,CrunchMax BBQ,Picante Chapín,Individual,Menos de Q10,Sí,Sí,Argentina,Probablemente sí,Portugal,Vinícius Júnior,Historias de aficionados,Producto gratis,Sí,Edición Francia
2366,2026-01-19,07:06:24,45 - 54 años,Masculino, CHIMALTENANGO ,Chimaltenango,Empleado privado,1 a 2 veces por semana,Gasolinera,Familia,Q25 - Q50,Fan Chips Jalapeño,Jalapeño,Individual,Q10 - Q15,No,Sí,Argentina,Probablemente sí,Estados Unidos,Lionel Messi; Vinícius Júnior,Premios y sorteos,2x1,Sí,Edición Francia
2367,2026-05-01,12:42:46,Menos de 18 años,Femenino,Guatemala,Guatemala,Empresario,Todos los días,Gasolinera,Familia,Menos de Q25,Caramel Goal Popcorn; Gol Nachos Supreme,Picante Chapín,Familiar,Q16 - Q20,No,Sí,Argentina,Probablemente no, ARGENTINA ,Neymar Jr.; Vinícius Júnior; Alphonso Davies,Una selección nacional,2x1,Sí,Edición España
2368,2026-02-21,19:19:59,25 - 34 años,Masculino,Guatemala,Mixco,Empleado privado,Todos los días,Supermercado,Familia,Más de Q150,Hot Stadium Peanuts; Caramel Goal Popcorn,Caramelo,Familiar,Q16 - Q20,No,Sí,Portugal,Definitivamente sí,Argentina,Lionel Messi,Un jugador famoso,Descuento directo,No,Edición Brasil
2369,2026-04-18,21:06:32,35 - 44 años,Masculino,Guatemala,San Miguel Petapa,Estudiante,Todos los días,Supermercado,Familia,Q51 - Q100,Fan Chips Jalapeño,Picante Chapín,Familiar,Q21 - Q30,No,Sí,Estados Unidos,Definitivamente sí,Francia,Cristiano Ronaldo; Julián Álvarez,Premios y sorteos,Tarjetas coleccionables,Sí,Edición Inglaterra
2370,2026-04-02,11:28:15,Menos de 18 años,Femenino,Santa Rosa,Cabecera municipal,Empleado privado,Varias veces al mes,Tienda de barrio,Amigos,Q25 - Q50,Mundialitos Queso Picante,Barbacoa,Familiar,Menos de Q10,Sí,No,Francia,Probablemente no,Estados Unidos,Lionel Messi; Kylian Mbappé,Historias de aficionados,2x1,No,Edición Brasil
2371,2026-02-21,10:10:23,35 - 44 años,Femenino,Guatemala,San Miguel Petapa,Comerciante,3 a 5 veces por semana,Kiosco escolar/universitario,Amigos,Q25 - Q50,Energy Crunch Protein; FutbolMix,Chocolate,Para compartir entre 2 personas,Q10 - Q15,Sí,Sí,Brasil,Tal vez,Argentina,Jude Bellingham; Lamine Yamal,Premios y sorteos,Descuento directo,Sí,Edición Brasil
2372,2026-01-13,13:54:29,35 - 44 años,Femenino,Suchitepéquez,Otro municipio,Otro,Varias veces al mes,Kiosco escolar/universitario,Amigos,Q101 - Q150,Mundialitos Queso Picante; FutbolMix,Jalapeño,Individual,,Sí,Sí,Jordania,Probablemente sí,Portugal,Harry Kane,Una selección nacional,Sorteo de viajes,Sí,Edición Mundial FIFA 2026
2373,2026-05-04,21:58:58,25 - 34 años,Femenino,Quetzaltenango,Quetzaltenango,Empleado privado,3 a 5 veces por semana,Tienda de barrio,Amigos,Q25 - Q50,Mundialitos Queso Picante; Gol Nachos Supreme,Caramelo,Familiar,Q16 - Q20,Sí,Sí,Brasil,Tal vez,Argentina,Lionel Messi; Jude Bellingham; Lamine Yamal,Humor,2x1,Sí,Edición Argentina
2374,2026-04-27,14:04:35,35 - 44 años,Femenino,Quetzaltenango,Olintepeque,Otro,Todos los días,Tienda de barrio,Solo,Q51 - Q100,Caramel Goal Popcorn; Gol Nachos Supreme,Limón,Familiar,Más de Q30,Sí,Sí,Argentina,Tal vez,Francia,Kylian Mbappé,Un jugador famoso,Sorteo de camisetas,Sí,Edición Francia
2375,2026-03-29,14:03:02,45 - 54 años,Femenino,Escuintla,Palín,Empleado privado,Todos los días,Tienda de barrio,Solo,Menos de Q25,Gol Nachos Supreme; Energy Crunch Protein,Queso,Tamaño fiesta o reunión,Q16 - Q20,Sí,Sí,Alemania,Probablemente sí,Argentina,Neymar Jr.; Federico Valverde,Humor,Descuento directo,Sí,Edición Francia
2376,2026-02-24,22:34:35,35 - 44 años,Femenino,Guatemala,Mixco,Comerciante,1 a 2 veces por semana,Kiosco escolar/universitario,Familia,Q25 - Q50,CrunchMax BBQ, PICANTE CHAPÍN ,Individual,Q21 - Q30,Sí,Sí,España,Probablemente sí,México,Rodri; Lionel Messi; Cristiano Ronaldo,Una selección nacional,2x1,Sí,Edición con jugadores famosos
2377,2026-04-19,08:58:10,35 - 44 años,Femenino,Escuintla,Escuintla,Empresario,3 a 5 veces por semana,Supermercado,Amigos,Q25 - Q50,Fan Chips Jalapeño,Chocolate,Familiar,Q10 - Q15,Sí,Sí,Argentina,Probablemente sí,Argentina,Kylian Mbappé; Neymar Jr.; Cristiano Ronaldo,Historias de aficionados,Sorteo de camisetas,Sí,Edición con jugadores famosos
2378,2026-01-21,17:00:25,18 - 24 años,Masculino,Chimaltenango,Chimaltenango,Empresario,Varias veces al mes,Otro,Familia,Q25 - Q50,Energy Crunch Protein,Dulce,Tamaño fiesta o reunión,Q21 - Q30,Sí,Sí,España,Definitivamente sí,México,Kylian Mbappé,Una selección nacional,2x1,Sí,Edición Brasil
2379,2026-04-29,17:49:04,35 - 44 años,Masculino,Sacatepéquez,Ciudad Vieja,Comerciante,Varias veces al mes,Supermercado,Solo,Q25 - Q50,Energy Crunch Protein; Caramel Goal Popcorn; Mundialitos Queso Picante,Limón,Individual,Menos de Q10,No,Sí,Portugal,Tal vez,Inglaterra,Lamine Yamal; Vinícius Júnior; Neymar Jr.,Premios y sorteos,2x1,No,Edición Francia
2380,2026-01-19,16:42:37,Menos de 18 años,Femenino,Guatemala,Santa Catarina Pinula,Empleado público,3 a 5 veces por semana,Supermercado,Amigos,Más de Q150,ChocoKick Bites; Mundialitos Queso Picante,Salado Tradicional,Individual,Q16 - Q20,Sí,Sí,Inglaterra,Probablemente no,Curaçao,Kylian Mbappé; Vinícius Júnior,Una selección nacional,2x1,Sí,Edición con jugadores famosos
2381,2026-05-10,10:08:58,25 - 34 años,Femenino,Guatemala,San Miguel Petapa,Profesional independiente,Todos los días,Aplicación de delivery,Familia,Q51 - Q100,FutbolMix; Victory Pretzels,Queso,Tamaño fiesta o reunión,Q16 - Q20,No,Sí,Brasil,Probablemente sí, ARGENTINA ,Lionel Messi,Una selección nacional,Producto gratis,No,Edición con tarjetas coleccionables
2382,2026-01-22,16:20:56,18 - 24 años,Masculino,Guatemala,Mixco,Ama de casa,Todos los días,Supermercado,Familia,Q25 - Q50,Gol Nachos Supreme; Hot Stadium Peanuts,Barbacoa,Para compartir entre 2 personas,Q16 - Q20,Sí,Sí,Argentina,Tal vez,Jordania,Alphonso Davies; Cristiano Ronaldo; Lionel Messi,Historias de aficionados,Tarjetas coleccionables,No,Edición Argentina
2383,2026-03-28,15:52:00,18 - 24 años,Femenino,Jutiapa,Jutiapa,Empleado privado,Varias veces al mes,Supermercado,Amigos,Q25 - Q50,Gol Nachos Supreme; FutbolMix; Fan Chips Jalapeño,Picante Chapín,Para compartir entre 2 personas,Q10 - Q15,No,Sí,Brasil,Definitivamente sí,Brasil,Neymar Jr.,Un jugador famoso,2x1,Sí,Edición con tarjetas coleccionables
2384,2026-02-27,20:01:43,55 años o más,Femenino,Guatemala,Mixco,Estudiante,Varias veces al mes,Aplicación de delivery,Otro,Q51 - Q100,Mundialitos Queso Picante; Caramel Goal Popcorn,Picante Chapín,Familiar,Q10 - Q15,Sí,Sí,Portugal,Definitivamente sí,Portugal,Kylian Mbappé; Neymar Jr.,Premios y sorteos,Sorteo de camisetas,Sí,Edición con jugadores famosos
2385,2026-04-13,13:57:23,Menos de 18 años,Masculino,San Marcos,Cabecera municipal,Estudiante,1 a 2 veces por semana,Tienda de barrio,Compañeros de trabajo,Q101 - Q150,FutbolMix; Fan Chips Jalapeño,Picante Chapín,Familiar,Q16 - Q20,No,Sí,Argentina,Tal vez,Francia,Cristiano Ronaldo; Neymar Jr.; Lionel Messi,Una selección nacional,Tarjetas coleccionables,Sí,Edición con jugadores famosos
2386,2026-03-30,12:30:45,45 - 54 años,Femenino,Izabal,Izabal,Estudiante,Varias veces al mes,Kiosco escolar/universitario,Otro,Q25 - Q50,ChocoKick Bites,Dulce,Para compartir entre 2 personas,Q16 - Q20,Sí,Sí,Argentina,Tal vez,Brasil,Lionel Messi; Cristiano Ronaldo; Kylian Mbappé,Un jugador famoso,2x1,No,Edición Argentina
2387,2026-01-15,22:32:29,18 - 24 años,Femenino,El Progreso,Cabecera municipal,Profesional independiente,3 a 5 veces por semana,Tienda de barrio,Amigos,Q51 - Q100,FutbolMix,Barbacoa,Para compartir entre 2 personas,Q10 - Q15,Sí,Sí,Argentina,Probablemente sí,México,Kylian Mbappé; Neymar Jr.,Un jugador famoso,2x1,Sí,Edición Argentina
2388,2026-03-24,09:12:01,35 - 44 años,Femenino,Retalhuleu,Cabecera municipal,Comerciante,3 a 5 veces por semana,Tienda de barrio,Amigos,Q25 - Q50,Victory Pretzels; CrunchMax BBQ; FutbolMix,Picante Chapín,Individual,Q21 - Q30,No,Sí,México,Probablemente no,Argentina,Harry Kane; Ninguno; Lionel Messi,Una selección nacional,Tarjetas coleccionables,Sí,Edición con tarjetas coleccionables
2389,2026-05-10,14:48:24,35 - 44 años,Femenino,El Progreso,Cabecera municipal,Estudiante,Varias veces al mes,Aplicación de delivery,Amigos,Q101 - Q150,ChocoKick Bites; Fan Chips Jalapeño; Mundialitos Queso Picante,Picante Chapín,Individual,Q16 - Q20,Sí,Sí,México,Probablemente sí,Francia,Cristiano Ronaldo,Una selección nacional,Sorteo de camisetas,No,Edición Francia
2390,2026-01-30,13:47:22,18 - 24 años,Femenino,Quetzaltenango,Coatepeque,Empleado privado,1 a 2 veces por semana,Gasolinera,Amigos,Q101 - Q150,Gol Nachos Supreme,Barbacoa,Individual,Q21 - Q30,Sí,Sí,España,Definitivamente no,Portugal,Christian Pulisic; Lionel Messi; Kylian Mbappé,Historias de aficionados,2x1,No,Edición Argentina
2391,2026-04-11,07:42:50,18 - 24 años,Femenino, GUATEMALA ,Guatemala,Comerciante,3 a 5 veces por semana,Tienda de barrio,Otro,Q101 - Q150,CrunchMax BBQ; FutbolMix,Barbacoa,Individual,Q10 - Q15,No,Sí,Bélgica,Tal vez,México,Lamine Yamal; Kylian Mbappé; Jude Bellingham,Una selección nacional,2x1,Sí,Edición con tarjetas coleccionables
2392,2026-03-29,07:56:16,Menos de 18 años,Masculino,Totonicapán,Otro municipio,Estudiante,Varias veces al mes,Tienda de barrio,Solo,Q101 - Q150,Fan Chips Jalapeño; Victory Pretzels,Queso,Tamaño fiesta o reunión,Q21 - Q30,Sí,Sí,Argentina,Tal vez,Brasil,Cristiano Ronaldo; Lionel Messi; Neymar Jr.,Una selección nacional,Producto gratis,No,Edición Argentina
2393,2026-01-26,13:31:59,35 - 44 años,Masculino,Guatemala,Villa Nueva,Empleado público,1 a 2 veces por semana,Tienda de barrio,Solo,Q51 - Q100,CrunchMax BBQ,Picante Chapín,Para compartir entre 2 personas,Q16 - Q20,Sí,Sí,Inglaterra,Tal vez,Inglaterra,Harry Kane; Federico Valverde,Humor,Descuento directo,Sí,Edición Brasil
2394,2026-04-25,09:32:35,35 - 44 años,Femenino,Sacatepéquez,Jocotenango,Empleado privado,Rara vez,,Familia,Q25 - Q50,CrunchMax BBQ; Caramel Goal Popcorn, QUESO ,Tamaño fiesta o reunión,Q16 - Q20,Sí,Sí,Alemania,Definitivamente sí,México,Lionel Messi; Neymar Jr.; Vinícius Júnior,Premios y sorteos,Tarjetas coleccionables,No,Edición con jugadores famosos
2395,2026-02-17,16:34:33,45 - 54 años,Masculino,Escuintla,Escuintla,Comerciante,Rara vez,Tienda de barrio,Familia,Q25 - Q50,Energy Crunch Protein,Queso,Individual,Q16 - Q20,No,Sí,Portugal,Tal vez,México,Christian Pulisic,Premios y sorteos,Producto gratis,No,Edición Brasil
2396,2026-04-30,11:24:24,35 - 44 años,Masculino,Sacatepéquez,Sumpango,Empleado privado,3 a 5 veces por semana,Kiosco escolar/universitario,Familia,Q51 - Q100,ChocoKick Bites; FutbolMix; Fan Chips Jalapeño,Picante Chapín,Familiar,Q10 - Q15,No,Sí,México,Tal vez,Uruguay,Vinícius Júnior; Cristiano Ronaldo,Premios y sorteos,Tarjetas coleccionables,Sí,Edición Brasil
2397,2026-02-25,11:10:09,25 - 34 años,Masculino,Guatemala,Mixco,Empresario,1 a 2 veces por semana,Gasolinera,Otro,Q25 - Q50,FutbolMix,Jalapeño,Para compartir entre 2 personas,Q10 - Q15,No,Sí,España,Definitivamente sí,Francia,Julián Álvarez; Vinícius Júnior; Lionel Messi,Un jugador famoso,2x1,No,Edición Argentina
2398,2026-03-04,09:54:04,18 - 24 años,Femenino,Guatemala,Guatemala,Ama de casa,3 a 5 veces por semana,Supermercado,Familia,Menos de Q25,Hot Stadium Peanuts, QUESO ,Para compartir entre 2 personas,Menos de Q10,No,Sí,Argentina,Probablemente sí,Alemania,Cristiano Ronaldo; Kylian Mbappé,Historias de aficionados,Tarjetas coleccionables,No,Edición Argentina
2399,2026-03-02,18:31:58,18 - 24 años,Femenino,Guatemala,San Miguel Petapa,Profesional independiente,3 a 5 veces por semana,Kiosco escolar/universitario,Familia,Q25 - Q50,CrunchMax BBQ; Caramel Goal Popcorn; Gol Nachos Supreme,Limón,Tamaño fiesta o reunión,Q16 - Q20,No,Sí,Argentina,Probablemente sí,Argentina,Cristiano Ronaldo; Kylian Mbappé,Historias de aficionados,Sorteo de camisetas,Sí,Edición con jugadores famosos
2400,2026-04-08,17:13:09,45 - 54 años,Masculino,Guatemala,San Miguel Petapa,Empleado privado,Varias veces al mes,Aplicación de delivery,Otro,Q25 - Q50,CrunchMax BBQ; Mundialitos Queso Picante; Gol Nachos Supreme,Barbacoa,Familiar,Q21 - Q30,No,Sí,South Africa,Definitivamente no,Francia,Cristiano Ronaldo,Un jugador famoso,Descuento directo,Sí,Edición Mundial FIFA 2026
2401,2026-02-23,14:52:24,25 - 34 años,Masculino,Chiquimula,Cabecera municipal,Comerciante,1 a 2 veces por semana,Gasolinera,Familia,Q51 - Q100,CrunchMax BBQ; Victory Pretzels,Chocolate,Familiar,Q16 - Q20,Sí,Sí,España,Tal vez,Portugal,Lionel Messi; Kylian Mbappé; Jude Bellingham,Una selección nacional,Sorteo de balones,Sí,Edición Brasil
2402,2026-01-31,12:38:09,18 - 24 años,Femenino,Guatemala,Villa Nueva,Empleado privado,Varias veces al mes,Gasolinera,Amigos,Q25 - Q50,CrunchMax BBQ,Chocolate,Familiar,Q21 - Q30,No,Sí,México,Definitivamente sí,Suecia,Vinícius Júnior; Lionel Messi; Neymar Jr.,Premios y sorteos,Tarjetas coleccionables,No,Edición Brasil
2403,2026-01-19,17:46:56,Menos de 18 años,Masculino,Sololá,Sololá,Estudiante,Todos los días,Supermercado,Amigos,Menos de Q25,Energy Crunch Protein; Mundialitos Queso Picante; CrunchMax BBQ,Queso,Individual,Q16 - Q20,Sí,Sí,Francia,Tal vez,Brasil,Lamine Yamal; Cristiano Ronaldo,Historias de aficionados,Tarjetas coleccionables,Sí,Edición con jugadores famosos
2404,2026-03-02,22:50:00,18 - 24 años,Femenino,Escuintla,Escuintla,Empresario,Todos los días,Tienda de barrio,Amigos,Q101 - Q150,Mundialitos Queso Picante; Caramel Goal Popcorn; Energy Crunch Protein, PICANTE CHAPÍN ,Para compartir entre 2 personas,Menos de Q10,Sí,Sí,Argentina,Tal vez,Portugal,Lionel Messi; Rodri,Premios y sorteos,Descuento directo,No,Edición España
2405,2026-04-01,12:22:20,25 - 34 años,Femenino,Guatemala,,Profesional independiente,3 a 5 veces por semana,Supermercado,Amigos,Q51 - Q100,FutbolMix; Mundialitos Queso Picante; Victory Pretzels,Queso,Individual,Q16 - Q20,Sí,Sí,Portugal,Probablemente sí,México,Cristiano Ronaldo,Una selección nacional,2x1,Sí,Edición Inglaterra
2406,2026-04-14,14:13:14,25 - 34 años,Masculino,Quiché,Cabecera municipal,Empresario,Varias veces al mes,Tienda de barrio,Familia,Q101 - Q150,Gol Nachos Supreme,Queso,Familiar,Más de Q30,Sí,Sí,Inglaterra,Tal vez,Argentina,Vinícius Júnior; Christian Pulisic; Kylian Mbappé,Humor,2x1,Sí,Edición con tarjetas coleccionables
2407,2026-02-20,17:08:23,45 - 54 años,Masculino,Chiquimula,Chiquimula,Empleado privado,3 a 5 veces por semana,Tienda de barrio,Amigos,Q51 - Q100,Caramel Goal Popcorn,Dulce,Para compartir entre 2 personas,,Sí,Sí,Brasil,Probablemente sí,Inglaterra,Kylian Mbappé,Un jugador famoso,Descuento directo,Sí,Edición Brasil
2408,2026-02-24,20:38:24,25 - 34 años,Femenino,Quiché,Cabecera municipal,Estudiante,Varias veces al mes,Aplicación de delivery,Familia,Q51 - Q100,Energy Crunch Protein; Gol Nachos Supreme; Fan Chips Jalapeño,Chocolate,Familiar,Q16 - Q20,Sí,Sí,España,Definitivamente no,Francia,Ninguno; Lionel Messi,Premios y sorteos,2x1,Sí,Edición Francia
2409,2026-01-25,17:44:40,18 - 24 años,Femenino,Guatemala,Mixco,Empleado privado,Rara vez,Supermercado,Amigos,Menos de Q25,FutbolMix,Queso,Tamaño fiesta o reunión,Q16 - Q20,No,Sí,Argentina,Probablemente sí,Argentina,Cristiano Ronaldo; Christian Pulisic,Historias de aficionados,Sorteo de camisetas,Sí,Edición Argentina
2410,2026-02-11,20:44:11,18 - 24 años,Masculino,Chiquimula,Cabecera municipal,Profesional independiente,Todos los días,Tienda de barrio,Amigos,Q25 - Q50,Mundialitos Queso Picante; Gol Nachos Supreme; CrunchMax BBQ,Picante Chapín,Individual,Más de Q30,Sí,Sí,Francia,Probablemente sí,México,Harry Kane,Humor,Sorteo de camisetas,Sí,Edición Argentina
2411,2026-05-10,15:31:23,18 - 24 años,Masculino,Totonicapán,Cabecera municipal,Empleado privado,1 a 2 veces por semana,Supermercado,Familia,Más de Q150,Gol Nachos Supreme; ChocoKick Bites, JALAPEÑO ,Tamaño fiesta o reunión,Q16 - Q20,Sí,Sí,Alemania,Definitivamente sí,Alemania,Lamine Yamal; Jude Bellingham,Premios y sorteos,Descuento directo,No,Edición con tarjetas coleccionables
2412,2026-05-03,16:17:32,35 - 44 años,Masculino,Guatemala,Mixco,Empleado privado,Varias veces al mes,Supermercado,Familia,Q25 - Q50,Mundialitos Queso Picante; Caramel Goal Popcorn,Picante Chapín,Tamaño fiesta o reunión,Q10 - Q15,Sí,Sí, BRASIL ,Definitivamente no,México,Lionel Messi,Historias de aficionados,Sorteo de viajes,Sí,Edición con jugadores famosos
2413,2026-04-06,09:37:14,35 - 44 años,Masculino,Jutiapa,Otro municipio,Empresario,Todos los días,Tienda de barrio,Familia,Q25 - Q50,FutbolMix; Mundialitos Queso Picante,Caramelo,Para compartir entre 2 personas,Q10 - Q15,Sí,Sí,Brasil,Definitivamente no,España,Neymar Jr.; Vinícius Júnior; Kylian Mbappé,Un jugador famoso,2x1,Sí,Edición con tarjetas coleccionables
2414,2026-02-05,22:41:16,35 - 44 años,Masculino,Quetzaltenango,Quetzaltenango,Profesional independiente,Todos los días,Supermercado,Amigos,Menos de Q25,CrunchMax BBQ,Dulce,Individual,Q10 - Q15,Sí,Sí,Corea del Sur,Probablemente sí,México,Cristiano Ronaldo; Jude Bellingham; Neymar Jr.,Un jugador famoso,2x1,Sí,Edición con jugadores famosos
2415,2026-03-19,22:01:36,25 - 34 años,Masculino,Alta Verapaz,Cabecera municipal,Ama de casa,3 a 5 veces por semana,Supermercado,Familia,Q101 - Q150,FutbolMix,Barbacoa,Familiar,Q16 - Q20,No,Sí,Brasil,Probablemente sí,Argentina,Lionel Messi; Vinícius Júnior,Un jugador famoso,Descuento directo,Sí,Edición Mundial FIFA 2026
2416,2026-04-30,09:59:01,25 - 34 años,Femenino,Quetzaltenango,Quetzaltenango,Comerciante,1 a 2 veces por semana,Tienda de barrio,Compañeros de trabajo,Q51 - Q100,Hot Stadium Peanuts; ChocoKick Bites; CrunchMax BBQ,Salado Tradicional,Individual,Q10 - Q15,Sí,Sí,Paraguay,Tal vez,Portugal,Alphonso Davies; Kylian Mbappé; Cristiano Ronaldo,Una selección nacional,Tarjetas coleccionables,Sí,Edición Inglaterra
2417,2026-02-12,10:52:39,45 - 54 años,Masculino,Chimaltenango,Patzún,Comerciante,Varias veces al mes,Supermercado,Familia,Q25 - Q50,Caramel Goal Popcorn; Hot Stadium Peanuts; Mundialitos Queso Picante,Jalapeño,Individual,Q16 - Q20,No,Sí,México,Definitivamente no,Francia,Lionel Messi; Vinícius Júnior; Neymar Jr.,Un jugador famoso,Sorteo de camisetas,Sí,Edición Brasil
2418,2026-03-20,13:00:44,55 años o más,Femenino,Guatemala,San Miguel Petapa,Profesional independiente,1 a 2 veces por semana,Tienda de barrio,Familia,Q25 - Q50,FutbolMix,Barbacoa,Individual,Q16 - Q20,Sí,Sí,Francia,Tal vez,México,Kylian Mbappé; Lionel Messi,Historias de aficionados,Sorteo de camisetas,Sí,Edición con jugadores famosos
2419,2026-02-04,22:09:25,35 - 44 años,Masculino,Retalhuleu,Otro municipio,Estudiante,3 a 5 veces por semana,Tienda de barrio,Familia,Q25 - Q50,Caramel Goal Popcorn,Chocolate,Individual,Q16 - Q20,No,Sí,México,Definitivamente sí,Estados Unidos,Lamine Yamal; Cristiano Ronaldo,Una selección nacional,Descuento directo,Sí,Edición Brasil
2420,2026-02-09,09:02:53,25 - 34 años,Prefiero no indicarlo,Guatemala,Guatemala,Ama de casa,Todos los días,Supermercado,Familia,Q25 - Q50,Caramel Goal Popcorn; Gol Nachos Supreme,Dulce,Tamaño fiesta o reunión,Q10 - Q15,No,Sí, MÉXICO ,Probablemente sí,Colombia,Neymar Jr.,Un jugador famoso,Producto gratis,Sí,Edición con jugadores famosos
2421,2026-05-08,07:59:06,25 - 34 años,Femenino,Guatemala,Guatemala,Estudiante,Varias veces al mes,,Familia,Q101 - Q150,ChocoKick Bites; Hot Stadium Peanuts; FutbolMix,Picante Chapín,Para compartir entre 2 personas,Q16 - Q20,Sí,No,Alemania,Definitivamente no,Portugal,Vinícius Júnior; Kylian Mbappé; Lionel Messi,Una selección nacional,Sorteo de viajes,Sí,Edición Argentina
2422,2026-03-09,08:43:49,18 - 24 años,Masculino,Guatemala,Santa Catarina Pinula,Estudiante,Varias veces al mes,Aplicación de delivery,Solo,Q101 - Q150,Mundialitos Queso Picante; FutbolMix,,Familiar,Q10 - Q15,No,Sí,Brasil,Definitivamente sí,Argentina,Neymar Jr.,Humor,Tarjetas coleccionables,Sí,Edición Brasil
2423,2026-02-23,22:05:12,25 - 34 años,Femenino,Guatemala,Guatemala,Comerciante,3 a 5 veces por semana,Supermercado,Otro,Menos de Q25,Hot Stadium Peanuts,,Individual,Q10 - Q15,No,Sí,México,Probablemente sí,Francia,Lionel Messi; Jude Bellingham; Neymar Jr.,Una selección nacional,Descuento directo,Sí,Edición con tarjetas coleccionables
2424,2026-04-02,13:24:02,35 - 44 años,Prefiero no indicarlo,Quetzaltenango,Olintepeque,Empleado privado,Varias veces al mes,Gasolinera,Familia,Q25 - Q50,Victory Pretzels,Picante Chapín,Individual,Q21 - Q30,Sí,Sí,España,Tal vez,Argentina,Lionel Messi; Kylian Mbappé; Federico Valverde,Un jugador famoso,Descuento directo,Sí,Edición Brasil
2425,2026-02-25,19:15:28,45 - 54 años,Masculino,Petén,Flores,Estudiante,3 a 5 veces por semana,Tienda de barrio,Familia,Q101 - Q150,Gol Nachos Supreme,Jalapeño,Tamaño fiesta o reunión,Q16 - Q20,Sí,Sí,Brasil,Probablemente sí, PORTUGAL ,Vinícius Júnior; Julián Álvarez,Una selección nacional,Tarjetas coleccionables,Sí,Edición Brasil
2426,2026-03-03,18:16:51,Menos de 18 años,Masculino,Sacatepéquez,Jocotenango,Empleado privado,Varias veces al mes,Tienda de barrio,Amigos,Q25 - Q50,Mundialitos Queso Picante; ChocoKick Bites,Picante Chapín,Familiar,Q16 - Q20,No,Sí,Brasil,Tal vez,México,Cristiano Ronaldo,Un jugador famoso,Producto gratis,No,Edición Mundial FIFA 2026
2427,2026-02-09,21:18:07,55 años o más,Masculino,Sololá,Otro municipio,Comerciante,1 a 2 veces por semana,Supermercado,Amigos,Q25 - Q50,Mundialitos Queso Picante; Energy Crunch Protein; Fan Chips Jalapeño,Barbacoa,Familiar,Q10 - Q15,Sí,Sí,Inglaterra,Probablemente sí,México,Lamine Yamal; Jude Bellingham,Historias de aficionados,Producto gratis,No,Edición Mundial FIFA 2026
2428,2026-04-21,20:32:00,18 - 24 años,Masculino,Guatemala,San Miguel Petapa,Profesional independiente,Todos los días,Tienda de barrio,Amigos,Q101 - Q150,ChocoKick Bites; FutbolMix; Gol Nachos Supreme,Limón,Individual,Q10 - Q15,Sí,No,Argentina,Tal vez,Inglaterra,Cristiano Ronaldo,Una selección nacional,Sorteo de camisetas,No,Edición Francia
2429,2026-04-12,17:29:34,25 - 34 años,Masculino,Guatemala,Mixco,Profesional independiente,1 a 2 veces por semana,Supermercado,Familia,Q51 - Q100,CrunchMax BBQ; Gol Nachos Supreme; Fan Chips Jalapeño,Salado Tradicional,Familiar,Q10 - Q15,Sí,Sí,Argentina,Tal vez,Portugal,Cristiano Ronaldo; Kylian Mbappé,Un jugador famoso,Producto gratis,Sí,Edición con tarjetas coleccionables
2430,2026-04-13,21:09:08,25 - 34 años,Femenino,Quetzaltenango,Coatepeque,Empresario,3 a 5 veces por semana,Kiosco escolar/universitario,Familia,Q25 - Q50,CrunchMax BBQ; Mundialitos Queso Picante,Salado Tradicional,Tamaño fiesta o reunión,Q16 - Q20,Sí,Sí,México,Probablemente sí,Argentina,Cristiano Ronaldo,Una selección nacional,Sorteo de camisetas,Sí,Edición Mundial FIFA 2026
2431,2026-01-14,21:14:36,35 - 44 años,Masculino, ESCUINTLA ,Escuintla,Comerciante,Varias veces al mes,Aplicación de delivery,Amigos,Q101 - Q150,FutbolMix,Picante Chapín,Familiar,Q16 - Q20,Sí,Sí,Haití,Definitivamente sí,Brasil,Kylian Mbappé; Christian Pulisic,Premios y sorteos,Producto gratis,No,Edición Inglaterra
2432,2026-03-25,17:05:19,45 - 54 años,Masculino,Guatemala,Mixco,Estudiante,Rara vez,Supermercado,Amigos,Q101 - Q150,Energy Crunch Protein; Mundialitos Queso Picante; Caramel Goal Popcorn,Limón,Familiar,Q21 - Q30,Sí,Sí,Argentina,Tal vez,Inglaterra,Neymar Jr.; Harry Kane,Un jugador famoso,Descuento directo,Sí,Edición Mundial FIFA 2026
2433,2026-01-23,14:30:03,18 - 24 años,Masculino,Totonicapán,Totonicapán,Estudiante,1 a 2 veces por semana,Gasolinera,Amigos,Q101 - Q150,CrunchMax BBQ,Picante Chapín,Familiar,Q10 - Q15,Sí,No,México,Probablemente sí,Argentina,Cristiano Ronaldo,Humor,Sorteo de viajes,Sí,Edición con jugadores famosos
2434,2026-02-24,20:40:13,35 - 44 años,Masculino,Alta Verapaz,Alta Verapaz,Empleado privado,Todos los días,Aplicación de delivery,Solo,Q25 - Q50,CrunchMax BBQ; Hot Stadium Peanuts,Picante Chapín,Familiar,Q10 - Q15,No,Sí,Brasil,Probablemente no,Argentina,Cristiano Ronaldo,Una selección nacional,Tarjetas coleccionables,No,Edición Francia
2435,2026-02-01,22:01:41,25 - 34 años,Femenino,Sololá, OTRO MUNICIPIO ,Empleado privado,Rara vez,Aplicación de delivery,Amigos,Q25 - Q50,Mundialitos Queso Picante; CrunchMax BBQ; Victory Pretzels,Picante Chapín,Tamaño fiesta o reunión,Q10 - Q15,Sí,No,España,Probablemente sí,España,Neymar Jr.; Lamine Yamal; Lionel Messi,Historias de aficionados,Sorteo de camisetas,Sí,Edición Argentina
2436,2026-02-13,10:36:08,18 - 24 años,Masculino,Baja Verapaz,,Empleado privado,3 a 5 veces por semana,Supermercado,Familia,Q25 - Q50,Hot Stadium Peanuts; Energy Crunch Protein; CrunchMax BBQ,Queso,Individual,Q10 - Q15,Sí,Sí,México,Definitivamente sí,Alemania,Jude Bellingham; Christian Pulisic,Una selección nacional,Descuento directo,Sí,Edición con tarjetas coleccionables
2437,2026-04-23,07:18:06,25 - 34 años,Femenino,Guatemala,Villa Nueva,Jubilado,Varias veces al mes,Gasolinera,Amigos,Q101 - Q150,Energy Crunch Protein,Jalapeño,Para compartir entre 2 personas,Q16 - Q20,No,Sí,Portugal,Tal vez,Inglaterra,Lionel Messi; Christian Pulisic; Vinícius Júnior,Un jugador famoso,2x1,Sí,Edición Francia
2438,2026-02-09,16:48:56,25 - 34 años,Femenino,Petén,Poptún,Profesional independiente,Varias veces al mes,Tienda de barrio,Amigos,Q25 - Q50,FutbolMix,Barbacoa,Para compartir entre 2 personas,Q10 - Q15,No,Sí,Colombia,Definitivamente sí,Argentina,Kylian Mbappé,Un jugador famoso,Tarjetas coleccionables,No,Edición con jugadores famosos
2439,2026-02-17,19:27:22,18 - 24 años,Femenino,Guatemala,Mixco,Estudiante,3 a 5 veces por semana,Otro,Familia,Más de Q150,CrunchMax BBQ; Hot Stadium Peanuts,Dulce,Familiar,Q16 - Q20,Sí,Sí, MÉXICO ,Probablemente sí,Brasil,Kylian Mbappé,Una selección nacional,Sorteo de balones,Sí,Edición Francia
2440,2026-04-25,16:31:42,18 - 24 años,Masculino,Guatemala, VILLA NUEVA ,Empresario,3 a 5 veces por semana,Tienda de barrio,Familia,Menos de Q25,FutbolMix; Fan Chips Jalapeño; Caramel Goal Popcorn,Queso,Familiar,Q10 - Q15,Sí,Sí,Brasil,Definitivamente sí,Argentina,Rodri; Cristiano Ronaldo; Jude Bellingham,Una selección nacional,Producto gratis,Sí,Edición Francia
2441,2026-05-07,18:06:53,18 - 24 años,Masculino,El Progreso,El Progreso,Profesional independiente,3 a 5 veces por semana,Supermercado,Familia,Q51 - Q100,Caramel Goal Popcorn; Fan Chips Jalapeño,Barbacoa,Individual,Q16 - Q20,Sí,Sí, FRANCIA ,Probablemente no,España,Lamine Yamal; Cristiano Ronaldo; Neymar Jr.,Una selección nacional,Producto gratis,Sí,Edición Brasil
2442,2026-03-07,15:24:09,18 - 24 años,Femenino,Escuintla,Palín,Estudiante,3 a 5 veces por semana,Tienda de barrio,Otro,Q51 - Q100,FutbolMix; Fan Chips Jalapeño; ChocoKick Bites, QUESO ,Familiar,Q16 - Q20,No,Sí,España,Probablemente sí,México,Harry Kane; Kylian Mbappé,Un jugador famoso,2x1,Sí,Edición con tarjetas coleccionables
2443,2026-01-26,10:28:34,25 - 34 años,Masculino,Quetzaltenango,Olintepeque,Comerciante,Rara vez,Supermercado,Amigos,Q25 - Q50,FutbolMix,Caramelo,Familiar,Menos de Q10,Sí,Sí,Argentina,Probablemente sí,Inglaterra,Julián Álvarez; Lionel Messi,Un jugador famoso,Sorteo de balones,Sí,Edición con jugadores famosos
2444,2026-01-16,09:08:59,Menos de 18 años,Prefiero no indicarlo,Jalapa,nan,Empleado privado,Varias veces al mes,Kiosco escolar/universitario,Familia,Q25 - Q50,FutbolMix,Limón,Familiar,Q10 - Q15,Sí,Sí,Estados Unidos,Tal vez,España,Lionel Messi; Jude Bellingham; Harry Kane,Historias de aficionados,2x1,No,Edición Mundial FIFA 2026
2445,2026-02-13,10:57:34,18 - 24 años,Masculino,Huehuetenango,Otro municipio,Estudiante,Rara vez,Supermercado,Amigos,Q51 - Q100,Gol Nachos Supreme; Mundialitos Queso Picante,Limón,Tamaño fiesta o reunión,Q16 - Q20,Sí,No,Argentina,Probablemente sí,Brasil,Vinícius Júnior; Jude Bellingham; Federico Valverde,Un jugador famoso,Sorteo de viajes,Sí,Edición con jugadores famosos
2446,2026-01-29,11:13:33,18 - 24 años,Femenino,Quetzaltenango,Coatepeque,Empleado privado,Varias veces al mes,Aplicación de delivery,Compañeros de trabajo,Q51 - Q100,Caramel Goal Popcorn; CrunchMax BBQ; Gol Nachos Supreme,Chocolate,Familiar,Q16 - Q20,Sí,Sí,Brasil,Definitivamente sí,Argentina,Rodri; Kylian Mbappé,Una selección nacional,2x1,No,Edición Argentina
2447,2026-01-24,13:59:17,Menos de 18 años,Masculino,Sacatepéquez,Sumpango,Empleado público,Varias veces al mes,Gasolinera,Amigos,Q25 - Q50,Fan Chips Jalapeño; CrunchMax BBQ; FutbolMix,Limón,Familiar,Q16 - Q20,Sí,Sí,Colombia,Definitivamente sí,México,Jude Bellingham; Lamine Yamal,Humor,Producto gratis,No,Edición con tarjetas coleccionables
2448,2026-02-05,10:56:20,18 - 24 años,Femenino,Escuintla,Santa Lucía Cotzumalguapa,Estudiante,1 a 2 veces por semana,Tienda de barrio,Solo,Q51 - Q100,Caramel Goal Popcorn,Chocolate,Tamaño fiesta o reunión,Q16 - Q20,No,Sí,Alemania,Tal vez,Argentina,Cristiano Ronaldo; Neymar Jr.; Lionel Messi,Una selección nacional,Producto gratis,Sí,Edición Francia
2449,2026-03-06,16:34:19,55 años o más,Femenino,Guatemala,San Miguel Petapa,Estudiante,Varias veces al mes,Supermercado,Amigos,Menos de Q25,Mundialitos Queso Picante; Fan Chips Jalapeño,Queso,Tamaño fiesta o reunión,Menos de Q10,No,Sí,Francia,Definitivamente no,Estados Unidos,Neymar Jr.; Christian Pulisic; Cristiano Ronaldo,Premios y sorteos,Sorteo de camisetas,Sí,Edición Mundial FIFA 2026
2450,2026-02-02,14:42:38,25 - 34 años,Masculino,Quetzaltenango,Quetzaltenango,Comerciante,1 a 2 veces por semana,Tienda de barrio,Familia,Q51 - Q100,Mundialitos Queso Picante; Caramel Goal Popcorn; ChocoKick Bites,Limón,Familiar,Q10 - Q15,Sí,Sí,México,Probablemente sí,Brasil,Rodri; Neymar Jr.,Un jugador famoso,Tarjetas coleccionables,Sí,Edición con tarjetas coleccionables
2451,2026-01-21,15:45:18,18 - 24 años,Femenino,Suchitepéquez,Suchitepéquez,Empleado público,1 a 2 veces por semana,Kiosco escolar/universitario,Solo,Q101 - Q150,Mundialitos Queso Picante,Barbacoa,Individual,Q10 - Q15,Sí,Sí,México,Definitivamente sí,Uruguay,Lionel Messi; Kylian Mbappé,Premios y sorteos,Tarjetas coleccionables,No,Edición Brasil
2452,2026-02-16,20:06:25,Menos de 18 años,Femenino,Guatemala,San Miguel Petapa,Empresario,3 a 5 veces por semana,Supermercado,Familia,Q25 - Q50,Caramel Goal Popcorn; Fan Chips Jalapeño; FutbolMix,Dulce,Para compartir entre 2 personas,,Sí,No,México,Tal vez,Inglaterra,Cristiano Ronaldo; Vinícius Júnior,Un jugador famoso,Descuento directo,No,Edición con jugadores famosos
2453,2026-03-31,08:19:08,35 - 44 años,Masculino,Chimaltenango,Tecpán Guatemala,Empleado privado,Todos los días,Supermercado,Familia,Q25 - Q50,FutbolMix,Jalapeño,Individual,Q21 - Q30,No,Sí,España,Definitivamente sí,Argentina,Christian Pulisic,Premios y sorteos,2x1,No,Edición Francia
2454,2026-02-25,15:10:21,25 - 34 años,Femenino,Guatemala,Mixco,Comerciante,3 a 5 veces por semana,Gasolinera,Amigos,Menos de Q25,FutbolMix,Queso,Familiar,Q16 - Q20,Sí,Sí,España,Probablemente sí,Brasil,Cristiano Ronaldo; Ninguno,Humor,Producto gratis,Sí,Edición con jugadores famosos
2455,2026-04-30,15:13:10,55 años o más,Masculino,Sololá,Otro municipio,Profesional independiente,Todos los días,,Amigos,Q101 - Q150,Gol Nachos Supreme; Caramel Goal Popcorn, PICANTE CHAPÍN ,Tamaño fiesta o reunión,Q16 - Q20,Sí,Sí,España,Probablemente sí,Brasil,Neymar Jr.; Federico Valverde; Lionel Messi,Una selección nacional,Descuento directo,No,Edición España
2456,2026-03-11,17:35:47,18 - 24 años,Femenino,Guatemala,Mixco,Profesional independiente,Todos los días,Kiosco escolar/universitario,Familia,Más de Q150,Mundialitos Queso Picante; Hot Stadium Peanuts,Barbacoa,Individual,Q16 - Q20,No,Sí, ALEMANIA ,Tal vez,Brasil,Vinícius Júnior,Una selección nacional,2x1,No,Edición Argentina
2457,2026-01-29,10:00:34,25 - 34 años,Femenino,Chiquimula,Otro municipio,Empleado público,Todos los días,Tienda de barrio,Familia,Menos de Q25,ChocoKick Bites; Victory Pretzels,Salado Tradicional,Familiar,Q16 - Q20,Sí,Sí,Argentina,Definitivamente sí,Brasil,Neymar Jr.,Premios y sorteos,Sorteo de viajes,Sí,Edición Mundial FIFA 2026
2458,2026-05-02,22:07:32,25 - 34 años,Femenino,Sacatepéquez,Antigua Guatemala,,Rara vez,Tienda de barrio,Familia,Q51 - Q100,Energy Crunch Protein; Fan Chips Jalapeño,Picante Chapín,Familiar,Q16 - Q20,No,Sí,Argentina,Definitivamente sí,Portugal,Cristiano Ronaldo; Neymar Jr.; Christian Pulisic,Un jugador famoso,2x1,No,Edición Brasil
2459,2026-01-18,11:28:29,25 - 34 años,Masculino,Sacatepéquez,,Estudiante,1 a 2 veces por semana,Supermercado,Familia,Q25 - Q50,FutbolMix,Jalapeño,Familiar,Más de Q30,No,Sí,Francia,Tal vez,Estados Unidos,Lionel Messi,Una selección nacional,Producto gratis,No,Edición con tarjetas coleccionables
2460,2026-01-21,14:33:05,35 - 44 años,Femenino,Guatemala,Villa Nueva,Estudiante,Varias veces al mes,Tienda de barrio,Familia,Q101 - Q150,Mundialitos Queso Picante; FutbolMix; Gol Nachos Supreme,Picante Chapín,Para compartir entre 2 personas,Q21 - Q30,Sí,No,Nueva Zelanda,Probablemente no,Uruguay,Lionel Messi; Lamine Yamal,Premios y sorteos,Tarjetas coleccionables,Sí,Edición con jugadores famosos
2461,2026-01-15,18:14:02,Menos de 18 años,Masculino,Santa Rosa,Cabecera municipal,Ama de casa,1 a 2 veces por semana,Supermercado,Familia,Q101 - Q150,Caramel Goal Popcorn,Salado Tradicional,Para compartir entre 2 personas,Q16 - Q20,Sí,Sí,Brasil,Definitivamente no,Portugal,Kylian Mbappé; Rodri,Un jugador famoso,Descuento directo,No,Edición con jugadores famosos
2462,2026-04-07,07:20:35,25 - 34 años,Masculino,Chiquimula,Chiquimula,Empleado privado,Rara vez,Tienda de barrio,Solo,Q25 - Q50,FutbolMix; Fan Chips Jalapeño; Energy Crunch Protein,Salado Tradicional,Para compartir entre 2 personas,Q21 - Q30,No,Sí,Colombia,Definitivamente sí,México,Federico Valverde; Lionel Messi,Humor,Sorteo de viajes,Sí,Edición con jugadores famosos
2463,2026-04-10,13:25:58,35 - 44 años,Masculino,Chiquimula,Otro municipio,Otro,Varias veces al mes,Tienda de barrio,Amigos,Q101 - Q150,CrunchMax BBQ,Queso,Individual,Q16 - Q20,No,Sí,Argentina,Probablemente sí,Brasil,Lionel Messi; Cristiano Ronaldo,Historias de aficionados,Descuento directo,No,Edición con tarjetas coleccionables
2464,2026-05-05,07:09:14,Menos de 18 años,Femenino,Guatemala,Guatemala,Profesional independiente,3 a 5 veces por semana,Otro,Familia,Q25 - Q50,ChocoKick Bites; CrunchMax BBQ; Hot Stadium Peanuts,Picante Chapín,Familiar,Q10 - Q15,No,Sí,Colombia,Probablemente no,Uruguay,Lionel Messi,Una selección nacional,Descuento directo,No,Edición Francia
2465,2026-04-13,08:30:26,18 - 24 años,Masculino,Guatemala,Guatemala,Empleado público,3 a 5 veces por semana,Supermercado,Familia,Q51 - Q100,Mundialitos Queso Picante; CrunchMax BBQ,Chocolate,Para compartir entre 2 personas,Q21 - Q30,No,No,España,Tal vez,Argentina,Julián Álvarez; Rodri,Una selección nacional,2x1,Sí,Edición Mundial FIFA 2026
2466,2026-01-29,17:27:41,Menos de 18 años,Femenino,Sacatepéquez,Jocotenango,Empleado privado,3 a 5 veces por semana,Gasolinera,Amigos,Menos de Q25,Energy Crunch Protein; CrunchMax BBQ; Gol Nachos Supreme,Queso,Para compartir entre 2 personas,Q21 - Q30,No,Sí,México,Probablemente sí,Brasil,Lamine Yamal; Vinícius Júnior; Lionel Messi,Premios y sorteos,Descuento directo,No,Edición Argentina
2467,2026-03-21,10:08:14,25 - 34 años,Femenino,Guatemala,Mixco,Empleado privado,Todos los días,Gasolinera,Compañeros de trabajo,Q51 - Q100,Gol Nachos Supreme; Fan Chips Jalapeño; Caramel Goal Popcorn,Jalapeño,Individual,Más de Q30,Sí,Sí,Argentina,Tal vez,Argentina,Harry Kane; Christian Pulisic,Una selección nacional,Sorteo de viajes,Sí,Edición Mundial FIFA 2026
2468,2026-03-22,10:28:53,55 años o más,Femenino,Guatemala,Mixco,Profesional independiente,3 a 5 veces por semana,Supermercado,Solo,Q25 - Q50,Hot Stadium Peanuts,Barbacoa,Individual,Q21 - Q30,No,Sí,España,Probablemente sí,México,Lionel Messi; Vinícius Júnior; Kylian Mbappé,Una selección nacional,Sorteo de balones,No,Edición Argentina
2469,2026-01-16,14:17:54,45 - 54 años,Masculino,Retalhuleu,Retalhuleu,Comerciante,1 a 2 veces por semana,Supermercado,Amigos,Q25 - Q50,Hot Stadium Peanuts; Gol Nachos Supreme; CrunchMax BBQ,Barbacoa,Individual,Q16 - Q20,No,Sí,Congo DR,Definitivamente sí,Uzbekistán,Lionel Messi; Kylian Mbappé,Historias de aficionados,2x1,Sí,Edición Brasil
2470,2026-03-22,09:12:16,35 - 44 años,Femenino,Chimaltenango,Chimaltenango,Empresario,1 a 2 veces por semana,Tienda de barrio,Amigos,Q25 - Q50,Gol Nachos Supreme; Mundialitos Queso Picante; Caramel Goal Popcorn,Jalapeño,Tamaño fiesta o reunión,Q10 - Q15,Sí,Sí,México,Probablemente sí,Argentina,Lionel Messi,Historias de aficionados,Tarjetas coleccionables,No,Edición con jugadores famosos
2471,2026-04-11,09:40:53,25 - 34 años,Masculino,Quiché,Quiché,Comerciante,Todos los días,Kiosco escolar/universitario,Familia,Más de Q150,CrunchMax BBQ; Caramel Goal Popcorn,Queso,Para compartir entre 2 personas,Q10 - Q15,No,No,México,Probablemente sí,Portugal,Alphonso Davies,Premios y sorteos,Sorteo de viajes,No,Edición Francia
2472,2026-03-20,11:29:48,25 - 34 años,Femenino, GUATEMALA ,Villa Nueva,Empleado privado,3 a 5 veces por semana,Tienda de barrio,Amigos,Q25 - Q50,CrunchMax BBQ; ChocoKick Bites; FutbolMix,Barbacoa,Individual,Q16 - Q20,Sí,Sí,España,Probablemente sí,Argentina,Lionel Messi; Vinícius Júnior; Cristiano Ronaldo,Premios y sorteos,Sorteo de viajes,No,Edición Argentina
2473,2026-03-12,15:14:10,45 - 54 años,Femenino,Guatemala,Mixco,Empleado privado,Varias veces al mes,Aplicación de delivery,Familia,Q25 - Q50,ChocoKick Bites; Fan Chips Jalapeño,Caramelo,Tamaño fiesta o reunión,Q16 - Q20,No,Sí,México,Definitivamente sí,Argentina,Lionel Messi,Una selección nacional,2x1,No,Edición Inglaterra
2474,2026-02-05,11:12:41,Menos de 18 años,Femenino,Guatemala,San Miguel Petapa,Estudiante,Varias veces al mes,Supermercado,Solo,Más de Q150,Fan Chips Jalapeño,Chocolate,Tamaño fiesta o reunión,Q16 - Q20,Sí,Sí,Colombia,Probablemente no,Brasil,Neymar Jr.,Premios y sorteos,2x1,No,Edición Brasil
2475,2026-02-10,13:11:13,18 - 24 años,Masculino,Guatemala,Mixco,Estudiante,1 a 2 veces por semana,Tienda de barrio,Amigos,Q51 - Q100,Energy Crunch Protein,Salado Tradicional,Para compartir entre 2 personas,Q16 - Q20,Sí,Sí,México,Definitivamente sí,Argentina,Christian Pulisic; Vinícius Júnior; Lamine Yamal,Una selección nacional,2x1,No,Edición con tarjetas coleccionables
2476,2026-04-20,22:21:22,25 - 34 años,Masculino,Guatemala,Guatemala,Empleado privado,Todos los días,Supermercado,Familia,Q51 - Q100,Energy Crunch Protein; Gol Nachos Supreme,Queso,Para compartir entre 2 personas,Q10 - Q15,No,Sí,Argentina,Tal vez,Costa de Marfil,Cristiano Ronaldo; Lamine Yamal; Neymar Jr.,Un jugador famoso,2x1,No,Edición con tarjetas coleccionables
2477,2026-03-01,21:54:09,35 - 44 años,Masculino,Guatemala,San Miguel Petapa,Empleado privado,Rara vez,Tienda de barrio,Familia,Q51 - Q100,Mundialitos Queso Picante; CrunchMax BBQ; Caramel Goal Popcorn,Chocolate,Para compartir entre 2 personas,Q16 - Q20,Sí,Sí,Portugal,Probablemente sí, BRASIL ,Harry Kane; Cristiano Ronaldo,Un jugador famoso,Descuento directo,Sí,Edición España
2478,2026-03-10,14:23:30,18 - 24 años,Femenino,Guatemala, VILLA NUEVA ,Comerciante,1 a 2 veces por semana,Supermercado,Compañeros de trabajo,Q101 - Q150,FutbolMix,Salado Tradicional,Individual,Q10 - Q15,Sí,Sí,Brasil,Tal vez, ESPAÑA ,Cristiano Ronaldo; Federico Valverde,Humor,Descuento directo,Sí,Edición Argentina
2479,2026-02-13,22:31:22,45 - 54 años,Femenino, JALAPA ,Otro municipio,Comerciante,3 a 5 veces por semana,Tienda de barrio,Amigos,Menos de Q25,Victory Pretzels; Hot Stadium Peanuts,Limón,Familiar,,No,No,Estados Unidos,Tal vez,Brasil,Vinícius Júnior; Jude Bellingham,Un jugador famoso,Producto gratis,No,Edición Inglaterra
2480,2026-03-13,22:57:23,35 - 44 años,Femenino,Chiquimula,Chiquimula,Estudiante,Todos los días,Supermercado,Familia,Q25 - Q50,Mundialitos Queso Picante; ChocoKick Bites,Queso,Familiar,Q16 - Q20,Sí,Sí,Alemania,Definitivamente sí,Brasil,Neymar Jr.; Kylian Mbappé; Alphonso Davies,Humor,Sorteo de viajes,Sí,Edición Brasil
2481,2026-02-24,22:07:33,18 - 24 años,Femenino,Guatemala,Mixco,Empleado privado,Varias veces al mes,Supermercado,Amigos,Q51 - Q100,Gol Nachos Supreme,Salado Tradicional,Familiar,Menos de Q10,Sí,No,Portugal,Probablemente no,Portugal,Lionel Messi; Kylian Mbappé,Humor,2x1,No,Edición Brasil
2482,2026-01-13,09:14:23,35 - 44 años,Masculino,Petén,San Benito,Comerciante,Varias veces al mes,Supermercado,Familia,Menos de Q25,CrunchMax BBQ; FutbolMix,Queso,Familiar,Q10 - Q15,No,Sí,Brasil,Probablemente sí,Alemania,Lionel Messi,Una selección nacional,Producto gratis,Sí,Edición con tarjetas coleccionables
2483,2026-03-31,07:34:39,35 - 44 años,Femenino,Chiquimula,Cabecera municipal,Estudiante,Todos los días,Supermercado,Amigos,Menos de Q25,Fan Chips Jalapeño; CrunchMax BBQ; Hot Stadium Peanuts,Limón,Familiar,Q16 - Q20,No,Sí,Estados Unidos,Tal vez,Portugal,Lionel Messi,Humor,Sorteo de viajes,Sí,Edición España
2484,2026-04-15,14:44:36,25 - 34 años,Femenino,Quetzaltenango,Coatepeque,Comerciante,Varias veces al mes,Supermercado,Amigos,Q51 - Q100,Victory Pretzels; Hot Stadium Peanuts; Energy Crunch Protein,Jalapeño,Tamaño fiesta o reunión,Más de Q30,No,Sí,Qatar,Definitivamente no, BRASIL ,Alphonso Davies; Neymar Jr.,Premios y sorteos,Producto gratis,No,Edición Mundial FIFA 2026
2485,2026-03-21,16:30:35,55 años o más,Masculino,Guatemala,Santa Catarina Pinula,Profesional independiente,3 a 5 veces por semana,Tienda de barrio,Familia,Q101 - Q150,CrunchMax BBQ,Dulce,Tamaño fiesta o reunión,Q10 - Q15,Sí,No,Argentina,Definitivamente sí,Brasil,Alphonso Davies; Julián Álvarez; Lionel Messi,Humor,Sorteo de viajes,No,Edición Brasil
2486,2026-03-04,18:51:39,35 - 44 años,Femenino,Guatemala,Mixco,Estudiante,Todos los días,Supermercado,Familia,Q25 - Q50,ChocoKick Bites,Jalapeño,Familiar,Q21 - Q30,No,Sí,Portugal,Probablemente sí,México,Neymar Jr.,Premios y sorteos,Producto gratis,Sí,Edición Mundial FIFA 2026
2487,2026-01-19,21:36:16,Menos de 18 años,Prefiero no indicarlo,Petén,San Benito,Estudiante,3 a 5 veces por semana,Supermercado,Familia,Q25 - Q50,FutbolMix; ChocoKick Bites,Queso,Para compartir entre 2 personas,Q16 - Q20,No,Sí,Argentina,Probablemente no,Marruecos,Lionel Messi,Premios y sorteos,Tarjetas coleccionables,Sí,Edición con jugadores famosos
2488,2026-04-16,10:23:46,35 - 44 años,Femenino,Sacatepéquez,Ciudad Vieja,Empresario,Varias veces al mes,Supermercado,Familia,Menos de Q25,Gol Nachos Supreme; FutbolMix; ChocoKick Bites,Caramelo,Para compartir entre 2 personas,Menos de Q10,Sí,Sí,Irak,Probablemente sí,México,Lamine Yamal; Vinícius Júnior; Cristiano Ronaldo,Una selección nacional,Sorteo de balones,Sí,Edición con tarjetas coleccionables
2489,2026-04-05,07:45:06,Menos de 18 años,Femenino,Quetzaltenango,Olintepeque,Empleado privado,1 a 2 veces por semana,Tienda de barrio,Amigos,Menos de Q25,CrunchMax BBQ; Fan Chips Jalapeño,Barbacoa,Familiar,Q21 - Q30,No,Sí,Inglaterra,Probablemente sí,México,Cristiano Ronaldo,Un jugador famoso,Tarjetas coleccionables,No,Edición Inglaterra
2490,2026-05-07,14:36:58,18 - 24 años,Masculino,Retalhuleu,Cabecera municipal,Profesional independiente,Todos los días,Tienda de barrio,Familia,Q25 - Q50,Hot Stadium Peanuts; Caramel Goal Popcorn; CrunchMax BBQ,Salado Tradicional,Para compartir entre 2 personas,Más de Q30,Sí,Sí,Estados Unidos,Probablemente sí,Inglaterra,Lionel Messi; Rodri; Cristiano Ronaldo,Un jugador famoso,2x1,Sí,Edición Argentina
2491,2026-04-17,08:43:03,45 - 54 años,Masculino,Quetzaltenango,Coatepeque,Estudiante,1 a 2 veces por semana,Tienda de barrio,Familia,Q25 - Q50,CrunchMax BBQ,Dulce,Tamaño fiesta o reunión,Q16 - Q20,Sí,Sí,Portugal,Probablemente sí,Inglaterra,Lionel Messi,Premios y sorteos,Sorteo de camisetas,Sí,Edición Brasil
2492,2026-02-01,20:53:29,Menos de 18 años,Femenino,Guatemala,Villa Nueva,Empresario,3 a 5 veces por semana,Tienda de barrio,Familia,Q101 - Q150,Mundialitos Queso Picante,Barbacoa,Para compartir entre 2 personas,Q16 - Q20,Sí,No, FRANCIA ,Probablemente no,Argentina,Vinícius Júnior,Una selección nacional,Descuento directo,Sí,Edición con tarjetas coleccionables
2493,2026-01-16,17:55:16,35 - 44 años,Masculino,Escuintla,Santa Lucía Cotzumalguapa,Estudiante,1 a 2 veces por semana,Aplicación de delivery,Familia,Q51 - Q100,CrunchMax BBQ; FutbolMix, QUESO ,Individual,Q16 - Q20,No,Sí,Alemania,Tal vez,España,Jude Bellingham; Cristiano Ronaldo; Christian Pulisic,Un jugador famoso,Tarjetas coleccionables,Sí,Edición Brasil
2494,2026-04-18,18:24:15,45 - 54 años,Masculino,Chimaltenango,Chimaltenango,Empleado privado,Rara vez,Supermercado,Familia,Menos de Q25,Caramel Goal Popcorn; Victory Pretzels,Picante Chapín,Para compartir entre 2 personas,Q16 - Q20,Sí,Sí,Argentina,Probablemente sí,Canadá,Kylian Mbappé,Historias de aficionados,Producto gratis,Sí,Edición con tarjetas coleccionables
2495,2026-01-31,13:50:29,Menos de 18 años,Femenino,Guatemala,Santa Catarina Pinula,Empresario,1 a 2 veces por semana,Kiosco escolar/universitario,Amigos,Q101 - Q150,Energy Crunch Protein; CrunchMax BBQ,Chocolate,Familiar,Q10 - Q15,No,Sí,Argentina,Probablemente no,Argentina,Harry Kane,Una selección nacional,2x1,Sí,Edición con tarjetas coleccionables
2496,2026-02-06,16:04:26,25 - 34 años,Masculino,Guatemala,Mixco,Empleado privado,1 a 2 veces por semana,Gasolinera,Familia,Q51 - Q100,Fan Chips Jalapeño; Gol Nachos Supreme; FutbolMix,Picante Chapín,Familiar,Q10 - Q15,Sí,Sí,Brasil,Probablemente no,Brasil,Vinícius Júnior; Kylian Mbappé; Lamine Yamal,Premios y sorteos,Producto gratis,Sí,Edición Brasil
2497,2026-02-07,19:19:55,45 - 54 años,Masculino,San Marcos,Cabecera municipal,Empresario,1 a 2 veces por semana,Tienda de barrio,Amigos,Q51 - Q100,FutbolMix,Caramelo,Familiar,Q16 - Q20,Sí,Sí,México,Tal vez,Brasil,Lamine Yamal; Jude Bellingham; Neymar Jr.,Premios y sorteos,2x1,No,Edición con jugadores famosos
2498,2026-02-15,12:58:05,Menos de 18 años,Masculino,Quetzaltenango,Olintepeque,Profesional independiente,Rara vez,Supermercado,Amigos,Menos de Q25,CrunchMax BBQ; Mundialitos Queso Picante; Gol Nachos Supreme,Salado Tradicional,Familiar,Q16 - Q20,Sí,Sí,Argentina,Tal vez,Argentina,Lionel Messi; Neymar Jr.; Jude Bellingham,Humor,Descuento directo,Sí,Edición Francia
2499,2026-05-05,13:38:20,45 - 54 años,Femenino,Guatemala,Santa Catarina Pinula,Empleado público,Varias veces al mes,Gasolinera,Amigos,Q25 - Q50,CrunchMax BBQ,Dulce,Familiar,Q10 - Q15,Sí,Sí,México,Tal vez,Francia,Neymar Jr.,Un jugador famoso,Tarjetas coleccionables,No,Edición Mundial FIFA 2026
2500,2026-02-25,20:53:28,35 - 44 años,Femenino,Sacatepéquez,Sumpango,Empleado privado,Todos los días,Supermercado,Amigos,Más de Q150,CrunchMax BBQ; Gol Nachos Supreme; Hot Stadium Peanuts,Limón,Para compartir entre 2 personas,Q10 - Q15,No,Sí,Portugal,Definitivamente sí,Portugal,Christian Pulisic; Neymar Jr.; Lionel Messi,Un jugador famoso,2x1,Sí,Edición Inglaterra
