EncuestaID,RangoEdad,Genero,Departamento,SeleccionApoya,Jugador
1,55 Años O Más,Femenino,Guatemala,Portugal,Kylian Mbappé
1,55 Años O Más,Femenino,Guatemala,Portugal,Cristiano Ronaldo
1,55 Años O Más,Femenino,Guatemala,Portugal,Neymar Jr.
2,18 - 24 Años,Masculino,Guatemala,Portugal,Cristiano Ronaldo
2,18 - 24 Años,Masculino,Guatemala,Portugal,Kylian Mbappé
2,18 - 24 Años,Masculino,Guatemala,Portugal,Christian Pulisic
3,35 - 44 Años,Masculino,Alta Verapaz,España,Cristiano Ronaldo
3,35 - 44 Años,Masculino,Alta Verapaz,España,Federico Valverde
4,25 - 34 Años,Femenino,Guatemala,Inglaterra,Vinícius Júnior
5,25 - 34 Años,Femenino,Guatemala,España,Kylian Mbappé
6,18 - 24 Años,Masculino,Quetzaltenango,Estados Unidos,Kylian Mbappé
7,35 - 44 Años,Masculino,Sacatepéquez,Francia,Lionel Messi
8,25 - 34 Años,Prefiero No Indicarlo,Guatemala,Nueva Zelanda,Cristiano Ronaldo
8,25 - 34 Años,Prefiero No Indicarlo,Guatemala,Nueva Zelanda,Lionel Messi
8,25 - 34 Años,Prefiero No Indicarlo,Guatemala,Nueva Zelanda,Julián Álvarez
9,25 - 34 Años,Femenino,Chimaltenango,Brasil,Lionel Messi
9,25 - 34 Años,Femenino,Chimaltenango,Brasil,Neymar Jr.
10,Menos De 18 Años,Femenino,Guatemala,Portugal,Cristiano Ronaldo
10,Menos De 18 Años,Femenino,Guatemala,Portugal,Rodri
11,18 - 24 Años,Masculino,Suchitepéquez,Estados Unidos,Neymar Jr.
11,18 - 24 Años,Masculino,Suchitepéquez,Estados Unidos,Cristiano Ronaldo
12,Menos De 18 Años,Masculino,Quetzaltenango,Argentina,Vinícius Júnior
13,25 - 34 Años,Masculino,Chiquimula,Argentina,Cristiano Ronaldo
14,25 - 34 Años,Femenino,Quiché,Argentina,Cristiano Ronaldo
14,25 - 34 Años,Femenino,Quiché,Argentina,Neymar Jr.
15,18 - 24 Años,Femenino,Retalhuleu,Inglaterra,Lionel Messi
15,18 - 24 Años,Femenino,Retalhuleu,Inglaterra,Neymar Jr.
15,18 - 24 Años,Femenino,Retalhuleu,Inglaterra,Kylian Mbappé
16,Menos De 18 Años,Femenino,Sacatepéquez,Brasil,Jude Bellingham
16,Menos De 18 Años,Femenino,Sacatepéquez,Brasil,Cristiano Ronaldo
17,18 - 24 Años,Femenino,Guatemala,México,Rodri
17,18 - 24 Años,Femenino,Guatemala,México,Alphonso Davies
17,18 - 24 Años,Femenino,Guatemala,México,Vinícius Júnior
18,35 - 44 Años,Masculino,Guatemala,Brasil,Neymar Jr.
18,35 - 44 Años,Masculino,Guatemala,Brasil,Vinícius Júnior
18,35 - 44 Años,Masculino,Guatemala,Brasil,Lionel Messi
19,18 - 24 Años,Femenino,Santa Rosa,Australia,Julián Álvarez
19,18 - 24 Años,Femenino,Santa Rosa,Australia,Harry Kane
20,18 - 24 Años,Femenino,Guatemala,Estados Unidos,Jude Bellingham
21,25 - 34 Años,Masculino,Jutiapa,Brasil,Lionel Messi
21,25 - 34 Años,Masculino,Jutiapa,Brasil,Rodri
21,25 - 34 Años,Masculino,Jutiapa,Brasil,Harry Kane
22,25 - 34 Años,Masculino,Jalapa,Irán,Lionel Messi
22,25 - 34 Años,Masculino,Jalapa,Irán,Cristiano Ronaldo
22,25 - 34 Años,Masculino,Jalapa,Irán,Neymar Jr.
23,25 - 34 Años,Masculino,Guatemala,Estados Unidos,Vinícius Júnior
23,25 - 34 Años,Masculino,Guatemala,Estados Unidos,Lionel Messi
23,25 - 34 Años,Masculino,Guatemala,Estados Unidos,Christian Pulisic
24,18 - 24 Años,Femenino,Guatemala,Brasil,Neymar Jr.
24,18 - 24 Años,Femenino,Guatemala,Brasil,Vinícius Júnior
25,45 - 54 Años,Femenino,Guatemala,Portugal,Lionel Messi
26,18 - 24 Años,Femenino,Petén,España,Lamine Yamal
26,18 - 24 Años,Femenino,Petén,España,Kylian Mbappé
27,25 - 34 Años,Femenino,Chimaltenango,Brasil,Kylian Mbappé
28,25 - 34 Años,Femenino,Chimaltenango,México,Lionel Messi
28,25 - 34 Años,Femenino,Chimaltenango,México,Jude Bellingham
29,25 - 34 Años,Masculino,Guatemala,España,Ninguno
30,25 - 34 Años,Masculino,Guatemala,Brasil,Ninguno
30,25 - 34 Años,Masculino,Guatemala,Brasil,Lionel Messi
30,25 - 34 Años,Masculino,Guatemala,Brasil,Jude Bellingham
31,25 - 34 Años,Femenino,Sacatepéquez,Corea del Sur,Rodri
32,18 - 24 Años,Masculino,Escuintla, ESTADOS UNIDOS ,Cristiano Ronaldo
32,18 - 24 Años,Masculino,Escuintla, ESTADOS UNIDOS ,Vinícius Júnior
32,18 - 24 Años,Masculino,Escuintla, ESTADOS UNIDOS ,Alphonso Davies
33,18 - 24 Años,Femenino,Escuintla, FRANCIA ,Harry Kane
33,18 - 24 Años,Femenino,Escuintla, FRANCIA ,Rodri
34,25 - 34 Años,Femenino,Chimaltenango,Noruega,Lionel Messi
35,Menos De 18 Años,Masculino,Guatemala,Brasil,Christian Pulisic
36,25 - 34 Años,Masculino,El Progreso,Argentina,Lamine Yamal
37,18 - 24 Años,Femenino,Quiché,Portugal,Federico Valverde
38,25 - 34 Años,Femenino,Guatemala,España,Lionel Messi
38,25 - 34 Años,Femenino,Guatemala,España,Jude Bellingham
38,25 - 34 Años,Femenino,Guatemala,España,Vinícius Júnior
39,Menos De 18 Años,Masculino,Chiquimula,Argentina,Ninguno
40,45 - 54 Años,Femenino,Quiché,Argentina,Jude Bellingham
41,18 - 24 Años,Femenino,Quetzaltenango,Francia,Cristiano Ronaldo
41,18 - 24 Años,Femenino,Quetzaltenango,Francia,Vinícius Júnior
41,18 - 24 Años,Femenino,Quetzaltenango,Francia,Rodri
42,18 - 24 Años,Femenino,Escuintla,Argentina,Neymar Jr.
42,18 - 24 Años,Femenino,Escuintla,Argentina,Julián Álvarez
43,18 - 24 Años,Femenino,Guatemala,Estados Unidos,Lamine Yamal
43,18 - 24 Años,Femenino,Guatemala,Estados Unidos,Kylian Mbappé
44,45 - 54 Años,Masculino,Guatemala,Francia,Neymar Jr.
44,45 - 54 Años,Masculino,Guatemala,Francia,Jude Bellingham
45,25 - 34 Años,Femenino,Guatemala,Brasil,Vinícius Júnior
46,45 - 54 Años,Masculino,Quetzaltenango,Portugal,Rodri
46,45 - 54 Años,Masculino,Quetzaltenango,Portugal,Jude Bellingham
47,35 - 44 Años,Masculino,Guatemala,Argentina,Ninguno
47,35 - 44 Años,Masculino,Guatemala,Argentina,Lionel Messi
47,35 - 44 Años,Masculino,Guatemala,Argentina,Vinícius Júnior
48,35 - 44 Años,Masculino,Chimaltenango, ARGENTINA ,Lionel Messi
49,45 - 54 Años,Femenino,Totonicapán,Argentina,Neymar Jr.
50,Menos De 18 Años,Prefiero No Indicarlo,Escuintla,Francia,Cristiano Ronaldo
51,18 - 24 Años,Femenino,Chimaltenango,Estados Unidos,Lionel Messi
51,18 - 24 Años,Femenino,Chimaltenango,Estados Unidos,Christian Pulisic
51,18 - 24 Años,Femenino,Chimaltenango,Estados Unidos,Neymar Jr.
52,35 - 44 Años,Masculino,Sololá,Portugal,Lionel Messi
52,35 - 44 Años,Masculino,Sololá,Portugal,Cristiano Ronaldo
53,25 - 34 Años,Masculino,Sololá,Argentina,Neymar Jr.
53,25 - 34 Años,Masculino,Sololá,Argentina,Jude Bellingham
53,25 - 34 Años,Masculino,Sololá,Argentina,Lamine Yamal
54,18 - 24 Años,Femenino,Guatemala,Francia,Kylian Mbappé
55,25 - 34 Años,Femenino,Quetzaltenango,México,Federico Valverde
55,25 - 34 Años,Femenino,Quetzaltenango,México,Vinícius Júnior
55,25 - 34 Años,Femenino,Quetzaltenango,México,Ninguno
56,18 - 24 Años,Masculino,Escuintla,Brasil,Lionel Messi
56,18 - 24 Años,Masculino,Escuintla,Brasil,Neymar Jr.
56,18 - 24 Años,Masculino,Escuintla,Brasil,Vinícius Júnior
57,55 Años O Más,Femenino,Guatemala,Estados Unidos,Neymar Jr.
57,55 Años O Más,Femenino,Guatemala,Estados Unidos,Federico Valverde
58,25 - 34 Años,Masculino,Quetzaltenango,Uruguay,Neymar Jr.
58,25 - 34 Años,Masculino,Quetzaltenango,Uruguay,Harry Kane
58,25 - 34 Años,Masculino,Quetzaltenango,Uruguay,Lamine Yamal
59,18 - 24 Años,Femenino,Guatemala,Inglaterra,Kylian Mbappé
59,18 - 24 Años,Femenino,Guatemala,Inglaterra,Neymar Jr.
60,45 - 54 Años,Masculino,Guatemala,Argentina,Federico Valverde
61,55 Años O Más,Femenino,Guatemala,Brasil,Julián Álvarez
61,55 Años O Más,Femenino,Guatemala,Brasil,Neymar Jr.
62,55 Años O Más,Masculino,Escuintla,Inglaterra,Rodri
62,55 Años O Más,Masculino,Escuintla,Inglaterra,Cristiano Ronaldo
63,18 - 24 Años,Femenino,Santa Rosa,Brasil,Julián Álvarez
63,18 - 24 Años,Femenino,Santa Rosa,Brasil,Cristiano Ronaldo
64,25 - 34 Años,Masculino,San Marcos,Austria,Lionel Messi
64,25 - 34 Años,Masculino,San Marcos,Austria,Jude Bellingham
64,25 - 34 Años,Masculino,San Marcos,Austria,Cristiano Ronaldo
65,Menos De 18 Años,Femenino,El Progreso,Argentina,Neymar Jr.
66,25 - 34 Años,Femenino,Guatemala,Estados Unidos,Julián Álvarez
66,25 - 34 Años,Femenino,Guatemala,Estados Unidos,Cristiano Ronaldo
67,25 - 34 Años,Femenino,Guatemala,Türkiye,Lionel Messi
67,25 - 34 Años,Femenino,Guatemala,Türkiye,Vinícius Júnior
68,Menos De 18 Años,Femenino,Escuintla,México,Lionel Messi
68,Menos De 18 Años,Femenino,Escuintla,México,Kylian Mbappé
69,18 - 24 Años,Masculino,Guatemala,España,Neymar Jr.
69,18 - 24 Años,Masculino,Guatemala,España,Lionel Messi
70,45 - 54 Años,Masculino,Guatemala,Japón,Kylian Mbappé
70,45 - 54 Años,Masculino,Guatemala,Japón,Christian Pulisic
71,45 - 54 Años,Femenino,Escuintla,Argentina,Neymar Jr.
71,45 - 54 Años,Femenino,Escuintla,Argentina,Kylian Mbappé
72,45 - 54 Años,Femenino,Guatemala,Inglaterra,Lionel Messi
72,45 - 54 Años,Femenino,Guatemala,Inglaterra,Lamine Yamal
72,45 - 54 Años,Femenino,Guatemala,Inglaterra,Harry Kane
73,18 - 24 Años,Femenino,Guatemala,Brasil,Lionel Messi
73,18 - 24 Años,Femenino,Guatemala,Brasil,Ninguno
74,18 - 24 Años,Femenino,Guatemala,Noruega,Vinícius Júnior
75,25 - 34 Años,Masculino,Quetzaltenango, BRASIL ,Kylian Mbappé
75,25 - 34 Años,Masculino,Quetzaltenango, BRASIL ,Cristiano Ronaldo
76,25 - 34 Años,Femenino,Guatemala,Alemania,Lionel Messi
76,25 - 34 Años,Femenino,Guatemala,Alemania,Federico Valverde
76,25 - 34 Años,Femenino,Guatemala,Alemania,Vinícius Júnior
77,25 - 34 Años,Masculino,Retalhuleu,Estados Unidos,Cristiano Ronaldo
77,25 - 34 Años,Masculino,Retalhuleu,Estados Unidos,Neymar Jr.
78,45 - 54 Años,Femenino,Guatemala,Colombia,Jude Bellingham
78,45 - 54 Años,Femenino,Guatemala,Colombia,Lionel Messi
78,45 - 54 Años,Femenino,Guatemala,Colombia,Lamine Yamal
79,25 - 34 Años,Femenino,Guatemala,Brasil,Harry Kane
79,25 - 34 Años,Femenino,Guatemala,Brasil,Cristiano Ronaldo
80,25 - 34 Años,Masculino,Guatemala,Inglaterra,Kylian Mbappé
80,25 - 34 Años,Masculino,Guatemala,Inglaterra,Christian Pulisic
81,25 - 34 Años,Masculino,Retalhuleu,Alemania,Neymar Jr.
81,25 - 34 Años,Masculino,Retalhuleu,Alemania,Kylian Mbappé
81,25 - 34 Años,Masculino,Retalhuleu,Alemania,Vinícius Júnior
82,45 - 54 Años,Masculino,Guatemala,España,Neymar Jr.
83,25 - 34 Años,Femenino,Quetzaltenango,México,Kylian Mbappé
83,25 - 34 Años,Femenino,Quetzaltenango,México,Jude Bellingham
84,25 - 34 Años,Femenino,Guatemala,México,Neymar Jr.
84,25 - 34 Años,Femenino,Guatemala,México,Lionel Messi
85,25 - 34 Años,Femenino,Guatemala,Colombia,Lionel Messi
86,Menos De 18 Años,Femenino,Quetzaltenango,Brasil,Christian Pulisic
86,Menos De 18 Años,Femenino,Quetzaltenango,Brasil,Kylian Mbappé
87,55 Años O Más,Femenino,Chimaltenango,Brasil,Neymar Jr.
88,35 - 44 Años,Masculino,Quetzaltenango,Portugal,Cristiano Ronaldo
88,35 - 44 Años,Masculino,Quetzaltenango,Portugal,Lamine Yamal
88,35 - 44 Años,Masculino,Quetzaltenango,Portugal,Neymar Jr.
89,Menos De 18 Años,Femenino,Guatemala,Alemania,Lionel Messi
89,Menos De 18 Años,Femenino,Guatemala,Alemania,Jude Bellingham
89,Menos De 18 Años,Femenino,Guatemala,Alemania,Cristiano Ronaldo
90,55 Años O Más,Femenino,Guatemala,Colombia,Cristiano Ronaldo
91,18 - 24 Años,Femenino,Petén,Portugal,Lionel Messi
92,18 - 24 Años,Femenino,Guatemala,Brasil,Harry Kane
92,18 - 24 Años,Femenino,Guatemala,Brasil,Cristiano Ronaldo
92,18 - 24 Años,Femenino,Guatemala,Brasil,Vinícius Júnior
93,45 - 54 Años,Masculino,Guatemala,Suecia,Cristiano Ronaldo
93,45 - 54 Años,Masculino,Guatemala,Suecia,Vinícius Júnior
94,35 - 44 Años,Femenino,Guatemala,Argentina,Cristiano Ronaldo
94,35 - 44 Años,Femenino,Guatemala,Argentina,Neymar Jr.
94,35 - 44 Años,Femenino,Guatemala,Argentina,Lamine Yamal
95,25 - 34 Años,Masculino,Guatemala,España,Lionel Messi
95,25 - 34 Años,Masculino,Guatemala,España,Alphonso Davies
95,25 - 34 Años,Masculino,Guatemala,España,Neymar Jr.
96,45 - 54 Años,Masculino,Alta Verapaz,España,Vinícius Júnior
96,45 - 54 Años,Masculino,Alta Verapaz,España,Federico Valverde
97,25 - 34 Años,Masculino,El Progreso,Portugal,Cristiano Ronaldo
98,35 - 44 Años,Femenino,Guatemala,México,Cristiano Ronaldo
99,25 - 34 Años,Femenino,Totonicapán,Argentina,Lionel Messi
100,55 Años O Más,Masculino,Escuintla,México,Lionel Messi
100,55 Años O Más,Masculino,Escuintla,México,Neymar Jr.
100,55 Años O Más,Masculino,Escuintla,México,Cristiano Ronaldo
101,18 - 24 Años,Masculino,Escuintla,Colombia,Harry Kane
101,18 - 24 Años,Masculino,Escuintla,Colombia,Lionel Messi
102,35 - 44 Años,Femenino,Escuintla,Portugal,Jude Bellingham
103,55 Años O Más,Femenino,Alta Verapaz,Francia,Lamine Yamal
103,55 Años O Más,Femenino,Alta Verapaz,Francia,Lionel Messi
103,55 Años O Más,Femenino,Alta Verapaz,Francia,Kylian Mbappé
104,25 - 34 Años,Masculino,Guatemala,Panamá,Neymar Jr.
104,25 - 34 Años,Masculino,Guatemala,Panamá,Cristiano Ronaldo
104,25 - 34 Años,Masculino,Guatemala,Panamá,Federico Valverde
105,35 - 44 Años,Masculino,Guatemala,Francia,Lamine Yamal
105,35 - 44 Años,Masculino,Guatemala,Francia,Vinícius Júnior
106,35 - 44 Años,Masculino,El Progreso,Noruega,Lionel Messi
106,35 - 44 Años,Masculino,El Progreso,Noruega,Vinícius Júnior
106,35 - 44 Años,Masculino,El Progreso,Noruega,Harry Kane
107,35 - 44 Años,Femenino,Guatemala,Estados Unidos,Cristiano Ronaldo
107,35 - 44 Años,Femenino,Guatemala,Estados Unidos,Lamine Yamal
108,18 - 24 Años,Femenino,Sacatepéquez,Argentina,Kylian Mbappé
108,18 - 24 Años,Femenino,Sacatepéquez,Argentina,Lionel Messi
109,18 - 24 Años,Femenino,Guatemala,Inglaterra,Julián Álvarez
109,18 - 24 Años,Femenino,Guatemala,Inglaterra,Alphonso Davies
110,25 - 34 Años,Femenino,Escuintla,Argentina,Kylian Mbappé
110,25 - 34 Años,Femenino,Escuintla,Argentina,Cristiano Ronaldo
111,Menos De 18 Años,Masculino,Escuintla,Brasil,Vinícius Júnior
111,Menos De 18 Años,Masculino,Escuintla,Brasil,Cristiano Ronaldo
111,Menos De 18 Años,Masculino,Escuintla,Brasil,Federico Valverde
112,25 - 34 Años,Masculino,Alta Verapaz,Argentina,Jude Bellingham
112,25 - 34 Años,Masculino,Alta Verapaz,Argentina,Cristiano Ronaldo
112,25 - 34 Años,Masculino,Alta Verapaz,Argentina,Lamine Yamal
113,45 - 54 Años,Femenino,Sololá, ALEMANIA ,Kylian Mbappé
113,45 - 54 Años,Femenino,Sololá, ALEMANIA ,Lionel Messi
113,45 - 54 Años,Femenino,Sololá, ALEMANIA ,Vinícius Júnior
114,18 - 24 Años,Masculino,Izabal,España,Lionel Messi
114,18 - 24 Años,Masculino,Izabal,España,Cristiano Ronaldo
115,35 - 44 Años,Femenino,Guatemala,Estados Unidos,Lamine Yamal
116,18 - 24 Años,Femenino,El Progreso,Inglaterra,Lamine Yamal
117,25 - 34 Años,Femenino,Zacapa,España,Jude Bellingham
117,25 - 34 Años,Femenino,Zacapa,España,Cristiano Ronaldo
118,Menos De 18 Años,Femenino,Guatemala,México,Neymar Jr.
118,Menos De 18 Años,Femenino,Guatemala,México,Lamine Yamal
119,18 - 24 Años,Femenino,Guate,México,Lionel Messi
120,18 - 24 Años,Masculino,Guatemala,Brasil,Cristiano Ronaldo
120,18 - 24 Años,Masculino,Guatemala,Brasil,Kylian Mbappé
121,18 - 24 Años,Femenino,Chiquimula,Inglaterra,Ninguno
122,25 - 34 Años,Masculino,Huehuetenango,España,Neymar Jr.
122,25 - 34 Años,Masculino,Huehuetenango,España,Kylian Mbappé
122,25 - 34 Años,Masculino,Huehuetenango,España,Cristiano Ronaldo
123,25 - 34 Años,Femenino,Chimaltenango,Argentina,Federico Valverde
123,25 - 34 Años,Femenino,Chimaltenango,Argentina,Harry Kane
124,Menos De 18 Años,Prefiero No Indicarlo,Sacatepéquez,México,Jude Bellingham
125,45 - 54 Años,Masculino,Guatemala,Brasil,Jude Bellingham
126,25 - 34 Años,Masculino,Chimaltenango,Alemania,Cristiano Ronaldo
127,25 - 34 Años,Masculino,Escuintla,México,Lionel Messi
127,25 - 34 Años,Masculino,Escuintla,México,Kylian Mbappé
128,35 - 44 Años,Femenino,Guatemala,Estados Unidos,Julián Álvarez
128,35 - 44 Años,Femenino,Guatemala,Estados Unidos,Vinícius Júnior
129,45 - 54 Años,Femenino,Petén,España,Kylian Mbappé
129,45 - 54 Años,Femenino,Petén,España,Lionel Messi
130,18 - 24 Años,Femenino,Escuintla,Portugal,Vinícius Júnior
130,18 - 24 Años,Femenino,Escuintla,Portugal,Julián Álvarez
131,25 - 34 Años,Femenino,Guatemala,México,Vinícius Júnior
131,25 - 34 Años,Femenino,Guatemala,México,Ninguno
132,18 - 24 Años,Masculino,Retalhuleu,Portugal,Kylian Mbappé
132,18 - 24 Años,Masculino,Retalhuleu,Portugal,Lionel Messi
133,25 - 34 Años,Masculino,Sololá,Inglaterra,Kylian Mbappé
134,18 - 24 Años,Masculino,Escuintla,Brasil,Neymar Jr.
134,18 - 24 Años,Masculino,Escuintla,Brasil,Jude Bellingham
134,18 - 24 Años,Masculino,Escuintla,Brasil,Kylian Mbappé
135,35 - 44 Años,Prefiero No Indicarlo,Alta Verapaz,Argentina,Lionel Messi
135,35 - 44 Años,Prefiero No Indicarlo,Alta Verapaz,Argentina,Christian Pulisic
136,18 - 24 Años,Masculino,Zacapa,México,Lionel Messi
136,18 - 24 Años,Masculino,Zacapa,México,Neymar Jr.
137,45 - 54 Años,Masculino,Quiché,España,Lamine Yamal
137,45 - 54 Años,Masculino,Quiché,España,Cristiano Ronaldo
138,45 - 54 Años,Masculino,Sacatepéquez,España,Harry Kane
138,45 - 54 Años,Masculino,Sacatepéquez,España,Lamine Yamal
139,25 - 34 Años,Masculino,Guatemala,Argentina,Neymar Jr.
139,25 - 34 Años,Masculino,Guatemala,Argentina,Christian Pulisic
140,45 - 54 Años,Masculino,Guatemala,Portugal,Kylian Mbappé
140,45 - 54 Años,Masculino,Guatemala,Portugal,Cristiano Ronaldo
140,45 - 54 Años,Masculino,Guatemala,Portugal,Lionel Messi
141,25 - 34 Años,Masculino,Guatemala, ESPAÑA ,Neymar Jr.
141,25 - 34 Años,Masculino,Guatemala, ESPAÑA ,Lamine Yamal
141,25 - 34 Años,Masculino,Guatemala, ESPAÑA ,Alphonso Davies
142,45 - 54 Años,Masculino,Guatemala,México,Alphonso Davies
142,45 - 54 Años,Masculino,Guatemala,México,Lionel Messi
142,45 - 54 Años,Masculino,Guatemala,México,Lamine Yamal
143,25 - 34 Años,Masculino,Guatemala,Alemania,Lionel Messi
144,35 - 44 Años,Masculino,Quiché,Inglaterra,Lionel Messi
145,25 - 34 Años,Masculino,Guatemala,España,Lionel Messi
145,25 - 34 Años,Masculino,Guatemala,España,Cristiano Ronaldo
145,25 - 34 Años,Masculino,Guatemala,España,Vinícius Júnior
146,25 - 34 Años,Femenino,Quetzaltenango,Estados Unidos,Lionel Messi
146,25 - 34 Años,Femenino,Quetzaltenango,Estados Unidos,Cristiano Ronaldo
147,55 Años O Más,Femenino,Guatemala,Brasil,Kylian Mbappé
148,55 Años O Más,Femenino,Escuintla,Brasil,Lionel Messi
148,55 Años O Más,Femenino,Escuintla,Brasil,Christian Pulisic
148,55 Años O Más,Femenino,Escuintla,Brasil,Vinícius Júnior
149,35 - 44 Años,Masculino,Guatemala,Brasil,Christian Pulisic
150,55 Años O Más,Femenino,Sacatepéquez,Portugal,Kylian Mbappé
150,55 Años O Más,Femenino,Sacatepéquez,Portugal,Julián Álvarez
151,25 - 34 Años,Masculino,Guatemala,Argentina,Lamine Yamal
151,25 - 34 Años,Masculino,Guatemala,Argentina,Neymar Jr.
152,25 - 34 Años,Masculino,Guatemala,Inglaterra,Lionel Messi
153,35 - 44 Años,Masculino,Quetzaltenango,Uruguay,Vinícius Júnior
153,35 - 44 Años,Masculino,Quetzaltenango,Uruguay,Cristiano Ronaldo
154,25 - 34 Años,Masculino,Chimaltenango,Portugal,Cristiano Ronaldo
155,35 - 44 Años,Masculino,Guatemala,Francia,Cristiano Ronaldo
155,35 - 44 Años,Masculino,Guatemala,Francia,Ninguno
155,35 - 44 Años,Masculino,Guatemala,Francia,Federico Valverde
156,25 - 34 Años,Femenino,Guatemala,México,Cristiano Ronaldo
157,25 - 34 Años,Prefiero No Indicarlo,Escuintla,Argentina,Neymar Jr.
157,25 - 34 Años,Prefiero No Indicarlo,Escuintla,Argentina,Vinícius Júnior
158,25 - 34 Años,Masculino,Suchitepéquez,Francia,Lionel Messi
159,35 - 44 Años,Femenino,Chimaltenango, MÉXICO ,Kylian Mbappé
159,35 - 44 Años,Femenino,Chimaltenango, MÉXICO ,Vinícius Júnior
160,35 - 44 Años,Femenino,Guatemala,Estados Unidos,Christian Pulisic
160,35 - 44 Años,Femenino,Guatemala,Estados Unidos,Cristiano Ronaldo
161,35 - 44 Años,Masculino,Huehuetenango,Inglaterra,Cristiano Ronaldo
161,35 - 44 Años,Masculino,Huehuetenango,Inglaterra,Jude Bellingham
162,25 - 34 Años,Masculino,Guatemala, PORTUGAL ,Kylian Mbappé
162,25 - 34 Años,Masculino,Guatemala, PORTUGAL ,Lamine Yamal
163,Menos De 18 Años,Femenino,Guatemala,Argentina,Lionel Messi
163,Menos De 18 Años,Femenino,Guatemala,Argentina,Lamine Yamal
163,Menos De 18 Años,Femenino,Guatemala,Argentina,Kylian Mbappé
164,Menos De 18 Años,Masculino,Quetzaltenango, MÉXICO ,Lionel Messi
164,Menos De 18 Años,Masculino,Quetzaltenango, MÉXICO ,Vinícius Júnior
164,Menos De 18 Años,Masculino,Quetzaltenango, MÉXICO ,Federico Valverde
165,25 - 34 Años,Femenino,Guatemala,Uruguay,Christian Pulisic
165,25 - 34 Años,Femenino,Guatemala,Uruguay,Neymar Jr.
166,55 Años O Más,Masculino,Zacapa,Argentina,Lionel Messi
166,55 Años O Más,Masculino,Zacapa,Argentina,Kylian Mbappé
167,18 - 24 Años,Femenino,Guatemala,Estados Unidos,Cristiano Ronaldo
167,18 - 24 Años,Femenino,Guatemala,Estados Unidos,Lionel Messi
167,18 - 24 Años,Femenino,Guatemala,Estados Unidos,Kylian Mbappé
168,18 - 24 Años,Masculino,Chiquimula,Argentina,Jude Bellingham
168,18 - 24 Años,Masculino,Chiquimula,Argentina,Rodri
169,18 - 24 Años,Femenino,Guatemala,Brasil,Christian Pulisic
169,18 - 24 Años,Femenino,Guatemala,Brasil,Cristiano Ronaldo
169,18 - 24 Años,Femenino,Guatemala,Brasil,Lionel Messi
170,35 - 44 Años,Masculino,Guatemala,Brasil,Jude Bellingham
171,25 - 34 Años,Femenino,Alta Verapaz,Paraguay,Rodri
172,45 - 54 Años,Masculino,Guatemala,Brasil,Kylian Mbappé
173,Menos De 18 Años,Femenino,Guatemala,Alemania,Neymar Jr.
173,Menos De 18 Años,Femenino,Guatemala,Alemania,Lionel Messi
173,Menos De 18 Años,Femenino,Guatemala,Alemania,Christian Pulisic
174,18 - 24 Años,Femenino,Guatemala,Francia,Vinícius Júnior
174,18 - 24 Años,Femenino,Guatemala,Francia,Lionel Messi
174,18 - 24 Años,Femenino,Guatemala,Francia,Cristiano Ronaldo
175,Menos De 18 Años,Masculino,San Marcos,España,Ninguno
176,35 - 44 Años,Femenino,Guatemala,Argentina,Jude Bellingham
177,35 - 44 Años,Masculino,Petén,Egipto,Lionel Messi
178,45 - 54 Años,Femenino,Sacatepéquez,España,Jude Bellingham
178,45 - 54 Años,Femenino,Sacatepéquez,España,Cristiano Ronaldo
178,45 - 54 Años,Femenino,Sacatepéquez,España,Kylian Mbappé
179,25 - 34 Años,Femenino,Guatemala,Alemania,Vinícius Júnior
179,25 - 34 Años,Femenino,Guatemala,Alemania,Neymar Jr.
179,25 - 34 Años,Femenino,Guatemala,Alemania,Kylian Mbappé
180,25 - 34 Años,Masculino,Guatemala,Alemania,Jude Bellingham
180,25 - 34 Años,Masculino,Guatemala,Alemania,Neymar Jr.
180,25 - 34 Años,Masculino,Guatemala,Alemania,Julián Álvarez
181,18 - 24 Años,Masculino,Guatemala,Brasil,Jude Bellingham
181,18 - 24 Años,Masculino,Guatemala,Brasil,Alphonso Davies
181,18 - 24 Años,Masculino,Guatemala,Brasil,Kylian Mbappé
182,35 - 44 Años,Femenino,Sacatepéquez,Brasil,Kylian Mbappé
182,35 - 44 Años,Femenino,Sacatepéquez,Brasil,Harry Kane
183,18 - 24 Años,Masculino,Jalapa,Francia,Lionel Messi
184,25 - 34 Años,Femenino,Petén,Argentina,Cristiano Ronaldo
184,25 - 34 Años,Femenino,Petén,Argentina,Federico Valverde
184,25 - 34 Años,Femenino,Petén,Argentina,Vinícius Júnior
185,Menos De 18 Años,Prefiero No Indicarlo,Guatemala,Brasil,Lionel Messi
185,Menos De 18 Años,Prefiero No Indicarlo,Guatemala,Brasil,Harry Kane
185,Menos De 18 Años,Prefiero No Indicarlo,Guatemala,Brasil,Neymar Jr.
186,45 - 54 Años,Femenino,Guatemala,Argentina,Neymar Jr.
186,45 - 54 Años,Femenino,Guatemala,Argentina,Jude Bellingham
186,45 - 54 Años,Femenino,Guatemala,Argentina,Lionel Messi
187,55 Años O Más,Masculino,Escuintla,Uruguay,Vinícius Júnior
187,55 Años O Más,Masculino,Escuintla,Uruguay,Neymar Jr.
188,25 - 34 Años,Masculino,Santa Rosa,Corea del Sur,Lionel Messi
189,18 - 24 Años,Femenino,Zacapa,México,Cristiano Ronaldo
190,45 - 54 Años,Femenino,Guatemala,Túnez,Kylian Mbappé
190,45 - 54 Años,Femenino,Guatemala,Túnez,Lionel Messi
191,18 - 24 Años,Masculino,Escuintla,Argentina,Vinícius Júnior
192,25 - 34 Años,Masculino,Guatemala,Argentina,Lamine Yamal
193,25 - 34 Años,Femenino,Baja Verapaz,Argentina,Harry Kane
193,25 - 34 Años,Femenino,Baja Verapaz,Argentina,Vinícius Júnior
193,25 - 34 Años,Femenino,Baja Verapaz,Argentina,Cristiano Ronaldo
194,18 - 24 Años,Masculino,Petén,Argentina,Lamine Yamal
194,18 - 24 Años,Masculino,Petén,Argentina,Federico Valverde
195,25 - 34 Años,Femenino,Guatemala,Francia,Jude Bellingham
196,18 - 24 Años,Prefiero No Indicarlo,Escuintla,Inglaterra,Federico Valverde
197,45 - 54 Años,Femenino,Sacatepéquez,Cabo Verde,Cristiano Ronaldo
198,45 - 54 Años,Masculino,Huehuetenango,Argentina,Neymar Jr.
199,45 - 54 Años,Masculino,Izabal,Brasil,Lionel Messi
199,45 - 54 Años,Masculino,Izabal,Brasil,Vinícius Júnior
200,18 - 24 Años,Femenino,Escuintla,Uruguay,Lionel Messi
201,18 - 24 Años,Femenino,Guatemala,Brasil,Christian Pulisic
201,18 - 24 Años,Femenino,Guatemala,Brasil,Cristiano Ronaldo
201,18 - 24 Años,Femenino,Guatemala,Brasil,Federico Valverde
202,25 - 34 Años,Femenino,Baja Verapaz,Francia,Neymar Jr.
202,25 - 34 Años,Femenino,Baja Verapaz,Francia,Lionel Messi
202,25 - 34 Años,Femenino,Baja Verapaz,Francia,Cristiano Ronaldo
203,18 - 24 Años,Femenino,Sololá,Inglaterra,Lamine Yamal
203,18 - 24 Años,Femenino,Sololá,Inglaterra,Jude Bellingham
204,35 - 44 Años,Masculino,Escuintla,España,Lionel Messi
205,Menos De 18 Años,Masculino,Guatemala,Inglaterra,Vinícius Júnior
205,Menos De 18 Años,Masculino,Guatemala,Inglaterra,Lionel Messi
205,Menos De 18 Años,Masculino,Guatemala,Inglaterra,Kylian Mbappé
206,55 Años O Más,Femenino,Guatemala,Alemania,Kylian Mbappé
206,55 Años O Más,Femenino,Guatemala,Alemania,Cristiano Ronaldo
207,25 - 34 Años,Femenino,Guatemala,México,Neymar Jr.
207,25 - 34 Años,Femenino,Guatemala,México,Lamine Yamal
208,35 - 44 Años,Femenino,El Progreso,Inglaterra,Lionel Messi
209,25 - 34 Años,Femenino,Guatemala,Colombia,Lionel Messi
209,25 - 34 Años,Femenino,Guatemala,Colombia,Julián Álvarez
209,25 - 34 Años,Femenino,Guatemala,Colombia,Lamine Yamal
210,45 - 54 Años,Femenino,Guatemala, FRANCIA ,Neymar Jr.
210,45 - 54 Años,Femenino,Guatemala, FRANCIA ,Vinícius Júnior
211,55 Años O Más,Masculino,Baja Verapaz,España,Lionel Messi
211,55 Años O Más,Masculino,Baja Verapaz,España,Jude Bellingham
211,55 Años O Más,Masculino,Baja Verapaz,España,Lamine Yamal
212,35 - 44 Años,Femenino,Guatemala,Bosnia y Herzegovina,Kylian Mbappé
212,35 - 44 Años,Femenino,Guatemala,Bosnia y Herzegovina,Lionel Messi
213,25 - 34 Años,Masculino,Guatemala,Alemania,Vinícius Júnior
214,25 - 34 Años,Masculino,Guatemala,España,Jude Bellingham
215,45 - 54 Años,Masculino,Escuintla,México,Lionel Messi
215,45 - 54 Años,Masculino,Escuintla,México,Lamine Yamal
215,45 - 54 Años,Masculino,Escuintla,México,Christian Pulisic
216,18 - 24 Años,Femenino,Guatemala,Estados Unidos,Cristiano Ronaldo
216,18 - 24 Años,Femenino,Guatemala,Estados Unidos,Lionel Messi
216,18 - 24 Años,Femenino,Guatemala,Estados Unidos,Kylian Mbappé
217,45 - 54 Años,Femenino,Escuintla,Brasil,Vinícius Júnior
217,45 - 54 Años,Femenino,Escuintla,Brasil,Cristiano Ronaldo
218,45 - 54 Años,Masculino,Guatemala,México,Cristiano Ronaldo
219,35 - 44 Años,Femenino,Chimaltenango,Francia,Lionel Messi
219,35 - 44 Años,Femenino,Chimaltenango,Francia,Neymar Jr.
220,18 - 24 Años,Femenino,Alta Verapaz,Argentina,Cristiano Ronaldo
220,18 - 24 Años,Femenino,Alta Verapaz,Argentina,Lionel Messi
221,18 - 24 Años,Femenino,Escuintla,Argentina,Lionel Messi
221,18 - 24 Años,Femenino,Escuintla,Argentina,Christian Pulisic
221,18 - 24 Años,Femenino,Escuintla,Argentina,Neymar Jr.
222,55 Años O Más,Masculino,Guatemala,Argentina,Kylian Mbappé
223,Menos De 18 Años,Femenino,Guatemala,España,Jude Bellingham
223,Menos De 18 Años,Femenino,Guatemala,España,Cristiano Ronaldo
224,35 - 44 Años,Masculino,Chimaltenango,Argentina,Alphonso Davies
224,35 - 44 Años,Masculino,Chimaltenango,Argentina,Lionel Messi
225,25 - 34 Años,Masculino,Guatemala,Francia,Cristiano Ronaldo
226,35 - 44 Años,Femenino,Guatemala, BRASIL ,Cristiano Ronaldo
227,35 - 44 Años,Masculino,Alta Verapaz,Inglaterra,Lionel Messi
227,35 - 44 Años,Masculino,Alta Verapaz,Inglaterra,Vinícius Júnior
227,35 - 44 Años,Masculino,Alta Verapaz,Inglaterra,Christian Pulisic
228,35 - 44 Años,Femenino,Chimaltenango,Brasil,Christian Pulisic
228,35 - 44 Años,Femenino,Chimaltenango,Brasil,Harry Kane
228,35 - 44 Años,Femenino,Chimaltenango,Brasil,Lamine Yamal
229,45 - 54 Años,Femenino,Jalapa,Argentina,Lamine Yamal
229,45 - 54 Años,Femenino,Jalapa,Argentina,Cristiano Ronaldo
229,45 - 54 Años,Femenino,Jalapa,Argentina,Vinícius Júnior
230,Menos De 18 Años,Masculino,Guatemala,Argentina,Christian Pulisic
230,Menos De 18 Años,Masculino,Guatemala,Argentina,Lionel Messi
231,25 - 34 Años,Femenino,Guatemala,Portugal,Christian Pulisic
231,25 - 34 Años,Femenino,Guatemala,Portugal,Cristiano Ronaldo
232,Menos De 18 Años,Prefiero No Indicarlo,Escuintla,México,Jude Bellingham
232,Menos De 18 Años,Prefiero No Indicarlo,Escuintla,México,Federico Valverde
233,18 - 24 Años,Masculino,Sacatepéquez,Alemania,Ninguno
233,18 - 24 Años,Masculino,Sacatepéquez,Alemania,Lamine Yamal
233,18 - 24 Años,Masculino,Sacatepéquez,Alemania,Kylian Mbappé
234,25 - 34 Años,Masculino,Chimaltenango,Portugal,Cristiano Ronaldo
235,25 - 34 Años,Prefiero No Indicarlo,Guatemala,México,Cristiano Ronaldo
235,25 - 34 Años,Prefiero No Indicarlo,Guatemala,México,Kylian Mbappé
235,25 - 34 Años,Prefiero No Indicarlo,Guatemala,México,Jude Bellingham
236,18 - 24 Años,Masculino,Guatemala,Francia,Neymar Jr.
236,18 - 24 Años,Masculino,Guatemala,Francia,Alphonso Davies
237,45 - 54 Años,Masculino,Guatemala, FRANCIA ,Cristiano Ronaldo
238,25 - 34 Años,Masculino,Guatemala,México,Lionel Messi
238,25 - 34 Años,Masculino,Guatemala,México,Neymar Jr.
239,35 - 44 Años,Masculino,Guatemala,Argentina,Vinícius Júnior
239,35 - 44 Años,Masculino,Guatemala,Argentina,Christian Pulisic
240,18 - 24 Años,Femenino,Guatemala,Portugal,Lionel Messi
240,18 - 24 Años,Femenino,Guatemala,Portugal,Federico Valverde
241,25 - 34 Años,Femenino,Guatemala,Haití,Rodri
241,25 - 34 Años,Femenino,Guatemala,Haití,Christian Pulisic
241,25 - 34 Años,Femenino,Guatemala,Haití,Lamine Yamal
242,18 - 24 Años,Masculino,Guatemala,España,Christian Pulisic
243,25 - 34 Años,Femenino,Guatemala, MÉXICO ,Kylian Mbappé
243,25 - 34 Años,Femenino,Guatemala, MÉXICO ,Federico Valverde
244,25 - 34 Años,Femenino,Guatemala,Francia,Lionel Messi
245,45 - 54 Años,Prefiero No Indicarlo,Quetzaltenango,Alemania,Lionel Messi
246,35 - 44 Años,Femenino,Guatemala,Portugal,Cristiano Ronaldo
246,35 - 44 Años,Femenino,Guatemala,Portugal,Lionel Messi
246,35 - 44 Años,Femenino,Guatemala,Portugal,Harry Kane
247,25 - 34 Años,Femenino,Huehuetenango,Argentina,Neymar Jr.
248,25 - 34 Años,Femenino,Guatemala,Brasil,Cristiano Ronaldo
248,25 - 34 Años,Femenino,Guatemala,Brasil,Federico Valverde
249,45 - 54 Años,Masculino,Quetzaltenango,Argentina,Lionel Messi
250,45 - 54 Años,Masculino,Quetzaltenango,Inglaterra,Cristiano Ronaldo
250,45 - 54 Años,Masculino,Quetzaltenango,Inglaterra,Neymar Jr.
251,25 - 34 Años,Femenino,Guatemala,Inglaterra,Rodri
251,25 - 34 Años,Femenino,Guatemala,Inglaterra,Lionel Messi
251,25 - 34 Años,Femenino,Guatemala,Inglaterra,Neymar Jr.
252,55 Años O Más,Femenino,Guatemala,Uruguay,Jude Bellingham
252,55 Años O Más,Femenino,Guatemala,Uruguay,Lionel Messi
252,55 Años O Más,Femenino,Guatemala,Uruguay,Kylian Mbappé
253,25 - 34 Años,Femenino,Chimaltenango,España,Vinícius Júnior
253,25 - 34 Años,Femenino,Chimaltenango,España,Cristiano Ronaldo
253,25 - 34 Años,Femenino,Chimaltenango,España,Jude Bellingham
254,25 - 34 Años,Masculino,Guatemala,Estados Unidos,Neymar Jr.
254,25 - 34 Años,Masculino,Guatemala,Estados Unidos,Lamine Yamal
255,55 Años O Más,Masculino,Guatemala,Brasil,Neymar Jr.
256,45 - 54 Años,Masculino,Santa Rosa,Brasil,Kylian Mbappé
256,45 - 54 Años,Masculino,Santa Rosa,Brasil,Lionel Messi
256,45 - 54 Años,Masculino,Santa Rosa,Brasil,Neymar Jr.
257,25 - 34 Años,Femenino,Guatemala,Argentina,Cristiano Ronaldo
258,45 - 54 Años,Femenino,Zacapa,Argentina,Ninguno
258,45 - 54 Años,Femenino,Zacapa,Argentina,Lamine Yamal
259,25 - 34 Años,Femenino,Guatemala,Irak,Lamine Yamal
259,25 - 34 Años,Femenino,Guatemala,Irak,Vinícius Júnior
260,45 - 54 Años,Masculino,Sacatepéquez,Francia,Vinícius Júnior
260,45 - 54 Años,Masculino,Sacatepéquez,Francia,Lionel Messi
261,55 Años O Más,Masculino,Chimaltenango,Alemania,Cristiano Ronaldo
261,55 Años O Más,Masculino,Chimaltenango,Alemania,Vinícius Júnior
261,55 Años O Más,Masculino,Chimaltenango,Alemania,Neymar Jr.
262,35 - 44 Años,Masculino,Quetzaltenango,Portugal,Lionel Messi
262,35 - 44 Años,Masculino,Quetzaltenango,Portugal,Christian Pulisic
263,35 - 44 Años,Masculino,Chimaltenango,Argentina,Kylian Mbappé
264,25 - 34 Años,Masculino,Guatemala,Argentina,Neymar Jr.
264,25 - 34 Años,Masculino,Guatemala,Argentina,Christian Pulisic
264,25 - 34 Años,Masculino,Guatemala,Argentina,Cristiano Ronaldo
265,35 - 44 Años,Masculino,Huehuetenango,Argentina,Jude Bellingham
266,45 - 54 Años,Masculino,Sololá,Egipto,Neymar Jr.
267,35 - 44 Años,Masculino,Jutiapa,Brasil,Jude Bellingham
268,25 - 34 Años,Femenino,Guatemala, FRANCIA ,Neymar Jr.
269,25 - 34 Años,Masculino,Guatemala,México,Cristiano Ronaldo
269,25 - 34 Años,Masculino,Guatemala,México,Lionel Messi
269,25 - 34 Años,Masculino,Guatemala,México,Kylian Mbappé
270,18 - 24 Años,Femenino,Huehuetenango,Panamá,Alphonso Davies
270,18 - 24 Años,Femenino,Huehuetenango,Panamá,Federico Valverde
270,18 - 24 Años,Femenino,Huehuetenango,Panamá,Cristiano Ronaldo
271,35 - 44 Años,Femenino,Guatemala,Argentina,Lionel Messi
271,35 - 44 Años,Femenino,Guatemala,Argentina,Neymar Jr.
272,25 - 34 Años,Femenino,Guatemala,Uruguay,Vinícius Júnior
272,25 - 34 Años,Femenino,Guatemala,Uruguay,Lamine Yamal
273,55 Años O Más,Femenino,Baja Verapaz,Brasil,Cristiano Ronaldo
274,45 - 54 Años,Femenino,Escuintla,Inglaterra,Lionel Messi
274,45 - 54 Años,Femenino,Escuintla,Inglaterra,Vinícius Júnior
274,45 - 54 Años,Femenino,Escuintla,Inglaterra,Jude Bellingham
275,55 Años O Más,Femenino,Guatemala,España,Cristiano Ronaldo
275,55 Años O Más,Femenino,Guatemala,España,Lionel Messi
275,55 Años O Más,Femenino,Guatemala,España,Federico Valverde
276,18 - 24 Años,Femenino,Escuintla, BRASIL ,Cristiano Ronaldo
276,18 - 24 Años,Femenino,Escuintla, BRASIL ,Lionel Messi
276,18 - 24 Años,Femenino,Escuintla, BRASIL ,Kylian Mbappé
277,35 - 44 Años,Masculino,Guatemala,México,Kylian Mbappé
277,35 - 44 Años,Masculino,Guatemala,México,Lionel Messi
278,18 - 24 Años,Femenino,Guatemala,Estados Unidos,Kylian Mbappé
278,18 - 24 Años,Femenino,Guatemala,Estados Unidos,Cristiano Ronaldo
278,18 - 24 Años,Femenino,Guatemala,Estados Unidos,Jude Bellingham
279,Menos De 18 Años,Femenino,El Progreso,Estados Unidos,Lionel Messi
280,35 - 44 Años,Masculino,Santa Rosa,Francia,Cristiano Ronaldo
281,45 - 54 Años,Masculino,Guatemala,Argentina,Rodri
281,45 - 54 Años,Masculino,Guatemala,Argentina,Cristiano Ronaldo
282,18 - 24 Años,Femenino,Huehuetenango,México,Lamine Yamal
282,18 - 24 Años,Femenino,Huehuetenango,México,Ninguno
282,18 - 24 Años,Femenino,Huehuetenango,México,Vinícius Júnior
283,Menos De 18 Años,Masculino,Guatemala,Argentina,Lionel Messi
283,Menos De 18 Años,Masculino,Guatemala,Argentina,Neymar Jr.
284,45 - 54 Años,Femenino,Guatemala,Portugal,Cristiano Ronaldo
284,45 - 54 Años,Femenino,Guatemala,Portugal,Harry Kane
285,Menos De 18 Años,Femenino,Sololá,Francia,Cristiano Ronaldo
286,Menos De 18 Años,Femenino,Escuintla,Argentina,Alphonso Davies
287,Menos De 18 Años,Masculino,Escuintla,México,Lionel Messi
287,Menos De 18 Años,Masculino,Escuintla,México,Alphonso Davies
287,Menos De 18 Años,Masculino,Escuintla,México,Lamine Yamal
288,18 - 24 Años,Masculino,Guatemala,Inglaterra,Neymar Jr.
288,18 - 24 Años,Masculino,Guatemala,Inglaterra,Vinícius Júnior
289,35 - 44 Años,Masculino,Quetzaltenango,Argentina,Lionel Messi
289,35 - 44 Años,Masculino,Quetzaltenango,Argentina,Neymar Jr.
290,Menos De 18 Años,Masculino,Guatemala,Francia,Cristiano Ronaldo
291,35 - 44 Años,Masculino,Baja Verapaz,Argentina,Lamine Yamal
291,35 - 44 Años,Masculino,Baja Verapaz,Argentina,Neymar Jr.
1595,55 Años O Más,Femenino,Guatemala,Estados Unidos,Lionel Messi
1595,55 Años O Más,Femenino,Guatemala,Estados Unidos,Harry Kane
1595,55 Años O Más,Femenino,Guatemala,Estados Unidos,Neymar Jr.
293,35 - 44 Años,Masculino,Guatemala,Colombia,Vinícius Júnior
294,35 - 44 Años,Prefiero No Indicarlo,Guatemala,Czechia,Vinícius Júnior
295,Menos De 18 Años,Femenino,Guatemala,Brasil,Lionel Messi
296,35 - 44 Años,Femenino,Quetzaltenango,Argentina,Jude Bellingham
296,35 - 44 Años,Femenino,Quetzaltenango,Argentina,Cristiano Ronaldo
296,35 - 44 Años,Femenino,Quetzaltenango,Argentina,Lionel Messi
297,18 - 24 Años,Femenino,Guatemala,Inglaterra,Cristiano Ronaldo
298,18 - 24 Años,Masculino,El Progreso,Alemania,Cristiano Ronaldo
298,18 - 24 Años,Masculino,El Progreso,Alemania,Ninguno
299,25 - 34 Años,Masculino,Guatemala,Francia,Lionel Messi
300,55 Años O Más,Masculino,Guatemala,Argelia,Neymar Jr.
301,45 - 54 Años,Femenino,Chiquimula,Argelia,Lamine Yamal
302,45 - 54 Años,Femenino,Guatemala,Brasil,Neymar Jr.
303,25 - 34 Años,Femenino,Guatemala,Francia,Jude Bellingham
304,45 - 54 Años,Prefiero No Indicarlo,Guatemala,Argentina,Alphonso Davies
304,45 - 54 Años,Prefiero No Indicarlo,Guatemala,Argentina,Vinícius Júnior
304,45 - 54 Años,Prefiero No Indicarlo,Guatemala,Argentina,Kylian Mbappé
305,18 - 24 Años,Masculino,Guatemala,México,Neymar Jr.
306,18 - 24 Años,Femenino,Chiquimula,Argentina,Harry Kane
306,18 - 24 Años,Femenino,Chiquimula,Argentina,Cristiano Ronaldo
307,35 - 44 Años,Masculino,Quetzaltenango,Uruguay,Cristiano Ronaldo
308,Menos De 18 Años,Masculino,Guatemala,Uruguay,Lamine Yamal
308,Menos De 18 Años,Masculino,Guatemala,Uruguay,Vinícius Júnior
309,18 - 24 Años,Femenino,Quetzaltenango, BRASIL ,Cristiano Ronaldo
309,18 - 24 Años,Femenino,Quetzaltenango, BRASIL ,Vinícius Júnior
310,55 Años O Más,Femenino,Guatemala,Estados Unidos,Lionel Messi
310,55 Años O Más,Femenino,Guatemala,Estados Unidos,Harry Kane
311,Menos De 18 Años,Femenino,Baja Verapaz,Uruguay,Jude Bellingham
312,Menos De 18 Años,Femenino,Guatemala,México,Lionel Messi
312,Menos De 18 Años,Femenino,Guatemala,México,Neymar Jr.
313,18 - 24 Años,Femenino,Quiché,Brasil,Vinícius Júnior
314,25 - 34 Años,Masculino,Jalapa,Francia,Neymar Jr.
314,25 - 34 Años,Masculino,Jalapa,Francia,Cristiano Ronaldo
315,35 - 44 Años,Femenino,Guatemala,Argentina,Harry Kane
315,35 - 44 Años,Femenino,Guatemala,Argentina,Vinícius Júnior
315,35 - 44 Años,Femenino,Guatemala,Argentina,Lamine Yamal
316,45 - 54 Años,Masculino,Guatemala,México,Lionel Messi
316,45 - 54 Años,Masculino,Guatemala,México,Kylian Mbappé
317,25 - 34 Años,Masculino,Baja Verapaz,Croacia,Lionel Messi
317,25 - 34 Años,Masculino,Baja Verapaz,Croacia,Kylian Mbappé
318,18 - 24 Años,Femenino,Quetzaltenango,Alemania,Lionel Messi
318,18 - 24 Años,Femenino,Quetzaltenango,Alemania,Jude Bellingham
318,18 - 24 Años,Femenino,Quetzaltenango,Alemania,Vinícius Júnior
319,25 - 34 Años,Femenino,Guatemala,México,Lionel Messi
320,25 - 34 Años,Masculino,Totonicapán,Argentina,Lionel Messi
320,25 - 34 Años,Masculino,Totonicapán,Argentina,Federico Valverde
321,25 - 34 Años,Masculino,Suchitepéquez,Francia,Lionel Messi
321,25 - 34 Años,Masculino,Suchitepéquez,Francia,Cristiano Ronaldo
322,Menos De 18 Años,Masculino,Guatemala,Portugal,Vinícius Júnior
322,Menos De 18 Años,Masculino,Guatemala,Portugal,Ninguno
322,Menos De 18 Años,Masculino,Guatemala,Portugal,Jude Bellingham
323,35 - 44 Años,Femenino,Guatemala,Argentina,Neymar Jr.
323,35 - 44 Años,Femenino,Guatemala,Argentina,Harry Kane
323,35 - 44 Años,Femenino,Guatemala,Argentina,Lamine Yamal
324,45 - 54 Años,Femenino,Chimaltenango,Brasil,Harry Kane
325,25 - 34 Años,Masculino,San Marcos,Argentina,Cristiano Ronaldo
325,25 - 34 Años,Masculino,San Marcos,Argentina,Lionel Messi
326,25 - 34 Años,Masculino,Baja Verapaz,Alemania,Vinícius Júnior
326,25 - 34 Años,Masculino,Baja Verapaz,Alemania,Cristiano Ronaldo
326,25 - 34 Años,Masculino,Baja Verapaz,Alemania,Christian Pulisic
327,25 - 34 Años,Masculino,Guatemala,Francia,Neymar Jr.
327,25 - 34 Años,Masculino,Guatemala,Francia,Julián Álvarez
327,25 - 34 Años,Masculino,Guatemala,Francia,Lamine Yamal
328,Menos De 18 Años,Masculino,Chimaltenango,Brasil,Lionel Messi
328,Menos De 18 Años,Masculino,Chimaltenango,Brasil,Federico Valverde
329,35 - 44 Años,Masculino,Petén,Argentina,Vinícius Júnior
329,35 - 44 Años,Masculino,Petén,Argentina,Harry Kane
329,35 - 44 Años,Masculino,Petén,Argentina,Kylian Mbappé
330,45 - 54 Años,Femenino,Guatemala,Curaçao,Kylian Mbappé
330,45 - 54 Años,Femenino,Guatemala,Curaçao,Jude Bellingham
331,35 - 44 Años,Masculino,Quetzaltenango,Portugal,Kylian Mbappé
332,25 - 34 Años,Femenino,Chimaltenango,España,Lionel Messi
332,25 - 34 Años,Femenino,Chimaltenango,España,Cristiano Ronaldo
333,18 - 24 Años,Masculino,Guatemala,México,Cristiano Ronaldo
334,45 - 54 Años,Femenino,Guatemala,Francia,Vinícius Júnior
334,45 - 54 Años,Femenino,Guatemala,Francia,Julián Álvarez
335,35 - 44 Años,Masculino,Petén,México,Lamine Yamal
335,35 - 44 Años,Masculino,Petén,México,Jude Bellingham
336,Menos De 18 Años,Femenino,Totonicapán,Portugal,Lamine Yamal
336,Menos De 18 Años,Femenino,Totonicapán,Portugal,Christian Pulisic
337,55 Años O Más,Masculino,Escuintla,Colombia,Neymar Jr.
337,55 Años O Más,Masculino,Escuintla,Colombia,Lionel Messi
337,55 Años O Más,Masculino,Escuintla,Colombia,Kylian Mbappé
338,25 - 34 Años,Femenino,Alta Verapaz,Argentina,Vinícius Júnior
338,25 - 34 Años,Femenino,Alta Verapaz,Argentina,Cristiano Ronaldo
339,25 - 34 Años,Masculino,Jalapa,Brasil,Cristiano Ronaldo
339,25 - 34 Años,Masculino,Jalapa,Brasil,Julián Álvarez
339,25 - 34 Años,Masculino,Jalapa,Brasil,Kylian Mbappé
340,25 - 34 Años,Masculino,Chimaltenango,Alemania,Cristiano Ronaldo
341,25 - 34 Años,Masculino,Baja Verapaz,Argentina,Lionel Messi
341,25 - 34 Años,Masculino,Baja Verapaz,Argentina,Ninguno
342,35 - 44 Años,Masculino,Sololá,Argentina,Cristiano Ronaldo
343,45 - 54 Años,Masculino,Santa Rosa,Alemania,Kylian Mbappé
343,45 - 54 Años,Masculino,Santa Rosa,Alemania,Cristiano Ronaldo
343,45 - 54 Años,Masculino,Santa Rosa,Alemania,Vinícius Júnior
344,25 - 34 Años,Femenino,Sacatepéquez,México,Kylian Mbappé
345,18 - 24 Años,Femenino,Guatemala,Brasil,Rodri
345,18 - 24 Años,Femenino,Guatemala,Brasil,Alphonso Davies
346,45 - 54 Años,Femenino,Sololá,Inglaterra,Lionel Messi
347,18 - 24 Años,Femenino,Guatemala,Argentina,Christian Pulisic
348,18 - 24 Años,Masculino,Guatemala,Estados Unidos,Cristiano Ronaldo
1960,18 - 24 Años,Femenino,Guatemala,Brasil,Julián Álvarez
350,35 - 44 Años,Femenino,Santa Rosa,Argentina,Cristiano Ronaldo
350,35 - 44 Años,Femenino,Santa Rosa,Argentina,Neymar Jr.
350,35 - 44 Años,Femenino,Santa Rosa,Argentina,Lionel Messi
351,18 - 24 Años,Femenino,Guatemala,Japón,Lamine Yamal
351,18 - 24 Años,Femenino,Guatemala,Japón,Cristiano Ronaldo
351,18 - 24 Años,Femenino,Guatemala,Japón,Julián Álvarez
352,25 - 34 Años,Masculino,Guatemala,Portugal,Alphonso Davies
352,25 - 34 Años,Masculino,Guatemala,Portugal,Christian Pulisic
352,25 - 34 Años,Masculino,Guatemala,Portugal,Cristiano Ronaldo
353,18 - 24 Años,Masculino,San Marcos,Brasil,Harry Kane
353,18 - 24 Años,Masculino,San Marcos,Brasil,Lionel Messi
353,18 - 24 Años,Masculino,San Marcos,Brasil,Lamine Yamal
354,18 - 24 Años,Femenino,Escuintla,España,Cristiano Ronaldo
355,35 - 44 Años,Masculino,Guatemala,Brasil,Neymar Jr.
355,35 - 44 Años,Masculino,Guatemala,Brasil,Lionel Messi
355,35 - 44 Años,Masculino,Guatemala,Brasil,Vinícius Júnior
356,25 - 34 Años,Masculino,Sacatepéquez,Brasil,Neymar Jr.
356,25 - 34 Años,Masculino,Sacatepéquez,Brasil,Vinícius Júnior
356,25 - 34 Años,Masculino,Sacatepéquez,Brasil,Cristiano Ronaldo
357,18 - 24 Años,Femenino,Sacatepéquez,España,Cristiano Ronaldo
357,18 - 24 Años,Femenino,Sacatepéquez,España,Federico Valverde
358,25 - 34 Años,Femenino,Izabal,Brasil,Kylian Mbappé
358,25 - 34 Años,Femenino,Izabal,Brasil,Lionel Messi
358,25 - 34 Años,Femenino,Izabal,Brasil,Cristiano Ronaldo
359,25 - 34 Años,Femenino,Guatemala,Czechia,Lionel Messi
359,25 - 34 Años,Femenino,Guatemala,Czechia,Julián Álvarez
359,25 - 34 Años,Femenino,Guatemala,Czechia,Cristiano Ronaldo
360,55 Años O Más,Prefiero No Indicarlo,Sacatepéquez,España,Lionel Messi
360,55 Años O Más,Prefiero No Indicarlo,Sacatepéquez,España,Jude Bellingham
360,55 Años O Más,Prefiero No Indicarlo,Sacatepéquez,España,Vinícius Júnior
361,45 - 54 Años,Femenino,Guatemala,Francia,Lamine Yamal
362,Menos De 18 Años,Masculino,Escuintla,Brasil,Vinícius Júnior
362,Menos De 18 Años,Masculino,Escuintla,Brasil,Harry Kane
363,18 - 24 Años,Femenino,Guatemala,Francia,Federico Valverde
363,18 - 24 Años,Femenino,Guatemala,Francia,Lionel Messi
364,18 - 24 Años,Masculino,Guatemala,Alemania,Julián Álvarez
364,18 - 24 Años,Masculino,Guatemala,Alemania,Lionel Messi
364,18 - 24 Años,Masculino,Guatemala,Alemania,Vinícius Júnior
365,18 - 24 Años,Masculino,Petén,Czechia,Federico Valverde
366,25 - 34 Años,Femenino,Guatemala,España,Kylian Mbappé
366,25 - 34 Años,Femenino,Guatemala,España,Lionel Messi
366,25 - 34 Años,Femenino,Guatemala,España,Alphonso Davies
367,35 - 44 Años,Masculino,Escuintla,España,Christian Pulisic
367,35 - 44 Años,Masculino,Escuintla,España,Cristiano Ronaldo
367,35 - 44 Años,Masculino,Escuintla,España,Rodri
368,35 - 44 Años,Masculino,Escuintla,Argentina,Kylian Mbappé
369,25 - 34 Años,Femenino,Guatemala,Alemania,Cristiano Ronaldo
369,25 - 34 Años,Femenino,Guatemala,Alemania,Vinícius Júnior
369,25 - 34 Años,Femenino,Guatemala,Alemania,Neymar Jr.
370,18 - 24 Años,Femenino,Quetzaltenango,Suecia,Rodri
370,18 - 24 Años,Femenino,Quetzaltenango,Suecia,Kylian Mbappé
371,45 - 54 Años,Masculino,Guatemala,España,Vinícius Júnior
371,45 - 54 Años,Masculino,Guatemala,España,Cristiano Ronaldo
371,45 - 54 Años,Masculino,Guatemala,España,Neymar Jr.
372,35 - 44 Años,Masculino,Guatemala,Portugal,Kylian Mbappé
372,35 - 44 Años,Masculino,Guatemala,Portugal,Ninguno
372,35 - 44 Años,Masculino,Guatemala,Portugal,Neymar Jr.
373,25 - 34 Años,Femenino,Guatemala,Francia,Federico Valverde
373,25 - 34 Años,Femenino,Guatemala,Francia,Lionel Messi
373,25 - 34 Años,Femenino,Guatemala,Francia,Cristiano Ronaldo
374,55 Años O Más,Femenino,Guatemala,Túnez,Federico Valverde
374,55 Años O Más,Femenino,Guatemala,Túnez,Neymar Jr.
375,18 - 24 Años,Masculino,Quetzaltenango,México,Cristiano Ronaldo
376,Menos De 18 Años,Masculino,Sacatepéquez,Argentina,Lionel Messi
376,Menos De 18 Años,Masculino,Sacatepéquez,Argentina,Alphonso Davies
377,18 - 24 Años,Masculino,Escuintla,España,Lionel Messi
378,55 Años O Más,Femenino,Izabal,Brasil,Kylian Mbappé
378,55 Años O Más,Femenino,Izabal,Brasil,Lionel Messi
378,55 Años O Más,Femenino,Izabal,Brasil,Alphonso Davies
379,25 - 34 Años,Femenino,Quetzaltenango,Brasil,Cristiano Ronaldo
379,25 - 34 Años,Femenino,Quetzaltenango,Brasil,Neymar Jr.
380,18 - 24 Años,Femenino,Escuintla,Estados Unidos,Lamine Yamal
380,18 - 24 Años,Femenino,Escuintla,Estados Unidos,Kylian Mbappé
381,55 Años O Más,Femenino,Guatemala,Panamá,Lionel Messi
381,55 Años O Más,Femenino,Guatemala,Panamá,Jude Bellingham
382,25 - 34 Años,Masculino,Huehuetenango,Argentina,Kylian Mbappé
382,25 - 34 Años,Masculino,Huehuetenango,Argentina,Cristiano Ronaldo
382,25 - 34 Años,Masculino,Huehuetenango,Argentina,Ninguno
383,35 - 44 Años,Femenino,Guatemala,Francia,Kylian Mbappé
383,35 - 44 Años,Femenino,Guatemala,Francia,Alphonso Davies
384,25 - 34 Años,Masculino,Guatemala,México,Cristiano Ronaldo
384,25 - 34 Años,Masculino,Guatemala,México,Alphonso Davies
384,25 - 34 Años,Masculino,Guatemala,México,Jude Bellingham
385,35 - 44 Años,Masculino,Guatemala,Argentina,Lionel Messi
386,18 - 24 Años,Masculino,Guatemala,Uzbekistán,Lionel Messi
386,18 - 24 Años,Masculino,Guatemala,Uzbekistán,Vinícius Júnior
386,18 - 24 Años,Masculino,Guatemala,Uzbekistán,Alphonso Davies
387,25 - 34 Años,Masculino,Guatemala,Japón,Cristiano Ronaldo
387,25 - 34 Años,Masculino,Guatemala,Japón,Lionel Messi
387,25 - 34 Años,Masculino,Guatemala,Japón,Kylian Mbappé
388,25 - 34 Años,Femenino,Guatemala,Brasil,Julián Álvarez
389,Menos De 18 Años,Masculino,Escuintla,Brasil,Jude Bellingham
389,Menos De 18 Años,Masculino,Escuintla,Brasil,Rodri
390,Menos De 18 Años,Femenino,Guatemala,Suiza,Lamine Yamal
391,35 - 44 Años,Femenino,Guatemala,Argentina,Cristiano Ronaldo
392,45 - 54 Años,Masculino,Guatemala,Brasil,Christian Pulisic
392,45 - 54 Años,Masculino,Guatemala,Brasil,Kylian Mbappé
392,45 - 54 Años,Masculino,Guatemala,Brasil,Vinícius Júnior
393,18 - 24 Años,Masculino,Guatemala,Argentina,Neymar Jr.
394,18 - 24 Años,Masculino,Escuintla,México,Kylian Mbappé
394,18 - 24 Años,Masculino,Escuintla,México,Lionel Messi
395,25 - 34 Años,Femenino,Alta Verapaz,Portugal,Neymar Jr.
396,18 - 24 Años,Femenino,Chimaltenango,Argentina,Julián Álvarez
396,18 - 24 Años,Femenino,Chimaltenango,Argentina,Jude Bellingham
397,55 Años O Más,Femenino,Guatemala,México,Cristiano Ronaldo
398,35 - 44 Años,Femenino,Sacatepéquez,México,Lionel Messi
398,35 - 44 Años,Femenino,Sacatepéquez,México,Cristiano Ronaldo
399,Menos De 18 Años,Masculino,Totonicapán,Francia,Jude Bellingham
400,18 - 24 Años,Masculino,Quetzaltenango,Francia,Neymar Jr.
401,18 - 24 Años,Masculino,Sacatepéquez,Austria,Cristiano Ronaldo
401,18 - 24 Años,Masculino,Sacatepéquez,Austria,Alphonso Davies
402,55 Años O Más,Femenino,Guatemala,México,Lamine Yamal
402,55 Años O Más,Femenino,Guatemala,México,Lionel Messi
403,25 - 34 Años,Masculino,Quetzaltenango,Portugal,Vinícius Júnior
403,25 - 34 Años,Masculino,Quetzaltenango,Portugal,Cristiano Ronaldo
403,25 - 34 Años,Masculino,Quetzaltenango,Portugal,Lionel Messi
404,Menos De 18 Años,Femenino,Chimaltenango,Argentina,Vinícius Júnior
404,Menos De 18 Años,Femenino,Chimaltenango,Argentina,Cristiano Ronaldo
405,45 - 54 Años,Femenino,Guatemala,Estados Unidos,Lamine Yamal
405,45 - 54 Años,Femenino,Guatemala,Estados Unidos,Christian Pulisic
405,45 - 54 Años,Femenino,Guatemala,Estados Unidos,Lionel Messi
406,25 - 34 Años,Masculino,Guatemala,Inglaterra,Alphonso Davies
407,25 - 34 Años,Prefiero No Indicarlo,Chiquimula,Brasil,Lamine Yamal
408,25 - 34 Años,Femenino,Guatemala,Brasil,Cristiano Ronaldo
409,25 - 34 Años,Femenino,Petén,Brasil,Kylian Mbappé
410,18 - 24 Años,Masculino,Guatemala,México,Kylian Mbappé
410,18 - 24 Años,Masculino,Guatemala,México,Jude Bellingham
411,18 - 24 Años,Masculino,Guatemala,Brasil,Vinícius Júnior
411,18 - 24 Años,Masculino,Guatemala,Brasil,Julián Álvarez
412,25 - 34 Años,Femenino,Quiché,Brasil,Cristiano Ronaldo
413,45 - 54 Años,Femenino,Zacapa,Estados Unidos,Vinícius Júnior
413,45 - 54 Años,Femenino,Zacapa,Estados Unidos,Kylian Mbappé
414,55 Años O Más,Femenino,Guatemala,Uruguay,Rodri
415,18 - 24 Años,Femenino,Sacatepéquez,Francia,Lionel Messi
416,25 - 34 Años,Masculino,Quetzaltenango,Brasil,Julián Álvarez
417,45 - 54 Años,Masculino,Jalapa,Estados Unidos,Jude Bellingham
417,45 - 54 Años,Masculino,Jalapa,Estados Unidos,Lionel Messi
417,45 - 54 Años,Masculino,Jalapa,Estados Unidos,Cristiano Ronaldo
418,55 Años O Más,Femenino,Guate,México,Lionel Messi
418,55 Años O Más,Femenino,Guate,México,Julián Álvarez
418,55 Años O Más,Femenino,Guate,México,Kylian Mbappé
420,25 - 34 Años,Femenino,Quetzaltenango,Portugal,Vinícius Júnior
420,25 - 34 Años,Femenino,Quetzaltenango,Portugal,Cristiano Ronaldo
420,25 - 34 Años,Femenino,Quetzaltenango,Portugal,Harry Kane
421,18 - 24 Años,Femenino,Guatemala,Alemania,Lamine Yamal
421,18 - 24 Años,Femenino,Guatemala,Alemania,Lionel Messi
422,18 - 24 Años,Masculino,Guatemala,México,Neymar Jr.
423,25 - 34 Años,Masculino,Guatemala,Portugal,Jude Bellingham
424,25 - 34 Años,Femenino,Sololá,Francia,Lamine Yamal
424,25 - 34 Años,Femenino,Sololá,Francia,Vinícius Júnior
425,45 - 54 Años,Masculino,Chimaltenango,Argentina,Julián Álvarez
426,25 - 34 Años,Femenino,Huehuetenango,Colombia,Vinícius Júnior
427,25 - 34 Años,Masculino,Guatemala,Estados Unidos,Cristiano Ronaldo
427,25 - 34 Años,Masculino,Guatemala,Estados Unidos,Jude Bellingham
428,Menos De 18 Años,Masculino,Guatemala,Argentina,Lionel Messi
428,Menos De 18 Años,Masculino,Guatemala,Argentina,Rodri
428,Menos De 18 Años,Masculino,Guatemala,Argentina,Lamine Yamal
429,25 - 34 Años,Femenino,Chimaltenango,Brasil,Cristiano Ronaldo
430,35 - 44 Años,Femenino,Guatemala,Francia,Lamine Yamal
431,45 - 54 Años,Masculino,Guatemala,Argentina,Lionel Messi
431,45 - 54 Años,Masculino,Guatemala,Argentina,Lamine Yamal
431,45 - 54 Años,Masculino,Guatemala,Argentina,Christian Pulisic
432,18 - 24 Años,Masculino,Jalapa,Brasil,Federico Valverde
432,18 - 24 Años,Masculino,Jalapa,Brasil,Cristiano Ronaldo
432,18 - 24 Años,Masculino,Jalapa,Brasil,Kylian Mbappé
433,55 Años O Más,Femenino,Escuintla,México,Harry Kane
434,18 - 24 Años,Femenino,Chimaltenango,Argentina,Vinícius Júnior
434,18 - 24 Años,Femenino,Chimaltenango,Argentina,Lamine Yamal
434,18 - 24 Años,Femenino,Chimaltenango,Argentina,Rodri
435,25 - 34 Años,Masculino,Guatemala,Colombia,Vinícius Júnior
436,55 Años O Más,Femenino,Quetzaltenango,México,Cristiano Ronaldo
436,55 Años O Más,Femenino,Quetzaltenango,México,Lionel Messi
436,55 Años O Más,Femenino,Quetzaltenango,México,Kylian Mbappé
437,55 Años O Más,Masculino,Baja Verapaz,Estados Unidos,Jude Bellingham
437,55 Años O Más,Masculino,Baja Verapaz,Estados Unidos,Lionel Messi
438,55 Años O Más,Masculino,Guatemala,Colombia,Lionel Messi
438,55 Años O Más,Masculino,Guatemala,Colombia,Vinícius Júnior
439,18 - 24 Años,Femenino,Escuintla,México,Neymar Jr.
439,18 - 24 Años,Femenino,Escuintla,México,Jude Bellingham
439,18 - 24 Años,Femenino,Escuintla,México,Christian Pulisic
440,18 - 24 Años,Masculino,Guatemala,Inglaterra,Lamine Yamal
440,18 - 24 Años,Masculino,Guatemala,Inglaterra,Neymar Jr.
441,25 - 34 Años,Masculino,Baja Verapaz,España,Rodri
441,25 - 34 Años,Masculino,Baja Verapaz,España,Jude Bellingham
442,25 - 34 Años,Femenino,Guatemala,Portugal,Cristiano Ronaldo
442,25 - 34 Años,Femenino,Guatemala,Portugal,Lionel Messi
443,25 - 34 Años,Masculino,Jalapa,México,Neymar Jr.
443,25 - 34 Años,Masculino,Jalapa,México,Kylian Mbappé
444,25 - 34 Años,Femenino,San Marcos,España,Christian Pulisic
444,25 - 34 Años,Femenino,San Marcos,España,Lionel Messi
444,25 - 34 Años,Femenino,San Marcos,España,Lamine Yamal
445,25 - 34 Años,Femenino,Escuintla,Brasil,Kylian Mbappé
446,45 - 54 Años,Femenino,Escuintla,México,Lionel Messi
446,45 - 54 Años,Femenino,Escuintla,México,Kylian Mbappé
447,25 - 34 Años,Masculino,Guatemala,Argentina,Neymar Jr.
447,25 - 34 Años,Masculino,Guatemala,Argentina,Kylian Mbappé
448,25 - 34 Años,Femenino,Escuintla,Francia,Cristiano Ronaldo
448,25 - 34 Años,Femenino,Escuintla,Francia,Lionel Messi
449,25 - 34 Años,Femenino,Alta Verapaz,Argentina,Lionel Messi
1193,25 - 34 Años,Masculino,Sacatepéquez,Suecia,Vinícius Júnior
1193,25 - 34 Años,Masculino,Sacatepéquez,Suecia,Cristiano Ronaldo
451,18 - 24 Años,Masculino,Guatemala,España,Lionel Messi
452,18 - 24 Años,Masculino,Suchitepéquez,México,Jude Bellingham
452,18 - 24 Años,Masculino,Suchitepéquez,México,Lamine Yamal
453,25 - 34 Años,Masculino,Quiché,México,Lamine Yamal
453,25 - 34 Años,Masculino,Quiché,México,Cristiano Ronaldo
454,45 - 54 Años,Femenino,Petén,Estados Unidos,Neymar Jr.
454,45 - 54 Años,Femenino,Petén,Estados Unidos,Vinícius Júnior
455,25 - 34 Años,Femenino,Guatemala,Portugal,Vinícius Júnior
456,25 - 34 Años,Femenino,Guatemala,Brasil,Cristiano Ronaldo
457,55 Años O Más,Masculino,Guatemala,Escocia,Federico Valverde
457,55 Años O Más,Masculino,Guatemala,Escocia,Cristiano Ronaldo
457,55 Años O Más,Masculino,Guatemala,Escocia,Christian Pulisic
458,25 - 34 Años,Femenino,Guatemala, MÉXICO ,Vinícius Júnior
458,25 - 34 Años,Femenino,Guatemala, MÉXICO ,Lionel Messi
458,25 - 34 Años,Femenino,Guatemala, MÉXICO ,Cristiano Ronaldo
459,35 - 44 Años,Masculino,Quetzaltenango,Alemania,Vinícius Júnior
460,25 - 34 Años,Femenino,Quiché,Alemania,Julián Álvarez
460,25 - 34 Años,Femenino,Quiché,Alemania,Cristiano Ronaldo
461,Menos De 18 Años,Femenino,Retalhuleu,Brasil,Cristiano Ronaldo
462,25 - 34 Años,Femenino,Sacatepéquez,Inglaterra,Cristiano Ronaldo
463,25 - 34 Años,Masculino,Guatemala,Estados Unidos,Neymar Jr.
463,25 - 34 Años,Masculino,Guatemala,Estados Unidos,Julián Álvarez
1049,25 - 34 Años,Masculino,Sacatepéquez,Brasil,Neymar Jr.
465,18 - 24 Años,Femenino,Jutiapa,México,Neymar Jr.
465,18 - 24 Años,Femenino,Jutiapa,México,Cristiano Ronaldo
465,18 - 24 Años,Femenino,Jutiapa,México,Lionel Messi
466,35 - 44 Años,Femenino,Escuintla,México,Vinícius Júnior
466,35 - 44 Años,Femenino,Escuintla,México,Lamine Yamal
466,35 - 44 Años,Femenino,Escuintla,México,Cristiano Ronaldo
467,18 - 24 Años,Femenino,Guatemala,Argentina,Neymar Jr.
468,45 - 54 Años,Masculino,Quetzaltenango,Argentina,Lamine Yamal
468,45 - 54 Años,Masculino,Quetzaltenango,Argentina,Lionel Messi
468,45 - 54 Años,Masculino,Quetzaltenango,Argentina,Cristiano Ronaldo
469,25 - 34 Años,Femenino,Chimaltenango,España,Kylian Mbappé
469,25 - 34 Años,Femenino,Chimaltenango,España,Lionel Messi
470,18 - 24 Años,Masculino,Chimaltenango,Inglaterra,Kylian Mbappé
471,25 - 34 Años,Femenino,Guatemala,Portugal,Alphonso Davies
472,18 - 24 Años,Masculino,Guatemala,Argentina,Jude Bellingham
473,25 - 34 Años,Femenino,Zacapa,Francia,Julián Álvarez
473,25 - 34 Años,Femenino,Zacapa,Francia,Christian Pulisic
2439,18 - 24 Años,Femenino,Guatemala,México,Kylian Mbappé
475,Menos De 18 Años,Masculino,Quetzaltenango,Portugal,Harry Kane
475,Menos De 18 Años,Masculino,Quetzaltenango,Portugal,Lionel Messi
476,25 - 34 Años,Masculino,Guatemala,Portugal,Vinícius Júnior
477,35 - 44 Años,Femenino,Guatemala,Brasil,Kylian Mbappé
477,35 - 44 Años,Femenino,Guatemala,Brasil,Neymar Jr.
478,35 - 44 Años,Femenino,Guatemala,Brasil,Neymar Jr.
478,35 - 44 Años,Femenino,Guatemala,Brasil,Lionel Messi
479,35 - 44 Años,Masculino,Totonicapán,Haití,Rodri
480,18 - 24 Años,Femenino,Santa Rosa,Argentina,Kylian Mbappé
480,18 - 24 Años,Femenino,Santa Rosa,Argentina,Julián Álvarez
480,18 - 24 Años,Femenino,Santa Rosa,Argentina,Cristiano Ronaldo
481,25 - 34 Años,Masculino,Guatemala,Alemania,Kylian Mbappé
481,25 - 34 Años,Masculino,Guatemala,Alemania,Cristiano Ronaldo
482,25 - 34 Años,Masculino,Guatemala,Argentina,Vinícius Júnior
482,25 - 34 Años,Masculino,Guatemala,Argentina,Alphonso Davies
482,25 - 34 Años,Masculino,Guatemala,Argentina,Neymar Jr.
483,25 - 34 Años,Femenino,Izabal, BRASIL ,Neymar Jr.
483,25 - 34 Años,Femenino,Izabal, BRASIL ,Cristiano Ronaldo
484,55 Años O Más,Femenino,El Progreso,Argentina,Cristiano Ronaldo
485,45 - 54 Años,Femenino,Guatemala,Alemania,Lionel Messi
486,25 - 34 Años,Masculino,Guatemala,Francia,Kylian Mbappé
487,18 - 24 Años,Masculino,Jalapa,Brasil,Lionel Messi
487,18 - 24 Años,Masculino,Jalapa,Brasil,Cristiano Ronaldo
487,18 - 24 Años,Masculino,Jalapa,Brasil,Vinícius Júnior
488,45 - 54 Años,Femenino,Guatemala,Alemania,Vinícius Júnior
489,18 - 24 Años,Masculino,Jalapa,Inglaterra,Vinícius Júnior
490,55 Años O Más,Prefiero No Indicarlo,Chimaltenango,Brasil,Lamine Yamal
490,55 Años O Más,Prefiero No Indicarlo,Chimaltenango,Brasil,Harry Kane
491,18 - 24 Años,Femenino,Guatemala,Inglaterra,Cristiano Ronaldo
492,45 - 54 Años,Masculino,Guatemala,Estados Unidos,Julián Álvarez
492,45 - 54 Años,Masculino,Guatemala,Estados Unidos,Ninguno
493,45 - 54 Años,Femenino,Chimaltenango,Inglaterra,Neymar Jr.
494,25 - 34 Años,Masculino,Guatemala,Argentina,Kylian Mbappé
495,35 - 44 Años,Masculino,Huehuetenango,Estados Unidos,Lamine Yamal
495,35 - 44 Años,Masculino,Huehuetenango,Estados Unidos,Lionel Messi
496,18 - 24 Años,Masculino,Chimaltenango,México,Lionel Messi
496,18 - 24 Años,Masculino,Chimaltenango,México,Vinícius Júnior
497,18 - 24 Años,Masculino,Chimaltenango,Paraguay,Lamine Yamal
498,Menos De 18 Años,Masculino,Escuintla,Argentina,Neymar Jr.
498,Menos De 18 Años,Masculino,Escuintla,Argentina,Vinícius Júnior
499,25 - 34 Años,Masculino,El Progreso,Argentina,Cristiano Ronaldo
500,35 - 44 Años,Masculino,San Marcos,Brasil,Julián Álvarez
500,35 - 44 Años,Masculino,San Marcos,Brasil,Neymar Jr.
501,18 - 24 Años,Masculino,Chimaltenango,México,Cristiano Ronaldo
501,18 - 24 Años,Masculino,Chimaltenango,México,Vinícius Júnior
502,25 - 34 Años,Masculino,Suchitepéquez,Colombia,Lionel Messi
503,25 - 34 Años,Femenino,Quetzaltenango,Brasil,Lionel Messi
503,25 - 34 Años,Femenino,Quetzaltenango,Brasil,Julián Álvarez
504,25 - 34 Años,Masculino,Quetzaltenango,Francia,Cristiano Ronaldo
505,45 - 54 Años,Masculino,Guatemala,Argentina,Cristiano Ronaldo
505,45 - 54 Años,Masculino,Guatemala,Argentina,Julián Álvarez
506,Menos De 18 Años,Femenino,Guatemala,Paraguay,Christian Pulisic
506,Menos De 18 Años,Femenino,Guatemala,Paraguay,Rodri
507,55 Años O Más,Masculino,Petén,México,Christian Pulisic
507,55 Años O Más,Masculino,Petén,México,Jude Bellingham
508,35 - 44 Años,Femenino,Guatemala,Francia,Cristiano Ronaldo
509,35 - 44 Años,Masculino,Guatemala,Francia,Cristiano Ronaldo
509,35 - 44 Años,Masculino,Guatemala,Francia,Alphonso Davies
509,35 - 44 Años,Masculino,Guatemala,Francia,Lionel Messi
510,18 - 24 Años,Masculino,Guatemala, BRASIL ,Lamine Yamal
510,18 - 24 Años,Masculino,Guatemala, BRASIL ,Lionel Messi
511,35 - 44 Años,Masculino,Guatemala,Francia,Lionel Messi
511,35 - 44 Años,Masculino,Guatemala,Francia,Neymar Jr.
511,35 - 44 Años,Masculino,Guatemala,Francia,Ninguno
512,55 Años O Más,Femenino,Suchitepéquez,Argentina,Kylian Mbappé
513,35 - 44 Años,Masculino,Sacatepéquez,Haití,Neymar Jr.
513,35 - 44 Años,Masculino,Sacatepéquez,Haití,Cristiano Ronaldo
513,35 - 44 Años,Masculino,Sacatepéquez,Haití,Julián Álvarez
514,35 - 44 Años,Prefiero No Indicarlo,Guatemala,Argentina,Cristiano Ronaldo
515,18 - 24 Años,Masculino,Guatemala,Estados Unidos,Cristiano Ronaldo
515,18 - 24 Años,Masculino,Guatemala,Estados Unidos,Vinícius Júnior
516,35 - 44 Años,Masculino,Sacatepéquez,España,Lionel Messi
516,35 - 44 Años,Masculino,Sacatepéquez,España,Cristiano Ronaldo
517,18 - 24 Años,Masculino,Chimaltenango,Colombia,Lionel Messi
518,Menos De 18 Años,Femenino,Sacatepéquez,Francia,Jude Bellingham
518,Menos De 18 Años,Femenino,Sacatepéquez,Francia,Cristiano Ronaldo
519,25 - 34 Años,Femenino,Escuintla,Uruguay,Lionel Messi
520,55 Años O Más,Masculino,Guatemala,Uruguay,Harry Kane
520,55 Años O Más,Masculino,Guatemala,Uruguay,Lionel Messi
521,45 - 54 Años,Masculino,Sacatepéquez,Japón,Julián Álvarez
521,45 - 54 Años,Masculino,Sacatepéquez,Japón,Federico Valverde
521,45 - 54 Años,Masculino,Sacatepéquez,Japón,Neymar Jr.
522,25 - 34 Años,Femenino,Zacapa,Alemania,Neymar Jr.
522,25 - 34 Años,Femenino,Zacapa,Alemania,Cristiano Ronaldo
522,25 - 34 Años,Femenino,Zacapa,Alemania,Kylian Mbappé
523,25 - 34 Años,Masculino,Quetzaltenango,Estados Unidos,Cristiano Ronaldo
523,25 - 34 Años,Masculino,Quetzaltenango,Estados Unidos,Vinícius Júnior
523,25 - 34 Años,Masculino,Quetzaltenango,Estados Unidos,Neymar Jr.
524,35 - 44 Años,Masculino,Guatemala,Senegal,Vinícius Júnior
525,25 - 34 Años,Masculino,Guatemala,Uruguay,Christian Pulisic
525,25 - 34 Años,Masculino,Guatemala,Uruguay,Neymar Jr.
526,Menos De 18 Años,Femenino,Guatemala,Brasil,Lionel Messi
526,Menos De 18 Años,Femenino,Guatemala,Brasil,Jude Bellingham
526,Menos De 18 Años,Femenino,Guatemala,Brasil,Federico Valverde
527,18 - 24 Años,Masculino,Jutiapa,Uruguay,Julián Álvarez
528,18 - 24 Años,Masculino,Sololá,Portugal,Lionel Messi
528,18 - 24 Años,Masculino,Sololá,Portugal,Harry Kane
528,18 - 24 Años,Masculino,Sololá,Portugal,Rodri
529,25 - 34 Años,Femenino,Guatemala,Inglaterra,Vinícius Júnior
529,25 - 34 Años,Femenino,Guatemala,Inglaterra,Cristiano Ronaldo
530,25 - 34 Años,Masculino,Retalhuleu,Portugal,Lionel Messi
531,18 - 24 Años,Femenino,Jalapa,Francia,Lamine Yamal
532,35 - 44 Años,Femenino,Guatemala, BRASIL ,Federico Valverde
533,55 Años O Más,Femenino,Guatemala,Argentina,Vinícius Júnior
534,55 Años O Más,Masculino,Guatemala,Bélgica,Vinícius Júnior
534,55 Años O Más,Masculino,Guatemala,Bélgica,Lionel Messi
534,55 Años O Más,Masculino,Guatemala,Bélgica,Harry Kane
535,25 - 34 Años,Masculino,Sacatepéquez,Brasil,Vinícius Júnior
535,25 - 34 Años,Masculino,Sacatepéquez,Brasil,Jude Bellingham
535,25 - 34 Años,Masculino,Sacatepéquez,Brasil,Neymar Jr.
536,25 - 34 Años,Femenino,Chimaltenango,Francia,Federico Valverde
536,25 - 34 Años,Femenino,Chimaltenango,Francia,Kylian Mbappé
536,25 - 34 Años,Femenino,Chimaltenango,Francia,Lamine Yamal
537,25 - 34 Años,Masculino,Escuintla,Colombia,Federico Valverde
537,25 - 34 Años,Masculino,Escuintla,Colombia,Christian Pulisic
538,35 - 44 Años,Femenino,Guatemala,Senegal,Cristiano Ronaldo
538,35 - 44 Años,Femenino,Guatemala,Senegal,Lionel Messi
539,18 - 24 Años,Masculino,Guatemala,México,Ninguno
539,18 - 24 Años,Masculino,Guatemala,México,Neymar Jr.
539,18 - 24 Años,Masculino,Guatemala,México,Jude Bellingham
540,35 - 44 Años,Femenino,San Marcos,México,Neymar Jr.
540,35 - 44 Años,Femenino,San Marcos,México,Cristiano Ronaldo
541,18 - 24 Años,Masculino,Guatemala,México,Cristiano Ronaldo
541,18 - 24 Años,Masculino,Guatemala,México,Lionel Messi
542,Menos De 18 Años,Femenino,Guatemala,Estados Unidos,Cristiano Ronaldo
542,Menos De 18 Años,Femenino,Guatemala,Estados Unidos,Christian Pulisic
543,18 - 24 Años,Masculino,Guatemala,Portugal,Lionel Messi
543,18 - 24 Años,Masculino,Guatemala,Portugal,Harry Kane
544,25 - 34 Años,Femenino,Quetzaltenango,Argentina,Cristiano Ronaldo
544,25 - 34 Años,Femenino,Quetzaltenango,Argentina,Lionel Messi
544,25 - 34 Años,Femenino,Quetzaltenango,Argentina,Neymar Jr.
545,25 - 34 Años,Femenino,Quetzaltenango,Brasil,Vinícius Júnior
545,25 - 34 Años,Femenino,Quetzaltenango,Brasil,Cristiano Ronaldo
546,45 - 54 Años,Femenino,Guatemala,Colombia,Jude Bellingham
546,45 - 54 Años,Femenino,Guatemala,Colombia,Neymar Jr.
546,45 - 54 Años,Femenino,Guatemala,Colombia,Vinícius Júnior
547,18 - 24 Años,Masculino,Guatemala,Argentina,Federico Valverde
548,18 - 24 Años,Femenino,Sacatepéquez,Brasil,Vinícius Júnior
549,35 - 44 Años,Masculino,Guatemala,Inglaterra,Cristiano Ronaldo
550,25 - 34 Años,Masculino,Guatemala,Argentina,Lamine Yamal
550,25 - 34 Años,Masculino,Guatemala,Argentina,Alphonso Davies
550,25 - 34 Años,Masculino,Guatemala,Argentina,Cristiano Ronaldo
551,55 Años O Más,Masculino,Izabal,Brasil,Federico Valverde
552,18 - 24 Años,Masculino,Quetzaltenango,Francia,Lamine Yamal
552,18 - 24 Años,Masculino,Quetzaltenango,Francia,Kylian Mbappé
552,18 - 24 Años,Masculino,Quetzaltenango,Francia,Lionel Messi
553,45 - 54 Años,Prefiero No Indicarlo,El Progreso,Brasil,Jude Bellingham
554,18 - 24 Años,Masculino,Guatemala,Argentina,Lionel Messi
555,18 - 24 Años,Femenino,Baja Verapaz,Francia,Lionel Messi
556,Menos De 18 Años,Femenino,Suchitepéquez,Francia,Neymar Jr.
557,55 Años O Más,Femenino,Sacatepéquez,Inglaterra,Federico Valverde
558,18 - 24 Años,Femenino,Jutiapa,Portugal,Kylian Mbappé
558,18 - 24 Años,Femenino,Jutiapa,Portugal,Lionel Messi
558,18 - 24 Años,Femenino,Jutiapa,Portugal,Vinícius Júnior
559,45 - 54 Años,Masculino,Escuintla,Brasil,Vinícius Júnior
560,Menos De 18 Años,Femenino,Guatemala,Francia,Lionel Messi
560,Menos De 18 Años,Femenino,Guatemala,Francia,Christian Pulisic
560,Menos De 18 Años,Femenino,Guatemala,Francia,Cristiano Ronaldo
561,45 - 54 Años,Femenino,Guatemala,México,Vinícius Júnior
561,45 - 54 Años,Femenino,Guatemala,México,Jude Bellingham
562,55 Años O Más,Femenino,Sacatepéquez,Argentina,Kylian Mbappé
562,55 Años O Más,Femenino,Sacatepéquez,Argentina,Jude Bellingham
562,55 Años O Más,Femenino,Sacatepéquez,Argentina,Lionel Messi
563,45 - 54 Años,Femenino,Quetzaltenango,Portugal,Neymar Jr.
563,45 - 54 Años,Femenino,Quetzaltenango,Portugal,Cristiano Ronaldo
564,55 Años O Más,Femenino,Chimaltenango,Argentina,Vinícius Júnior
564,55 Años O Más,Femenino,Chimaltenango,Argentina,Lamine Yamal
564,55 Años O Más,Femenino,Chimaltenango,Argentina,Lionel Messi
565,Menos De 18 Años,Femenino,Guatemala,Francia,Neymar Jr.
566,35 - 44 Años,Femenino,Huehuetenango,Uruguay,Lionel Messi
566,35 - 44 Años,Femenino,Huehuetenango,Uruguay,Alphonso Davies
566,35 - 44 Años,Femenino,Huehuetenango,Uruguay,Cristiano Ronaldo
567,35 - 44 Años,Femenino,Guatemala,Argentina,Cristiano Ronaldo
568,45 - 54 Años,Masculino,Guatemala,México,Jude Bellingham
568,45 - 54 Años,Masculino,Guatemala,México,Vinícius Júnior
568,45 - 54 Años,Masculino,Guatemala,México,Alphonso Davies
569,35 - 44 Años,Femenino,Guatemala,Estados Unidos,Kylian Mbappé
570,35 - 44 Años,Masculino,Guatemala,México,Cristiano Ronaldo
570,35 - 44 Años,Masculino,Guatemala,México,Lionel Messi
570,35 - 44 Años,Masculino,Guatemala,México,Kylian Mbappé
571,25 - 34 Años,Femenino,Guatemala,Portugal,Alphonso Davies
571,25 - 34 Años,Femenino,Guatemala,Portugal,Ninguno
572,18 - 24 Años,Femenino,Chimaltenango,Brasil,Lamine Yamal
573,18 - 24 Años,Masculino,Escuintla,Panamá,Lionel Messi
573,18 - 24 Años,Masculino,Escuintla,Panamá,Ninguno
574,18 - 24 Años,Femenino,Guatemala,Colombia,Neymar Jr.
575,18 - 24 Años,Masculino,Izabal,Argentina,Lionel Messi
575,18 - 24 Años,Masculino,Izabal,Argentina,Cristiano Ronaldo
576,18 - 24 Años,Masculino,El Progreso,Arabia Saudita,Neymar Jr.
576,18 - 24 Años,Masculino,El Progreso,Arabia Saudita,Lionel Messi
577,Menos De 18 Años,Masculino,Guatemala, ESTADOS UNIDOS ,Alphonso Davies
578,18 - 24 Años,Prefiero No Indicarlo,Jalapa,Argentina,Cristiano Ronaldo
578,18 - 24 Años,Prefiero No Indicarlo,Jalapa,Argentina,Harry Kane
579,25 - 34 Años,Masculino,Guatemala,Argentina,Kylian Mbappé
580,Menos De 18 Años,Femenino,Guatemala,México,Rodri
580,Menos De 18 Años,Femenino,Guatemala,México,Neymar Jr.
580,Menos De 18 Años,Femenino,Guatemala,México,Jude Bellingham
581,18 - 24 Años,Femenino,Guatemala,Portugal,Vinícius Júnior
582,35 - 44 Años,Masculino,Suchitepéquez,Estados Unidos,Kylian Mbappé
582,35 - 44 Años,Masculino,Suchitepéquez,Estados Unidos,Cristiano Ronaldo
582,35 - 44 Años,Masculino,Suchitepéquez,Estados Unidos,Neymar Jr.
583,25 - 34 Años,Masculino,Guatemala,Escocia,Kylian Mbappé
583,25 - 34 Años,Masculino,Guatemala,Escocia,Neymar Jr.
584,55 Años O Más,Masculino,Chimaltenango,Inglaterra,Lionel Messi
585,25 - 34 Años,Masculino,Sacatepéquez,Portugal,Neymar Jr.
586,45 - 54 Años,Masculino,Jutiapa,Portugal,Alphonso Davies
587,35 - 44 Años,Femenino,Zacapa,Inglaterra,Cristiano Ronaldo
587,35 - 44 Años,Femenino,Zacapa,Inglaterra,Lionel Messi
588,18 - 24 Años,Masculino,Escuintla,México,Lionel Messi
589,25 - 34 Años,Femenino,Huehuetenango,México,Alphonso Davies
589,25 - 34 Años,Femenino,Huehuetenango,México,Vinícius Júnior
590,18 - 24 Años,Masculino,Quetzaltenango,Argentina,Harry Kane
591,25 - 34 Años,Femenino,Guatemala,Uruguay,Lamine Yamal
592,18 - 24 Años,Masculino,Quetzaltenango,Argentina,Vinícius Júnior
592,18 - 24 Años,Masculino,Quetzaltenango,Argentina,Lamine Yamal
592,18 - 24 Años,Masculino,Quetzaltenango,Argentina,Harry Kane
593,Menos De 18 Años,Femenino,Guatemala,España,Kylian Mbappé
593,Menos De 18 Años,Femenino,Guatemala,España,Cristiano Ronaldo
593,Menos De 18 Años,Femenino,Guatemala,España,Lionel Messi
594,35 - 44 Años,Masculino,Guatemala,México,Cristiano Ronaldo
595,45 - 54 Años,Femenino,Guatemala,Inglaterra,Neymar Jr.
595,45 - 54 Años,Femenino,Guatemala,Inglaterra,Lionel Messi
595,45 - 54 Años,Femenino,Guatemala,Inglaterra,Julián Álvarez
596,25 - 34 Años,Masculino,Quetzaltenango,Colombia,Lionel Messi
597,Menos De 18 Años,Femenino,Chimaltenango,Estados Unidos,Cristiano Ronaldo
597,Menos De 18 Años,Femenino,Chimaltenango,Estados Unidos,Vinícius Júnior
597,Menos De 18 Años,Femenino,Chimaltenango,Estados Unidos,Kylian Mbappé
598,Menos De 18 Años,Masculino,Sacatepéquez,Argentina,Neymar Jr.
598,Menos De 18 Años,Masculino,Sacatepéquez,Argentina,Cristiano Ronaldo
598,Menos De 18 Años,Masculino,Sacatepéquez,Argentina,Jude Bellingham
599,25 - 34 Años,Femenino,Guatemala,Portugal,Vinícius Júnior
599,25 - 34 Años,Femenino,Guatemala,Portugal,Jude Bellingham
600,45 - 54 Años,Femenino,Guatemala,Francia,Jude Bellingham
600,45 - 54 Años,Femenino,Guatemala,Francia,Neymar Jr.
601,18 - 24 Años,Masculino,Suchitepéquez,Inglaterra,Harry Kane
601,18 - 24 Años,Masculino,Suchitepéquez,Inglaterra,Cristiano Ronaldo
601,18 - 24 Años,Masculino,Suchitepéquez,Inglaterra,Lionel Messi
602,45 - 54 Años,Masculino,Chimaltenango,Argentina,Cristiano Ronaldo
602,45 - 54 Años,Masculino,Chimaltenango,Argentina,Neymar Jr.
602,45 - 54 Años,Masculino,Chimaltenango,Argentina,Lionel Messi
603,35 - 44 Años,Femenino,Guatemala,Portugal,Lionel Messi
603,35 - 44 Años,Femenino,Guatemala,Portugal,Jude Bellingham
603,35 - 44 Años,Femenino,Guatemala,Portugal,Kylian Mbappé
604,Menos De 18 Años,Femenino,Chimaltenango,Portugal,Vinícius Júnior
605,25 - 34 Años,Femenino,Chimaltenango,España,Neymar Jr.
606,25 - 34 Años,Femenino,Quetzaltenango,Portugal,Jude Bellingham
607,Menos De 18 Años,Masculino,Huehuetenango,Estados Unidos,Christian Pulisic
607,Menos De 18 Años,Masculino,Huehuetenango,Estados Unidos,Lionel Messi
607,Menos De 18 Años,Masculino,Huehuetenango,Estados Unidos,Harry Kane
608,25 - 34 Años,Masculino,Guatemala,Brasil,Christian Pulisic
609,18 - 24 Años,Femenino,Quetzaltenango,Argentina,Lionel Messi
609,18 - 24 Años,Femenino,Quetzaltenango,Argentina,Julián Álvarez
609,18 - 24 Años,Femenino,Quetzaltenango,Argentina,Neymar Jr.
1416,45 - 54 Años,Masculino,Huehuetenango,México,Federico Valverde
611,45 - 54 Años,Femenino,Jalapa,Arabia Saudita,Cristiano Ronaldo
612,35 - 44 Años,Femenino,Guatemala,Brasil,Cristiano Ronaldo
613,25 - 34 Años,Masculino,Escuintla,Estados Unidos,Vinícius Júnior
613,25 - 34 Años,Masculino,Escuintla,Estados Unidos,Cristiano Ronaldo
613,25 - 34 Años,Masculino,Escuintla,Estados Unidos,Lionel Messi
614,45 - 54 Años,Femenino,Guatemala,Brasil,Cristiano Ronaldo
615,18 - 24 Años,Masculino,Guatemala,Brasil,Lionel Messi
615,18 - 24 Años,Masculino,Guatemala,Brasil,Vinícius Júnior
1472,45 - 54 Años,Femenino,Chimaltenango,Francia,Neymar Jr.
1472,45 - 54 Años,Femenino,Chimaltenango,Francia,Cristiano Ronaldo
617,35 - 44 Años,Femenino,Jutiapa, BRASIL ,Neymar Jr.
618,18 - 24 Años,Femenino,Sololá, PORTUGAL ,Kylian Mbappé
619,35 - 44 Años,Masculino,Sacatepéquez,España,Neymar Jr.
619,35 - 44 Años,Masculino,Sacatepéquez,España,Lionel Messi
619,35 - 44 Años,Masculino,Sacatepéquez,España,Vinícius Júnior
620,25 - 34 Años,Masculino,San Marcos,Argentina,Alphonso Davies
620,25 - 34 Años,Masculino,San Marcos,Argentina,Kylian Mbappé
620,25 - 34 Años,Masculino,San Marcos,Argentina,Vinícius Júnior
621,Menos De 18 Años,Femenino,Escuintla,Arabia Saudita,Jude Bellingham
621,Menos De 18 Años,Femenino,Escuintla,Arabia Saudita,Julián Álvarez
621,Menos De 18 Años,Femenino,Escuintla,Arabia Saudita,Kylian Mbappé
622,35 - 44 Años,Femenino,Guatemala,Brasil,Neymar Jr.
623,18 - 24 Años,Masculino,Guatemala,Brasil,Federico Valverde
623,18 - 24 Años,Masculino,Guatemala,Brasil,Lionel Messi
623,18 - 24 Años,Masculino,Guatemala,Brasil,Rodri
624,Menos De 18 Años,Masculino,Petén,Inglaterra,Jude Bellingham
624,Menos De 18 Años,Masculino,Petén,Inglaterra,Vinícius Júnior
625,18 - 24 Años,Femenino,Izabal,Portugal,Ninguno
625,18 - 24 Años,Femenino,Izabal,Portugal,Christian Pulisic
625,18 - 24 Años,Femenino,Izabal,Portugal,Jude Bellingham
626,18 - 24 Años,Masculino,Guatemala,Francia,Cristiano Ronaldo
626,18 - 24 Años,Masculino,Guatemala,Francia,Julián Álvarez
627,25 - 34 Años,Masculino,Guatemala,Estados Unidos,Lionel Messi
627,25 - 34 Años,Masculino,Guatemala,Estados Unidos,Neymar Jr.
628,25 - 34 Años,Masculino,Guatemala,Brasil,Christian Pulisic
628,25 - 34 Años,Masculino,Guatemala,Brasil,Federico Valverde
629,18 - 24 Años,Masculino,Izabal,Argentina,Lamine Yamal
629,18 - 24 Años,Masculino,Izabal,Argentina,Harry Kane
630,55 Años O Más,Masculino,Baja Verapaz,Colombia,Christian Pulisic
630,55 Años O Más,Masculino,Baja Verapaz,Colombia,Neymar Jr.
630,55 Años O Más,Masculino,Baja Verapaz,Colombia,Alphonso Davies
631,18 - 24 Años,Masculino,Guatemala,México,Rodri
631,18 - 24 Años,Masculino,Guatemala,México,Alphonso Davies
631,18 - 24 Años,Masculino,Guatemala,México,Julián Álvarez
632,25 - 34 Años,Femenino,Guatemala,México,Christian Pulisic
632,25 - 34 Años,Femenino,Guatemala,México,Ninguno
633,45 - 54 Años,Masculino,Sacatepéquez,Brasil,Lionel Messi
634,35 - 44 Años,Masculino,Chimaltenango,Argelia,Lamine Yamal
634,35 - 44 Años,Masculino,Chimaltenango,Argelia,Ninguno
635,35 - 44 Años,Masculino,Guatemala,España,Lionel Messi
636,55 Años O Más,Masculino,Jutiapa,España,Lionel Messi
637,18 - 24 Años,Femenino,Escuintla,Brasil,Federico Valverde
638,18 - 24 Años,Masculino,Sacatepéquez,Portugal,Cristiano Ronaldo
638,18 - 24 Años,Masculino,Sacatepéquez,Portugal,Neymar Jr.
638,18 - 24 Años,Masculino,Sacatepéquez,Portugal,Kylian Mbappé
639,25 - 34 Años,Femenino,Guatemala,Brasil,Lionel Messi
639,25 - 34 Años,Femenino,Guatemala,Brasil,Cristiano Ronaldo
640,45 - 54 Años,Femenino,El Progreso,Curaçao,Kylian Mbappé
640,45 - 54 Años,Femenino,El Progreso,Curaçao,Vinícius Júnior
641,18 - 24 Años,Masculino,Jutiapa,Brasil,Vinícius Júnior
641,18 - 24 Años,Masculino,Jutiapa,Brasil,Cristiano Ronaldo
641,18 - 24 Años,Masculino,Jutiapa,Brasil,Julián Álvarez
642,Menos De 18 Años,Femenino,San Marcos,Francia,Lamine Yamal
642,Menos De 18 Años,Femenino,San Marcos,Francia,Neymar Jr.
643,55 Años O Más,Femenino,Baja Verapaz,Portugal,Lionel Messi
643,55 Años O Más,Femenino,Baja Verapaz,Portugal,Cristiano Ronaldo
644,25 - 34 Años,Masculino,Guatemala,Francia,Cristiano Ronaldo
645,18 - 24 Años,Masculino,Quetzaltenango,Francia,Lamine Yamal
646,18 - 24 Años,Femenino,Quetzaltenango,España,Lionel Messi
647,25 - 34 Años,Femenino,Escuintla,Portugal,Christian Pulisic
648,Menos De 18 Años,Femenino,Guatemala,Alemania,Kylian Mbappé
648,Menos De 18 Años,Femenino,Guatemala,Alemania,Vinícius Júnior
649,55 Años O Más,Femenino,Guatemala,Alemania,Lionel Messi
649,55 Años O Más,Femenino,Guatemala,Alemania,Alphonso Davies
650,18 - 24 Años,Masculino,Suchitepéquez,Portugal,Lionel Messi
650,18 - 24 Años,Masculino,Suchitepéquez,Portugal,Kylian Mbappé
650,18 - 24 Años,Masculino,Suchitepéquez,Portugal,Jude Bellingham
651,25 - 34 Años,Femenino,Guatemala,Argentina,Kylian Mbappé
651,25 - 34 Años,Femenino,Guatemala,Argentina,Cristiano Ronaldo
652,35 - 44 Años,Femenino,Chimaltenango,Ghana,Ninguno
652,35 - 44 Años,Femenino,Chimaltenango,Ghana,Federico Valverde
652,35 - 44 Años,Femenino,Chimaltenango,Ghana,Neymar Jr.
653,55 Años O Más,Femenino,Alta Verapaz,Brasil,Harry Kane
653,55 Años O Más,Femenino,Alta Verapaz,Brasil,Federico Valverde
653,55 Años O Más,Femenino,Alta Verapaz,Brasil,Kylian Mbappé
654,35 - 44 Años,Masculino,Chimaltenango,España,Harry Kane
654,35 - 44 Años,Masculino,Chimaltenango,España,Cristiano Ronaldo
655,45 - 54 Años,Femenino,Guatemala,Inglaterra,Julián Álvarez
655,45 - 54 Años,Femenino,Guatemala,Inglaterra,Neymar Jr.
656,Menos De 18 Años,Masculino,Xela,México,Lionel Messi
657,25 - 34 Años,Masculino,Guatemala,Uzbekistán,Kylian Mbappé
657,25 - 34 Años,Masculino,Guatemala,Uzbekistán,Lionel Messi
657,25 - 34 Años,Masculino,Guatemala,Uzbekistán,Lamine Yamal
658,45 - 54 Años,Masculino,Chimaltenango,España,Lionel Messi
659,25 - 34 Años,Femenino,Quiché,Portugal,Kylian Mbappé
659,25 - 34 Años,Femenino,Quiché,Portugal,Julián Álvarez
660,35 - 44 Años,Femenino,Guatemala,Francia,Rodri
660,35 - 44 Años,Femenino,Guatemala,Francia,Cristiano Ronaldo
661,45 - 54 Años,Femenino,Zacapa,México,Kylian Mbappé
661,45 - 54 Años,Femenino,Zacapa,México,Vinícius Júnior
661,45 - 54 Años,Femenino,Zacapa,México,Cristiano Ronaldo
662,25 - 34 Años,Masculino,Guatemala,Inglaterra,Jude Bellingham
663,25 - 34 Años,Masculino,Chimaltenango,Uruguay,Neymar Jr.
664,35 - 44 Años,Masculino,Sacatepéquez,Colombia,Alphonso Davies
664,35 - 44 Años,Masculino,Sacatepéquez,Colombia,Neymar Jr.
664,35 - 44 Años,Masculino,Sacatepéquez,Colombia,Julián Álvarez
665,25 - 34 Años,Masculino,Chimaltenango,Brasil,Cristiano Ronaldo
665,25 - 34 Años,Masculino,Chimaltenango,Brasil,Jude Bellingham
666,Menos De 18 Años,Femenino,Guatemala,Portugal,Lionel Messi
667,35 - 44 Años,Femenino,Chimaltenango,Curaçao,Ninguno
668,35 - 44 Años,Masculino,Baja Verapaz,España,Federico Valverde
668,35 - 44 Años,Masculino,Baja Verapaz,España,Cristiano Ronaldo
669,35 - 44 Años,Prefiero No Indicarlo,Guatemala,Argentina,Kylian Mbappé
669,35 - 44 Años,Prefiero No Indicarlo,Guatemala,Argentina,Julián Álvarez
670,18 - 24 Años,Masculino,Guatemala,México,Lamine Yamal
671,18 - 24 Años,Masculino,Chimaltenango,Brasil,Rodri
671,18 - 24 Años,Masculino,Chimaltenango,Brasil,Federico Valverde
671,18 - 24 Años,Masculino,Chimaltenango,Brasil,Neymar Jr.
672,25 - 34 Años,Femenino,Alta Verapaz,Argentina,Rodri
672,25 - 34 Años,Femenino,Alta Verapaz,Argentina,Jude Bellingham
673,35 - 44 Años,Masculino,Guatemala,Francia,Neymar Jr.
674,25 - 34 Años,Masculino,El Progreso,Alemania,Ninguno
675,25 - 34 Años,Femenino,Escuintla,Argentina,Lamine Yamal
675,25 - 34 Años,Femenino,Escuintla,Argentina,Lionel Messi
675,25 - 34 Años,Femenino,Escuintla,Argentina,Cristiano Ronaldo
676,45 - 54 Años,Masculino,Retalhuleu,España,Lionel Messi
676,45 - 54 Años,Masculino,Retalhuleu,España,Cristiano Ronaldo
677,55 Años O Más,Femenino,Suchitepéquez,Argentina,Cristiano Ronaldo
677,55 Años O Más,Femenino,Suchitepéquez,Argentina,Jude Bellingham
678,45 - 54 Años,Femenino,Guatemala,Inglaterra,Christian Pulisic
679,Menos De 18 Años,Masculino,Sacatepéquez,Portugal,Cristiano Ronaldo
679,Menos De 18 Años,Masculino,Sacatepéquez,Portugal,Vinícius Júnior
680,55 Años O Más,Masculino,Escuintla,Francia,Rodri
680,55 Años O Más,Masculino,Escuintla,Francia,Federico Valverde
680,55 Años O Más,Masculino,Escuintla,Francia,Lionel Messi
681,18 - 24 Años,Masculino,Retalhuleu,España,Neymar Jr.
681,18 - 24 Años,Masculino,Retalhuleu,España,Lionel Messi
682,25 - 34 Años,Femenino,Guatemala,Portugal,Ninguno
683,35 - 44 Años,Femenino,Sololá,Inglaterra,Neymar Jr.
683,35 - 44 Años,Femenino,Sololá,Inglaterra,Lionel Messi
684,18 - 24 Años,Femenino,Suchitepéquez,Argentina,Kylian Mbappé
685,35 - 44 Años,Femenino,Jutiapa,Portugal,Lamine Yamal
686,25 - 34 Años,Masculino,Escuintla,México,Cristiano Ronaldo
686,25 - 34 Años,Masculino,Escuintla,México,Vinícius Júnior
686,25 - 34 Años,Masculino,Escuintla,México,Neymar Jr.
687,25 - 34 Años,Masculino,Sacatepéquez,México,Lamine Yamal
688,25 - 34 Años,Masculino,Guatemala,México,Christian Pulisic
688,25 - 34 Años,Masculino,Guatemala,México,Jude Bellingham
689,18 - 24 Años,Femenino,Suchitepéquez,Francia,Neymar Jr.
1961,18 - 24 Años,Masculino,Guatemala,Brasil,Julián Álvarez
691,25 - 34 Años,Femenino,Huehuetenango,Argentina,Lionel Messi
691,25 - 34 Años,Femenino,Huehuetenango,Argentina,Christian Pulisic
691,25 - 34 Años,Femenino,Huehuetenango,Argentina,Lamine Yamal
692,25 - 34 Años,Femenino,Sololá,Estados Unidos,Lamine Yamal
692,25 - 34 Años,Femenino,Sololá,Estados Unidos,Kylian Mbappé
693,Menos De 18 Años,Femenino,Guatemala,Argentina,Kylian Mbappé
694,45 - 54 Años,Masculino,Guatemala,Argentina,Kylian Mbappé
694,45 - 54 Años,Masculino,Guatemala,Argentina,Vinícius Júnior
694,45 - 54 Años,Masculino,Guatemala,Argentina,Harry Kane
695,Menos De 18 Años,Masculino,El Progreso,Francia,Cristiano Ronaldo
695,Menos De 18 Años,Masculino,El Progreso,Francia,Vinícius Júnior
696,35 - 44 Años,Masculino,Guatemala,España,Cristiano Ronaldo
697,18 - 24 Años,Femenino,Santa Rosa,Argentina,Neymar Jr.
697,18 - 24 Años,Femenino,Santa Rosa,Argentina,Lionel Messi
698,18 - 24 Años,Masculino,Chimaltenango, PORTUGAL ,Cristiano Ronaldo
698,18 - 24 Años,Masculino,Chimaltenango, PORTUGAL ,Kylian Mbappé
699,18 - 24 Años,Masculino,Alta Verapaz,Croacia,Julián Álvarez
699,18 - 24 Años,Masculino,Alta Verapaz,Croacia,Lionel Messi
700,35 - 44 Años,Femenino,Guatemala,México,Lionel Messi
701,45 - 54 Años,Masculino,Totonicapán,México,Harry Kane
702,25 - 34 Años,Femenino,Guatemala,Argentina,Cristiano Ronaldo
703,18 - 24 Años,Masculino,Guatemala,México,Christian Pulisic
703,18 - 24 Años,Masculino,Guatemala,México,Vinícius Júnior
704,25 - 34 Años,Femenino,Guatemala,Alemania,Cristiano Ronaldo
705,18 - 24 Años,Masculino,Sacatepéquez,Egipto,Julián Álvarez
705,18 - 24 Años,Masculino,Sacatepéquez,Egipto,Kylian Mbappé
705,18 - 24 Años,Masculino,Sacatepéquez,Egipto,Lionel Messi
706,45 - 54 Años,Masculino,Guatemala,Argentina,Lionel Messi
706,45 - 54 Años,Masculino,Guatemala,Argentina,Neymar Jr.
707,25 - 34 Años,Masculino,Guatemala,Japón,Cristiano Ronaldo
708,18 - 24 Años,Femenino,Guatemala,México,Kylian Mbappé
708,18 - 24 Años,Femenino,Guatemala,México,Lamine Yamal
709,25 - 34 Años,Femenino,El Progreso,Argentina,Cristiano Ronaldo
709,25 - 34 Años,Femenino,El Progreso,Argentina,Jude Bellingham
710,25 - 34 Años,Femenino,Chimaltenango,Argentina,Kylian Mbappé
710,25 - 34 Años,Femenino,Chimaltenango,Argentina,Neymar Jr.
711,55 Años O Más,Femenino,Sacatepéquez,Portugal,Christian Pulisic
712,Menos De 18 Años,Femenino,Sacatepéquez,Argentina,Lamine Yamal
713,35 - 44 Años,Masculino,Guatemala,Brasil,Harry Kane
713,35 - 44 Años,Masculino,Guatemala,Brasil,Rodri
713,35 - 44 Años,Masculino,Guatemala,Brasil,Vinícius Júnior
714,Menos De 18 Años,Masculino,Guatemala,España,Kylian Mbappé
715,25 - 34 Años,Masculino,Escuintla,Brasil,Neymar Jr.
716,35 - 44 Años,Masculino,Escuintla,España,Lionel Messi
716,35 - 44 Años,Masculino,Escuintla,España,Cristiano Ronaldo
716,35 - 44 Años,Masculino,Escuintla,España,Alphonso Davies
717,18 - 24 Años,Masculino,Petén,Brasil,Jude Bellingham
718,Menos De 18 Años,Femenino,Guatemala,Argentina,Alphonso Davies
718,Menos De 18 Años,Femenino,Guatemala,Argentina,Neymar Jr.
719,Menos De 18 Años,Femenino,Guatemala,Colombia,Lamine Yamal
719,Menos De 18 Años,Femenino,Guatemala,Colombia,Jude Bellingham
719,Menos De 18 Años,Femenino,Guatemala,Colombia,Neymar Jr.
720,45 - 54 Años,Masculino,Jalapa,España,Neymar Jr.
720,45 - 54 Años,Masculino,Jalapa,España,Lionel Messi
720,45 - 54 Años,Masculino,Jalapa,España,Harry Kane
721,45 - 54 Años,Masculino,Escuintla,Brasil,Cristiano Ronaldo
721,45 - 54 Años,Masculino,Escuintla,Brasil,Rodri
722,18 - 24 Años,Femenino,Guatemala,Brasil,Cristiano Ronaldo
723,45 - 54 Años,Femenino,Sacatepéquez,Brasil,Alphonso Davies
723,45 - 54 Años,Femenino,Sacatepéquez,Brasil,Lionel Messi
723,45 - 54 Años,Femenino,Sacatepéquez,Brasil,Kylian Mbappé
724,Menos De 18 Años,Masculino,Guatemala,Argentina,Lionel Messi
724,Menos De 18 Años,Masculino,Guatemala,Argentina,Lamine Yamal
724,Menos De 18 Años,Masculino,Guatemala,Argentina,Cristiano Ronaldo
725,45 - 54 Años,Masculino,Guatemala,Portugal,Vinícius Júnior
725,45 - 54 Años,Masculino,Guatemala,Portugal,Cristiano Ronaldo
725,45 - 54 Años,Masculino,Guatemala,Portugal,Alphonso Davies
726,35 - 44 Años,Femenino,Huehuetenango,Argentina,Jude Bellingham
726,35 - 44 Años,Femenino,Huehuetenango,Argentina,Harry Kane
727,45 - 54 Años,Masculino,Guatemala,Portugal,Julián Álvarez
727,45 - 54 Años,Masculino,Guatemala,Portugal,Neymar Jr.
728,35 - 44 Años,Masculino,Guatemala,Estados Unidos,Harry Kane
728,35 - 44 Años,Masculino,Guatemala,Estados Unidos,Neymar Jr.
729,18 - 24 Años,Masculino,Quetzaltenango,Brasil,Julián Álvarez
729,18 - 24 Años,Masculino,Quetzaltenango,Brasil,Kylian Mbappé
729,18 - 24 Años,Masculino,Quetzaltenango,Brasil,Neymar Jr.
730,25 - 34 Años,Femenino,Totonicapán,Brasil,Neymar Jr.
731,35 - 44 Años,Femenino,Sacatepéquez,Francia,Lionel Messi
732,25 - 34 Años,Femenino,Quetzaltenango,Brasil,Lionel Messi
732,25 - 34 Años,Femenino,Quetzaltenango,Brasil,Neymar Jr.
733,25 - 34 Años,Masculino,Guatemala,Portugal,Jude Bellingham
733,25 - 34 Años,Masculino,Guatemala,Portugal,Vinícius Júnior
733,25 - 34 Años,Masculino,Guatemala,Portugal,Cristiano Ronaldo
734,35 - 44 Años,Masculino,Guatemala,España,Neymar Jr.
734,35 - 44 Años,Masculino,Guatemala,España,Lionel Messi
734,35 - 44 Años,Masculino,Guatemala,España,Kylian Mbappé
735,18 - 24 Años,Masculino,Sacatepéquez,Argentina,Alphonso Davies
736,25 - 34 Años,Masculino,Guatemala, ARGENTINA ,Neymar Jr.
736,25 - 34 Años,Masculino,Guatemala, ARGENTINA ,Lamine Yamal
737,25 - 34 Años,Masculino,San Marcos,España,Kylian Mbappé
737,25 - 34 Años,Masculino,San Marcos,España,Neymar Jr.
737,25 - 34 Años,Masculino,San Marcos,España,Jude Bellingham
738,Menos De 18 Años,Masculino,Chimaltenango,Brasil,Neymar Jr.
739,35 - 44 Años,Femenino,Sacatepéquez,Brasil,Cristiano Ronaldo
740,25 - 34 Años,Femenino,Quetzaltenango,España,Christian Pulisic
740,25 - 34 Años,Femenino,Quetzaltenango,España,Lionel Messi
741,45 - 54 Años,Masculino,Sacatepéquez,Argentina,Lamine Yamal
741,45 - 54 Años,Masculino,Sacatepéquez,Argentina,Neymar Jr.
741,45 - 54 Años,Masculino,Sacatepéquez,Argentina,Vinícius Júnior
742,45 - 54 Años,Femenino,Escuintla,Alemania,Cristiano Ronaldo
743,35 - 44 Años,Femenino,Guatemala,Argentina,Lionel Messi
743,35 - 44 Años,Femenino,Guatemala,Argentina,Rodri
743,35 - 44 Años,Femenino,Guatemala,Argentina,Neymar Jr.
744,35 - 44 Años,Masculino,Guatemala,Brasil,Kylian Mbappé
744,35 - 44 Años,Masculino,Guatemala,Brasil,Neymar Jr.
745,18 - 24 Años,Masculino,Xela,Colombia,Cristiano Ronaldo
745,18 - 24 Años,Masculino,Xela,Colombia,Harry Kane
745,18 - 24 Años,Masculino,Xela,Colombia,Kylian Mbappé
746,18 - 24 Años,Femenino,Guatemala,Brasil,Harry Kane
747,18 - 24 Años,Masculino,El Progreso,Ghana,Rodri
748,25 - 34 Años,Prefiero No Indicarlo,Quetzaltenango,Estados Unidos,Vinícius Júnior
749,25 - 34 Años,Femenino,Suchitepéquez,Paraguay,Lamine Yamal
749,25 - 34 Años,Femenino,Suchitepéquez,Paraguay,Vinícius Júnior
750,25 - 34 Años,Femenino,Sacatepéquez,España,Lionel Messi
751,18 - 24 Años,Femenino,Santa Rosa,Argentina,Jude Bellingham
751,18 - 24 Años,Femenino,Santa Rosa,Argentina,Lionel Messi
751,18 - 24 Años,Femenino,Santa Rosa,Argentina,Neymar Jr.
752,35 - 44 Años,Masculino,Chimaltenango,Uruguay,Neymar Jr.
753,18 - 24 Años,Femenino,Escuintla,Francia,Lionel Messi
754,25 - 34 Años,Femenino,Guatemala,España,Julián Álvarez
754,25 - 34 Años,Femenino,Guatemala,España,Neymar Jr.
754,25 - 34 Años,Femenino,Guatemala,España,Vinícius Júnior
755,55 Años O Más,Masculino,Guatemala,España,Lionel Messi
756,25 - 34 Años,Masculino,Suchitepéquez,Argentina,Cristiano Ronaldo
757,18 - 24 Años,Femenino,Chimaltenango,Brasil,Neymar Jr.
757,18 - 24 Años,Femenino,Chimaltenango,Brasil,Cristiano Ronaldo
757,18 - 24 Años,Femenino,Chimaltenango,Brasil,Kylian Mbappé
758,35 - 44 Años,Femenino,Guatemala,Inglaterra,Neymar Jr.
759,55 Años O Más,Femenino,Escuintla,México,Rodri
759,55 Años O Más,Femenino,Escuintla,México,Cristiano Ronaldo
760,18 - 24 Años,Femenino,Guatemala,Brasil,Federico Valverde
761,35 - 44 Años,Masculino,Huehuetenango,España,Julián Álvarez
761,35 - 44 Años,Masculino,Huehuetenango,España,Lionel Messi
761,35 - 44 Años,Masculino,Huehuetenango,España,Neymar Jr.
762,45 - 54 Años,Masculino,Guatemala,Argentina,Ninguno
762,45 - 54 Años,Masculino,Guatemala,Argentina,Lamine Yamal
763,18 - 24 Años,Masculino,Guatemala,Francia,Lionel Messi
763,18 - 24 Años,Masculino,Guatemala,Francia,Harry Kane
764,25 - 34 Años,Femenino,Quetzaltenango,Estados Unidos,Lionel Messi
764,25 - 34 Años,Femenino,Quetzaltenango,Estados Unidos,Vinícius Júnior
764,25 - 34 Años,Femenino,Quetzaltenango,Estados Unidos,Cristiano Ronaldo
765,35 - 44 Años,Masculino,Guatemala,Brasil,Kylian Mbappé
765,35 - 44 Años,Masculino,Guatemala,Brasil,Federico Valverde
766,18 - 24 Años,Femenino,Alta Verapaz,Estados Unidos,Lamine Yamal
767,18 - 24 Años,Masculino,Jalapa,Francia,Kylian Mbappé
767,18 - 24 Años,Masculino,Jalapa,Francia,Cristiano Ronaldo
767,18 - 24 Años,Masculino,Jalapa,Francia,Jude Bellingham
768,35 - 44 Años,Femenino,Chimaltenango,Paraguay,Kylian Mbappé
768,35 - 44 Años,Femenino,Chimaltenango,Paraguay,Cristiano Ronaldo
769,25 - 34 Años,Femenino,Guatemala,Portugal,Cristiano Ronaldo
770,25 - 34 Años,Masculino,Sacatepéquez,Argentina,Rodri
771,35 - 44 Años,Masculino,Guatemala,Brasil,Lionel Messi
772,18 - 24 Años,Femenino,Guatemala,Jordania,Lionel Messi
772,18 - 24 Años,Femenino,Guatemala,Jordania,Christian Pulisic
772,18 - 24 Años,Femenino,Guatemala,Jordania,Kylian Mbappé
773,Menos De 18 Años,Masculino,Jutiapa,Brasil,Neymar Jr.
774,35 - 44 Años,Masculino,Guatemala,Inglaterra,Neymar Jr.
775,25 - 34 Años,Masculino,Baja Verapaz,México,Kylian Mbappé
776,25 - 34 Años,Masculino,Jutiapa,Brasil,Neymar Jr.
776,25 - 34 Años,Masculino,Jutiapa,Brasil,Lionel Messi
776,25 - 34 Años,Masculino,Jutiapa,Brasil,Kylian Mbappé
777,18 - 24 Años,Femenino,Guatemala,Jordania,Neymar Jr.
777,18 - 24 Años,Femenino,Guatemala,Jordania,Jude Bellingham
778,18 - 24 Años,Femenino,Guatemala,Francia,Kylian Mbappé
778,18 - 24 Años,Femenino,Guatemala,Francia,Neymar Jr.
778,18 - 24 Años,Femenino,Guatemala,Francia,Federico Valverde
779,18 - 24 Años,Masculino,Quetzaltenango,Portugal,Lionel Messi
779,18 - 24 Años,Masculino,Quetzaltenango,Portugal,Vinícius Júnior
779,18 - 24 Años,Masculino,Quetzaltenango,Portugal,Alphonso Davies
780,18 - 24 Años,Masculino,Guatemala,Argentina,Cristiano Ronaldo
781,25 - 34 Años,Femenino,Guatemala,México,Neymar Jr.
782,35 - 44 Años,Masculino,Retalhuleu, FRANCIA ,Lionel Messi
782,35 - 44 Años,Masculino,Retalhuleu, FRANCIA ,Jude Bellingham
782,35 - 44 Años,Masculino,Retalhuleu, FRANCIA ,Vinícius Júnior
783,35 - 44 Años,Masculino,Guatemala,Brasil,Neymar Jr.
784,18 - 24 Años,Masculino,Izabal,Francia,Kylian Mbappé
784,18 - 24 Años,Masculino,Izabal,Francia,Neymar Jr.
784,18 - 24 Años,Masculino,Izabal,Francia,Vinícius Júnior
785,25 - 34 Años,Masculino,Sacatepéquez, BRASIL ,Harry Kane
785,25 - 34 Años,Masculino,Sacatepéquez, BRASIL ,Jude Bellingham
786,25 - 34 Años,Masculino,Baja Verapaz,Brasil,Lionel Messi
786,25 - 34 Años,Masculino,Baja Verapaz,Brasil,Alphonso Davies
786,25 - 34 Años,Masculino,Baja Verapaz,Brasil,Cristiano Ronaldo
787,25 - 34 Años,Masculino,Sacatepéquez,Argentina,Christian Pulisic
787,25 - 34 Años,Masculino,Sacatepéquez,Argentina,Cristiano Ronaldo
788,18 - 24 Años,Femenino,Guatemala,Inglaterra,Neymar Jr.
788,18 - 24 Años,Femenino,Guatemala,Inglaterra,Alphonso Davies
788,18 - 24 Años,Femenino,Guatemala,Inglaterra,Lionel Messi
789,Menos De 18 Años,Femenino,Sacatepéquez,Portugal,Harry Kane
790,18 - 24 Años,Masculino,Santa Rosa,Colombia,Harry Kane
791,25 - 34 Años,Masculino,Guatemala,México,Cristiano Ronaldo
791,25 - 34 Años,Masculino,Guatemala,México,Ninguno
792,35 - 44 Años,Femenino,Chimaltenango,Alemania,Lionel Messi
793,Menos De 18 Años,Masculino,Sacatepéquez,México,Julián Álvarez
793,Menos De 18 Años,Masculino,Sacatepéquez,México,Lamine Yamal
794,25 - 34 Años,Femenino,Guatemala,Portugal,Kylian Mbappé
794,25 - 34 Años,Femenino,Guatemala,Portugal,Ninguno
795,35 - 44 Años,Masculino,Chimaltenango,Francia,Cristiano Ronaldo
795,35 - 44 Años,Masculino,Chimaltenango,Francia,Neymar Jr.
795,35 - 44 Años,Masculino,Chimaltenango,Francia,Lamine Yamal
796,25 - 34 Años,Masculino,Quetzaltenango,México,Neymar Jr.
796,25 - 34 Años,Masculino,Quetzaltenango,México,Lamine Yamal
797,25 - 34 Años,Masculino,Quiché,Canadá,Kylian Mbappé
798,45 - 54 Años,Masculino,Guatemala,México,Julián Álvarez
799,Menos De 18 Años,Femenino,Guatemala,Portugal,Lamine Yamal
800,25 - 34 Años,Masculino,Guatemala,Brasil,Jude Bellingham
800,25 - 34 Años,Masculino,Guatemala,Brasil,Lionel Messi
801,18 - 24 Años,Femenino,Sacatepéquez,México,Kylian Mbappé
801,18 - 24 Años,Femenino,Sacatepéquez,México,Alphonso Davies
801,18 - 24 Años,Femenino,Sacatepéquez,México,Rodri
802,Menos De 18 Años,Femenino,Sacatepéquez,Estados Unidos,Lionel Messi
802,Menos De 18 Años,Femenino,Sacatepéquez,Estados Unidos,Jude Bellingham
803,18 - 24 Años,Masculino,Escuintla,Argentina,Julián Álvarez
804,45 - 54 Años,Masculino,Quetzaltenango,Francia,Neymar Jr.
804,45 - 54 Años,Masculino,Quetzaltenango,Francia,Cristiano Ronaldo
805,25 - 34 Años,Femenino,Escuintla,México,Kylian Mbappé
805,25 - 34 Años,Femenino,Escuintla,México,Alphonso Davies
806,25 - 34 Años,Masculino,Huehuetenango,Argentina,Cristiano Ronaldo
806,25 - 34 Años,Masculino,Huehuetenango,Argentina,Kylian Mbappé
806,25 - 34 Años,Masculino,Huehuetenango,Argentina,Neymar Jr.
807,18 - 24 Años,Femenino,Sacatepéquez,Brasil,Lionel Messi
808,35 - 44 Años,Masculino,Baja Verapaz,Brasil,Lionel Messi
809,25 - 34 Años,Femenino,Guatemala,Uruguay,Jude Bellingham
809,25 - 34 Años,Femenino,Guatemala,Uruguay,Kylian Mbappé
809,25 - 34 Años,Femenino,Guatemala,Uruguay,Lionel Messi
810,18 - 24 Años,Femenino,Quetzaltenango,Irán,Christian Pulisic
810,18 - 24 Años,Femenino,Quetzaltenango,Irán,Vinícius Júnior
810,18 - 24 Años,Femenino,Quetzaltenango,Irán,Neymar Jr.
811,18 - 24 Años,Masculino,Sacatepéquez,México,Alphonso Davies
811,18 - 24 Años,Masculino,Sacatepéquez,México,Vinícius Júnior
811,18 - 24 Años,Masculino,Sacatepéquez,México,Rodri
812,55 Años O Más,Masculino,Guatemala,Brasil,Cristiano Ronaldo
813,18 - 24 Años,Masculino,Suchitepéquez,México,Cristiano Ronaldo
813,18 - 24 Años,Masculino,Suchitepéquez,México,Vinícius Júnior
814,18 - 24 Años,Masculino,Huehuetenango, TÜRKIYE ,Cristiano Ronaldo
815,25 - 34 Años,Masculino,Escuintla,México,Cristiano Ronaldo
815,25 - 34 Años,Masculino,Escuintla,México,Lionel Messi
815,25 - 34 Años,Masculino,Escuintla,México,Christian Pulisic
816,18 - 24 Años,Prefiero No Indicarlo,Guatemala,Brasil,Vinícius Júnior
816,18 - 24 Años,Prefiero No Indicarlo,Guatemala,Brasil,Cristiano Ronaldo
817,25 - 34 Años,Femenino,El Progreso,México,Lionel Messi
818,25 - 34 Años,Femenino,Guatemala,Estados Unidos,Jude Bellingham
819,25 - 34 Años,Femenino,Sacatepéquez,Portugal,Cristiano Ronaldo
820,25 - 34 Años,Femenino,Baja Verapaz,Francia,Lamine Yamal
821,45 - 54 Años,Masculino,Chimaltenango,Portugal,Vinícius Júnior
821,45 - 54 Años,Masculino,Chimaltenango,Portugal,Lionel Messi
821,45 - 54 Años,Masculino,Chimaltenango,Portugal,Neymar Jr.
822,18 - 24 Años,Masculino,Chimaltenango,Suecia,Lionel Messi
822,18 - 24 Años,Masculino,Chimaltenango,Suecia,Rodri
822,18 - 24 Años,Masculino,Chimaltenango,Suecia,Jude Bellingham
823,25 - 34 Años,Masculino,Guatemala,Argentina,Federico Valverde
823,25 - 34 Años,Masculino,Guatemala,Argentina,Neymar Jr.
824,45 - 54 Años,Femenino,Quetzaltenango,Francia,Cristiano Ronaldo
824,45 - 54 Años,Femenino,Quetzaltenango,Francia,Christian Pulisic
824,45 - 54 Años,Femenino,Quetzaltenango,Francia,Lionel Messi
825,25 - 34 Años,Femenino,Guatemala,España,Christian Pulisic
825,25 - 34 Años,Femenino,Guatemala,España,Julián Álvarez
826,25 - 34 Años,Masculino,Suchitepéquez,Francia,Neymar Jr.
826,25 - 34 Años,Masculino,Suchitepéquez,Francia,Federico Valverde
827,35 - 44 Años,Femenino,Jalapa,Francia,Lionel Messi
828,35 - 44 Años,Masculino,Zacapa,Argentina,Julián Álvarez
829,25 - 34 Años,Masculino,Santa Rosa,Portugal,Lionel Messi
830,18 - 24 Años,Femenino,Izabal,España,Christian Pulisic
830,18 - 24 Años,Femenino,Izabal,España,Lionel Messi
831,Menos De 18 Años,Femenino,Chiquimula,México,Federico Valverde
831,Menos De 18 Años,Femenino,Chiquimula,México,Lamine Yamal
831,Menos De 18 Años,Femenino,Chiquimula,México,Kylian Mbappé
832,35 - 44 Años,Femenino,Sololá,Uruguay,Vinícius Júnior
833,25 - 34 Años,Masculino,Guatemala,Haití,Lionel Messi
833,25 - 34 Años,Masculino,Guatemala,Haití,Neymar Jr.
834,45 - 54 Años,Masculino,Chiquimula,Argentina,Neymar Jr.
835,35 - 44 Años,Femenino,Chimaltenango,México,Lionel Messi
835,35 - 44 Años,Femenino,Chimaltenango,México,Vinícius Júnior
835,35 - 44 Años,Femenino,Chimaltenango,México,Neymar Jr.
836,35 - 44 Años,Masculino,Sacatepéquez,Estados Unidos,Lamine Yamal
836,35 - 44 Años,Masculino,Sacatepéquez,Estados Unidos,Vinícius Júnior
837,25 - 34 Años,Femenino,Guatemala,España,Jude Bellingham
837,25 - 34 Años,Femenino,Guatemala,España,Lionel Messi
838,35 - 44 Años,Masculino,Guatemala,Brasil,Neymar Jr.
839,25 - 34 Años,Femenino,Jutiapa,Brasil,Cristiano Ronaldo
839,25 - 34 Años,Femenino,Jutiapa,Brasil,Federico Valverde
839,25 - 34 Años,Femenino,Jutiapa,Brasil,Lamine Yamal
840,18 - 24 Años,Femenino,Guatemala,Francia,Lionel Messi
840,18 - 24 Años,Femenino,Guatemala,Francia,Cristiano Ronaldo
840,18 - 24 Años,Femenino,Guatemala,Francia,Jude Bellingham
841,35 - 44 Años,Masculino,Guatemala,Portugal,Federico Valverde
842,25 - 34 Años,Femenino,Chimaltenango,España,Lamine Yamal
842,25 - 34 Años,Femenino,Chimaltenango,España,Cristiano Ronaldo
843,35 - 44 Años,Femenino,Sacatepéquez,Bosnia y Herzegovina,Vinícius Júnior
843,35 - 44 Años,Femenino,Sacatepéquez,Bosnia y Herzegovina,Cristiano Ronaldo
844,35 - 44 Años,Masculino,El Progreso,Inglaterra,Cristiano Ronaldo
844,35 - 44 Años,Masculino,El Progreso,Inglaterra,Kylian Mbappé
844,35 - 44 Años,Masculino,El Progreso,Inglaterra,Harry Kane
845,18 - 24 Años,Masculino,Sacatepéquez,España,Neymar Jr.
845,18 - 24 Años,Masculino,Sacatepéquez,España,Lionel Messi
846,18 - 24 Años,Masculino,Guatemala,Portugal,Cristiano Ronaldo
846,18 - 24 Años,Masculino,Guatemala,Portugal,Lionel Messi
847,25 - 34 Años,Masculino,Guatemala,Alemania,Lionel Messi
847,25 - 34 Años,Masculino,Guatemala,Alemania,Lamine Yamal
848,18 - 24 Años,Femenino,Guatemala,Colombia,Neymar Jr.
848,18 - 24 Años,Femenino,Guatemala,Colombia,Julián Álvarez
848,18 - 24 Años,Femenino,Guatemala,Colombia,Lionel Messi
849,25 - 34 Años,Masculino,Totonicapán,Argentina,Cristiano Ronaldo
849,25 - 34 Años,Masculino,Totonicapán,Argentina,Kylian Mbappé
850,25 - 34 Años,Masculino,Guatemala,Portugal,Vinícius Júnior
851,18 - 24 Años,Femenino,Escuintla,México,Cristiano Ronaldo
851,18 - 24 Años,Femenino,Escuintla,México,Jude Bellingham
852,25 - 34 Años,Femenino,Guatemala,Croacia,Cristiano Ronaldo
853,35 - 44 Años,Femenino,Jalapa,Francia,Neymar Jr.
853,35 - 44 Años,Femenino,Jalapa,Francia,Kylian Mbappé
853,35 - 44 Años,Femenino,Jalapa,Francia,Federico Valverde
854,18 - 24 Años,Femenino,Chimaltenango,Argentina,Lionel Messi
854,18 - 24 Años,Femenino,Chimaltenango,Argentina,Kylian Mbappé
854,18 - 24 Años,Femenino,Chimaltenango,Argentina,Julián Álvarez
855,35 - 44 Años,Femenino,Sacatepéquez,Francia,Neymar Jr.
856,25 - 34 Años,Masculino,Sacatepéquez,Portugal,Cristiano Ronaldo
856,25 - 34 Años,Masculino,Sacatepéquez,Portugal,Christian Pulisic
856,25 - 34 Años,Masculino,Sacatepéquez,Portugal,Vinícius Júnior
857,35 - 44 Años,Femenino,Guatemala,Brasil,Julián Álvarez
857,35 - 44 Años,Femenino,Guatemala,Brasil,Lamine Yamal
857,35 - 44 Años,Femenino,Guatemala,Brasil,Jude Bellingham
858,45 - 54 Años,Masculino,Suchitepéquez,Argentina,Cristiano Ronaldo
859,18 - 24 Años,Femenino,Sacatepéquez,Brasil,Lionel Messi
859,18 - 24 Años,Femenino,Sacatepéquez,Brasil,Kylian Mbappé
860,18 - 24 Años,Masculino,Sacatepéquez,Argentina,Lamine Yamal
861,25 - 34 Años,Femenino,Guatemala,Nueva Zelanda,Jude Bellingham
861,25 - 34 Años,Femenino,Guatemala,Nueva Zelanda,Rodri
861,25 - 34 Años,Femenino,Guatemala,Nueva Zelanda,Cristiano Ronaldo
862,25 - 34 Años,Femenino,Escuintla,México,Rodri
862,25 - 34 Años,Femenino,Escuintla,México,Neymar Jr.
863,18 - 24 Años,Femenino,Guatemala,Canadá,Lionel Messi
864,35 - 44 Años,Femenino,Guatemala,México,Kylian Mbappé
864,35 - 44 Años,Femenino,Guatemala,México,Neymar Jr.
864,35 - 44 Años,Femenino,Guatemala,México,Vinícius Júnior
865,45 - 54 Años,Masculino,Chimaltenango,Portugal,Vinícius Júnior
865,45 - 54 Años,Masculino,Chimaltenango,Portugal,Cristiano Ronaldo
865,45 - 54 Años,Masculino,Chimaltenango,Portugal,Neymar Jr.
866,35 - 44 Años,Femenino,Guatemala,Francia,Lionel Messi
867,45 - 54 Años,Femenino,Escuintla,Uruguay,Lamine Yamal
868,35 - 44 Años,Femenino,Guatemala,Marruecos,Lionel Messi
868,35 - 44 Años,Femenino,Guatemala,Marruecos,Kylian Mbappé
868,35 - 44 Años,Femenino,Guatemala,Marruecos,Jude Bellingham
869,45 - 54 Años,Femenino,Sacatepéquez,Brasil,Lionel Messi
869,45 - 54 Años,Femenino,Sacatepéquez,Brasil,Cristiano Ronaldo
870,25 - 34 Años,Femenino,Alta Verapaz,Colombia,Kylian Mbappé
871,Menos De 18 Años,Prefiero No Indicarlo,Escuintla,Senegal,Kylian Mbappé
872,25 - 34 Años,Femenino,Guatemala,Uruguay,Neymar Jr.
872,25 - 34 Años,Femenino,Guatemala,Uruguay,Ninguno
873,35 - 44 Años,Masculino,Guatemala,Portugal,Vinícius Júnior
874,18 - 24 Años,Masculino,Guatemala,México,Vinícius Júnior
875,25 - 34 Años,Femenino,Guatemala,México,Jude Bellingham
875,25 - 34 Años,Femenino,Guatemala,México,Lionel Messi
876,18 - 24 Años,Masculino,Chimaltenango,Estados Unidos,Lionel Messi
877,45 - 54 Años,Masculino,Guatemala,Brasil,Cristiano Ronaldo
877,45 - 54 Años,Masculino,Guatemala,Brasil,Neymar Jr.
878,18 - 24 Años,Femenino,Chimaltenango,Argentina,Kylian Mbappé
878,18 - 24 Años,Femenino,Chimaltenango,Argentina,Lamine Yamal
879,18 - 24 Años,Masculino,Petén,Uruguay,Harry Kane
880,25 - 34 Años,Femenino,Guatemala,Brasil,Vinícius Júnior
881,18 - 24 Años,Femenino,Huehuetenango,España,Alphonso Davies
881,18 - 24 Años,Femenino,Huehuetenango,España,Cristiano Ronaldo
882,45 - 54 Años,Femenino,Chimaltenango,Argentina,Kylian Mbappé
882,45 - 54 Años,Femenino,Chimaltenango,Argentina,Rodri
882,45 - 54 Años,Femenino,Chimaltenango,Argentina,Neymar Jr.
883,18 - 24 Años,Masculino,Guatemala,España,Neymar Jr.
883,18 - 24 Años,Masculino,Guatemala,España,Cristiano Ronaldo
883,18 - 24 Años,Masculino,Guatemala,España,Federico Valverde
884,25 - 34 Años,Masculino,Guatemala,Croacia,Cristiano Ronaldo
884,25 - 34 Años,Masculino,Guatemala,Croacia,Lionel Messi
884,25 - 34 Años,Masculino,Guatemala,Croacia,Vinícius Júnior
885,18 - 24 Años,Masculino,San Marcos,Brasil,Cristiano Ronaldo
885,18 - 24 Años,Masculino,San Marcos,Brasil,Vinícius Júnior
885,18 - 24 Años,Masculino,San Marcos,Brasil,Neymar Jr.
886,25 - 34 Años,Masculino,Guatemala,México,Cristiano Ronaldo
886,25 - 34 Años,Masculino,Guatemala,México,Lamine Yamal
886,25 - 34 Años,Masculino,Guatemala,México,Vinícius Júnior
95,25 - 34 Años,Masculino,Guatemala,España,Lionel Messi
95,25 - 34 Años,Masculino,Guatemala,España,Alphonso Davies
95,25 - 34 Años,Masculino,Guatemala,España,Neymar Jr.
888,55 Años O Más,Femenino,Quetzaltenango,Argentina,Vinícius Júnior
888,55 Años O Más,Femenino,Quetzaltenango,Argentina,Kylian Mbappé
889,55 Años O Más,Femenino,San Marcos,Uruguay,Lamine Yamal
890,45 - 54 Años,Masculino,Guatemala,México,Lionel Messi
890,45 - 54 Años,Masculino,Guatemala,México,Cristiano Ronaldo
890,45 - 54 Años,Masculino,Guatemala,México,Jude Bellingham
891,25 - 34 Años,Femenino,Guatemala,Inglaterra,Julián Álvarez
891,25 - 34 Años,Femenino,Guatemala,Inglaterra,Vinícius Júnior
892,55 Años O Más,Masculino,Chiquimula,Senegal,Alphonso Davies
892,55 Años O Más,Masculino,Chiquimula,Senegal,Lionel Messi
893,18 - 24 Años,Femenino,El Progreso,Congo DR,Federico Valverde
893,18 - 24 Años,Femenino,El Progreso,Congo DR,Lionel Messi
893,18 - 24 Años,Femenino,El Progreso,Congo DR,Cristiano Ronaldo
894,45 - 54 Años,Masculino,Guatemala,Estados Unidos,Lamine Yamal
894,45 - 54 Años,Masculino,Guatemala,Estados Unidos,Neymar Jr.
894,45 - 54 Años,Masculino,Guatemala,Estados Unidos,Lionel Messi
895,25 - 34 Años,Femenino,Guatemala,Francia,Lamine Yamal
896,35 - 44 Años,Femenino,Guatemala,Brasil,Jude Bellingham
896,35 - 44 Años,Femenino,Guatemala,Brasil,Lionel Messi
896,35 - 44 Años,Femenino,Guatemala,Brasil,Christian Pulisic
897,35 - 44 Años,Masculino,Jalapa,Estados Unidos,Kylian Mbappé
898,35 - 44 Años,Masculino,Guatemala,Irak,Alphonso Davies
898,35 - 44 Años,Masculino,Guatemala,Irak,Neymar Jr.
899,35 - 44 Años,Masculino,Guatemala,Brasil,Lamine Yamal
899,35 - 44 Años,Masculino,Guatemala,Brasil,Cristiano Ronaldo
900,Menos De 18 Años,Femenino,Suchitepéquez,Argentina,Lionel Messi
900,Menos De 18 Años,Femenino,Suchitepéquez,Argentina,Neymar Jr.
900,Menos De 18 Años,Femenino,Suchitepéquez,Argentina,Kylian Mbappé
901,35 - 44 Años,Femenino,Chimaltenango,México,Lionel Messi
901,35 - 44 Años,Femenino,Chimaltenango,México,Cristiano Ronaldo
901,35 - 44 Años,Femenino,Chimaltenango,México,Vinícius Júnior
902,25 - 34 Años,Masculino,Guatemala,Francia,Alphonso Davies
902,25 - 34 Años,Masculino,Guatemala,Francia,Lionel Messi
902,25 - 34 Años,Masculino,Guatemala,Francia,Kylian Mbappé
903,25 - 34 Años,Masculino,Guatemala,Brasil,Lionel Messi
903,25 - 34 Años,Masculino,Guatemala,Brasil,Kylian Mbappé
903,25 - 34 Años,Masculino,Guatemala,Brasil,Cristiano Ronaldo
904,35 - 44 Años,Masculino,Escuintla,Alemania,Neymar Jr.
904,35 - 44 Años,Masculino,Escuintla,Alemania,Christian Pulisic
904,35 - 44 Años,Masculino,Escuintla,Alemania,Vinícius Júnior
905,45 - 54 Años,Masculino,Alta Verapaz,Inglaterra,Julián Álvarez
905,45 - 54 Años,Masculino,Alta Verapaz,Inglaterra,Vinícius Júnior
905,45 - 54 Años,Masculino,Alta Verapaz,Inglaterra,Harry Kane
906,25 - 34 Años,Femenino,Sacatepéquez,Ghana,Vinícius Júnior
907,25 - 34 Años,Femenino,Quetzaltenango,Portugal,Cristiano Ronaldo
907,25 - 34 Años,Femenino,Quetzaltenango,Portugal,Vinícius Júnior
908,18 - 24 Años,Femenino,Escuintla,Portugal,Lionel Messi
908,18 - 24 Años,Femenino,Escuintla,Portugal,Vinícius Júnior
908,18 - 24 Años,Femenino,Escuintla,Portugal,Harry Kane
909,35 - 44 Años,Masculino,Guatemala,Argentina,Neymar Jr.
910,55 Años O Más,Femenino,Sacatepéquez,Argentina,Lionel Messi
911,35 - 44 Años,Femenino,Guatemala,Canadá,Neymar Jr.
912,25 - 34 Años,Femenino,Escuintla,Brasil,Neymar Jr.
913,35 - 44 Años,Masculino,Guatemala,Argentina,Lionel Messi
913,35 - 44 Años,Masculino,Guatemala,Argentina,Vinícius Júnior
914,25 - 34 Años,Femenino,Suchitepéquez,Uruguay,Cristiano Ronaldo
915,25 - 34 Años,Masculino,Guatemala,Francia,Christian Pulisic
915,25 - 34 Años,Masculino,Guatemala,Francia,Lionel Messi
916,18 - 24 Años,Femenino,Chimaltenango,Inglaterra,Cristiano Ronaldo
916,18 - 24 Años,Femenino,Chimaltenango,Inglaterra,Lionel Messi
917,25 - 34 Años,Femenino,Guatemala,Portugal,Neymar Jr.
918,35 - 44 Años,Femenino,Guatemala,Estados Unidos,Julián Álvarez
919,25 - 34 Años,Femenino,Guatemala,Argentina,Lionel Messi
919,25 - 34 Años,Femenino,Guatemala,Argentina,Christian Pulisic
919,25 - 34 Años,Femenino,Guatemala,Argentina,Federico Valverde
920,45 - 54 Años,Femenino,Sacatepéquez,Portugal,Harry Kane
920,45 - 54 Años,Femenino,Sacatepéquez,Portugal,Neymar Jr.
920,45 - 54 Años,Femenino,Sacatepéquez,Portugal,Cristiano Ronaldo
921,45 - 54 Años,Femenino,Guatemala,Francia,Harry Kane
921,45 - 54 Años,Femenino,Guatemala,Francia,Ninguno
922,18 - 24 Años,Masculino,Escuintla,Bosnia y Herzegovina,Neymar Jr.
922,18 - 24 Años,Masculino,Escuintla,Bosnia y Herzegovina,Cristiano Ronaldo
923,25 - 34 Años,Femenino,Guatemala,México,Federico Valverde
923,25 - 34 Años,Femenino,Guatemala,México,Lamine Yamal
924,18 - 24 Años,Femenino,Quetzaltenango,España,Rodri
924,18 - 24 Años,Femenino,Quetzaltenango,España,Kylian Mbappé
924,18 - 24 Años,Femenino,Quetzaltenango,España,Lionel Messi
925,18 - 24 Años,Masculino,Chimaltenango,Portugal,Lionel Messi
925,18 - 24 Años,Masculino,Chimaltenango,Portugal,Rodri
926,25 - 34 Años,Femenino,Jalapa,Egipto,Jude Bellingham
927,55 Años O Más,Masculino,Zacapa,España,Lionel Messi
927,55 Años O Más,Masculino,Zacapa,España,Cristiano Ronaldo
928,25 - 34 Años,Masculino,Guatemala,Uruguay,Rodri
928,25 - 34 Años,Masculino,Guatemala,Uruguay,Lionel Messi
929,35 - 44 Años,Femenino,Baja Verapaz,México,Lionel Messi
929,35 - 44 Años,Femenino,Baja Verapaz,México,Federico Valverde
930,25 - 34 Años,Masculino,Retalhuleu,Canadá,Julián Álvarez
930,25 - 34 Años,Masculino,Retalhuleu,Canadá,Cristiano Ronaldo
931,18 - 24 Años,Masculino,Guatemala,España,Neymar Jr.
932,18 - 24 Años,Masculino,Alta Verapaz,Portugal,Jude Bellingham
932,18 - 24 Años,Masculino,Alta Verapaz,Portugal,Christian Pulisic
933,25 - 34 Años,Femenino,San Marcos,Brasil,Lionel Messi
933,25 - 34 Años,Femenino,San Marcos,Brasil,Neymar Jr.
934,55 Años O Más,Masculino,Quetzaltenango,Costa de Marfil,Lionel Messi
935,25 - 34 Años,Femenino,Guatemala,Argentina,Lionel Messi
936,35 - 44 Años,Masculino,Totonicapán,Portugal,Vinícius Júnior
936,35 - 44 Años,Masculino,Totonicapán,Portugal,Cristiano Ronaldo
936,35 - 44 Años,Masculino,Totonicapán,Portugal,Lionel Messi
937,55 Años O Más,Masculino,Guatemala,Portugal,Jude Bellingham
937,55 Años O Más,Masculino,Guatemala,Portugal,Lionel Messi
617,35 - 44 Años,Femenino,Jutiapa,Brasil,Neymar Jr.
939,45 - 54 Años,Femenino,Chimaltenango,Argentina,Vinícius Júnior
939,45 - 54 Años,Femenino,Chimaltenango,Argentina,Lionel Messi
939,45 - 54 Años,Femenino,Chimaltenango,Argentina,Cristiano Ronaldo
940,45 - 54 Años,Femenino,Guatemala,Francia,Lionel Messi
940,45 - 54 Años,Femenino,Guatemala,Francia,Jude Bellingham
940,45 - 54 Años,Femenino,Guatemala,Francia,Kylian Mbappé
941,35 - 44 Años,Femenino,Sacatepéquez,Francia,Kylian Mbappé
941,35 - 44 Años,Femenino,Sacatepéquez,Francia,Christian Pulisic
942,35 - 44 Años,Femenino,Sacatepéquez,Arabia Saudita,Lamine Yamal
942,35 - 44 Años,Femenino,Sacatepéquez,Arabia Saudita,Lionel Messi
943,18 - 24 Años,Masculino,Guatemala,Argentina,Julián Álvarez
944,45 - 54 Años,Masculino,Guatemala,México,Cristiano Ronaldo
944,45 - 54 Años,Masculino,Guatemala,México,Federico Valverde
944,45 - 54 Años,Masculino,Guatemala,México,Neymar Jr.
945,25 - 34 Años,Femenino,Guatemala,Argentina,Neymar Jr.
946,18 - 24 Años,Femenino,Quetzaltenango,Argentina,Cristiano Ronaldo
946,18 - 24 Años,Femenino,Quetzaltenango,Argentina,Neymar Jr.
947,25 - 34 Años,Masculino,Chimaltenango,Argentina,Kylian Mbappé
947,25 - 34 Años,Masculino,Chimaltenango,Argentina,Cristiano Ronaldo
948,35 - 44 Años,Masculino,Chimaltenango,Argentina,Neymar Jr.
948,35 - 44 Años,Masculino,Chimaltenango,Argentina,Lamine Yamal
949,25 - 34 Años,Masculino,Retalhuleu,España,Lamine Yamal
949,25 - 34 Años,Masculino,Retalhuleu,España,Ninguno
950,45 - 54 Años,Masculino,Escuintla,México,Cristiano Ronaldo
950,45 - 54 Años,Masculino,Escuintla,México,Vinícius Júnior
950,45 - 54 Años,Masculino,Escuintla,México,Julián Álvarez
951,35 - 44 Años,Femenino,Guate,México,Rodri
952,25 - 34 Años,Femenino,Guatemala,Francia,Ninguno
952,25 - 34 Años,Femenino,Guatemala,Francia,Lionel Messi
952,25 - 34 Años,Femenino,Guatemala,Francia,Christian Pulisic
953,35 - 44 Años,Masculino,Sacatepéquez,Portugal,Neymar Jr.
953,35 - 44 Años,Masculino,Sacatepéquez,Portugal,Ninguno
953,35 - 44 Años,Masculino,Sacatepéquez,Portugal,Vinícius Júnior
954,55 Años O Más,Femenino,Sacatepéquez,Inglaterra,Jude Bellingham
954,55 Años O Más,Femenino,Sacatepéquez,Inglaterra,Ninguno
954,55 Años O Más,Femenino,Sacatepéquez,Inglaterra,Julián Álvarez
955,18 - 24 Años,Masculino,Quetzaltenango,Argentina,Lionel Messi
956,55 Años O Más,Masculino,Suchitepéquez,Francia,Federico Valverde
956,55 Años O Más,Masculino,Suchitepéquez,Francia,Christian Pulisic
957,18 - 24 Años,Masculino,Quetzaltenango,México,Vinícius Júnior
957,18 - 24 Años,Masculino,Quetzaltenango,México,Lamine Yamal
957,18 - 24 Años,Masculino,Quetzaltenango,México,Kylian Mbappé
958,25 - 34 Años,Masculino,Huehuetenango,Alemania,Alphonso Davies
958,25 - 34 Años,Masculino,Huehuetenango,Alemania,Lionel Messi
958,25 - 34 Años,Masculino,Huehuetenango,Alemania,Cristiano Ronaldo
959,55 Años O Más,Femenino,Guatemala,Argentina,Lamine Yamal
960,35 - 44 Años,Masculino,Guatemala,Brasil,Lamine Yamal
960,35 - 44 Años,Masculino,Guatemala,Brasil,Cristiano Ronaldo
960,35 - 44 Años,Masculino,Guatemala,Brasil,Federico Valverde
961,25 - 34 Años,Femenino,Guatemala,México,Kylian Mbappé
961,25 - 34 Años,Femenino,Guatemala,México,Christian Pulisic
962,18 - 24 Años,Femenino,Guatemala,España,Lionel Messi
962,18 - 24 Años,Femenino,Guatemala,España,Cristiano Ronaldo
963,25 - 34 Años,Femenino,Izabal,Portugal,Lionel Messi
963,25 - 34 Años,Femenino,Izabal,Portugal,Kylian Mbappé
963,25 - 34 Años,Femenino,Izabal,Portugal,Jude Bellingham
964,25 - 34 Años,Femenino,Sacatepéquez,Argentina,Vinícius Júnior
964,25 - 34 Años,Femenino,Sacatepéquez,Argentina,Neymar Jr.
964,25 - 34 Años,Femenino,Sacatepéquez,Argentina,Cristiano Ronaldo
965,25 - 34 Años,Femenino,Guatemala,Francia,Harry Kane
966,25 - 34 Años,Masculino,Totonicapán,México,Cristiano Ronaldo
967,25 - 34 Años,Femenino,Sacatepéquez,Brasil,Lamine Yamal
968,18 - 24 Años,Masculino,Chimaltenango,Panamá,Kylian Mbappé
968,18 - 24 Años,Masculino,Chimaltenango,Panamá,Lionel Messi
969,Menos De 18 Años,Masculino,Escuintla,Francia,Federico Valverde
969,Menos De 18 Años,Masculino,Escuintla,Francia,Lionel Messi
969,Menos De 18 Años,Masculino,Escuintla,Francia,Lamine Yamal
970,35 - 44 Años,Femenino,Guatemala,Uruguay,Cristiano Ronaldo
971,25 - 34 Años,Femenino,Escuintla,Türkiye,Kylian Mbappé
972,35 - 44 Años,Femenino,Guatemala,Portugal,Lionel Messi
972,35 - 44 Años,Femenino,Guatemala,Portugal,Cristiano Ronaldo
972,35 - 44 Años,Femenino,Guatemala,Portugal,Jude Bellingham
973,18 - 24 Años,Masculino,Guatemala,Estados Unidos,Cristiano Ronaldo
973,18 - 24 Años,Masculino,Guatemala,Estados Unidos,Lionel Messi
974,Menos De 18 Años,Masculino,Guatemala,Alemania,Kylian Mbappé
975,45 - 54 Años,Femenino,Zacapa,Bélgica,Cristiano Ronaldo
975,45 - 54 Años,Femenino,Zacapa,Bélgica,Neymar Jr.
976,25 - 34 Años,Masculino,Guatemala,Brasil,Ninguno
976,25 - 34 Años,Masculino,Guatemala,Brasil,Neymar Jr.
977,35 - 44 Años,Masculino,Guatemala,Argentina,Cristiano Ronaldo
977,35 - 44 Años,Masculino,Guatemala,Argentina,Neymar Jr.
977,35 - 44 Años,Masculino,Guatemala,Argentina,Julián Álvarez
978,25 - 34 Años,Femenino,Petén,Uruguay,Kylian Mbappé
978,25 - 34 Años,Femenino,Petén,Uruguay,Lamine Yamal
978,25 - 34 Años,Femenino,Petén,Uruguay,Rodri
979,18 - 24 Años,Masculino,Guatemala,Portugal,Lamine Yamal
979,18 - 24 Años,Masculino,Guatemala,Portugal,Cristiano Ronaldo
980,18 - 24 Años,Femenino,Quetzaltenango,México,Kylian Mbappé
980,18 - 24 Años,Femenino,Quetzaltenango,México,Vinícius Júnior
980,18 - 24 Años,Femenino,Quetzaltenango,México,Alphonso Davies
981,45 - 54 Años,Femenino,Baja Verapaz,Brasil,Lionel Messi
981,45 - 54 Años,Femenino,Baja Verapaz,Brasil,Neymar Jr.
982,35 - 44 Años,Masculino,Guatemala,México,Cristiano Ronaldo
983,25 - 34 Años,Masculino,Quiché,Irán,Cristiano Ronaldo
984,Menos De 18 Años,Masculino,Guatemala,España,Lionel Messi
984,Menos De 18 Años,Masculino,Guatemala,España,Lamine Yamal
985,Menos De 18 Años,Femenino,Guatemala,México,Neymar Jr.
986,55 Años O Más,Femenino,Guatemala,Congo DR,Rodri
986,55 Años O Más,Femenino,Guatemala,Congo DR,Cristiano Ronaldo
987,35 - 44 Años,Masculino,Zacapa,Brasil,Cristiano Ronaldo
987,35 - 44 Años,Masculino,Zacapa,Brasil,Lamine Yamal
988,Menos De 18 Años,Masculino,Guatemala,México,Ninguno
989,55 Años O Más,Femenino,Guatemala,Brasil,Christian Pulisic
989,55 Años O Más,Femenino,Guatemala,Brasil,Lionel Messi
990,18 - 24 Años,Masculino,Retalhuleu,Portugal,Lionel Messi
990,18 - 24 Años,Masculino,Retalhuleu,Portugal,Jude Bellingham
990,18 - 24 Años,Masculino,Retalhuleu,Portugal,Julián Álvarez
991,25 - 34 Años,Masculino,Alta Verapaz,Argentina,Kylian Mbappé
991,25 - 34 Años,Masculino,Alta Verapaz,Argentina,Neymar Jr.
992,18 - 24 Años,Masculino,Jutiapa,Uruguay,Cristiano Ronaldo
993,18 - 24 Años,Masculino,Guatemala,Alemania,Alphonso Davies
994,25 - 34 Años,Femenino,Quetzaltenango,Inglaterra,Alphonso Davies
994,25 - 34 Años,Femenino,Quetzaltenango,Inglaterra,Vinícius Júnior
995,55 Años O Más,Masculino,Guatemala,Argentina,Neymar Jr.
995,55 Años O Más,Masculino,Guatemala,Argentina,Alphonso Davies
995,55 Años O Más,Masculino,Guatemala,Argentina,Cristiano Ronaldo
996,45 - 54 Años,Masculino,Guatemala,España,Jude Bellingham
996,45 - 54 Años,Masculino,Guatemala,España,Lionel Messi
997,18 - 24 Años,Masculino,Quetzaltenango, CANADÁ ,Vinícius Júnior
997,18 - 24 Años,Masculino,Quetzaltenango, CANADÁ ,Rodri
997,18 - 24 Años,Masculino,Quetzaltenango, CANADÁ ,Julián Álvarez
998,35 - 44 Años,Masculino,Chimaltenango,México,Lionel Messi
998,35 - 44 Años,Masculino,Chimaltenango,México,Cristiano Ronaldo
998,35 - 44 Años,Masculino,Chimaltenango,México,Lamine Yamal
999,Menos De 18 Años,Femenino,Quetzaltenango,Inglaterra,Cristiano Ronaldo
1000,35 - 44 Años,Masculino,Guatemala,Portugal,Vinícius Júnior
1000,35 - 44 Años,Masculino,Guatemala,Portugal,Kylian Mbappé
1000,35 - 44 Años,Masculino,Guatemala,Portugal,Lionel Messi
1001,55 Años O Más,Masculino,Jutiapa,Brasil,Vinícius Júnior
1001,55 Años O Más,Masculino,Jutiapa,Brasil,Neymar Jr.
1002,25 - 34 Años,Femenino,Sacatepéquez,Uruguay,Kylian Mbappé
1002,25 - 34 Años,Femenino,Sacatepéquez,Uruguay,Vinícius Júnior
1003,25 - 34 Años,Prefiero No Indicarlo,Guatemala,Estados Unidos,Cristiano Ronaldo
1003,25 - 34 Años,Prefiero No Indicarlo,Guatemala,Estados Unidos,Alphonso Davies
1004,35 - 44 Años,Masculino,Guatemala,Francia,Lionel Messi
1004,35 - 44 Años,Masculino,Guatemala,Francia,Lamine Yamal
1005,45 - 54 Años,Masculino,Petén,Alemania,Kylian Mbappé
1005,45 - 54 Años,Masculino,Petén,Alemania,Vinícius Júnior
1006,Menos De 18 Años,Masculino,El Progreso,Brasil,Lionel Messi
1007,45 - 54 Años,Masculino,San Marcos,Argentina,Jude Bellingham
1008,35 - 44 Años,Masculino,El Progreso,Argentina,Kylian Mbappé
1008,35 - 44 Años,Masculino,El Progreso,Argentina,Neymar Jr.
1009,18 - 24 Años,Femenino,Guatemala,Argentina,Cristiano Ronaldo
1009,18 - 24 Años,Femenino,Guatemala,Argentina,Lionel Messi
1010,Menos De 18 Años,Femenino,San Marcos,España,Kylian Mbappé
1010,Menos De 18 Años,Femenino,San Marcos,España,Neymar Jr.
1011,55 Años O Más,Femenino,Guatemala, ALEMANIA ,Lionel Messi
1011,55 Años O Más,Femenino,Guatemala, ALEMANIA ,Harry Kane
1012,25 - 34 Años,Masculino,Guatemala,Brasil,Neymar Jr.
1012,25 - 34 Años,Masculino,Guatemala,Brasil,Cristiano Ronaldo
1013,55 Años O Más,Masculino,Alta Verapaz,Inglaterra,Cristiano Ronaldo
1013,55 Años O Más,Masculino,Alta Verapaz,Inglaterra,Harry Kane
1013,55 Años O Más,Masculino,Alta Verapaz,Inglaterra,Lamine Yamal
1014,45 - 54 Años,Femenino,Quetzaltenango,Portugal,Christian Pulisic
1015,Menos De 18 Años,Femenino,Retalhuleu,Francia,Jude Bellingham
1016,25 - 34 Años,Masculino,Guatemala,Inglaterra,Harry Kane
1017,35 - 44 Años,Masculino,Escuintla,Alemania,Cristiano Ronaldo
1018,Menos De 18 Años,Masculino,Zacapa,México,Kylian Mbappé
1018,Menos De 18 Años,Masculino,Zacapa,México,Jude Bellingham
1019,25 - 34 Años,Masculino,Guatemala,México,Lamine Yamal
1019,25 - 34 Años,Masculino,Guatemala,México,Federico Valverde
1019,25 - 34 Años,Masculino,Guatemala,México,Neymar Jr.
1020,25 - 34 Años,Femenino,Escuintla,Estados Unidos,Neymar Jr.
1021,25 - 34 Años,Femenino,Quetzaltenango,Nueva Zelanda,Vinícius Júnior
1022,18 - 24 Años,Masculino,Chimaltenango,México,Neymar Jr.
1022,18 - 24 Años,Masculino,Chimaltenango,México,Cristiano Ronaldo
1022,18 - 24 Años,Masculino,Chimaltenango,México,Lamine Yamal
1023,18 - 24 Años,Femenino,Quetzaltenango,España,Lionel Messi
1023,18 - 24 Años,Femenino,Quetzaltenango,España,Vinícius Júnior
1024,18 - 24 Años,Femenino,Quetzaltenango,Brasil,Lionel Messi
1024,18 - 24 Años,Femenino,Quetzaltenango,Brasil,Cristiano Ronaldo
1025,Menos De 18 Años,Femenino,Huehuetenango,Brasil,Neymar Jr.
1025,Menos De 18 Años,Femenino,Huehuetenango,Brasil,Lionel Messi
1026,35 - 44 Años,Prefiero No Indicarlo,Quetzaltenango,Alemania,Kylian Mbappé
1026,35 - 44 Años,Prefiero No Indicarlo,Quetzaltenango,Alemania,Neymar Jr.
1026,35 - 44 Años,Prefiero No Indicarlo,Quetzaltenango,Alemania,Cristiano Ronaldo
1027,55 Años O Más,Masculino,Chimaltenango,México,Jude Bellingham
1028,35 - 44 Años,Masculino,Guatemala,Argentina,Neymar Jr.
1028,35 - 44 Años,Masculino,Guatemala,Argentina,Kylian Mbappé
1028,35 - 44 Años,Masculino,Guatemala,Argentina,Vinícius Júnior
1029,45 - 54 Años,Femenino,Guatemala,México,Cristiano Ronaldo
1029,45 - 54 Años,Femenino,Guatemala,México,Julián Álvarez
1029,45 - 54 Años,Femenino,Guatemala,México,Jude Bellingham
1030,25 - 34 Años,Femenino,Huehuetenango,Inglaterra,Lionel Messi
1031,Menos De 18 Años,Masculino,Guatemala,Brasil,Cristiano Ronaldo
1031,Menos De 18 Años,Masculino,Guatemala,Brasil,Lionel Messi
1031,Menos De 18 Años,Masculino,Guatemala,Brasil,Julián Álvarez
1032,25 - 34 Años,Masculino,Guatemala,Alemania,Cristiano Ronaldo
1032,25 - 34 Años,Masculino,Guatemala,Alemania,Lionel Messi
1033,18 - 24 Años,Femenino,Guatemala,Brasil,Cristiano Ronaldo
1034,45 - 54 Años,Femenino,Guatemala,Alemania,Kylian Mbappé
1034,45 - 54 Años,Femenino,Guatemala,Alemania,Neymar Jr.
1034,45 - 54 Años,Femenino,Guatemala,Alemania,Lionel Messi
1035,Menos De 18 Años,Femenino,Chimaltenango, ESPAÑA ,Lionel Messi
1035,Menos De 18 Años,Femenino,Chimaltenango, ESPAÑA ,Neymar Jr.
1036,25 - 34 Años,Femenino,Guatemala,Brasil,Federico Valverde
1037,18 - 24 Años,Femenino,Quetzaltenango,Brasil,Alphonso Davies
1037,18 - 24 Años,Femenino,Quetzaltenango,Brasil,Federico Valverde
1037,18 - 24 Años,Femenino,Quetzaltenango,Brasil,Lionel Messi
1038,Menos De 18 Años,Masculino,Guatemala,Canadá,Kylian Mbappé
1038,Menos De 18 Años,Masculino,Guatemala,Canadá,Cristiano Ronaldo
1038,Menos De 18 Años,Masculino,Guatemala,Canadá,Neymar Jr.
1039,25 - 34 Años,Femenino,Escuintla,México,Lionel Messi
1040,Menos De 18 Años,Masculino,Sololá,México,Lionel Messi
1041,18 - 24 Años,Femenino,Escuintla,Inglaterra,Jude Bellingham
1041,18 - 24 Años,Femenino,Escuintla,Inglaterra,Federico Valverde
1042,18 - 24 Años,Masculino,Guatemala,Portugal,Neymar Jr.
1042,18 - 24 Años,Masculino,Guatemala,Portugal,Cristiano Ronaldo
1042,18 - 24 Años,Masculino,Guatemala,Portugal,Lionel Messi
1043,Menos De 18 Años,Femenino,Quetzaltenango,Argentina,Lamine Yamal
1044,55 Años O Más,Masculino,Guatemala,Brasil,Julián Álvarez
1045,25 - 34 Años,Masculino,Guatemala,México,Lionel Messi
1045,25 - 34 Años,Masculino,Guatemala,México,Kylian Mbappé
1045,25 - 34 Años,Masculino,Guatemala,México,Federico Valverde
1046,45 - 54 Años,Femenino,Sacatepéquez,Portugal,Christian Pulisic
1047,18 - 24 Años,Femenino,Quiché,Inglaterra,Lionel Messi
1048,18 - 24 Años,Femenino,Quiché,Alemania,Lionel Messi
1048,18 - 24 Años,Femenino,Quiché,Alemania,Kylian Mbappé
1049,25 - 34 Años,Masculino,Sacatepéquez,Brasil,Neymar Jr.
1050,18 - 24 Años,Femenino,Escuintla,Estados Unidos,Neymar Jr.
1050,18 - 24 Años,Femenino,Escuintla,Estados Unidos,Lamine Yamal
1050,18 - 24 Años,Femenino,Escuintla,Estados Unidos,Jude Bellingham
1051,18 - 24 Años,Femenino,Totonicapán,Brasil,Cristiano Ronaldo
1051,18 - 24 Años,Femenino,Totonicapán,Brasil,Lamine Yamal
1052,25 - 34 Años,Femenino,Guatemala,Argentina,Kylian Mbappé
1053,Menos De 18 Años,Femenino,Guatemala, ARGENTINA ,Lionel Messi
1054,Menos De 18 Años,Femenino,Totonicapán,Brasil,Alphonso Davies
1054,Menos De 18 Años,Femenino,Totonicapán,Brasil,Cristiano Ronaldo
1055,18 - 24 Años,Femenino,Guatemala,Brasil,Julián Álvarez
1055,18 - 24 Años,Femenino,Guatemala,Brasil,Vinícius Júnior
1055,18 - 24 Años,Femenino,Guatemala,Brasil,Lionel Messi
1056,25 - 34 Años,Femenino,Izabal,Francia,Cristiano Ronaldo
1057,25 - 34 Años,Femenino,Guatemala,Argentina,Lionel Messi
1057,25 - 34 Años,Femenino,Guatemala,Argentina,Lamine Yamal
1058,55 Años O Más,Masculino,Guatemala,Portugal,Neymar Jr.
1059,25 - 34 Años,Femenino,Guatemala,Brasil,Lamine Yamal
1060,35 - 44 Años,Masculino,Guatemala,Francia,Kylian Mbappé
1060,35 - 44 Años,Masculino,Guatemala,Francia,Lionel Messi
1060,35 - 44 Años,Masculino,Guatemala,Francia,Jude Bellingham
1061,25 - 34 Años,Masculino,Guatemala,Brasil,Kylian Mbappé
1062,Menos De 18 Años,Femenino,Guatemala,México,Kylian Mbappé
1062,Menos De 18 Años,Femenino,Guatemala,México,Cristiano Ronaldo
1063,18 - 24 Años,Femenino,Guatemala,Brasil,Vinícius Júnior
1063,18 - 24 Años,Femenino,Guatemala,Brasil,Kylian Mbappé
1063,18 - 24 Años,Femenino,Guatemala,Brasil,Lionel Messi
1064,18 - 24 Años,Femenino,Guatemala,Francia,Harry Kane
1064,18 - 24 Años,Femenino,Guatemala,Francia,Neymar Jr.
1065,18 - 24 Años,Femenino,Guatemala,Francia,Vinícius Júnior
1066,25 - 34 Años,Masculino,Guatemala,Inglaterra,Christian Pulisic
1066,25 - 34 Años,Masculino,Guatemala,Inglaterra,Cristiano Ronaldo
1067,25 - 34 Años,Femenino,Guatemala,México,Alphonso Davies
1067,25 - 34 Años,Femenino,Guatemala,México,Cristiano Ronaldo
1068,Menos De 18 Años,Femenino,Escuintla,Portugal,Kylian Mbappé
1068,Menos De 18 Años,Femenino,Escuintla,Portugal,Christian Pulisic
1069,18 - 24 Años,Femenino,Chimaltenango,Argentina,Cristiano Ronaldo
1070,25 - 34 Años,Femenino,Guatemala,Brasil,Jude Bellingham
1070,25 - 34 Años,Femenino,Guatemala,Brasil,Cristiano Ronaldo
1070,25 - 34 Años,Femenino,Guatemala,Brasil,Vinícius Júnior
1071,25 - 34 Años,Masculino,Guatemala,Argentina,Lionel Messi
1071,25 - 34 Años,Masculino,Guatemala,Argentina,Neymar Jr.
1071,25 - 34 Años,Masculino,Guatemala,Argentina,Lamine Yamal
1072,35 - 44 Años,Femenino,Sacatepéquez,Brasil,Neymar Jr.
1072,35 - 44 Años,Femenino,Sacatepéquez,Brasil,Cristiano Ronaldo
1072,35 - 44 Años,Femenino,Sacatepéquez,Brasil,Lionel Messi
1073,45 - 54 Años,Femenino,Guatemala,Portugal,Cristiano Ronaldo
1073,45 - 54 Años,Femenino,Guatemala,Portugal,Neymar Jr.
1074,18 - 24 Años,Femenino,Chimaltenango,Francia,Federico Valverde
1074,18 - 24 Años,Femenino,Chimaltenango,Francia,Vinícius Júnior
1075,45 - 54 Años,Femenino,Sacatepéquez,Portugal,Cristiano Ronaldo
1076,55 Años O Más,Masculino,Sacatepéquez,Alemania,Lionel Messi
1076,55 Años O Más,Masculino,Sacatepéquez,Alemania,Neymar Jr.
1077,25 - 34 Años,Femenino,Guatemala,Japón,Lamine Yamal
1077,25 - 34 Años,Femenino,Guatemala,Japón,Lionel Messi
1077,25 - 34 Años,Femenino,Guatemala,Japón,Neymar Jr.
1078,25 - 34 Años,Femenino,Guatemala,México,Harry Kane
1078,25 - 34 Años,Femenino,Guatemala,México,Lionel Messi
1079,45 - 54 Años,Femenino,Guatemala,Brasil,Kylian Mbappé
1079,45 - 54 Años,Femenino,Guatemala,Brasil,Jude Bellingham
1080,35 - 44 Años,Masculino,Guatemala,Argentina,Lionel Messi
1080,35 - 44 Años,Masculino,Guatemala,Argentina,Vinícius Júnior
1081,35 - 44 Años,Masculino,Escuintla,Francia,Lionel Messi
1081,35 - 44 Años,Masculino,Escuintla,Francia,Jude Bellingham
1081,35 - 44 Años,Masculino,Escuintla,Francia,Ninguno
1082,55 Años O Más,Masculino,Guatemala,Brasil,Julián Álvarez
1083,35 - 44 Años,Femenino,Guatemala,Argentina,Julián Álvarez
1084,45 - 54 Años,Masculino,Sacatepéquez,Portugal,Vinícius Júnior
1084,45 - 54 Años,Masculino,Sacatepéquez,Portugal,Jude Bellingham
1084,45 - 54 Años,Masculino,Sacatepéquez,Portugal,Kylian Mbappé
1085,25 - 34 Años,Masculino,Guatemala,México,Kylian Mbappé
1085,25 - 34 Años,Masculino,Guatemala,México,Lionel Messi
1085,25 - 34 Años,Masculino,Guatemala,México,Neymar Jr.
1086,18 - 24 Años,Masculino,Petén,Portugal,Neymar Jr.
1087,25 - 34 Años,Femenino,Guatemala,Brasil,Cristiano Ronaldo
1088,18 - 24 Años,Femenino,Jalapa,Alemania,Harry Kane
1089,25 - 34 Años,Masculino,Guatemala,Francia,Lionel Messi
2124,25 - 34 Años,Masculino,Guatemala,Portugal,Cristiano Ronaldo
2124,25 - 34 Años,Masculino,Guatemala,Portugal,Lionel Messi
1091,35 - 44 Años,Prefiero No Indicarlo,Guatemala,Argentina,Lionel Messi
1092,35 - 44 Años,Femenino,Petén,Brasil,Cristiano Ronaldo
1092,35 - 44 Años,Femenino,Petén,Brasil,Kylian Mbappé
1092,35 - 44 Años,Femenino,Petén,Brasil,Alphonso Davies
1093,Menos De 18 Años,Masculino,Guatemala,Brasil,Lamine Yamal
1093,Menos De 18 Años,Masculino,Guatemala,Brasil,Lionel Messi
1093,Menos De 18 Años,Masculino,Guatemala,Brasil,Neymar Jr.
1094,18 - 24 Años,Femenino,Guatemala,Brasil,Lamine Yamal
1094,18 - 24 Años,Femenino,Guatemala,Brasil,Lionel Messi
1094,18 - 24 Años,Femenino,Guatemala,Brasil,Neymar Jr.
1095,45 - 54 Años,Masculino,Sololá, CURAÇAO ,Lionel Messi
1096,18 - 24 Años,Femenino,Guatemala,México,Neymar Jr.
1096,18 - 24 Años,Femenino,Guatemala,México,Kylian Mbappé
1097,25 - 34 Años,Masculino,Quetzaltenango,México,Cristiano Ronaldo
1097,25 - 34 Años,Masculino,Quetzaltenango,México,Lionel Messi
1097,25 - 34 Años,Masculino,Quetzaltenango,México,Jude Bellingham
1098,18 - 24 Años,Femenino,Escuintla,Portugal,Christian Pulisic
1098,18 - 24 Años,Femenino,Escuintla,Portugal,Cristiano Ronaldo
1099,25 - 34 Años,Masculino,Chimaltenango, FRANCIA ,Cristiano Ronaldo
1099,25 - 34 Años,Masculino,Chimaltenango, FRANCIA ,Rodri
1099,25 - 34 Años,Masculino,Chimaltenango, FRANCIA ,Jude Bellingham
1100,45 - 54 Años,Femenino,Quiché,Estados Unidos,Cristiano Ronaldo
1100,45 - 54 Años,Femenino,Quiché,Estados Unidos,Kylian Mbappé
1101,25 - 34 Años,Femenino,Guatemala,Portugal,Kylian Mbappé
1101,25 - 34 Años,Femenino,Guatemala,Portugal,Cristiano Ronaldo
1102,25 - 34 Años,Masculino,Chimaltenango,España,Lionel Messi
1103,18 - 24 Años,Masculino,Escuintla,Francia,Ninguno
1103,18 - 24 Años,Masculino,Escuintla,Francia,Cristiano Ronaldo
1103,18 - 24 Años,Masculino,Escuintla,Francia,Julián Álvarez
1104,45 - 54 Años,Femenino,Sacatepéquez,Argentina,Christian Pulisic
1104,45 - 54 Años,Femenino,Sacatepéquez,Argentina,Lionel Messi
1104,45 - 54 Años,Femenino,Sacatepéquez,Argentina,Harry Kane
1105,25 - 34 Años,Masculino,Santa Rosa,Francia,Lionel Messi
1105,25 - 34 Años,Masculino,Santa Rosa,Francia,Neymar Jr.
1105,25 - 34 Años,Masculino,Santa Rosa,Francia,Cristiano Ronaldo
1106,35 - 44 Años,Masculino,Guatemala,España,Jude Bellingham
1106,35 - 44 Años,Masculino,Guatemala,España,Rodri
1106,35 - 44 Años,Masculino,Guatemala,España,Harry Kane
1107,45 - 54 Años,Femenino,Chimaltenango,Estados Unidos,Cristiano Ronaldo
1107,45 - 54 Años,Femenino,Chimaltenango,Estados Unidos,Neymar Jr.
1107,45 - 54 Años,Femenino,Chimaltenango,Estados Unidos,Lamine Yamal
2199,45 - 54 Años,Femenino,Guatemala,Senegal,Cristiano Ronaldo
2199,45 - 54 Años,Femenino,Guatemala,Senegal,Vinícius Júnior
1109,35 - 44 Años,Masculino,Guatemala,España,Harry Kane
1109,35 - 44 Años,Masculino,Guatemala,España,Lionel Messi
1109,35 - 44 Años,Masculino,Guatemala,España,Cristiano Ronaldo
1110,45 - 54 Años,Masculino,Guatemala,Brasil,Neymar Jr.
1111,Menos De 18 Años,Femenino,Guatemala,España,Cristiano Ronaldo
1112,35 - 44 Años,Masculino,Guatemala,Escocia,Cristiano Ronaldo
1113,25 - 34 Años,Femenino,Guatemala,Brasil,Cristiano Ronaldo
1114,18 - 24 Años,Masculino,Quetzaltenango,España,Vinícius Júnior
1115,18 - 24 Años,Masculino,Guatemala,Argentina,Neymar Jr.
1117,25 - 34 Años,Masculino,Sacatepéquez,Argentina,Kylian Mbappé
1117,25 - 34 Años,Masculino,Sacatepéquez,Argentina,Vinícius Júnior
1118,25 - 34 Años,Masculino,Guatemala,Curaçao,Kylian Mbappé
1118,25 - 34 Años,Masculino,Guatemala,Curaçao,Lamine Yamal
1119,35 - 44 Años,Masculino,Chimaltenango,México,Vinícius Júnior
1120,18 - 24 Años,Femenino,Guatemala,Inglaterra,Kylian Mbappé
1120,18 - 24 Años,Femenino,Guatemala,Inglaterra,Lionel Messi
1120,18 - 24 Años,Femenino,Guatemala,Inglaterra,Rodri
1121,Menos De 18 Años,Masculino,Jalapa,Portugal,Cristiano Ronaldo
1121,Menos De 18 Años,Masculino,Jalapa,Portugal,Kylian Mbappé
1122,45 - 54 Años,Masculino,Quetzaltenango,Argentina,Vinícius Júnior
1122,45 - 54 Años,Masculino,Quetzaltenango,Argentina,Julián Álvarez
1122,45 - 54 Años,Masculino,Quetzaltenango,Argentina,Cristiano Ronaldo
1123,18 - 24 Años,Femenino,Escuintla,España,Federico Valverde
1123,18 - 24 Años,Femenino,Escuintla,España,Lionel Messi
1123,18 - 24 Años,Femenino,Escuintla,España,Lamine Yamal
1124,25 - 34 Años,Masculino,Chimaltenango,México,Vinícius Júnior
1124,25 - 34 Años,Masculino,Chimaltenango,México,Federico Valverde
1125,35 - 44 Años,Masculino,Guatemala,Canadá,Harry Kane
1126,18 - 24 Años,Masculino,Escuintla,Argentina,Lionel Messi
1126,18 - 24 Años,Masculino,Escuintla,Argentina,Lamine Yamal
1127,18 - 24 Años,Masculino,Guatemala,Argentina,Vinícius Júnior
1129,45 - 54 Años,Masculino,Guatemala,Francia,Cristiano Ronaldo
1129,45 - 54 Años,Masculino,Guatemala,Francia,Federico Valverde
1130,45 - 54 Años,Masculino,Guatemala,México,Kylian Mbappé
1130,45 - 54 Años,Masculino,Guatemala,México,Neymar Jr.
1130,45 - 54 Años,Masculino,Guatemala,México,Vinícius Júnior
1131,35 - 44 Años,Masculino,Quetzaltenango,Portugal,Lamine Yamal
1131,35 - 44 Años,Masculino,Quetzaltenango,Portugal,Christian Pulisic
1131,35 - 44 Años,Masculino,Quetzaltenango,Portugal,Neymar Jr.
1132,35 - 44 Años,Femenino,Guatemala,Francia,Lionel Messi
1132,35 - 44 Años,Femenino,Guatemala,Francia,Harry Kane
1132,35 - 44 Años,Femenino,Guatemala,Francia,Lamine Yamal
1133,25 - 34 Años,Masculino,Suchitepéquez,Argentina,Kylian Mbappé
1133,25 - 34 Años,Masculino,Suchitepéquez,Argentina,Christian Pulisic
1134,35 - 44 Años,Femenino,Escuintla,Francia,Cristiano Ronaldo
1134,35 - 44 Años,Femenino,Escuintla,Francia,Vinícius Júnior
1135,25 - 34 Años,Femenino,Huehuetenango,Brasil,Lionel Messi
1135,25 - 34 Años,Femenino,Huehuetenango,Brasil,Cristiano Ronaldo
1136,25 - 34 Años,Masculino,Guatemala,Brasil,Neymar Jr.
1136,25 - 34 Años,Masculino,Guatemala,Brasil,Kylian Mbappé
1136,25 - 34 Años,Masculino,Guatemala,Brasil,Jude Bellingham
1137,25 - 34 Años,Femenino,Guatemala,Inglaterra,Vinícius Júnior
1137,25 - 34 Años,Femenino,Guatemala,Inglaterra,Cristiano Ronaldo
1137,25 - 34 Años,Femenino,Guatemala,Inglaterra,Jude Bellingham
1138,35 - 44 Años,Masculino,Chimaltenango,Francia,Lionel Messi
1139,45 - 54 Años,Masculino,Santa Rosa,Portugal,Vinícius Júnior
1140,25 - 34 Años,Masculino,Escuintla,Francia,Lamine Yamal
1140,25 - 34 Años,Masculino,Escuintla,Francia,Lionel Messi
1141,35 - 44 Años,Masculino,Guatemala,Brasil,Kylian Mbappé
1142,Menos De 18 Años,Masculino,Chimaltenango,Brasil,Jude Bellingham
1143,18 - 24 Años,Masculino,Jalapa,México,Rodri
1144,18 - 24 Años,Femenino,Guatemala,Brasil,Neymar Jr.
1144,18 - 24 Años,Femenino,Guatemala,Brasil,Cristiano Ronaldo
1145,18 - 24 Años,Femenino,Chiquimula, MÉXICO ,Federico Valverde
1146,25 - 34 Años,Femenino,Izabal,México,Rodri
1146,25 - 34 Años,Femenino,Izabal,México,Cristiano Ronaldo
1147,18 - 24 Años,Masculino,Guatemala,Brasil,Christian Pulisic
1148,25 - 34 Años,Femenino,Alta Verapaz,México,Alphonso Davies
1148,25 - 34 Años,Femenino,Alta Verapaz,México,Cristiano Ronaldo
1149,35 - 44 Años,Masculino,Guatemala,Francia,Harry Kane
1150,35 - 44 Años,Masculino,Guatemala,Argentina,Jude Bellingham
1151,45 - 54 Años,Prefiero No Indicarlo,Quetzaltenango, ARGENTINA ,Neymar Jr.
1152,25 - 34 Años,Femenino,Escuintla, FRANCIA ,Lionel Messi
1152,25 - 34 Años,Femenino,Escuintla, FRANCIA ,Cristiano Ronaldo
1152,25 - 34 Años,Femenino,Escuintla, FRANCIA ,Lamine Yamal
1153,55 Años O Más,Femenino,Guatemala,Estados Unidos,Vinícius Júnior
1154,25 - 34 Años,Femenino,Izabal,Ghana,Cristiano Ronaldo
1154,25 - 34 Años,Femenino,Izabal,Ghana,Ninguno
1155,25 - 34 Años,Masculino,Alta Verapaz,Francia,Ninguno
1156,25 - 34 Años,Femenino,Guatemala,Argentina,Vinícius Júnior
1156,25 - 34 Años,Femenino,Guatemala,Argentina,Lionel Messi
1157,18 - 24 Años,Femenino,Guatemala,Colombia,Cristiano Ronaldo
1158,55 Años O Más,Masculino,Escuintla,Argentina,Vinícius Júnior
1158,55 Años O Más,Masculino,Escuintla,Argentina,Federico Valverde
1159,18 - 24 Años,Femenino,Sacatepéquez,Portugal,Vinícius Júnior
1159,18 - 24 Años,Femenino,Sacatepéquez,Portugal,Ninguno
1160,18 - 24 Años,Femenino,Alta Verapaz,México,Lamine Yamal
1160,18 - 24 Años,Femenino,Alta Verapaz,México,Cristiano Ronaldo
1161,35 - 44 Años,Masculino,Guatemala,Francia,Lionel Messi
1161,35 - 44 Años,Masculino,Guatemala,Francia,Neymar Jr.
1161,35 - 44 Años,Masculino,Guatemala,Francia,Rodri
1162,25 - 34 Años,Prefiero No Indicarlo,Guatemala,Irak,Kylian Mbappé
1162,25 - 34 Años,Prefiero No Indicarlo,Guatemala,Irak,Vinícius Júnior
1162,25 - 34 Años,Prefiero No Indicarlo,Guatemala,Irak,Neymar Jr.
1163,25 - 34 Años,Femenino,Guatemala,Escocia,Jude Bellingham
1164,18 - 24 Años,Femenino,Zacapa,Brasil,Lamine Yamal
1165,Menos De 18 Años,Femenino,Guatemala,Portugal,Lionel Messi
1165,Menos De 18 Años,Femenino,Guatemala,Portugal,Neymar Jr.
1166,25 - 34 Años,Femenino,Quiché,Francia,Vinícius Júnior
1166,25 - 34 Años,Femenino,Quiché,Francia,Kylian Mbappé
1166,25 - 34 Años,Femenino,Quiché,Francia,Alphonso Davies
1167,35 - 44 Años,Masculino,Baja Verapaz,Portugal,Jude Bellingham
1167,35 - 44 Años,Masculino,Baja Verapaz,Portugal,Federico Valverde
1168,Menos De 18 Años,Prefiero No Indicarlo,Guatemala,Brasil,Julián Álvarez
1168,Menos De 18 Años,Prefiero No Indicarlo,Guatemala,Brasil,Cristiano Ronaldo
1169,Menos De 18 Años,Masculino,Alta Verapaz,Brasil,Neymar Jr.
1169,Menos De 18 Años,Masculino,Alta Verapaz,Brasil,Harry Kane
1169,Menos De 18 Años,Masculino,Alta Verapaz,Brasil,Christian Pulisic
1170,35 - 44 Años,Femenino,Chimaltenango, PORTUGAL ,Lamine Yamal
1171,35 - 44 Años,Masculino,Baja Verapaz,Francia,Jude Bellingham
1172,35 - 44 Años,Masculino,Guatemala,Alemania,Neymar Jr.
1172,35 - 44 Años,Masculino,Guatemala,Alemania,Christian Pulisic
1173,18 - 24 Años,Femenino,Chimaltenango,Portugal,Neymar Jr.
1173,18 - 24 Años,Femenino,Chimaltenango,Portugal,Cristiano Ronaldo
1174,18 - 24 Años,Femenino,Retalhuleu, BÉLGICA ,Lionel Messi
1174,18 - 24 Años,Femenino,Retalhuleu, BÉLGICA ,Lamine Yamal
1175,35 - 44 Años,Femenino,Escuintla,Argentina,Jude Bellingham
1175,35 - 44 Años,Femenino,Escuintla,Argentina,Cristiano Ronaldo
1176,25 - 34 Años,Femenino,Guatemala,Argentina,Federico Valverde
1176,25 - 34 Años,Femenino,Guatemala,Argentina,Vinícius Júnior
1177,18 - 24 Años,Masculino,Izabal,Argentina,Kylian Mbappé
1178,35 - 44 Años,Femenino,Guatemala,Portugal,Jude Bellingham
1178,35 - 44 Años,Femenino,Guatemala,Portugal,Harry Kane
1178,35 - 44 Años,Femenino,Guatemala,Portugal,Lionel Messi
1179,25 - 34 Años,Masculino,Escuintla,Brasil,Vinícius Júnior
1179,25 - 34 Años,Masculino,Escuintla,Brasil,Cristiano Ronaldo
1180,45 - 54 Años,Masculino,Sacatepéquez,Inglaterra,Cristiano Ronaldo
1180,45 - 54 Años,Masculino,Sacatepéquez,Inglaterra,Rodri
1181,18 - 24 Años,Femenino,Sacatepéquez,México,Alphonso Davies
1182,45 - 54 Años,Femenino,Guatemala,Estados Unidos,Lamine Yamal
1182,45 - 54 Años,Femenino,Guatemala,Estados Unidos,Neymar Jr.
1183,55 Años O Más,Femenino,Sacatepéquez,Brasil,Harry Kane
1183,55 Años O Más,Femenino,Sacatepéquez,Brasil,Ninguno
1184,25 - 34 Años,Masculino,Jutiapa,Uruguay,Kylian Mbappé
1185,25 - 34 Años,Masculino,Petén,Inglaterra,Julián Álvarez
1185,25 - 34 Años,Masculino,Petén,Inglaterra,Cristiano Ronaldo
1185,25 - 34 Años,Masculino,Petén,Inglaterra,Vinícius Júnior
1186,35 - 44 Años,Femenino,Quetzaltenango,Alemania,Cristiano Ronaldo
1186,35 - 44 Años,Femenino,Quetzaltenango,Alemania,Kylian Mbappé
1186,35 - 44 Años,Femenino,Quetzaltenango,Alemania,Lionel Messi
1187,35 - 44 Años,Masculino,Santa Rosa,Alemania,Lamine Yamal
1481,25 - 34 Años,Masculino,El Progreso,Inglaterra,Ninguno
1481,25 - 34 Años,Masculino,El Progreso,Inglaterra,Christian Pulisic
1481,25 - 34 Años,Masculino,El Progreso,Inglaterra,Cristiano Ronaldo
1189,25 - 34 Años,Masculino,Sacatepéquez,Argelia,Vinícius Júnior
1190,18 - 24 Años,Masculino,Alta Verapaz,Francia,Lionel Messi
1191,18 - 24 Años,Masculino,Guatemala, ARGENTINA ,Neymar Jr.
1191,18 - 24 Años,Masculino,Guatemala, ARGENTINA ,Rodri
1191,18 - 24 Años,Masculino,Guatemala, ARGENTINA ,Cristiano Ronaldo
1192,55 Años O Más,Femenino,Guatemala,Portugal,Jude Bellingham
1192,55 Años O Más,Femenino,Guatemala,Portugal,Cristiano Ronaldo
1192,55 Años O Más,Femenino,Guatemala,Portugal,Kylian Mbappé
1194,35 - 44 Años,Femenino,Retalhuleu,Argentina,Cristiano Ronaldo
1194,35 - 44 Años,Femenino,Retalhuleu,Argentina,Rodri
1194,35 - 44 Años,Femenino,Retalhuleu,Argentina,Lionel Messi
1195,Menos De 18 Años,Masculino,Guatemala,Uruguay,Cristiano Ronaldo
1196,Menos De 18 Años,Masculino,Guatemala,México,Cristiano Ronaldo
1196,Menos De 18 Años,Masculino,Guatemala,México,Lionel Messi
1197,18 - 24 Años,Femenino,Guatemala,España,Cristiano Ronaldo
1198,18 - 24 Años,Masculino,Guatemala,Brasil,Kylian Mbappé
1199,45 - 54 Años,Masculino,Quetzaltenango,Argentina,Julián Álvarez
1199,45 - 54 Años,Masculino,Quetzaltenango,Argentina,Alphonso Davies
1200,45 - 54 Años,Femenino,Izabal,Francia,Alphonso Davies
1200,45 - 54 Años,Femenino,Izabal,Francia,Lamine Yamal
1201,25 - 34 Años,Masculino,Guatemala,Argentina,Neymar Jr.
1202,Menos De 18 Años,Femenino,Chimaltenango,Túnez,Kylian Mbappé
1203,18 - 24 Años,Femenino,Quetzaltenango,Argentina,Jude Bellingham
1203,18 - 24 Años,Femenino,Quetzaltenango,Argentina,Federico Valverde
1203,18 - 24 Años,Femenino,Quetzaltenango,Argentina,Vinícius Júnior
1204,Menos De 18 Años,Masculino,Guatemala,Brasil,Vinícius Júnior
1204,Menos De 18 Años,Masculino,Guatemala,Brasil,Lamine Yamal
1204,Menos De 18 Años,Masculino,Guatemala,Brasil,Neymar Jr.
1205,25 - 34 Años,Femenino,Guatemala,Brasil,Kylian Mbappé
1206,35 - 44 Años,Femenino,Guatemala,Brasil,Jude Bellingham
1207,35 - 44 Años,Femenino,Guatemala,México,Vinícius Júnior
1207,35 - 44 Años,Femenino,Guatemala,México,Neymar Jr.
1207,35 - 44 Años,Femenino,Guatemala,México,Alphonso Davies
1208,25 - 34 Años,Femenino,Guatemala,Argentina,Vinícius Júnior
1208,25 - 34 Años,Femenino,Guatemala,Argentina,Lionel Messi
1208,25 - 34 Años,Femenino,Guatemala,Argentina,Lamine Yamal
1209,18 - 24 Años,Femenino,Guatemala,Argentina,Lionel Messi
1209,18 - 24 Años,Femenino,Guatemala,Argentina,Neymar Jr.
1209,18 - 24 Años,Femenino,Guatemala,Argentina,Harry Kane
1210,18 - 24 Años,Femenino,Guatemala,Argentina,Kylian Mbappé
1210,18 - 24 Años,Femenino,Guatemala,Argentina,Lionel Messi
1210,18 - 24 Años,Femenino,Guatemala,Argentina,Federico Valverde
1211,18 - 24 Años,Femenino,Petén,México,Federico Valverde
1211,18 - 24 Años,Femenino,Petén,México,Christian Pulisic
1212,55 Años O Más,Masculino,Guatemala,Irán,Lionel Messi
1213,25 - 34 Años,Masculino,Sacatepéquez,Estados Unidos,Cristiano Ronaldo
1213,25 - 34 Años,Masculino,Sacatepéquez,Estados Unidos,Julián Álvarez
1213,25 - 34 Años,Masculino,Sacatepéquez,Estados Unidos,Lionel Messi
1214,18 - 24 Años,Masculino,Guatemala,Portugal,Neymar Jr.
1214,18 - 24 Años,Masculino,Guatemala,Portugal,Lionel Messi
1215,18 - 24 Años,Femenino,Guatemala,Alemania,Lionel Messi
1216,18 - 24 Años,Femenino,Escuintla,Inglaterra,Lionel Messi
1217,25 - 34 Años,Femenino,San Marcos,Portugal,Christian Pulisic
1217,25 - 34 Años,Femenino,San Marcos,Portugal,Cristiano Ronaldo
1218,45 - 54 Años,Masculino,Escuintla,Brasil,Lamine Yamal
1218,45 - 54 Años,Masculino,Escuintla,Brasil,Vinícius Júnior
1218,45 - 54 Años,Masculino,Escuintla,Brasil,Lionel Messi
1219,25 - 34 Años,Masculino,Sacatepéquez,Portugal,Cristiano Ronaldo
1220,25 - 34 Años,Femenino,Guatemala,Brasil,Lionel Messi
1220,25 - 34 Años,Femenino,Guatemala,Brasil,Harry Kane
1221,55 Años O Más,Femenino,Guatemala,Portugal,Lionel Messi
1221,55 Años O Más,Femenino,Guatemala,Portugal,Cristiano Ronaldo
1221,55 Años O Más,Femenino,Guatemala,Portugal,Federico Valverde
1222,Menos De 18 Años,Masculino,Retalhuleu,Brasil,Kylian Mbappé
1222,Menos De 18 Años,Masculino,Retalhuleu,Brasil,Ninguno
1222,Menos De 18 Años,Masculino,Retalhuleu,Brasil,Lionel Messi
1223,Menos De 18 Años,Femenino,Guate,Brasil,Harry Kane
1223,Menos De 18 Años,Femenino,Guate,Brasil,Lionel Messi
1223,Menos De 18 Años,Femenino,Guate,Brasil,Vinícius Júnior
1224,18 - 24 Años,Femenino,Guatemala,Brasil,Lionel Messi
1224,18 - 24 Años,Femenino,Guatemala,Brasil,Federico Valverde
1225,55 Años O Más,Masculino,Guatemala,México,Lionel Messi
1226,25 - 34 Años,Femenino,Izabal,Portugal,Cristiano Ronaldo
1227,55 Años O Más,Masculino,Izabal,Argentina,Cristiano Ronaldo
1228,35 - 44 Años,Masculino,Quetzaltenango,Portugal,Cristiano Ronaldo
1228,35 - 44 Años,Masculino,Quetzaltenango,Portugal,Lamine Yamal
1228,35 - 44 Años,Masculino,Quetzaltenango,Portugal,Jude Bellingham
1229,55 Años O Más,Masculino,Sacatepéquez,Argentina,Cristiano Ronaldo
1229,55 Años O Más,Masculino,Sacatepéquez,Argentina,Kylian Mbappé
1229,55 Años O Más,Masculino,Sacatepéquez,Argentina,Vinícius Júnior
1230,55 Años O Más,Femenino,Jutiapa,México,Neymar Jr.
1231,35 - 44 Años,Masculino,Guatemala,Argentina,Alphonso Davies
1231,35 - 44 Años,Masculino,Guatemala,Argentina,Kylian Mbappé
1232,35 - 44 Años,Masculino,Guatemala,Brasil,Cristiano Ronaldo
1232,35 - 44 Años,Masculino,Guatemala,Brasil,Lamine Yamal
1233,35 - 44 Años,Masculino,Quetzaltenango,Uruguay,Christian Pulisic
1234,35 - 44 Años,Masculino,Guatemala,Colombia,Kylian Mbappé
1234,35 - 44 Años,Masculino,Guatemala,Colombia,Cristiano Ronaldo
1234,35 - 44 Años,Masculino,Guatemala,Colombia,Neymar Jr.
1235,18 - 24 Años,Masculino,Guatemala,Brasil,Cristiano Ronaldo
1236,45 - 54 Años,Masculino,Guatemala, ARABIA SAUDITA ,Cristiano Ronaldo
1236,45 - 54 Años,Masculino,Guatemala, ARABIA SAUDITA ,Jude Bellingham
1237,25 - 34 Años,Masculino,Guatemala,México,Christian Pulisic
1237,25 - 34 Años,Masculino,Guatemala,México,Jude Bellingham
1238,35 - 44 Años,Masculino,Sacatepéquez,Alemania,Lionel Messi
1238,35 - 44 Años,Masculino,Sacatepéquez,Alemania,Cristiano Ronaldo
1238,35 - 44 Años,Masculino,Sacatepéquez,Alemania,Lamine Yamal
1239,25 - 34 Años,Masculino,Sacatepéquez,Corea del Sur,Jude Bellingham
1239,25 - 34 Años,Masculino,Sacatepéquez,Corea del Sur,Cristiano Ronaldo
1240,25 - 34 Años,Femenino,Guatemala,Argentina,Harry Kane
1240,25 - 34 Años,Femenino,Guatemala,Argentina,Vinícius Júnior
1240,25 - 34 Años,Femenino,Guatemala,Argentina,Lamine Yamal
1241,55 Años O Más,Masculino,Guatemala,Alemania,Lionel Messi
1241,55 Años O Más,Masculino,Guatemala,Alemania,Jude Bellingham
1241,55 Años O Más,Masculino,Guatemala,Alemania,Rodri
1242,25 - 34 Años,Femenino,Guatemala,Alemania,Lamine Yamal
1242,25 - 34 Años,Femenino,Guatemala,Alemania,Harry Kane
1243,25 - 34 Años,Masculino,Guatemala,Brasil,Vinícius Júnior
1243,25 - 34 Años,Masculino,Guatemala,Brasil,Kylian Mbappé
1244,45 - 54 Años,Femenino,Guatemala,Brasil,Alphonso Davies
1245,18 - 24 Años,Femenino,Escuintla,Ecuador,Rodri
1245,18 - 24 Años,Femenino,Escuintla,Ecuador,Lionel Messi
1246,Menos De 18 Años,Femenino,Sacatepéquez,Irak,Jude Bellingham
1246,Menos De 18 Años,Femenino,Sacatepéquez,Irak,Neymar Jr.
1246,Menos De 18 Años,Femenino,Sacatepéquez,Irak,Lionel Messi
1247,Menos De 18 Años,Masculino,Izabal,México,Lionel Messi
1248,18 - 24 Años,Femenino,Guatemala,Portugal,Lionel Messi
1248,18 - 24 Años,Femenino,Guatemala,Portugal,Kylian Mbappé
1249,25 - 34 Años,Masculino,Guatemala,México,Kylian Mbappé
1249,25 - 34 Años,Masculino,Guatemala,México,Jude Bellingham
1249,25 - 34 Años,Masculino,Guatemala,México,Lamine Yamal
1250,45 - 54 Años,Prefiero No Indicarlo,Jalapa,México,Kylian Mbappé
1250,45 - 54 Años,Prefiero No Indicarlo,Jalapa,México,Julián Álvarez
1250,45 - 54 Años,Prefiero No Indicarlo,Jalapa,México,Neymar Jr.
1251,25 - 34 Años,Femenino,Quiché,México,Alphonso Davies
1251,25 - 34 Años,Femenino,Quiché,México,Lionel Messi
1251,25 - 34 Años,Femenino,Quiché,México,Jude Bellingham
1252,55 Años O Más,Masculino,Guatemala,Portugal,Cristiano Ronaldo
1253,18 - 24 Años,Masculino,Escuintla,Francia,Cristiano Ronaldo
1253,18 - 24 Años,Masculino,Escuintla,Francia,Julián Álvarez
1253,18 - 24 Años,Masculino,Escuintla,Francia,Rodri
1254,35 - 44 Años,Masculino,Guatemala, MÉXICO ,Kylian Mbappé
1254,35 - 44 Años,Masculino,Guatemala, MÉXICO ,Neymar Jr.
1254,35 - 44 Años,Masculino,Guatemala, MÉXICO ,Lionel Messi
1255,35 - 44 Años,Femenino,El Progreso,Argentina,Kylian Mbappé
1256,55 Años O Más,Femenino,Guatemala,Alemania,Vinícius Júnior
1256,55 Años O Más,Femenino,Guatemala,Alemania,Neymar Jr.
1257,25 - 34 Años,Masculino,Guatemala,Brasil,Vinícius Júnior
1257,25 - 34 Años,Masculino,Guatemala,Brasil,Neymar Jr.
1258,35 - 44 Años,Masculino,Quiché,España,Cristiano Ronaldo
1259,25 - 34 Años,Masculino,Guatemala,Türkiye,Julián Álvarez
1259,25 - 34 Años,Masculino,Guatemala,Türkiye,Neymar Jr.
1259,25 - 34 Años,Masculino,Guatemala,Türkiye,Kylian Mbappé
1260,Menos De 18 Años,Femenino,Totonicapán,Irán,Jude Bellingham
1261,25 - 34 Años,Femenino,Petén,Uruguay,Lionel Messi
1261,25 - 34 Años,Femenino,Petén,Uruguay,Cristiano Ronaldo
1262,35 - 44 Años,Masculino,Petén,México,Kylian Mbappé
1262,35 - 44 Años,Masculino,Petén,México,Cristiano Ronaldo
1263,25 - 34 Años,Masculino,Guatemala,Alemania,Vinícius Júnior
1264,18 - 24 Años,Masculino,Totonicapán,España,Kylian Mbappé
1265,35 - 44 Años,Femenino,Quetzaltenango,Portugal,Neymar Jr.
1265,35 - 44 Años,Femenino,Quetzaltenango,Portugal,Jude Bellingham
1266,25 - 34 Años,Femenino,Guatemala,Argentina,Lionel Messi
1266,25 - 34 Años,Femenino,Guatemala,Argentina,Vinícius Júnior
1266,25 - 34 Años,Femenino,Guatemala,Argentina,Kylian Mbappé
1267,25 - 34 Años,Femenino,Chimaltenango,España,Lionel Messi
1267,25 - 34 Años,Femenino,Chimaltenango,España,Cristiano Ronaldo
1268,45 - 54 Años,Femenino,Sacatepéquez,Brasil,Kylian Mbappé
1268,45 - 54 Años,Femenino,Sacatepéquez,Brasil,Vinícius Júnior
1268,45 - 54 Años,Femenino,Sacatepéquez,Brasil,Lamine Yamal
1269,45 - 54 Años,Femenino,Quetzaltenango,Colombia,Cristiano Ronaldo
1270,25 - 34 Años,Femenino,Santa Rosa,Alemania,Lamine Yamal
1270,25 - 34 Años,Femenino,Santa Rosa,Alemania,Lionel Messi
1270,25 - 34 Años,Femenino,Santa Rosa,Alemania,Kylian Mbappé
1271,35 - 44 Años,Masculino,Guatemala,Francia,Lionel Messi
1271,35 - 44 Años,Masculino,Guatemala,Francia,Neymar Jr.
1271,35 - 44 Años,Masculino,Guatemala,Francia,Kylian Mbappé
1864,Menos De 18 Años,Masculino,Sacatepéquez, BRASIL ,Federico Valverde
1864,Menos De 18 Años,Masculino,Sacatepéquez, BRASIL ,Jude Bellingham
1864,Menos De 18 Años,Masculino,Sacatepéquez, BRASIL ,Lionel Messi
1273,25 - 34 Años,Masculino,San Marcos, MÉXICO ,Neymar Jr.
1274,45 - 54 Años,Femenino,Sacatepéquez,Costa de Marfil,Lionel Messi
1274,45 - 54 Años,Femenino,Sacatepéquez,Costa de Marfil,Cristiano Ronaldo
1275,18 - 24 Años,Masculino,Jalapa,Estados Unidos,Christian Pulisic
1275,18 - 24 Años,Masculino,Jalapa,Estados Unidos,Kylian Mbappé
1276,18 - 24 Años,Femenino,Guatemala,Uruguay,Kylian Mbappé
1276,18 - 24 Años,Femenino,Guatemala,Uruguay,Julián Álvarez
1277,18 - 24 Años,Femenino,Guatemala,México,Cristiano Ronaldo
1277,18 - 24 Años,Femenino,Guatemala,México,Vinícius Júnior
1278,25 - 34 Años,Femenino,Escuintla,Argentina,Jude Bellingham
1278,25 - 34 Años,Femenino,Escuintla,Argentina,Neymar Jr.
1278,25 - 34 Años,Femenino,Escuintla,Argentina,Cristiano Ronaldo
1279,45 - 54 Años,Femenino,Sacatepéquez,Portugal,Cristiano Ronaldo
1279,45 - 54 Años,Femenino,Sacatepéquez,Portugal,Ninguno
1279,45 - 54 Años,Femenino,Sacatepéquez,Portugal,Lionel Messi
1280,Menos De 18 Años,Femenino,Izabal,Brasil,Rodri
1281,35 - 44 Años,Masculino,Guatemala,Argentina,Lionel Messi
1282,18 - 24 Años,Femenino,Guatemala,Francia,Cristiano Ronaldo
1282,18 - 24 Años,Femenino,Guatemala,Francia,Julián Álvarez
1283,18 - 24 Años,Masculino,Huehuetenango,Francia,Lionel Messi
1284,55 Años O Más,Femenino,Guatemala,Argentina,Harry Kane
1284,55 Años O Más,Femenino,Guatemala,Argentina,Kylian Mbappé
1285,35 - 44 Años,Masculino,Escuintla,Brasil,Kylian Mbappé
1285,35 - 44 Años,Masculino,Escuintla,Brasil,Lionel Messi
1286,35 - 44 Años,Masculino,Guatemala,México,Neymar Jr.
1286,35 - 44 Años,Masculino,Guatemala,México,Kylian Mbappé
1286,35 - 44 Años,Masculino,Guatemala,México,Vinícius Júnior
1287,35 - 44 Años,Femenino,Alta Verapaz,Brasil,Lionel Messi
1288,25 - 34 Años,Femenino,Guatemala,Argentina,Kylian Mbappé
1289,45 - 54 Años,Masculino,Quetzaltenango,Francia,Vinícius Júnior
1289,45 - 54 Años,Masculino,Quetzaltenango,Francia,Lamine Yamal
1289,45 - 54 Años,Masculino,Quetzaltenango,Francia,Alphonso Davies
1290,25 - 34 Años,Femenino,Guatemala, BRASIL ,Cristiano Ronaldo
1290,25 - 34 Años,Femenino,Guatemala, BRASIL ,Jude Bellingham
1290,25 - 34 Años,Femenino,Guatemala, BRASIL ,Neymar Jr.
1291,Menos De 18 Años,Femenino,Petén,Portugal,Alphonso Davies
1291,Menos De 18 Años,Femenino,Petén,Portugal,Neymar Jr.
1292,25 - 34 Años,Masculino,Quetzaltenango,Portugal,Lionel Messi
1292,25 - 34 Años,Masculino,Quetzaltenango,Portugal,Jude Bellingham
1292,25 - 34 Años,Masculino,Quetzaltenango,Portugal,Federico Valverde
1293,25 - 34 Años,Masculino,Guatemala,Egipto,Lionel Messi
1293,25 - 34 Años,Masculino,Guatemala,Egipto,Kylian Mbappé
1294,35 - 44 Años,Femenino,Escuintla,México,Cristiano Ronaldo
1295,18 - 24 Años,Femenino,Guatemala,Alemania,Lionel Messi
1296,55 Años O Más,Masculino,Quetzaltenango,España,Rodri
1297,35 - 44 Años,Masculino,Guatemala,Estados Unidos,Kylian Mbappé
1298,45 - 54 Años,Femenino,Alta Verapaz,Inglaterra,Harry Kane
1299,45 - 54 Años,Masculino,Chimaltenango,Portugal,Lionel Messi
1299,45 - 54 Años,Masculino,Chimaltenango,Portugal,Jude Bellingham
1300,25 - 34 Años,Femenino,Guatemala,Argentina,Cristiano Ronaldo
1300,25 - 34 Años,Femenino,Guatemala,Argentina,Christian Pulisic
1300,25 - 34 Años,Femenino,Guatemala,Argentina,Vinícius Júnior
1301,18 - 24 Años,Masculino,Guatemala,España,Harry Kane
1302,18 - 24 Años,Masculino,Guatemala,Inglaterra,Cristiano Ronaldo
1303,25 - 34 Años,Femenino,El Progreso,España,Julián Álvarez
1304,25 - 34 Años,Femenino,Guatemala,Argentina,Christian Pulisic
1304,25 - 34 Años,Femenino,Guatemala,Argentina,Jude Bellingham
1305,18 - 24 Años,Masculino,Guatemala,Ghana,Julián Álvarez
1305,18 - 24 Años,Masculino,Guatemala,Ghana,Kylian Mbappé
1306,35 - 44 Años,Femenino,Chimaltenango,Argentina,Lionel Messi
1307,25 - 34 Años,Femenino,Alta Verapaz,Brasil,Jude Bellingham
1308,18 - 24 Años,Masculino,Petén,Argentina,Jude Bellingham
1308,18 - 24 Años,Masculino,Petén,Argentina,Cristiano Ronaldo
1308,18 - 24 Años,Masculino,Petén,Argentina,Lionel Messi
1309,45 - 54 Años,Masculino,Baja Verapaz,España,Neymar Jr.
1310,35 - 44 Años,Prefiero No Indicarlo,Guatemala,México,Kylian Mbappé
1311,18 - 24 Años,Femenino,Guate,Argelia,Lionel Messi
1311,18 - 24 Años,Femenino,Guate,Argelia,Cristiano Ronaldo
1312,25 - 34 Años,Masculino,Guatemala, PORTUGAL ,Lamine Yamal
1312,25 - 34 Años,Masculino,Guatemala, PORTUGAL ,Kylian Mbappé
1312,25 - 34 Años,Masculino,Guatemala, PORTUGAL ,Cristiano Ronaldo
1313,Menos De 18 Años,Masculino,Guatemala,Francia,Lionel Messi
1314,Menos De 18 Años,Masculino,Quetzaltenango,Argentina,Neymar Jr.
1314,Menos De 18 Años,Masculino,Quetzaltenango,Argentina,Federico Valverde
1314,Menos De 18 Años,Masculino,Quetzaltenango,Argentina,Jude Bellingham
1315,18 - 24 Años,Masculino,Escuintla,Brasil,Julián Álvarez
1316,35 - 44 Años,Femenino,Guatemala,Francia,Neymar Jr.
1316,35 - 44 Años,Femenino,Guatemala,Francia,Julián Álvarez
1316,35 - 44 Años,Femenino,Guatemala,Francia,Jude Bellingham
1317,18 - 24 Años,Femenino,Retalhuleu,Brasil,Alphonso Davies
1317,18 - 24 Años,Femenino,Retalhuleu,Brasil,Kylian Mbappé
1317,18 - 24 Años,Femenino,Retalhuleu,Brasil,Lamine Yamal
1318,25 - 34 Años,Femenino,Guatemala,México,Neymar Jr.
2405,25 - 34 Años,Femenino,Guatemala,Portugal,Cristiano Ronaldo
1320,45 - 54 Años,Femenino,Guatemala,Brasil,Vinícius Júnior
1321,55 Años O Más,Femenino,Sacatepéquez,Uruguay,Cristiano Ronaldo
1322,18 - 24 Años,Masculino,Escuintla,España,Julián Álvarez
1323,18 - 24 Años,Masculino,Guatemala,Brasil,Cristiano Ronaldo
1323,18 - 24 Años,Masculino,Guatemala,Brasil,Kylian Mbappé
1323,18 - 24 Años,Masculino,Guatemala,Brasil,Julián Álvarez
1324,45 - 54 Años,Masculino,Sacatepéquez,Brasil,Kylian Mbappé
1325,35 - 44 Años,Masculino,Guatemala,Portugal,Lionel Messi
1325,35 - 44 Años,Masculino,Guatemala,Portugal,Kylian Mbappé
1325,35 - 44 Años,Masculino,Guatemala,Portugal,Lamine Yamal
1326,Menos De 18 Años,Femenino,Guatemala,Canadá,Rodri
1327,18 - 24 Años,Masculino,Guatemala,Brasil,Cristiano Ronaldo
1327,18 - 24 Años,Masculino,Guatemala,Brasil,Lionel Messi
1327,18 - 24 Años,Masculino,Guatemala,Brasil,Federico Valverde
1328,45 - 54 Años,Femenino,Guatemala,Argentina,Cristiano Ronaldo
1328,45 - 54 Años,Femenino,Guatemala,Argentina,Kylian Mbappé
1329,Menos De 18 Años,Masculino,Guatemala,Francia,Vinícius Júnior
1329,Menos De 18 Años,Masculino,Guatemala,Francia,Cristiano Ronaldo
1329,Menos De 18 Años,Masculino,Guatemala,Francia,Lionel Messi
1330,25 - 34 Años,Femenino,Quetzaltenango,Estados Unidos,Cristiano Ronaldo
1330,25 - 34 Años,Femenino,Quetzaltenango,Estados Unidos,Lamine Yamal
1330,25 - 34 Años,Femenino,Quetzaltenango,Estados Unidos,Neymar Jr.
1331,35 - 44 Años,Femenino,Chiquimula,Francia,Cristiano Ronaldo
1332,25 - 34 Años,Masculino,Guatemala,Estados Unidos,Lionel Messi
1332,25 - 34 Años,Masculino,Guatemala,Estados Unidos,Cristiano Ronaldo
1333,35 - 44 Años,Masculino,Santa Rosa,Argentina,Cristiano Ronaldo
1333,35 - 44 Años,Masculino,Santa Rosa,Argentina,Ninguno
1333,35 - 44 Años,Masculino,Santa Rosa,Argentina,Lionel Messi
1334,55 Años O Más,Masculino,Sacatepéquez,Inglaterra,Lamine Yamal
1334,55 Años O Más,Masculino,Sacatepéquez,Inglaterra,Cristiano Ronaldo
1335,45 - 54 Años,Femenino,Quetzaltenango,Portugal,Harry Kane
1336,55 Años O Más,Femenino,Guatemala,Francia,Kylian Mbappé
1336,55 Años O Más,Femenino,Guatemala,Francia,Alphonso Davies
1336,55 Años O Más,Femenino,Guatemala,Francia,Vinícius Júnior
1337,Menos De 18 Años,Masculino,Guatemala,Argentina,Cristiano Ronaldo
538,35 - 44 Años,Femenino,Guatemala,Senegal,Cristiano Ronaldo
538,35 - 44 Años,Femenino,Guatemala,Senegal,Lionel Messi
1339,25 - 34 Años,Femenino,Escuintla,Argentina,Neymar Jr.
1339,25 - 34 Años,Femenino,Escuintla,Argentina,Lionel Messi
1340,45 - 54 Años,Masculino,Sacatepéquez,México,Lamine Yamal
1341,18 - 24 Años,Femenino,El Progreso,México,Lionel Messi
1341,18 - 24 Años,Femenino,El Progreso,México,Cristiano Ronaldo
1342,25 - 34 Años,Femenino,Guatemala,Francia,Alphonso Davies
1342,25 - 34 Años,Femenino,Guatemala,Francia,Cristiano Ronaldo
1342,25 - 34 Años,Femenino,Guatemala,Francia,Neymar Jr.
1343,18 - 24 Años,Femenino,Guatemala,México,Lionel Messi
1344,45 - 54 Años,Masculino,Guatemala,Brasil,Cristiano Ronaldo
1344,45 - 54 Años,Masculino,Guatemala,Brasil,Lamine Yamal
1344,45 - 54 Años,Masculino,Guatemala,Brasil,Neymar Jr.
1345,Menos De 18 Años,Femenino,Escuintla,Alemania,Cristiano Ronaldo
1346,25 - 34 Años,Masculino,Jalapa,Alemania,Kylian Mbappé
1346,25 - 34 Años,Masculino,Jalapa,Alemania,Rodri
1347,25 - 34 Años,Masculino,Guatemala,Brasil,Lionel Messi
1348,35 - 44 Años,Femenino,Guatemala,España,Kylian Mbappé
1348,35 - 44 Años,Femenino,Guatemala,España,Vinícius Júnior
1348,35 - 44 Años,Femenino,Guatemala,España,Harry Kane
1349,45 - 54 Años,Masculino,Quetzaltenango,Argentina,Lionel Messi
1349,45 - 54 Años,Masculino,Quetzaltenango,Argentina,Julián Álvarez
1350,35 - 44 Años,Femenino,Escuintla,Argentina,Julián Álvarez
1351,Menos De 18 Años,Prefiero No Indicarlo,Quetzaltenango,Argentina,Cristiano Ronaldo
1352,Menos De 18 Años,Masculino,Chimaltenango,Brasil,Lionel Messi
1352,Menos De 18 Años,Masculino,Chimaltenango,Brasil,Christian Pulisic
1353,Menos De 18 Años,Masculino,Totonicapán,Francia,Lamine Yamal
1353,Menos De 18 Años,Masculino,Totonicapán,Francia,Cristiano Ronaldo
1353,Menos De 18 Años,Masculino,Totonicapán,Francia,Neymar Jr.
1354,55 Años O Más,Masculino,Escuintla,Colombia,Jude Bellingham
1355,45 - 54 Años,Masculino,Guatemala,Francia,Cristiano Ronaldo
1355,45 - 54 Años,Masculino,Guatemala,Francia,Harry Kane
1356,25 - 34 Años,Masculino,Guatemala,Portugal,Federico Valverde
1357,35 - 44 Años,Masculino,Guatemala,Argentina,Vinícius Júnior
1357,35 - 44 Años,Masculino,Guatemala,Argentina,Kylian Mbappé
1357,35 - 44 Años,Masculino,Guatemala,Argentina,Cristiano Ronaldo
1358,45 - 54 Años,Femenino,Guatemala,Argentina,Ninguno
1358,45 - 54 Años,Femenino,Guatemala,Argentina,Lionel Messi
1358,45 - 54 Años,Femenino,Guatemala,Argentina,Cristiano Ronaldo
1359,45 - 54 Años,Femenino,Guatemala, BRASIL ,Vinícius Júnior
1360,35 - 44 Años,Masculino,Guatemala,México,Lionel Messi
1360,35 - 44 Años,Masculino,Guatemala,México,Julián Álvarez
1360,35 - 44 Años,Masculino,Guatemala,México,Kylian Mbappé
1361,25 - 34 Años,Femenino,Escuintla,Alemania,Julián Álvarez
1361,25 - 34 Años,Femenino,Escuintla,Alemania,Ninguno
1362,18 - 24 Años,Femenino,Jalapa,Portugal,Lamine Yamal
1362,18 - 24 Años,Femenino,Jalapa,Portugal,Julián Álvarez
1363,18 - 24 Años,Masculino,Guatemala,España,Lionel Messi
1363,18 - 24 Años,Masculino,Guatemala,España,Federico Valverde
1363,18 - 24 Años,Masculino,Guatemala,España,Harry Kane
1364,18 - 24 Años,Masculino,Quetzaltenango,Argentina,Cristiano Ronaldo
1364,18 - 24 Años,Masculino,Quetzaltenango,Argentina,Christian Pulisic
1364,18 - 24 Años,Masculino,Quetzaltenango,Argentina,Jude Bellingham
1365,35 - 44 Años,Femenino,Guatemala,Inglaterra,Harry Kane
1365,35 - 44 Años,Femenino,Guatemala,Inglaterra,Lionel Messi
1365,35 - 44 Años,Femenino,Guatemala,Inglaterra,Cristiano Ronaldo
1366,25 - 34 Años,Femenino,Guatemala,Alemania,Christian Pulisic
1366,25 - 34 Años,Femenino,Guatemala,Alemania,Vinícius Júnior
1366,25 - 34 Años,Femenino,Guatemala,Alemania,Neymar Jr.
1367,45 - 54 Años,Masculino,Escuintla,Argentina,Cristiano Ronaldo
1367,45 - 54 Años,Masculino,Escuintla,Argentina,Kylian Mbappé
1368,25 - 34 Años,Femenino,Guatemala,Argentina,Lamine Yamal
1368,25 - 34 Años,Femenino,Guatemala,Argentina,Cristiano Ronaldo
1369,25 - 34 Años,Masculino,Quetzaltenango,Argentina,Jude Bellingham
1370,25 - 34 Años,Masculino,Sacatepéquez, BRASIL ,Neymar Jr.
1371,25 - 34 Años,Masculino,Guatemala,España,Lamine Yamal
1371,25 - 34 Años,Masculino,Guatemala,España,Harry Kane
1371,25 - 34 Años,Masculino,Guatemala,España,Lionel Messi
1372,25 - 34 Años,Masculino,Guatemala,México,Neymar Jr.
1372,25 - 34 Años,Masculino,Guatemala,México,Vinícius Júnior
1373,25 - 34 Años,Masculino,Quiché,Inglaterra,Rodri
1373,25 - 34 Años,Masculino,Quiché,Inglaterra,Federico Valverde
1374,18 - 24 Años,Femenino,Sacatepéquez,Curaçao,Kylian Mbappé
1375,25 - 34 Años,Femenino,Guatemala,Brasil,Cristiano Ronaldo
1375,25 - 34 Años,Femenino,Guatemala,Brasil,Vinícius Júnior
1375,25 - 34 Años,Femenino,Guatemala,Brasil,Christian Pulisic
1376,25 - 34 Años,Masculino,San Marcos,Uruguay,Lionel Messi
1377,Menos De 18 Años,Masculino,Guatemala,Inglaterra,Neymar Jr.
1378,35 - 44 Años,Masculino,Retalhuleu,Inglaterra,Kylian Mbappé
1379,45 - 54 Años,Femenino,Sacatepéquez,Brasil,Rodri
1379,45 - 54 Años,Femenino,Sacatepéquez,Brasil,Kylian Mbappé
1379,45 - 54 Años,Femenino,Sacatepéquez,Brasil,Federico Valverde
1380,25 - 34 Años,Femenino,Baja Verapaz,Brasil,Ninguno
1381,55 Años O Más,Prefiero No Indicarlo,Escuintla,Argentina,Kylian Mbappé
1382,18 - 24 Años,Masculino,Quetzaltenango,España,Lionel Messi
1382,18 - 24 Años,Masculino,Quetzaltenango,España,Kylian Mbappé
1383,45 - 54 Años,Femenino,Baja Verapaz,Portugal,Neymar Jr.
1384,25 - 34 Años,Femenino,Sacatepéquez,México,Alphonso Davies
1385,35 - 44 Años,Masculino,Jutiapa,México,Lionel Messi
1385,35 - 44 Años,Masculino,Jutiapa,México,Cristiano Ronaldo
1386,35 - 44 Años,Femenino,Sololá,Argentina,Lionel Messi
1386,35 - 44 Años,Femenino,Sololá,Argentina,Lamine Yamal
1387,18 - 24 Años,Femenino,Guatemala, ESPAÑA ,Lionel Messi
1388,Menos De 18 Años,Femenino,Suchitepéquez,Alemania,Ninguno
1388,Menos De 18 Años,Femenino,Suchitepéquez,Alemania,Lionel Messi
1389,45 - 54 Años,Masculino,Guatemala,España,Cristiano Ronaldo
1390,35 - 44 Años,Femenino,Guatemala,Argentina,Cristiano Ronaldo
1390,35 - 44 Años,Femenino,Guatemala,Argentina,Neymar Jr.
1391,45 - 54 Años,Femenino,Sololá,Uzbekistán,Lionel Messi
1391,45 - 54 Años,Femenino,Sololá,Uzbekistán,Cristiano Ronaldo
1392,25 - 34 Años,Femenino,Guatemala,Inglaterra,Kylian Mbappé
1392,25 - 34 Años,Femenino,Guatemala,Inglaterra,Cristiano Ronaldo
1393,Menos De 18 Años,Prefiero No Indicarlo,Guatemala,Brasil,Vinícius Júnior
1393,Menos De 18 Años,Prefiero No Indicarlo,Guatemala,Brasil,Julián Álvarez
1394,Menos De 18 Años,Masculino,Chimaltenango,Portugal,Cristiano Ronaldo
1394,Menos De 18 Años,Masculino,Chimaltenango,Portugal,Julián Álvarez
1395,18 - 24 Años,Femenino,Retalhuleu,España,Julián Álvarez
1395,18 - 24 Años,Femenino,Retalhuleu,España,Lamine Yamal
1396,45 - 54 Años,Femenino,Guatemala,Francia,Kylian Mbappé
1397,25 - 34 Años,Masculino,Suchitepéquez,España,Cristiano Ronaldo
1397,25 - 34 Años,Masculino,Suchitepéquez,España,Kylian Mbappé
1398,18 - 24 Años,Masculino,Guatemala,Argentina,Lionel Messi
1399,18 - 24 Años,Femenino,Guatemala,España,Vinícius Júnior
1399,18 - 24 Años,Femenino,Guatemala,España,Cristiano Ronaldo
1399,18 - 24 Años,Femenino,Guatemala,España,Neymar Jr.
1400,Menos De 18 Años,Femenino,Quetzaltenango,Argentina,Cristiano Ronaldo
1401,25 - 34 Años,Masculino,Guatemala,Estados Unidos,Alphonso Davies
1401,25 - 34 Años,Masculino,Guatemala,Estados Unidos,Cristiano Ronaldo
1402,35 - 44 Años,Femenino,Guatemala,Curaçao,Jude Bellingham
1402,35 - 44 Años,Femenino,Guatemala,Curaçao,Ninguno
1402,35 - 44 Años,Femenino,Guatemala,Curaçao,Cristiano Ronaldo
1403,18 - 24 Años,Masculino,Guatemala,Argentina,Alphonso Davies
1403,18 - 24 Años,Masculino,Guatemala,Argentina,Lionel Messi
1404,35 - 44 Años,Femenino,Chimaltenango,Portugal,Lionel Messi
1405,Menos De 18 Años,Femenino,San Marcos,Francia,Kylian Mbappé
1405,Menos De 18 Años,Femenino,San Marcos,Francia,Rodri
1406,35 - 44 Años,Masculino,Guatemala,Inglaterra,Cristiano Ronaldo
1406,35 - 44 Años,Masculino,Guatemala,Inglaterra,Lionel Messi
1407,35 - 44 Años,Femenino,Guatemala,Francia,Cristiano Ronaldo
1407,35 - 44 Años,Femenino,Guatemala,Francia,Neymar Jr.
1407,35 - 44 Años,Femenino,Guatemala,Francia,Vinícius Júnior
1408,35 - 44 Años,Femenino,Guatemala,Argentina,Cristiano Ronaldo
1408,35 - 44 Años,Femenino,Guatemala,Argentina,Lionel Messi
1408,35 - 44 Años,Femenino,Guatemala,Argentina,Neymar Jr.
1409,25 - 34 Años,Femenino,Escuintla,Marruecos,Lamine Yamal
1410,18 - 24 Años,Masculino,Sacatepéquez,Suecia,Cristiano Ronaldo
1410,18 - 24 Años,Masculino,Sacatepéquez,Suecia,Neymar Jr.
1411,18 - 24 Años,Prefiero No Indicarlo,Huehuetenango,Austria,Harry Kane
1412,25 - 34 Años,Femenino,Guatemala,Inglaterra,Jude Bellingham
1412,25 - 34 Años,Femenino,Guatemala,Inglaterra,Federico Valverde
1413,18 - 24 Años,Masculino,Chimaltenango,España,Federico Valverde
1413,18 - 24 Años,Masculino,Chimaltenango,España,Jude Bellingham
1414,35 - 44 Años,Masculino,Guatemala,México,Alphonso Davies
1414,35 - 44 Años,Masculino,Guatemala,México,Kylian Mbappé
1415,55 Años O Más,Masculino,Guatemala,Argentina,Alphonso Davies
1415,55 Años O Más,Masculino,Guatemala,Argentina,Neymar Jr.
1415,55 Años O Más,Masculino,Guatemala,Argentina,Kylian Mbappé
1417,25 - 34 Años,Femenino,Guatemala,Argentina,Kylian Mbappé
1418,25 - 34 Años,Femenino,Guatemala,Portugal,Cristiano Ronaldo
1419,35 - 44 Años,Femenino,Huehuetenango,México,Cristiano Ronaldo
1420,35 - 44 Años,Masculino,Jutiapa,Argentina,Cristiano Ronaldo
1421,55 Años O Más,Femenino,Guatemala,Alemania,Vinícius Júnior
1421,55 Años O Más,Femenino,Guatemala,Alemania,Cristiano Ronaldo
1421,55 Años O Más,Femenino,Guatemala,Alemania,Kylian Mbappé
1422,25 - 34 Años,Masculino,Zacapa,Brasil,Lionel Messi
1422,25 - 34 Años,Masculino,Zacapa,Brasil,Lamine Yamal
1422,25 - 34 Años,Masculino,Zacapa,Brasil,Cristiano Ronaldo
2478,18 - 24 Años,Femenino,Guatemala,Brasil,Cristiano Ronaldo
2478,18 - 24 Años,Femenino,Guatemala,Brasil,Federico Valverde
1424,45 - 54 Años,Masculino,Guatemala,Argentina,Vinícius Júnior
1425,45 - 54 Años,Femenino,Guatemala,Brasil,Alphonso Davies
1425,45 - 54 Años,Femenino,Guatemala,Brasil,Neymar Jr.
1426,25 - 34 Años,Femenino,Quetzaltenango,Argentina,Kylian Mbappé
1426,25 - 34 Años,Femenino,Quetzaltenango,Argentina,Lamine Yamal
1427,18 - 24 Años,Femenino,Guatemala,Colombia,Christian Pulisic
1427,18 - 24 Años,Femenino,Guatemala,Colombia,Julián Álvarez
1427,18 - 24 Años,Femenino,Guatemala,Colombia,Jude Bellingham
1428,25 - 34 Años,Masculino,Guatemala,México,Neymar Jr.
1429,45 - 54 Años,Femenino,Guatemala,Argentina,Kylian Mbappé
1430,25 - 34 Años,Masculino,Guatemala,Brasil,Lamine Yamal
1430,25 - 34 Años,Masculino,Guatemala,Brasil,Lionel Messi
1431,55 Años O Más,Masculino,Santa Rosa,Argentina,Vinícius Júnior
1432,18 - 24 Años,Masculino,Chiquimula,Inglaterra,Lionel Messi
1432,18 - 24 Años,Masculino,Chiquimula,Inglaterra,Cristiano Ronaldo
1432,18 - 24 Años,Masculino,Chiquimula,Inglaterra,Neymar Jr.
1433,35 - 44 Años,Femenino,Sacatepéquez,Argentina,Cristiano Ronaldo
1433,35 - 44 Años,Femenino,Sacatepéquez,Argentina,Jude Bellingham
1433,35 - 44 Años,Femenino,Sacatepéquez,Argentina,Lionel Messi
1434,25 - 34 Años,Masculino,Chimaltenango,Brasil,Jude Bellingham
1434,25 - 34 Años,Masculino,Chimaltenango,Brasil,Vinícius Júnior
1435,35 - 44 Años,Prefiero No Indicarlo,Guatemala,Czechia,Kylian Mbappé
1435,35 - 44 Años,Prefiero No Indicarlo,Guatemala,Czechia,Cristiano Ronaldo
1436,45 - 54 Años,Femenino,Guatemala, ARGENTINA ,Kylian Mbappé
1436,45 - 54 Años,Femenino,Guatemala, ARGENTINA ,Harry Kane
1437,35 - 44 Años,Masculino,Guatemala,Brasil,Cristiano Ronaldo
1438,Menos De 18 Años,Masculino,Guatemala,México,Rodri
1439,25 - 34 Años,Masculino,Quetzaltenango,México,Lionel Messi
1440,45 - 54 Años,Femenino,Chimaltenango,Uruguay,Lamine Yamal
1440,45 - 54 Años,Femenino,Chimaltenango,Uruguay,Cristiano Ronaldo
1440,45 - 54 Años,Femenino,Chimaltenango,Uruguay,Harry Kane
1441,25 - 34 Años,Femenino,Jutiapa,Argentina,Jude Bellingham
1441,25 - 34 Años,Femenino,Jutiapa,Argentina,Lamine Yamal
1442,35 - 44 Años,Masculino,Totonicapán,Portugal,Cristiano Ronaldo
1442,35 - 44 Años,Masculino,Totonicapán,Portugal,Lionel Messi
1442,35 - 44 Años,Masculino,Totonicapán,Portugal,Vinícius Júnior
1443,55 Años O Más,Masculino,Guatemala,Portugal,Lamine Yamal
1443,55 Años O Más,Masculino,Guatemala,Portugal,Neymar Jr.
1443,55 Años O Más,Masculino,Guatemala,Portugal,Lionel Messi
1444,25 - 34 Años,Femenino,Guatemala,Brasil,Lionel Messi
1445,35 - 44 Años,Masculino,Guatemala,España,Christian Pulisic
1445,35 - 44 Años,Masculino,Guatemala,España,Lionel Messi
1445,35 - 44 Años,Masculino,Guatemala,España,Neymar Jr.
1446,55 Años O Más,Masculino,Guatemala,España,Cristiano Ronaldo
1447,55 Años O Más,Femenino,El Progreso,Estados Unidos,Jude Bellingham
1447,55 Años O Más,Femenino,El Progreso,Estados Unidos,Kylian Mbappé
1447,55 Años O Más,Femenino,El Progreso,Estados Unidos,Neymar Jr.
1448,18 - 24 Años,Femenino,Baja Verapaz,México,Cristiano Ronaldo
1449,45 - 54 Años,Femenino,Escuintla,Argentina,Neymar Jr.
1449,45 - 54 Años,Femenino,Escuintla,Argentina,Lionel Messi
1450,18 - 24 Años,Masculino,Quetzaltenango,Francia,Cristiano Ronaldo
1450,18 - 24 Años,Masculino,Quetzaltenango,Francia,Julián Álvarez
1451,18 - 24 Años,Masculino,Guatemala,Francia,Cristiano Ronaldo
1452,25 - 34 Años,Masculino,Guatemala,México,Lionel Messi
1452,25 - 34 Años,Masculino,Guatemala,México,Jude Bellingham
1453,25 - 34 Años,Masculino,Petén,Argentina,Lionel Messi
1453,25 - 34 Años,Masculino,Petén,Argentina,Cristiano Ronaldo
1453,25 - 34 Años,Masculino,Petén,Argentina,Julián Álvarez
1454,45 - 54 Años,Masculino,Sacatepéquez,Alemania,Cristiano Ronaldo
1454,45 - 54 Años,Masculino,Sacatepéquez,Alemania,Vinícius Júnior
1454,45 - 54 Años,Masculino,Sacatepéquez,Alemania,Lionel Messi
1455,45 - 54 Años,Femenino,Guatemala,Francia,Vinícius Júnior
1455,45 - 54 Años,Femenino,Guatemala,Francia,Lionel Messi
1456,18 - 24 Años,Masculino,Retalhuleu,Brasil,Kylian Mbappé
1456,18 - 24 Años,Masculino,Retalhuleu,Brasil,Lionel Messi
1456,18 - 24 Años,Masculino,Retalhuleu,Brasil,Harry Kane
1457,45 - 54 Años,Femenino,Guatemala,Francia,Neymar Jr.
1457,45 - 54 Años,Femenino,Guatemala,Francia,Federico Valverde
1458,35 - 44 Años,Femenino,Sacatepéquez,Francia,Kylian Mbappé
1458,35 - 44 Años,Femenino,Sacatepéquez,Francia,Neymar Jr.
1458,35 - 44 Años,Femenino,Sacatepéquez,Francia,Federico Valverde
927,55 Años O Más,Masculino,Zacapa,España,Lionel Messi
927,55 Años O Más,Masculino,Zacapa,España,Cristiano Ronaldo
1460,25 - 34 Años,Femenino,San Marcos,Colombia,Neymar Jr.
1460,25 - 34 Años,Femenino,San Marcos,Colombia,Ninguno
1460,25 - 34 Años,Femenino,San Marcos,Colombia,Vinícius Júnior
1461,25 - 34 Años,Masculino,Totonicapán,Argentina,Neymar Jr.
1461,25 - 34 Años,Masculino,Totonicapán,Argentina,Alphonso Davies
1462,25 - 34 Años,Masculino,Quetzaltenango,Argentina,Lionel Messi
1462,25 - 34 Años,Masculino,Quetzaltenango,Argentina,Cristiano Ronaldo
1462,25 - 34 Años,Masculino,Quetzaltenango,Argentina,Jude Bellingham
1463,35 - 44 Años,Femenino,Guatemala,Francia,Julián Álvarez
1463,35 - 44 Años,Femenino,Guatemala,Francia,Neymar Jr.
1463,35 - 44 Años,Femenino,Guatemala,Francia,Vinícius Júnior
1464,18 - 24 Años,Masculino,Izabal,Francia,Lionel Messi
1465,18 - 24 Años,Masculino,Guatemala,Portugal,Cristiano Ronaldo
1466,25 - 34 Años,Femenino,Guatemala,Colombia,Lionel Messi
1466,25 - 34 Años,Femenino,Guatemala,Colombia,Jude Bellingham
1467,35 - 44 Años,Masculino,Guatemala,Argentina,Kylian Mbappé
1467,35 - 44 Años,Masculino,Guatemala,Argentina,Lamine Yamal
1467,35 - 44 Años,Masculino,Guatemala,Argentina,Federico Valverde
1468,18 - 24 Años,Femenino,El Progreso,Argentina,Jude Bellingham
1469,18 - 24 Años,Femenino,Escuintla,Brasil,Lionel Messi
1470,18 - 24 Años,Masculino,Guatemala,México,Kylian Mbappé
1470,18 - 24 Años,Masculino,Guatemala,México,Lionel Messi
1470,18 - 24 Años,Masculino,Guatemala,México,Lamine Yamal
1471,25 - 34 Años,Femenino,Sacatepéquez,Brasil,Neymar Jr.
1471,25 - 34 Años,Femenino,Sacatepéquez,Brasil,Lionel Messi
1471,25 - 34 Años,Femenino,Sacatepéquez,Brasil,Federico Valverde
1472,45 - 54 Años,Femenino,Chimaltenango,Francia,Neymar Jr.
1472,45 - 54 Años,Femenino,Chimaltenango,Francia,Cristiano Ronaldo
1473,45 - 54 Años,Femenino,Jalapa, MÉXICO ,Lamine Yamal
1473,45 - 54 Años,Femenino,Jalapa, MÉXICO ,Federico Valverde
1473,45 - 54 Años,Femenino,Jalapa, MÉXICO ,Christian Pulisic
1474,18 - 24 Años,Femenino,Guatemala,Portugal,Lionel Messi
1474,18 - 24 Años,Femenino,Guatemala,Portugal,Kylian Mbappé
1475,25 - 34 Años,Femenino,Jalapa,Argentina,Neymar Jr.
1475,25 - 34 Años,Femenino,Jalapa,Argentina,Lamine Yamal
1476,25 - 34 Años,Masculino,Escuintla,Argentina,Cristiano Ronaldo
1476,25 - 34 Años,Masculino,Escuintla,Argentina,Lionel Messi
1477,18 - 24 Años,Femenino,Sololá,México,Julián Álvarez
1478,25 - 34 Años,Masculino,Quetzaltenango,Alemania,Cristiano Ronaldo
1478,25 - 34 Años,Masculino,Quetzaltenango,Alemania,Lionel Messi
1478,25 - 34 Años,Masculino,Quetzaltenango,Alemania,Jude Bellingham
1479,25 - 34 Años,Masculino,Quetzaltenango,Francia,Harry Kane
1479,25 - 34 Años,Masculino,Quetzaltenango,Francia,Kylian Mbappé
1480,18 - 24 Años,Femenino,Quetzaltenango,Francia,Vinícius Júnior
1480,18 - 24 Años,Femenino,Quetzaltenango,Francia,Cristiano Ronaldo
1482,25 - 34 Años,Masculino,Santa Rosa,Alemania,Jude Bellingham
1482,25 - 34 Años,Masculino,Santa Rosa,Alemania,Neymar Jr.
1482,25 - 34 Años,Masculino,Santa Rosa,Alemania,Cristiano Ronaldo
1483,55 Años O Más,Masculino,Guatemala,México,Alphonso Davies
1483,55 Años O Más,Masculino,Guatemala,México,Jude Bellingham
1483,55 Años O Más,Masculino,Guatemala,México,Ninguno
1484,18 - 24 Años,Femenino,Guatemala,México,Harry Kane
1484,18 - 24 Años,Femenino,Guatemala,México,Kylian Mbappé
1484,18 - 24 Años,Femenino,Guatemala,México,Cristiano Ronaldo
1485,18 - 24 Años,Femenino,Guatemala,Brasil,Lionel Messi
1485,18 - 24 Años,Femenino,Guatemala,Brasil,Neymar Jr.
1485,18 - 24 Años,Femenino,Guatemala,Brasil,Kylian Mbappé
1486,Menos De 18 Años,Femenino,Santa Rosa,Portugal,Cristiano Ronaldo
1486,Menos De 18 Años,Femenino,Santa Rosa,Portugal,Neymar Jr.
1487,18 - 24 Años,Femenino,Alta Verapaz,Inglaterra,Harry Kane
1487,18 - 24 Años,Femenino,Alta Verapaz,Inglaterra,Lamine Yamal
1488,55 Años O Más,Femenino,Guatemala,Argentina,Lionel Messi
1488,55 Años O Más,Femenino,Guatemala,Argentina,Kylian Mbappé
1489,45 - 54 Años,Masculino,Guatemala,Alemania,Kylian Mbappé
1489,45 - 54 Años,Masculino,Guatemala,Alemania,Julián Álvarez
1490,18 - 24 Años,Masculino,Guatemala,Irak,Lionel Messi
1490,18 - 24 Años,Masculino,Guatemala,Irak,Neymar Jr.
1490,18 - 24 Años,Masculino,Guatemala,Irak,Federico Valverde
1491,35 - 44 Años,Femenino,Guatemala, ARGENTINA ,Jude Bellingham
1492,18 - 24 Años,Femenino,Sacatepéquez, BRASIL ,Cristiano Ronaldo
1493,Menos De 18 Años,Femenino,Quetzaltenango,Brasil,Jude Bellingham
1494,25 - 34 Años,Masculino,Chimaltenango,Brasil,Lionel Messi
1494,25 - 34 Años,Masculino,Chimaltenango,Brasil,Neymar Jr.
1495,45 - 54 Años,Masculino,Chimaltenango,México,Vinícius Júnior
1495,45 - 54 Años,Masculino,Chimaltenango,México,Neymar Jr.
1495,45 - 54 Años,Masculino,Chimaltenango,México,Kylian Mbappé
1496,Menos De 18 Años,Masculino,Quiché,Irán,Neymar Jr.
1497,35 - 44 Años,Femenino,Quetzaltenango,México,Lionel Messi
1497,35 - 44 Años,Femenino,Quetzaltenango,México,Christian Pulisic
1498,Menos De 18 Años,Femenino,Guatemala,Argentina,Cristiano Ronaldo
1498,Menos De 18 Años,Femenino,Guatemala,Argentina,Lionel Messi
1498,Menos De 18 Años,Femenino,Guatemala,Argentina,Rodri
1499,35 - 44 Años,Femenino,Guatemala,Portugal,Cristiano Ronaldo
1499,35 - 44 Años,Femenino,Guatemala,Portugal,Neymar Jr.
1499,35 - 44 Años,Femenino,Guatemala,Portugal,Christian Pulisic
1500,18 - 24 Años,Femenino,Chimaltenango,Argentina,Lionel Messi
1500,18 - 24 Años,Femenino,Chimaltenango,Argentina,Vinícius Júnior
1500,18 - 24 Años,Femenino,Chimaltenango,Argentina,Kylian Mbappé
1501,18 - 24 Años,Femenino,Guatemala,Alemania,Vinícius Júnior
1502,18 - 24 Años,Femenino,Guatemala,Argentina,Julián Álvarez
1502,18 - 24 Años,Femenino,Guatemala,Argentina,Neymar Jr.
1503,35 - 44 Años,Masculino,Guatemala,Argentina,Neymar Jr.
1504,25 - 34 Años,Prefiero No Indicarlo,Escuintla,Brasil,Vinícius Júnior
1505,25 - 34 Años,Femenino,Guatemala,México,Jude Bellingham
1506,45 - 54 Años,Prefiero No Indicarlo,Quetzaltenango,Brasil,Kylian Mbappé
1506,45 - 54 Años,Prefiero No Indicarlo,Quetzaltenango,Brasil,Lionel Messi
1506,45 - 54 Años,Prefiero No Indicarlo,Quetzaltenango,Brasil,Christian Pulisic
1507,25 - 34 Años,Masculino,Guatemala,Brasil,Christian Pulisic
1507,25 - 34 Años,Masculino,Guatemala,Brasil,Cristiano Ronaldo
1508,18 - 24 Años,Masculino,Guatemala,Alemania,Christian Pulisic
1508,18 - 24 Años,Masculino,Guatemala,Alemania,Kylian Mbappé
1508,18 - 24 Años,Masculino,Guatemala,Alemania,Jude Bellingham
1509,Menos De 18 Años,Masculino,Sacatepéquez,Brasil,Cristiano Ronaldo
1510,Menos De 18 Años,Femenino,Sacatepéquez,Alemania,Cristiano Ronaldo
1511,45 - 54 Años,Masculino,Santa Rosa,Portugal,Lionel Messi
1512,Menos De 18 Años,Masculino,Guatemala,Francia,Lionel Messi
1513,18 - 24 Años,Masculino,Huehuetenango,Inglaterra,Federico Valverde
1514,35 - 44 Años,Masculino,Sacatepéquez,México,Neymar Jr.
1514,35 - 44 Años,Masculino,Sacatepéquez,México,Kylian Mbappé
1515,35 - 44 Años,Masculino,Suchitepéquez, ARGENTINA ,Kylian Mbappé
1515,35 - 44 Años,Masculino,Suchitepéquez, ARGENTINA ,Julián Álvarez
1515,35 - 44 Años,Masculino,Suchitepéquez, ARGENTINA ,Lionel Messi
1516,25 - 34 Años,Femenino,Guatemala,Argentina,Cristiano Ronaldo
1517,25 - 34 Años,Masculino,Guatemala,Noruega,Lamine Yamal
1518,Menos De 18 Años,Masculino,Guatemala,Francia,Neymar Jr.
1518,Menos De 18 Años,Masculino,Guatemala,Francia,Ninguno
1518,Menos De 18 Años,Masculino,Guatemala,Francia,Vinícius Júnior
1519,45 - 54 Años,Femenino,Guatemala,Argentina,Vinícius Júnior
1520,Menos De 18 Años,Masculino,Guatemala,Brasil,Vinícius Júnior
1521,18 - 24 Años,Femenino,Sacatepéquez,Francia,Lionel Messi
1522,Menos De 18 Años,Masculino,El Progreso,Brasil,Cristiano Ronaldo
1522,Menos De 18 Años,Masculino,El Progreso,Brasil,Lionel Messi
1522,Menos De 18 Años,Masculino,El Progreso,Brasil,Lamine Yamal
1523,25 - 34 Años,Masculino,Guatemala,Portugal,Cristiano Ronaldo
1523,25 - 34 Años,Masculino,Guatemala,Portugal,Lionel Messi
1523,25 - 34 Años,Masculino,Guatemala,Portugal,Christian Pulisic
1524,25 - 34 Años,Masculino,Sacatepéquez,Brasil,Lionel Messi
1524,25 - 34 Años,Masculino,Sacatepéquez,Brasil,Alphonso Davies
1524,25 - 34 Años,Masculino,Sacatepéquez,Brasil,Lamine Yamal
1525,18 - 24 Años,Femenino,Guatemala,Colombia,Lamine Yamal
1525,18 - 24 Años,Femenino,Guatemala,Colombia,Rodri
1525,18 - 24 Años,Femenino,Guatemala,Colombia,Neymar Jr.
1526,18 - 24 Años,Femenino,Retalhuleu,Alemania,Cristiano Ronaldo
1526,18 - 24 Años,Femenino,Retalhuleu,Alemania,Vinícius Júnior
1527,25 - 34 Años,Femenino,Chimaltenango,Brasil,Lamine Yamal
1528,Menos De 18 Años,Masculino,Guatemala,Argentina,Alphonso Davies
1528,Menos De 18 Años,Masculino,Guatemala,Argentina,Neymar Jr.
1529,45 - 54 Años,Prefiero No Indicarlo,Huehuetenango,Argentina,Christian Pulisic
1529,45 - 54 Años,Prefiero No Indicarlo,Huehuetenango,Argentina,Jude Bellingham
1529,45 - 54 Años,Prefiero No Indicarlo,Huehuetenango,Argentina,Cristiano Ronaldo
1530,18 - 24 Años,Masculino,Guatemala,Inglaterra,Jude Bellingham
1531,35 - 44 Años,Masculino,Escuintla,Argentina,Lionel Messi
1531,35 - 44 Años,Masculino,Escuintla,Argentina,Christian Pulisic
1531,35 - 44 Años,Masculino,Escuintla,Argentina,Kylian Mbappé
1532,18 - 24 Años,Masculino,Guatemala,Argentina,Lionel Messi
1532,18 - 24 Años,Masculino,Guatemala,Argentina,Neymar Jr.
1532,18 - 24 Años,Masculino,Guatemala,Argentina,Jude Bellingham
1533,25 - 34 Años,Masculino,Alta Verapaz,Colombia,Harry Kane
1533,25 - 34 Años,Masculino,Alta Verapaz,Colombia,Alphonso Davies
1534,25 - 34 Años,Masculino,Guatemala,Argentina,Jude Bellingham
1535,18 - 24 Años,Femenino,Sacatepéquez,Brasil,Jude Bellingham
1535,18 - 24 Años,Femenino,Sacatepéquez,Brasil,Neymar Jr.
1535,18 - 24 Años,Femenino,Sacatepéquez,Brasil,Vinícius Júnior
1536,25 - 34 Años,Masculino,Escuintla,México,Vinícius Júnior
1536,25 - 34 Años,Masculino,Escuintla,México,Harry Kane
1536,25 - 34 Años,Masculino,Escuintla,México,Neymar Jr.
1537,35 - 44 Años,Femenino,Guatemala,Japón,Cristiano Ronaldo
1538,25 - 34 Años,Femenino,Guatemala,Argentina,Harry Kane
1539,18 - 24 Años,Masculino,Huehuetenango,Japón,Cristiano Ronaldo
1540,25 - 34 Años,Femenino,Suchitepéquez,Corea del Sur,Kylian Mbappé
1540,25 - 34 Años,Femenino,Suchitepéquez,Corea del Sur,Harry Kane
1540,25 - 34 Años,Femenino,Suchitepéquez,Corea del Sur,Alphonso Davies
1541,45 - 54 Años,Femenino,Guatemala,Argentina,Jude Bellingham
1541,45 - 54 Años,Femenino,Guatemala,Argentina,Alphonso Davies
1542,18 - 24 Años,Femenino,Quetzaltenango,México,Ninguno
1542,18 - 24 Años,Femenino,Quetzaltenango,México,Jude Bellingham
1542,18 - 24 Años,Femenino,Quetzaltenango,México,Lamine Yamal
1543,45 - 54 Años,Masculino,Alta Verapaz,Argentina,Alphonso Davies
1543,45 - 54 Años,Masculino,Alta Verapaz,Argentina,Jude Bellingham
1543,45 - 54 Años,Masculino,Alta Verapaz,Argentina,Vinícius Júnior
1544,18 - 24 Años,Femenino,Quetzaltenango,Nueva Zelanda,Cristiano Ronaldo
1545,Menos De 18 Años,Femenino,Chiquimula,Países Bajos,Cristiano Ronaldo
1546,35 - 44 Años,Masculino,Guatemala,Argentina,Cristiano Ronaldo
1546,35 - 44 Años,Masculino,Guatemala,Argentina,Vinícius Júnior
1546,35 - 44 Años,Masculino,Guatemala,Argentina,Julián Álvarez
1547,18 - 24 Años,Femenino,Guatemala,Inglaterra,Lamine Yamal
1548,35 - 44 Años,Femenino,Guatemala,Francia,Alphonso Davies
1549,18 - 24 Años,Masculino,Xela,España,Lionel Messi
1549,18 - 24 Años,Masculino,Xela,España,Ninguno
1549,18 - 24 Años,Masculino,Xela,España,Vinícius Júnior
1550,25 - 34 Años,Femenino,Guatemala,Argentina,Federico Valverde
1550,25 - 34 Años,Femenino,Guatemala,Argentina,Vinícius Júnior
1550,25 - 34 Años,Femenino,Guatemala,Argentina,Lionel Messi
1551,18 - 24 Años,Femenino,Quiché,Argentina,Lionel Messi
1552,Menos De 18 Años,Masculino,Quetzaltenango,Argentina,Cristiano Ronaldo
1552,Menos De 18 Años,Masculino,Quetzaltenango,Argentina,Harry Kane
1553,25 - 34 Años,Prefiero No Indicarlo,Retalhuleu,Argentina,Lamine Yamal
1553,25 - 34 Años,Prefiero No Indicarlo,Retalhuleu,Argentina,Christian Pulisic
1553,25 - 34 Años,Prefiero No Indicarlo,Retalhuleu,Argentina,Lionel Messi
1554,18 - 24 Años,Masculino,Guatemala,Estados Unidos,Christian Pulisic
1554,18 - 24 Años,Masculino,Guatemala,Estados Unidos,Harry Kane
1554,18 - 24 Años,Masculino,Guatemala,Estados Unidos,Lamine Yamal
1555,45 - 54 Años,Femenino,Guatemala,Portugal,Lionel Messi
1555,45 - 54 Años,Femenino,Guatemala,Portugal,Cristiano Ronaldo
1555,45 - 54 Años,Femenino,Guatemala,Portugal,Jude Bellingham
1556,Menos De 18 Años,Masculino,Jalapa,Portugal,Kylian Mbappé
1556,Menos De 18 Años,Masculino,Jalapa,Portugal,Lionel Messi
1556,Menos De 18 Años,Masculino,Jalapa,Portugal,Vinícius Júnior
1557,18 - 24 Años,Femenino,Guatemala,Francia,Lionel Messi
1557,18 - 24 Años,Femenino,Guatemala,Francia,Cristiano Ronaldo
1557,18 - 24 Años,Femenino,Guatemala,Francia,Harry Kane
1558,45 - 54 Años,Femenino,Guatemala,Francia,Lionel Messi
1558,45 - 54 Años,Femenino,Guatemala,Francia,Neymar Jr.
1559,45 - 54 Años,Masculino,Totonicapán,Alemania,Vinícius Júnior
1559,45 - 54 Años,Masculino,Totonicapán,Alemania,Neymar Jr.
1559,45 - 54 Años,Masculino,Totonicapán,Alemania,Jude Bellingham
1560,25 - 34 Años,Masculino,Guatemala, COLOMBIA ,Cristiano Ronaldo
1560,25 - 34 Años,Masculino,Guatemala, COLOMBIA ,Julián Álvarez
1560,25 - 34 Años,Masculino,Guatemala, COLOMBIA ,Lamine Yamal
1561,35 - 44 Años,Femenino,Zacapa,Francia,Christian Pulisic
1561,35 - 44 Años,Femenino,Zacapa,Francia,Lionel Messi
1562,35 - 44 Años,Femenino,Baja Verapaz,Francia,Cristiano Ronaldo
1563,25 - 34 Años,Femenino,Quetzaltenango,Francia,Ninguno
1563,25 - 34 Años,Femenino,Quetzaltenango,Francia,Christian Pulisic
1564,25 - 34 Años,Masculino,Quetzaltenango,Francia,Cristiano Ronaldo
1565,35 - 44 Años,Masculino,Guatemala,Argentina,Vinícius Júnior
1566,25 - 34 Años,Femenino,Quetzaltenango,Estados Unidos,Vinícius Júnior
1567,18 - 24 Años,Femenino,Chimaltenango,Brasil,Lionel Messi
1567,18 - 24 Años,Femenino,Chimaltenango,Brasil,Jude Bellingham
1567,18 - 24 Años,Femenino,Chimaltenango,Brasil,Cristiano Ronaldo
1568,45 - 54 Años,Masculino,Guatemala,México,Lionel Messi
1568,45 - 54 Años,Masculino,Guatemala,México,Cristiano Ronaldo
1569,18 - 24 Años,Femenino,Sacatepéquez,Argentina,Christian Pulisic
1569,18 - 24 Años,Femenino,Sacatepéquez,Argentina,Lamine Yamal
1569,18 - 24 Años,Femenino,Sacatepéquez,Argentina,Julián Álvarez
1570,18 - 24 Años,Masculino,Guatemala,Argentina,Julián Álvarez
1570,18 - 24 Años,Masculino,Guatemala,Argentina,Christian Pulisic
1571,25 - 34 Años,Masculino,Suchitepéquez,Argentina,Lionel Messi
1571,25 - 34 Años,Masculino,Suchitepéquez,Argentina,Lamine Yamal
1572,Menos De 18 Años,Masculino,Quetzaltenango,South Africa,Neymar Jr.
1572,Menos De 18 Años,Masculino,Quetzaltenango,South Africa,Cristiano Ronaldo
1573,25 - 34 Años,Masculino,Chiquimula,Inglaterra,Lionel Messi
1573,25 - 34 Años,Masculino,Chiquimula,Inglaterra,Cristiano Ronaldo
1574,18 - 24 Años,Femenino,Guatemala,Inglaterra,Julián Álvarez
1574,18 - 24 Años,Femenino,Guatemala,Inglaterra,Cristiano Ronaldo
1575,25 - 34 Años,Masculino,Escuintla,Colombia,Lionel Messi
1575,25 - 34 Años,Masculino,Escuintla,Colombia,Christian Pulisic
1576,25 - 34 Años,Femenino,Sacatepéquez,Portugal,Kylian Mbappé
1576,25 - 34 Años,Femenino,Sacatepéquez,Portugal,Lamine Yamal
1576,25 - 34 Años,Femenino,Sacatepéquez,Portugal,Vinícius Júnior
1577,25 - 34 Años,Femenino,Guatemala,Portugal,Cristiano Ronaldo
1577,25 - 34 Años,Femenino,Guatemala,Portugal,Rodri
1578,18 - 24 Años,Masculino,El Progreso, ESPAÑA ,Rodri
1578,18 - 24 Años,Masculino,El Progreso, ESPAÑA ,Cristiano Ronaldo
1578,18 - 24 Años,Masculino,El Progreso, ESPAÑA ,Neymar Jr.
1579,Menos De 18 Años,Masculino,Guatemala, MÉXICO ,Kylian Mbappé
1579,Menos De 18 Años,Masculino,Guatemala, MÉXICO ,Neymar Jr.
1580,25 - 34 Años,Masculino,Jalapa,Portugal,Julián Álvarez
1580,25 - 34 Años,Masculino,Jalapa,Portugal,Kylian Mbappé
1581,18 - 24 Años,Femenino,Chimaltenango,Portugal,Kylian Mbappé
1581,18 - 24 Años,Femenino,Chimaltenango,Portugal,Federico Valverde
1581,18 - 24 Años,Femenino,Chimaltenango,Portugal,Ninguno
1582,25 - 34 Años,Masculino,Sacatepéquez,Brasil,Neymar Jr.
1583,18 - 24 Años,Femenino,Guatemala,Brasil,Cristiano Ronaldo
1583,18 - 24 Años,Femenino,Guatemala,Brasil,Vinícius Júnior
1584,25 - 34 Años,Masculino,Guatemala,Brasil,Lionel Messi
1585,35 - 44 Años,Masculino,Escuintla,México,Christian Pulisic
1585,35 - 44 Años,Masculino,Escuintla,México,Vinícius Júnior
1586,45 - 54 Años,Femenino,Guatemala,Portugal,Neymar Jr.
1587,Menos De 18 Años,Prefiero No Indicarlo,Guatemala,Brasil,Alphonso Davies
1587,Menos De 18 Años,Prefiero No Indicarlo,Guatemala,Brasil,Julián Álvarez
1588,35 - 44 Años,Masculino,Retalhuleu,Portugal,Lionel Messi
1589,35 - 44 Años,Masculino,Guatemala,México,Lamine Yamal
1589,35 - 44 Años,Masculino,Guatemala,México,Lionel Messi
1589,35 - 44 Años,Masculino,Guatemala,México,Cristiano Ronaldo
1590,35 - 44 Años,Femenino,Guatemala,Argentina,Alphonso Davies
1591,18 - 24 Años,Masculino,Chimaltenango,Portugal,Cristiano Ronaldo
1592,25 - 34 Años,Femenino,Escuintla,Brasil,Jude Bellingham
1592,25 - 34 Años,Femenino,Escuintla,Brasil,Neymar Jr.
1593,18 - 24 Años,Femenino,Quetzaltenango,Curaçao,Jude Bellingham
1593,18 - 24 Años,Femenino,Quetzaltenango,Curaçao,Rodri
1593,18 - 24 Años,Femenino,Quetzaltenango,Curaçao,Julián Álvarez
1594,18 - 24 Años,Masculino,Guatemala,Inglaterra,Julián Álvarez
1596,25 - 34 Años,Femenino,Huehuetenango,Francia,Julián Álvarez
1597,35 - 44 Años,Femenino,Chiquimula,España,Alphonso Davies
1597,35 - 44 Años,Femenino,Chiquimula,España,Cristiano Ronaldo
1597,35 - 44 Años,Femenino,Chiquimula,España,Kylian Mbappé
1598,18 - 24 Años,Femenino,Guatemala,Estados Unidos,Vinícius Júnior
1598,18 - 24 Años,Femenino,Guatemala,Estados Unidos,Federico Valverde
1598,18 - 24 Años,Femenino,Guatemala,Estados Unidos,Julián Álvarez
1599,25 - 34 Años,Masculino,Escuintla,Brasil,Vinícius Júnior
1599,25 - 34 Años,Masculino,Escuintla,Brasil,Kylian Mbappé
1600,Menos De 18 Años,Femenino,Guatemala,Uruguay,Vinícius Júnior
1600,Menos De 18 Años,Femenino,Guatemala,Uruguay,Christian Pulisic
1601,18 - 24 Años,Masculino,Chimaltenango,Colombia,Julián Álvarez
1601,18 - 24 Años,Masculino,Chimaltenango,Colombia,Cristiano Ronaldo
1602,Menos De 18 Años,Femenino,Guatemala,Irak,Jude Bellingham
1603,25 - 34 Años,Femenino,Escuintla,Ghana,Lionel Messi
1603,25 - 34 Años,Femenino,Escuintla,Ghana,Cristiano Ronaldo
1604,35 - 44 Años,Femenino,Alta Verapaz,Inglaterra,Jude Bellingham
1605,Menos De 18 Años,Femenino,Guatemala,Portugal,Cristiano Ronaldo
1606,45 - 54 Años,Femenino,Izabal,Túnez,Cristiano Ronaldo
1607,25 - 34 Años,Femenino,Guatemala,Portugal,Lionel Messi
1607,25 - 34 Años,Femenino,Guatemala,Portugal,Kylian Mbappé
1608,25 - 34 Años,Femenino,Guatemala,Brasil,Lionel Messi
1609,45 - 54 Años,Femenino,Huehuetenango,Estados Unidos,Vinícius Júnior
1610,45 - 54 Años,Masculino,Guatemala,Francia,Vinícius Júnior
1611,45 - 54 Años,Femenino,Chimaltenango,México,Vinícius Júnior
1611,45 - 54 Años,Femenino,Chimaltenango,México,Neymar Jr.
1611,45 - 54 Años,Femenino,Chimaltenango,México,Lionel Messi
1612,25 - 34 Años,Masculino,Petén,Francia,Lionel Messi
1612,25 - 34 Años,Masculino,Petén,Francia,Cristiano Ronaldo
1612,25 - 34 Años,Masculino,Petén,Francia,Vinícius Júnior
1613,25 - 34 Años,Femenino,Guatemala,Inglaterra,Christian Pulisic
1613,25 - 34 Años,Femenino,Guatemala,Inglaterra,Ninguno
1613,25 - 34 Años,Femenino,Guatemala,Inglaterra,Kylian Mbappé
1614,45 - 54 Años,Femenino,Escuintla,Francia,Federico Valverde
1614,45 - 54 Años,Femenino,Escuintla,Francia,Cristiano Ronaldo
1614,45 - 54 Años,Femenino,Escuintla,Francia,Kylian Mbappé
1615,18 - 24 Años,Femenino,Guatemala,México,Lionel Messi
1615,18 - 24 Años,Femenino,Guatemala,México,Neymar Jr.
1616,18 - 24 Años,Masculino,Quetzaltenango,Estados Unidos,Neymar Jr.
1616,18 - 24 Años,Masculino,Quetzaltenango,Estados Unidos,Lionel Messi
1616,18 - 24 Años,Masculino,Quetzaltenango,Estados Unidos,Cristiano Ronaldo
1617,35 - 44 Años,Femenino,Jalapa,Brasil,Cristiano Ronaldo
1618,Menos De 18 Años,Masculino,Chimaltenango,Argentina,Jude Bellingham
1619,25 - 34 Años,Femenino,Guatemala,Brasil,Neymar Jr.
1619,25 - 34 Años,Femenino,Guatemala,Brasil,Cristiano Ronaldo
1619,25 - 34 Años,Femenino,Guatemala,Brasil,Vinícius Júnior
1620,45 - 54 Años,Masculino,Escuintla, MÉXICO ,Vinícius Júnior
1620,45 - 54 Años,Masculino,Escuintla, MÉXICO ,Cristiano Ronaldo
1620,45 - 54 Años,Masculino,Escuintla, MÉXICO ,Rodri
1621,18 - 24 Años,Femenino,Guatemala,Inglaterra,Cristiano Ronaldo
1621,18 - 24 Años,Femenino,Guatemala,Inglaterra,Neymar Jr.
1621,18 - 24 Años,Femenino,Guatemala,Inglaterra,Lamine Yamal
1622,25 - 34 Años,Femenino,Guatemala,Portugal,Christian Pulisic
1622,25 - 34 Años,Femenino,Guatemala,Portugal,Lionel Messi
1622,25 - 34 Años,Femenino,Guatemala,Portugal,Neymar Jr.
1623,18 - 24 Años,Femenino,Guatemala,Alemania,Cristiano Ronaldo
1624,18 - 24 Años,Masculino,Guatemala,Argentina,Harry Kane
1625,18 - 24 Años,Masculino,Guatemala,México,Alphonso Davies
1626,Menos De 18 Años,Masculino,Guatemala,Croacia,Cristiano Ronaldo
1626,Menos De 18 Años,Masculino,Guatemala,Croacia,Christian Pulisic
1626,Menos De 18 Años,Masculino,Guatemala,Croacia,Lionel Messi
1627,45 - 54 Años,Femenino,Petén,Argentina,Cristiano Ronaldo
1627,45 - 54 Años,Femenino,Petén,Argentina,Neymar Jr.
1627,45 - 54 Años,Femenino,Petén,Argentina,Alphonso Davies
1628,45 - 54 Años,Masculino,Sololá,Bosnia y Herzegovina,Cristiano Ronaldo
1628,45 - 54 Años,Masculino,Sololá,Bosnia y Herzegovina,Lionel Messi
1628,45 - 54 Años,Masculino,Sololá,Bosnia y Herzegovina,Julián Álvarez
1629,25 - 34 Años,Masculino,Guatemala,Inglaterra,Christian Pulisic
1629,25 - 34 Años,Masculino,Guatemala,Inglaterra,Vinícius Júnior
1630,35 - 44 Años,Femenino,Zacapa,Francia,Lionel Messi
1630,35 - 44 Años,Femenino,Zacapa,Francia,Cristiano Ronaldo
1631,25 - 34 Años,Femenino,Guatemala,Brasil,Lionel Messi
1632,55 Años O Más,Masculino,Chimaltenango,Inglaterra,Ninguno
1632,55 Años O Más,Masculino,Chimaltenango,Inglaterra,Lionel Messi
1633,18 - 24 Años,Femenino,Guatemala,Argentina,Lionel Messi
1633,18 - 24 Años,Femenino,Guatemala,Argentina,Neymar Jr.
1634,18 - 24 Años,Femenino,Guatemala,Argentina,Kylian Mbappé
1635,18 - 24 Años,Femenino,Guatemala,España,Lamine Yamal
1635,18 - 24 Años,Femenino,Guatemala,España,Cristiano Ronaldo
1636,35 - 44 Años,Femenino,Guatemala,México,Harry Kane
1636,35 - 44 Años,Femenino,Guatemala,México,Cristiano Ronaldo
1637,35 - 44 Años,Masculino,Escuintla,South Africa,Jude Bellingham
1638,18 - 24 Años,Femenino,Guatemala,Costa de Marfil,Alphonso Davies
1639,25 - 34 Años,Femenino,Alta Verapaz,Estados Unidos,Neymar Jr.
1639,25 - 34 Años,Femenino,Alta Verapaz,Estados Unidos,Kylian Mbappé
1640,25 - 34 Años,Prefiero No Indicarlo,Chimaltenango,Alemania,Federico Valverde
1640,25 - 34 Años,Prefiero No Indicarlo,Chimaltenango,Alemania,Lionel Messi
1640,25 - 34 Años,Prefiero No Indicarlo,Chimaltenango,Alemania,Vinícius Júnior
1641,25 - 34 Años,Masculino,Guatemala,Estados Unidos,Julián Álvarez
1641,25 - 34 Años,Masculino,Guatemala,Estados Unidos,Vinícius Júnior
1642,35 - 44 Años,Femenino,Guatemala,Brasil,Neymar Jr.
1643,18 - 24 Años,Femenino,Guatemala,Brasil,Jude Bellingham
1643,18 - 24 Años,Femenino,Guatemala,Brasil,Vinícius Júnior
1643,18 - 24 Años,Femenino,Guatemala,Brasil,Harry Kane
1644,25 - 34 Años,Masculino,Zacapa,Francia,Kylian Mbappé
1644,25 - 34 Años,Masculino,Zacapa,Francia,Cristiano Ronaldo
1645,Menos De 18 Años,Femenino,Escuintla,Brasil,Ninguno
1645,Menos De 18 Años,Femenino,Escuintla,Brasil,Lamine Yamal
1645,Menos De 18 Años,Femenino,Escuintla,Brasil,Kylian Mbappé
1646,25 - 34 Años,Masculino,Guatemala,Argentina,Jude Bellingham
1647,55 Años O Más,Femenino,Guatemala,España,Cristiano Ronaldo
1647,55 Años O Más,Femenino,Guatemala,España,Ninguno
1648,35 - 44 Años,Femenino,Sololá,México,Cristiano Ronaldo
1648,35 - 44 Años,Femenino,Sololá,México,Vinícius Júnior
1649,35 - 44 Años,Masculino,Jalapa,Brasil,Jude Bellingham
1650,35 - 44 Años,Femenino,Guatemala,Brasil,Cristiano Ronaldo
1651,35 - 44 Años,Masculino,Huehuetenango,Argentina,Vinícius Júnior
1651,35 - 44 Años,Masculino,Huehuetenango,Argentina,Julián Álvarez
1651,35 - 44 Años,Masculino,Huehuetenango,Argentina,Kylian Mbappé
1652,25 - 34 Años,Masculino,Guatemala,Uruguay,Cristiano Ronaldo
1653,35 - 44 Años,Masculino,Guatemala, ARGENTINA ,Lionel Messi
1653,35 - 44 Años,Masculino,Guatemala, ARGENTINA ,Neymar Jr.
1653,35 - 44 Años,Masculino,Guatemala, ARGENTINA ,Rodri
1654,Menos De 18 Años,Masculino,San Marcos,España,Lionel Messi
1654,Menos De 18 Años,Masculino,San Marcos,España,Neymar Jr.
1654,Menos De 18 Años,Masculino,San Marcos,España,Jude Bellingham
1655,35 - 44 Años,Femenino,Quetzaltenango,Francia,Jude Bellingham
1656,18 - 24 Años,Masculino,Guatemala,Argentina,Christian Pulisic
1656,18 - 24 Años,Masculino,Guatemala,Argentina,Harry Kane
1656,18 - 24 Años,Masculino,Guatemala,Argentina,Jude Bellingham
1657,18 - 24 Años,Masculino,Jalapa,Francia,Cristiano Ronaldo
1657,18 - 24 Años,Masculino,Jalapa,Francia,Harry Kane
1658,25 - 34 Años,Femenino,Totonicapán,Colombia,Lionel Messi
1659,18 - 24 Años,Femenino,Totonicapán,Portugal,Lionel Messi
1660,18 - 24 Años,Femenino,Baja Verapaz,Francia,Cristiano Ronaldo
1661,Menos De 18 Años,Femenino,Escuintla,Colombia,Neymar Jr.
1661,Menos De 18 Años,Femenino,Escuintla,Colombia,Lionel Messi
1661,Menos De 18 Años,Femenino,Escuintla,Colombia,Lamine Yamal
1662,35 - 44 Años,Masculino,Zacapa,España,Kylian Mbappé
1663,18 - 24 Años,Femenino,Guatemala,España,Neymar Jr.
1663,18 - 24 Años,Femenino,Guatemala,España,Lionel Messi
1663,18 - 24 Años,Femenino,Guatemala,España,Cristiano Ronaldo
1664,35 - 44 Años,Femenino,Guatemala,Argentina,Lionel Messi
1664,35 - 44 Años,Femenino,Guatemala,Argentina,Rodri
1664,35 - 44 Años,Femenino,Guatemala,Argentina,Vinícius Júnior
1665,25 - 34 Años,Masculino,Sololá,Brasil,Cristiano Ronaldo
1666,35 - 44 Años,Femenino,Izabal,Portugal,Cristiano Ronaldo
1666,35 - 44 Años,Femenino,Izabal,Portugal,Neymar Jr.
1667,25 - 34 Años,Masculino,Guate,España,Cristiano Ronaldo
1668,35 - 44 Años,Femenino,San Marcos,Brasil,Lamine Yamal
1669,25 - 34 Años,Masculino,Guatemala,Brasil,Vinícius Júnior
1670,35 - 44 Años,Femenino,Guate,Inglaterra,Lionel Messi
1670,35 - 44 Años,Femenino,Guate,Inglaterra,Harry Kane
1671,35 - 44 Años,Masculino,Chimaltenango,México,Lionel Messi
1671,35 - 44 Años,Masculino,Chimaltenango,México,Neymar Jr.
1672,25 - 34 Años,Femenino,Escuintla,Argentina,Cristiano Ronaldo
1672,25 - 34 Años,Femenino,Escuintla,Argentina,Neymar Jr.
1672,25 - 34 Años,Femenino,Escuintla,Argentina,Alphonso Davies
1673,Menos De 18 Años,Femenino,Guatemala,Argentina,Cristiano Ronaldo
1673,Menos De 18 Años,Femenino,Guatemala,Argentina,Lionel Messi
1673,Menos De 18 Años,Femenino,Guatemala,Argentina,Vinícius Júnior
1674,35 - 44 Años,Femenino,Guatemala,Brasil,Lamine Yamal
1674,35 - 44 Años,Femenino,Guatemala,Brasil,Alphonso Davies
1675,25 - 34 Años,Femenino,Guatemala,Portugal,Ninguno
1675,25 - 34 Años,Femenino,Guatemala,Portugal,Vinícius Júnior
1675,25 - 34 Años,Femenino,Guatemala,Portugal,Cristiano Ronaldo
1676,45 - 54 Años,Femenino,Sacatepéquez,Estados Unidos,Federico Valverde
1676,45 - 54 Años,Femenino,Sacatepéquez,Estados Unidos,Kylian Mbappé
1676,45 - 54 Años,Femenino,Sacatepéquez,Estados Unidos,Cristiano Ronaldo
1677,25 - 34 Años,Femenino,Suchitepéquez,Francia,Vinícius Júnior
1677,25 - 34 Años,Femenino,Suchitepéquez,Francia,Lionel Messi
1677,25 - 34 Años,Femenino,Suchitepéquez,Francia,Jude Bellingham
1678,25 - 34 Años,Masculino,Quetzaltenango,Brasil,Lionel Messi
1678,25 - 34 Años,Masculino,Quetzaltenango,Brasil,Jude Bellingham
1679,18 - 24 Años,Masculino,Quetzaltenango,España,Lamine Yamal
1679,18 - 24 Años,Masculino,Quetzaltenango,España,Kylian Mbappé
1680,55 Años O Más,Masculino,Guate,México,Kylian Mbappé
1680,55 Años O Más,Masculino,Guate,México,Jude Bellingham
1680,55 Años O Más,Masculino,Guate,México,Cristiano Ronaldo
1681,35 - 44 Años,Femenino,Guatemala,Argentina,Ninguno
1682,18 - 24 Años,Masculino,Guatemala,Francia,Kylian Mbappé
1682,18 - 24 Años,Masculino,Guatemala,Francia,Lionel Messi
1683,25 - 34 Años,Masculino,Guatemala,España,Lionel Messi
1683,25 - 34 Años,Masculino,Guatemala,España,Kylian Mbappé
1683,25 - 34 Años,Masculino,Guatemala,España,Federico Valverde
1684,Menos De 18 Años,Masculino,Guatemala,Brasil,Cristiano Ronaldo
1684,Menos De 18 Años,Masculino,Guatemala,Brasil,Lionel Messi
1685,25 - 34 Años,Masculino,Chimaltenango,Brasil,Kylian Mbappé
1686,Menos De 18 Años,Masculino,Guatemala,Inglaterra,Lionel Messi
1686,Menos De 18 Años,Masculino,Guatemala,Inglaterra,Julián Álvarez
1686,Menos De 18 Años,Masculino,Guatemala,Inglaterra,Cristiano Ronaldo
1687,25 - 34 Años,Femenino,Retalhuleu,Marruecos,Kylian Mbappé
1688,25 - 34 Años,Femenino,Chiquimula,Francia,Christian Pulisic
1688,25 - 34 Años,Femenino,Chiquimula,Francia,Lionel Messi
1688,25 - 34 Años,Femenino,Chiquimula,Francia,Vinícius Júnior
1689,35 - 44 Años,Masculino,Quetzaltenango,Brasil,Jude Bellingham
1690,35 - 44 Años,Masculino,Jalapa,Portugal,Vinícius Júnior
1690,35 - 44 Años,Masculino,Jalapa,Portugal,Lionel Messi
1690,35 - 44 Años,Masculino,Jalapa,Portugal,Cristiano Ronaldo
1691,18 - 24 Años,Femenino,Sacatepéquez, FRANCIA ,Lamine Yamal
1691,18 - 24 Años,Femenino,Sacatepéquez, FRANCIA ,Cristiano Ronaldo
1691,18 - 24 Años,Femenino,Sacatepéquez, FRANCIA ,Neymar Jr.
1692,45 - 54 Años,Masculino,Guatemala,Portugal,Julián Álvarez
1692,45 - 54 Años,Masculino,Guatemala,Portugal,Rodri
1692,45 - 54 Años,Masculino,Guatemala,Portugal,Lamine Yamal
1693,35 - 44 Años,Masculino,Sololá,México,Christian Pulisic
1693,35 - 44 Años,Masculino,Sololá,México,Lamine Yamal
1694,45 - 54 Años,Femenino,Guatemala,Inglaterra,Lionel Messi
1694,45 - 54 Años,Femenino,Guatemala,Inglaterra,Vinícius Júnior
1694,45 - 54 Años,Femenino,Guatemala,Inglaterra,Cristiano Ronaldo
1695,18 - 24 Años,Femenino,Petén,México,Cristiano Ronaldo
1695,18 - 24 Años,Femenino,Petén,México,Vinícius Júnior
1696,18 - 24 Años,Masculino,Chiquimula,España,Federico Valverde
1696,18 - 24 Años,Masculino,Chiquimula,España,Lionel Messi
1697,45 - 54 Años,Masculino,Guatemala,Argentina,Cristiano Ronaldo
1697,45 - 54 Años,Masculino,Guatemala,Argentina,Neymar Jr.
1697,45 - 54 Años,Masculino,Guatemala,Argentina,Vinícius Júnior
1698,25 - 34 Años,Femenino,Guatemala,Congo DR,Lamine Yamal
1699,45 - 54 Años,Masculino,Guatemala,Brasil,Cristiano Ronaldo
1699,45 - 54 Años,Masculino,Guatemala,Brasil,Vinícius Júnior
1699,45 - 54 Años,Masculino,Guatemala,Brasil,Neymar Jr.
1700,18 - 24 Años,Masculino,Sacatepéquez,Francia,Kylian Mbappé
1700,18 - 24 Años,Masculino,Sacatepéquez,Francia,Alphonso Davies
1701,45 - 54 Años,Masculino,Guatemala,Argentina,Lionel Messi
1701,45 - 54 Años,Masculino,Guatemala,Argentina,Cristiano Ronaldo
1702,Menos De 18 Años,Masculino,Retalhuleu,Brasil,Federico Valverde
1702,Menos De 18 Años,Masculino,Retalhuleu,Brasil,Neymar Jr.
1703,45 - 54 Años,Masculino,Guatemala,España,Alphonso Davies
1704,55 Años O Más,Masculino,Sololá,Colombia,Neymar Jr.
1704,55 Años O Más,Masculino,Sololá,Colombia,Cristiano Ronaldo
1704,55 Años O Más,Masculino,Sololá,Colombia,Lionel Messi
1705,Menos De 18 Años,Masculino,Chimaltenango,Argentina,Vinícius Júnior
1705,Menos De 18 Años,Masculino,Chimaltenango,Argentina,Neymar Jr.
1705,Menos De 18 Años,Masculino,Chimaltenango,Argentina,Federico Valverde
1706,45 - 54 Años,Masculino,Guatemala,Argentina,Lamine Yamal
1706,45 - 54 Años,Masculino,Guatemala,Argentina,Vinícius Júnior
1707,18 - 24 Años,Masculino,Chimaltenango,Argentina,Kylian Mbappé
1707,18 - 24 Años,Masculino,Chimaltenango,Argentina,Lionel Messi
1708,Menos De 18 Años,Masculino,Quetzaltenango,Australia,Jude Bellingham
1709,18 - 24 Años,Masculino,Guatemala,Francia,Kylian Mbappé
1709,18 - 24 Años,Masculino,Guatemala,Francia,Lionel Messi
1709,18 - 24 Años,Masculino,Guatemala,Francia,Cristiano Ronaldo
1710,35 - 44 Años,Femenino,Guatemala,Portugal,Lionel Messi
1711,25 - 34 Años,Masculino,Guatemala,España,Christian Pulisic
1712,45 - 54 Años,Femenino,Chimaltenango,Argentina,Lamine Yamal
1712,45 - 54 Años,Femenino,Chimaltenango,Argentina,Jude Bellingham
1712,45 - 54 Años,Femenino,Chimaltenango,Argentina,Alphonso Davies
1713,35 - 44 Años,Masculino,Sacatepéquez,Estados Unidos,Lamine Yamal
1713,35 - 44 Años,Masculino,Sacatepéquez,Estados Unidos,Ninguno
1713,35 - 44 Años,Masculino,Sacatepéquez,Estados Unidos,Cristiano Ronaldo
1714,35 - 44 Años,Femenino,Sololá,Colombia,Cristiano Ronaldo
1715,35 - 44 Años,Masculino,Guatemala,España,Neymar Jr.
1716,35 - 44 Años,Femenino,Chimaltenango,Francia,Harry Kane
1716,35 - 44 Años,Femenino,Chimaltenango,Francia,Alphonso Davies
1716,35 - 44 Años,Femenino,Chimaltenango,Francia,Cristiano Ronaldo
1717,35 - 44 Años,Prefiero No Indicarlo,Suchitepéquez,Estados Unidos,Federico Valverde
1717,35 - 44 Años,Prefiero No Indicarlo,Suchitepéquez,Estados Unidos,Cristiano Ronaldo
1717,35 - 44 Años,Prefiero No Indicarlo,Suchitepéquez,Estados Unidos,Alphonso Davies
1718,35 - 44 Años,Femenino,Quiché,Jordania,Kylian Mbappé
1718,35 - 44 Años,Femenino,Quiché,Jordania,Lionel Messi
1719,55 Años O Más,Masculino,San Marcos,Argentina,Lionel Messi
1719,55 Años O Más,Masculino,San Marcos,Argentina,Federico Valverde
1720,25 - 34 Años,Femenino,Guatemala,Inglaterra,Lionel Messi
1720,25 - 34 Años,Femenino,Guatemala,Inglaterra,Cristiano Ronaldo
1720,25 - 34 Años,Femenino,Guatemala,Inglaterra,Vinícius Júnior
1721,25 - 34 Años,Masculino,Guatemala,Francia,Vinícius Júnior
1721,25 - 34 Años,Masculino,Guatemala,Francia,Neymar Jr.
1722,18 - 24 Años,Masculino,Zacapa,Uruguay,Lionel Messi
1722,18 - 24 Años,Masculino,Zacapa,Uruguay,Vinícius Júnior
1722,18 - 24 Años,Masculino,Zacapa,Uruguay,Christian Pulisic
1723,Menos De 18 Años,Masculino,Guatemala,España,Alphonso Davies
1724,25 - 34 Años,Prefiero No Indicarlo,Retalhuleu,México,Cristiano Ronaldo
1724,25 - 34 Años,Prefiero No Indicarlo,Retalhuleu,México,Vinícius Júnior
1724,25 - 34 Años,Prefiero No Indicarlo,Retalhuleu,México,Lamine Yamal
1725,18 - 24 Años,Masculino,Quetzaltenango,Brasil,Neymar Jr.
1726,18 - 24 Años,Masculino,Guatemala,Portugal,Cristiano Ronaldo
1726,18 - 24 Años,Masculino,Guatemala,Portugal,Neymar Jr.
1727,35 - 44 Años,Femenino,Quetzaltenango,Estados Unidos,Kylian Mbappé
1728,35 - 44 Años,Femenino,Guatemala,Colombia,Lionel Messi
1728,35 - 44 Años,Femenino,Guatemala,Colombia,Cristiano Ronaldo
1728,35 - 44 Años,Femenino,Guatemala,Colombia,Julián Álvarez
1729,18 - 24 Años,Masculino,Escuintla,Alemania,Neymar Jr.
1729,18 - 24 Años,Masculino,Escuintla,Alemania,Alphonso Davies
1730,25 - 34 Años,Masculino,Chimaltenango,Inglaterra,Neymar Jr.
1730,25 - 34 Años,Masculino,Chimaltenango,Inglaterra,Lionel Messi
1730,25 - 34 Años,Masculino,Chimaltenango,Inglaterra,Cristiano Ronaldo
1731,25 - 34 Años,Femenino,Guatemala,Argentina,Vinícius Júnior
1731,25 - 34 Años,Femenino,Guatemala,Argentina,Cristiano Ronaldo
1731,25 - 34 Años,Femenino,Guatemala,Argentina,Kylian Mbappé
1732,25 - 34 Años,Femenino,Jutiapa,Uruguay,Lionel Messi
1732,25 - 34 Años,Femenino,Jutiapa,Uruguay,Kylian Mbappé
1732,25 - 34 Años,Femenino,Jutiapa,Uruguay,Vinícius Júnior
1733,18 - 24 Años,Femenino,Quiché,Brasil,Lionel Messi
1733,18 - 24 Años,Femenino,Quiché,Brasil,Lamine Yamal
1733,18 - 24 Años,Femenino,Quiché,Brasil,Vinícius Júnior
1734,35 - 44 Años,Masculino,Chimaltenango,Francia,Lamine Yamal
1734,35 - 44 Años,Masculino,Chimaltenango,Francia,Harry Kane
1735,18 - 24 Años,Femenino,Guatemala, ESPAÑA ,Alphonso Davies
1736,35 - 44 Años,Femenino,Totonicapán,Brasil,Lamine Yamal
1736,35 - 44 Años,Femenino,Totonicapán,Brasil,Cristiano Ronaldo
1736,35 - 44 Años,Femenino,Totonicapán,Brasil,Jude Bellingham
1737,Menos De 18 Años,Masculino,Sacatepéquez,Argentina,Alphonso Davies
1737,Menos De 18 Años,Masculino,Sacatepéquez,Argentina,Jude Bellingham
1738,18 - 24 Años,Masculino,Retalhuleu,España,Lamine Yamal
1738,18 - 24 Años,Masculino,Retalhuleu,España,Lionel Messi
1739,18 - 24 Años,Masculino,Chimaltenango,España,Lionel Messi
1739,18 - 24 Años,Masculino,Chimaltenango,España,Cristiano Ronaldo
1739,18 - 24 Años,Masculino,Chimaltenango,España,Vinícius Júnior
1740,35 - 44 Años,Masculino,Guatemala,Francia,Vinícius Júnior
1740,35 - 44 Años,Masculino,Guatemala,Francia,Neymar Jr.
1740,35 - 44 Años,Masculino,Guatemala,Francia,Lamine Yamal
1741,25 - 34 Años,Femenino,Huehuetenango,España,Neymar Jr.
1741,25 - 34 Años,Femenino,Huehuetenango,España,Jude Bellingham
1742,35 - 44 Años,Femenino,Chiquimula,México,Jude Bellingham
1742,35 - 44 Años,Femenino,Chiquimula,México,Neymar Jr.
1743,25 - 34 Años,Masculino,Escuintla,Uruguay,Lamine Yamal
1743,25 - 34 Años,Masculino,Escuintla,Uruguay,Alphonso Davies
1744,35 - 44 Años,Femenino,Quiché, PORTUGAL ,Vinícius Júnior
1745,18 - 24 Años,Femenino,Retalhuleu,Argentina,Cristiano Ronaldo
1745,18 - 24 Años,Femenino,Retalhuleu,Argentina,Vinícius Júnior
1745,18 - 24 Años,Femenino,Retalhuleu,Argentina,Neymar Jr.
1746,18 - 24 Años,Masculino,Quetzaltenango,Francia,Neymar Jr.
1746,18 - 24 Años,Masculino,Quetzaltenango,Francia,Cristiano Ronaldo
1746,18 - 24 Años,Masculino,Quetzaltenango,Francia,Kylian Mbappé
1747,45 - 54 Años,Femenino,Chimaltenango,México,Kylian Mbappé
1747,45 - 54 Años,Femenino,Chimaltenango,México,Vinícius Júnior
1747,45 - 54 Años,Femenino,Chimaltenango,México,Cristiano Ronaldo
1748,25 - 34 Años,Masculino,Guatemala,Argentina,Lionel Messi
1749,25 - 34 Años,Masculino,El Progreso,Argentina,Kylian Mbappé
1749,25 - 34 Años,Masculino,El Progreso,Argentina,Cristiano Ronaldo
1749,25 - 34 Años,Masculino,El Progreso,Argentina,Lionel Messi
1750,35 - 44 Años,Femenino,Escuintla,Francia,Harry Kane
1750,35 - 44 Años,Femenino,Escuintla,Francia,Cristiano Ronaldo
1751,35 - 44 Años,Femenino,Guatemala,Francia,Lionel Messi
1752,18 - 24 Años,Femenino,Sacatepéquez,México,Lionel Messi
1752,18 - 24 Años,Femenino,Sacatepéquez,México,Neymar Jr.
1752,18 - 24 Años,Femenino,Sacatepéquez,México,Cristiano Ronaldo
1753,45 - 54 Años,Femenino,Santa Rosa,México,Kylian Mbappé
1754,25 - 34 Años,Femenino,Jutiapa,Argentina,Christian Pulisic
1754,25 - 34 Años,Femenino,Jutiapa,Argentina,Lionel Messi
1754,25 - 34 Años,Femenino,Jutiapa,Argentina,Kylian Mbappé
1755,25 - 34 Años,Femenino,Guatemala,Brasil,Vinícius Júnior
1756,18 - 24 Años,Femenino,Guatemala,Arabia Saudita,Jude Bellingham
1756,18 - 24 Años,Femenino,Guatemala,Arabia Saudita,Neymar Jr.
1757,35 - 44 Años,Masculino,Guatemala,Francia,Kylian Mbappé
1757,35 - 44 Años,Masculino,Guatemala,Francia,Ninguno
1758,45 - 54 Años,Prefiero No Indicarlo,Quetzaltenango,Qatar,Lionel Messi
1758,45 - 54 Años,Prefiero No Indicarlo,Quetzaltenango,Qatar,Ninguno
1758,45 - 54 Años,Prefiero No Indicarlo,Quetzaltenango,Qatar,Vinícius Júnior
1759,35 - 44 Años,Femenino,Guatemala,Francia,Jude Bellingham
1760,18 - 24 Años,Femenino,Escuintla,Portugal,Neymar Jr.
1760,18 - 24 Años,Femenino,Escuintla,Portugal,Kylian Mbappé
1761,35 - 44 Años,Masculino,Chimaltenango,Brasil,Lionel Messi
1762,35 - 44 Años,Femenino,Guatemala,España,Kylian Mbappé
1763,Menos De 18 Años,Masculino,Guatemala,Francia,Vinícius Júnior
1763,Menos De 18 Años,Masculino,Guatemala,Francia,Christian Pulisic
1763,Menos De 18 Años,Masculino,Guatemala,Francia,Lionel Messi
1764,25 - 34 Años,Femenino,Jutiapa,Argentina,Lionel Messi
1764,25 - 34 Años,Femenino,Jutiapa,Argentina,Harry Kane
1765,25 - 34 Años,Masculino,Santa Rosa,Argentina,Lionel Messi
1766,25 - 34 Años,Femenino,Chimaltenango,Argentina,Neymar Jr.
1766,25 - 34 Años,Femenino,Chimaltenango,Argentina,Cristiano Ronaldo
1767,25 - 34 Años,Masculino,Guatemala,Inglaterra,Lamine Yamal
1767,25 - 34 Años,Masculino,Guatemala,Inglaterra,Lionel Messi
1768,Menos De 18 Años,Masculino,Jalapa,México,Lionel Messi
1769,35 - 44 Años,Masculino,Guatemala,Argentina,Lionel Messi
1769,35 - 44 Años,Masculino,Guatemala,Argentina,Cristiano Ronaldo
1770,25 - 34 Años,Masculino,Guatemala,Brasil,Lamine Yamal
1770,25 - 34 Años,Masculino,Guatemala,Brasil,Harry Kane
1770,25 - 34 Años,Masculino,Guatemala,Brasil,Vinícius Júnior
1771,25 - 34 Años,Masculino,Quetzaltenango, ARGENTINA ,Lionel Messi
1772,25 - 34 Años,Femenino,Quetzaltenango,Argentina,Rodri
1772,25 - 34 Años,Femenino,Quetzaltenango,Argentina,Kylian Mbappé
1772,25 - 34 Años,Femenino,Quetzaltenango,Argentina,Jude Bellingham
559,45 - 54 Años,Masculino,Escuintla,Brasil,Vinícius Júnior
1774,Menos De 18 Años,Masculino,Guate,Francia,Lionel Messi
1774,Menos De 18 Años,Masculino,Guate,Francia,Neymar Jr.
1774,Menos De 18 Años,Masculino,Guate,Francia,Cristiano Ronaldo
1775,Menos De 18 Años,Masculino,Sacatepéquez,Portugal,Lionel Messi
1776,45 - 54 Años,Femenino,Sacatepéquez,México,Cristiano Ronaldo
1777,25 - 34 Años,Femenino,Guatemala,Canadá,Lionel Messi
1778,35 - 44 Años,Femenino,Jutiapa,Francia,Kylian Mbappé
1778,35 - 44 Años,Femenino,Jutiapa,Francia,Lionel Messi
1779,18 - 24 Años,Masculino,Guatemala,Colombia,Lamine Yamal
1780,35 - 44 Años,Femenino,Guatemala,México,Cristiano Ronaldo
1781,45 - 54 Años,Femenino,Guatemala,Inglaterra,Rodri
1781,45 - 54 Años,Femenino,Guatemala,Inglaterra,Vinícius Júnior
1781,45 - 54 Años,Femenino,Guatemala,Inglaterra,Lionel Messi
1782,18 - 24 Años,Masculino,Quetzaltenango,Brasil,Cristiano Ronaldo
1782,18 - 24 Años,Masculino,Quetzaltenango,Brasil,Alphonso Davies
1783,25 - 34 Años,Femenino,Sacatepéquez,Argentina,Vinícius Júnior
1783,25 - 34 Años,Femenino,Sacatepéquez,Argentina,Julián Álvarez
1783,25 - 34 Años,Femenino,Sacatepéquez,Argentina,Jude Bellingham
1784,55 Años O Más,Masculino,Chimaltenango,Argelia,Lionel Messi
1784,55 Años O Más,Masculino,Chimaltenango,Argelia,Neymar Jr.
1785,18 - 24 Años,Femenino,Quiché,Argentina,Vinícius Júnior
1785,18 - 24 Años,Femenino,Quiché,Argentina,Rodri
1785,18 - 24 Años,Femenino,Quiché,Argentina,Cristiano Ronaldo
1786,18 - 24 Años,Femenino,Escuintla,México,Lionel Messi
1787,18 - 24 Años,Femenino,Chimaltenango,Panamá,Alphonso Davies
1788,35 - 44 Años,Femenino,Guatemala,México,Lamine Yamal
1788,35 - 44 Años,Femenino,Guatemala,México,Kylian Mbappé
1789,25 - 34 Años,Masculino,Guatemala,Portugal,Federico Valverde
1789,25 - 34 Años,Masculino,Guatemala,Portugal,Cristiano Ronaldo
1789,25 - 34 Años,Masculino,Guatemala,Portugal,Harry Kane
1790,25 - 34 Años,Masculino,Guatemala,Francia,Lionel Messi
1790,25 - 34 Años,Masculino,Guatemala,Francia,Lamine Yamal
1790,25 - 34 Años,Masculino,Guatemala,Francia,Neymar Jr.
1791,Menos De 18 Años,Femenino,Escuintla,Inglaterra,Lionel Messi
1792,35 - 44 Años,Masculino,Guatemala,Argentina,Ninguno
1793,55 Años O Más,Masculino,Guatemala,Estados Unidos,Harry Kane
1794,25 - 34 Años,Prefiero No Indicarlo,San Marcos,Argentina,Vinícius Júnior
1794,25 - 34 Años,Prefiero No Indicarlo,San Marcos,Argentina,Lionel Messi
1794,25 - 34 Años,Prefiero No Indicarlo,San Marcos,Argentina,Jude Bellingham
1795,55 Años O Más,Femenino,Guatemala,México,Kylian Mbappé
1795,55 Años O Más,Femenino,Guatemala,México,Lionel Messi
1795,55 Años O Más,Femenino,Guatemala,México,Rodri
1796,18 - 24 Años,Femenino,Escuintla,Brasil,Lamine Yamal
1796,18 - 24 Años,Femenino,Escuintla,Brasil,Lionel Messi
1797,Menos De 18 Años,Masculino,Guatemala,Argentina,Cristiano Ronaldo
1797,Menos De 18 Años,Masculino,Guatemala,Argentina,Neymar Jr.
1798,35 - 44 Años,Masculino,El Progreso,Colombia,Lionel Messi
1798,35 - 44 Años,Masculino,El Progreso,Colombia,Vinícius Júnior
1799,45 - 54 Años,Masculino,Quetzaltenango,México,Cristiano Ronaldo
1799,45 - 54 Años,Masculino,Quetzaltenango,México,Neymar Jr.
1799,45 - 54 Años,Masculino,Quetzaltenango,México,Lionel Messi
1800,Menos De 18 Años,Femenino,Guatemala,Portugal,Neymar Jr.
1801,25 - 34 Años,Femenino,Quetzaltenango,México,Lionel Messi
1802,Menos De 18 Años,Masculino,Sacatepéquez,México,Neymar Jr.
1802,Menos De 18 Años,Masculino,Sacatepéquez,México,Lionel Messi
1802,Menos De 18 Años,Masculino,Sacatepéquez,México,Cristiano Ronaldo
1803,18 - 24 Años,Femenino,Quetzaltenango,Argentina,Rodri
1804,18 - 24 Años,Femenino,Guatemala,Portugal,Christian Pulisic
1804,18 - 24 Años,Femenino,Guatemala,Portugal,Vinícius Júnior
1804,18 - 24 Años,Femenino,Guatemala,Portugal,Lionel Messi
1805,35 - 44 Años,Masculino,Suchitepéquez,España,Kylian Mbappé
1806,35 - 44 Años,Masculino,Quiché,Brasil,Neymar Jr.
1806,35 - 44 Años,Masculino,Quiché,Brasil,Lionel Messi
1806,35 - 44 Años,Masculino,Quiché,Brasil,Harry Kane
1807,45 - 54 Años,Femenino,Huehuetenango,Portugal,Cristiano Ronaldo
1808,25 - 34 Años,Femenino,Guatemala,Inglaterra,Kylian Mbappé
1808,25 - 34 Años,Femenino,Guatemala,Inglaterra,Lamine Yamal
1808,25 - 34 Años,Femenino,Guatemala,Inglaterra,Federico Valverde
1809,45 - 54 Años,Femenino,Escuintla,Portugal,Vinícius Júnior
1809,45 - 54 Años,Femenino,Escuintla,Portugal,Jude Bellingham
1810,45 - 54 Años,Masculino,Suchitepéquez,Argentina,Lionel Messi
1811,45 - 54 Años,Femenino,Guatemala,Portugal,Cristiano Ronaldo
1811,45 - 54 Años,Femenino,Guatemala,Portugal,Kylian Mbappé
1811,45 - 54 Años,Femenino,Guatemala,Portugal,Vinícius Júnior
1812,45 - 54 Años,Femenino,Guatemala,Portugal,Lionel Messi
1812,45 - 54 Años,Femenino,Guatemala,Portugal,Cristiano Ronaldo
1813,25 - 34 Años,Masculino,Guatemala,México,Julián Álvarez
1813,25 - 34 Años,Masculino,Guatemala,México,Kylian Mbappé
1813,25 - 34 Años,Masculino,Guatemala,México,Lamine Yamal
1814,25 - 34 Años,Masculino,Guatemala,Austria,Alphonso Davies
1814,25 - 34 Años,Masculino,Guatemala,Austria,Lionel Messi
1814,25 - 34 Años,Masculino,Guatemala,Austria,Vinícius Júnior
1815,18 - 24 Años,Femenino,Guatemala,Colombia,Alphonso Davies
1816,25 - 34 Años,Masculino,Guatemala,Argentina,Neymar Jr.
1816,25 - 34 Años,Masculino,Guatemala,Argentina,Lionel Messi
1816,25 - 34 Años,Masculino,Guatemala,Argentina,Christian Pulisic
1817,25 - 34 Años,Masculino,Guatemala,Alemania,Cristiano Ronaldo
1817,25 - 34 Años,Masculino,Guatemala,Alemania,Ninguno
1818,45 - 54 Años,Femenino,Guatemala,México,Cristiano Ronaldo
1819,18 - 24 Años,Femenino,Chimaltenango,South Africa,Lionel Messi
1819,18 - 24 Años,Femenino,Chimaltenango,South Africa,Neymar Jr.
1820,25 - 34 Años,Femenino,Quetzaltenango,Alemania,Lionel Messi
1820,25 - 34 Años,Femenino,Quetzaltenango,Alemania,Jude Bellingham
1821,35 - 44 Años,Prefiero No Indicarlo,Guatemala,Argentina,Cristiano Ronaldo
1822,18 - 24 Años,Masculino,Guatemala,Argentina,Vinícius Júnior
1823,45 - 54 Años,Masculino,Alta Verapaz, COLOMBIA ,Kylian Mbappé
1823,45 - 54 Años,Masculino,Alta Verapaz, COLOMBIA ,Ninguno
1824,Menos De 18 Años,Femenino,Guatemala,Francia,Cristiano Ronaldo
1824,Menos De 18 Años,Femenino,Guatemala,Francia,Lionel Messi
1824,Menos De 18 Años,Femenino,Guatemala,Francia,Kylian Mbappé
1825,18 - 24 Años,Masculino,Sololá,Portugal,Lionel Messi
1826,Menos De 18 Años,Femenino,Guate,México,Rodri
1826,Menos De 18 Años,Femenino,Guate,México,Neymar Jr.
1826,Menos De 18 Años,Femenino,Guate,México,Cristiano Ronaldo
1827,35 - 44 Años,Femenino,Escuintla,Portugal,Kylian Mbappé
1828,25 - 34 Años,Femenino,Chimaltenango,Argentina,Kylian Mbappé
1828,25 - 34 Años,Femenino,Chimaltenango,Argentina,Christian Pulisic
1828,25 - 34 Años,Femenino,Chimaltenango,Argentina,Federico Valverde
1829,55 Años O Más,Masculino,Guatemala,Portugal,Julián Álvarez
1829,55 Años O Más,Masculino,Guatemala,Portugal,Vinícius Júnior
1830,45 - 54 Años,Femenino,Guatemala,Portugal,Kylian Mbappé
1830,45 - 54 Años,Femenino,Guatemala,Portugal,Ninguno
1831,35 - 44 Años,Femenino,Jalapa,Alemania,Kylian Mbappé
1832,18 - 24 Años,Femenino,Guatemala,Inglaterra,Harry Kane
1833,25 - 34 Años,Femenino,Baja Verapaz,Argentina,Cristiano Ronaldo
1833,25 - 34 Años,Femenino,Baja Verapaz,Argentina,Neymar Jr.
1833,25 - 34 Años,Femenino,Baja Verapaz,Argentina,Harry Kane
1834,18 - 24 Años,Masculino,Guatemala,Uruguay,Kylian Mbappé
1834,18 - 24 Años,Masculino,Guatemala,Uruguay,Neymar Jr.
1834,18 - 24 Años,Masculino,Guatemala,Uruguay,Cristiano Ronaldo
1835,25 - 34 Años,Femenino,Guatemala,Brasil,Lamine Yamal
1835,25 - 34 Años,Femenino,Guatemala,Brasil,Lionel Messi
1835,25 - 34 Años,Femenino,Guatemala,Brasil,Neymar Jr.
1836,18 - 24 Años,Femenino,Guatemala,Estados Unidos,Neymar Jr.
1836,18 - 24 Años,Femenino,Guatemala,Estados Unidos,Lionel Messi
1837,Menos De 18 Años,Masculino,Guatemala,Colombia,Cristiano Ronaldo
1837,Menos De 18 Años,Masculino,Guatemala,Colombia,Lionel Messi
1838,35 - 44 Años,Femenino,Sacatepéquez,Argentina,Kylian Mbappé
1838,35 - 44 Años,Femenino,Sacatepéquez,Argentina,Lionel Messi
1838,35 - 44 Años,Femenino,Sacatepéquez,Argentina,Cristiano Ronaldo
1839,25 - 34 Años,Masculino,Guatemala,Estados Unidos,Lamine Yamal
1840,25 - 34 Años,Femenino,Guatemala,Portugal,Lamine Yamal
1840,25 - 34 Años,Femenino,Guatemala,Portugal,Neymar Jr.
1841,18 - 24 Años,Femenino,Baja Verapaz,Senegal,Kylian Mbappé
1842,18 - 24 Años,Masculino,Chimaltenango,Argentina,Federico Valverde
1842,18 - 24 Años,Masculino,Chimaltenango,Argentina,Lamine Yamal
1843,35 - 44 Años,Femenino,Guatemala,Curaçao,Neymar Jr.
1843,35 - 44 Años,Femenino,Guatemala,Curaçao,Kylian Mbappé
1843,35 - 44 Años,Femenino,Guatemala,Curaçao,Cristiano Ronaldo
1844,35 - 44 Años,Femenino,Sacatepéquez,México,Cristiano Ronaldo
1845,18 - 24 Años,Femenino,Quetzaltenango,Panamá,Ninguno
1845,18 - 24 Años,Femenino,Quetzaltenango,Panamá,Kylian Mbappé
1845,18 - 24 Años,Femenino,Quetzaltenango,Panamá,Julián Álvarez
1846,Menos De 18 Años,Femenino,El Progreso,México,Jude Bellingham
1847,25 - 34 Años,Femenino,Guatemala,Francia,Julián Álvarez
1848,25 - 34 Años,Femenino,Santa Rosa,Portugal,Neymar Jr.
1848,25 - 34 Años,Femenino,Santa Rosa,Portugal,Cristiano Ronaldo
1848,25 - 34 Años,Femenino,Santa Rosa,Portugal,Vinícius Júnior
1849,25 - 34 Años,Prefiero No Indicarlo,Petén,Paraguay,Lionel Messi
1850,25 - 34 Años,Femenino,San Marcos,Argentina,Cristiano Ronaldo
1851,18 - 24 Años,Femenino,El Progreso,México,Ninguno
1851,18 - 24 Años,Femenino,El Progreso,México,Jude Bellingham
1852,18 - 24 Años,Femenino,Guatemala, ARGENTINA ,Lamine Yamal
1852,18 - 24 Años,Femenino,Guatemala, ARGENTINA ,Lionel Messi
1852,18 - 24 Años,Femenino,Guatemala, ARGENTINA ,Christian Pulisic
1853,35 - 44 Años,Masculino,Jalapa,Japón,Cristiano Ronaldo
1854,25 - 34 Años,Femenino,Zacapa,México,Lionel Messi
1855,25 - 34 Años,Masculino,Sacatepéquez,Portugal,Rodri
1855,25 - 34 Años,Masculino,Sacatepéquez,Portugal,Vinícius Júnior
1856,35 - 44 Años,Femenino,Guatemala,Portugal,Cristiano Ronaldo
1856,35 - 44 Años,Femenino,Guatemala,Portugal,Neymar Jr.
1856,35 - 44 Años,Femenino,Guatemala,Portugal,Lionel Messi
1857,18 - 24 Años,Femenino,Escuintla,Francia,Christian Pulisic
1857,18 - 24 Años,Femenino,Escuintla,Francia,Lionel Messi
1858,35 - 44 Años,Masculino,Guatemala,Francia,Jude Bellingham
1859,25 - 34 Años,Femenino,Guatemala,Portugal,Christian Pulisic
1860,55 Años O Más,Prefiero No Indicarlo,Guatemala,Portugal,Kylian Mbappé
1860,55 Años O Más,Prefiero No Indicarlo,Guatemala,Portugal,Neymar Jr.
1860,55 Años O Más,Prefiero No Indicarlo,Guatemala,Portugal,Cristiano Ronaldo
1861,18 - 24 Años,Femenino,Jalapa, FRANCIA ,Lionel Messi
1862,45 - 54 Años,Femenino,Sacatepéquez,Brasil,Neymar Jr.
1863,35 - 44 Años,Masculino,Zacapa,Argentina,Vinícius Júnior
1863,35 - 44 Años,Masculino,Zacapa,Argentina,Lionel Messi
1863,35 - 44 Años,Masculino,Zacapa,Argentina,Neymar Jr.
1864,Menos De 18 Años,Masculino,Sacatepéquez,Brasil,Federico Valverde
1864,Menos De 18 Años,Masculino,Sacatepéquez,Brasil,Jude Bellingham
1864,Menos De 18 Años,Masculino,Sacatepéquez,Brasil,Lionel Messi
1865,25 - 34 Años,Femenino,Guatemala,México,Cristiano Ronaldo
1865,25 - 34 Años,Femenino,Guatemala,México,Lionel Messi
1866,25 - 34 Años,Femenino,Guatemala,Brasil,Harry Kane
1867,45 - 54 Años,Masculino,Guatemala,Portugal,Julián Álvarez
1868,45 - 54 Años,Masculino,Chimaltenango,Argentina,Cristiano Ronaldo
1868,45 - 54 Años,Masculino,Chimaltenango,Argentina,Ninguno
1868,45 - 54 Años,Masculino,Chimaltenango,Argentina,Vinícius Júnior
1869,Menos De 18 Años,Masculino,Chimaltenango,Brasil,Kylian Mbappé
1870,25 - 34 Años,Femenino,Baja Verapaz,México,Lionel Messi
1871,45 - 54 Años,Masculino,Guatemala,Brasil,Jude Bellingham
1872,55 Años O Más,Femenino,Baja Verapaz,Brasil,Neymar Jr.
1872,55 Años O Más,Femenino,Baja Verapaz,Brasil,Kylian Mbappé
1872,55 Años O Más,Femenino,Baja Verapaz,Brasil,Julián Álvarez
1873,35 - 44 Años,Femenino,Guatemala,México,Jude Bellingham
1873,35 - 44 Años,Femenino,Guatemala,México,Kylian Mbappé
1874,25 - 34 Años,Masculino,Huehuetenango,Brasil,Jude Bellingham
1874,25 - 34 Años,Masculino,Huehuetenango,Brasil,Neymar Jr.
1874,25 - 34 Años,Masculino,Huehuetenango,Brasil,Alphonso Davies
1875,35 - 44 Años,Femenino,Zacapa,Inglaterra,Alphonso Davies
1875,35 - 44 Años,Femenino,Zacapa,Inglaterra,Neymar Jr.
1875,35 - 44 Años,Femenino,Zacapa,Inglaterra,Lionel Messi
1876,25 - 34 Años,Masculino,Petén,Estados Unidos,Cristiano Ronaldo
1876,25 - 34 Años,Masculino,Petén,Estados Unidos,Neymar Jr.
1877,18 - 24 Años,Femenino,El Progreso,Inglaterra,Lamine Yamal
1877,18 - 24 Años,Femenino,El Progreso,Inglaterra,Neymar Jr.
1877,18 - 24 Años,Femenino,El Progreso,Inglaterra,Vinícius Júnior
1878,18 - 24 Años,Masculino,Escuintla,Argentina,Neymar Jr.
1878,18 - 24 Años,Masculino,Escuintla,Argentina,Federico Valverde
1878,18 - 24 Años,Masculino,Escuintla,Argentina,Lamine Yamal
1879,25 - 34 Años,Masculino,Escuintla,Estados Unidos,Cristiano Ronaldo
1880,35 - 44 Años,Femenino,Escuintla,Portugal,Neymar Jr.
1880,35 - 44 Años,Femenino,Escuintla,Portugal,Federico Valverde
1881,25 - 34 Años,Masculino,Guatemala,Uruguay,Jude Bellingham
1881,25 - 34 Años,Masculino,Guatemala,Uruguay,Cristiano Ronaldo
1882,55 Años O Más,Masculino,Escuintla,Inglaterra,Lionel Messi
1882,55 Años O Más,Masculino,Escuintla,Inglaterra,Christian Pulisic
1882,55 Años O Más,Masculino,Escuintla,Inglaterra,Lamine Yamal
1883,35 - 44 Años,Femenino,Zacapa,Brasil,Lionel Messi
1883,35 - 44 Años,Femenino,Zacapa,Brasil,Vinícius Júnior
1883,35 - 44 Años,Femenino,Zacapa,Brasil,Cristiano Ronaldo
1884,18 - 24 Años,Femenino,Sololá,Argentina,Neymar Jr.
1885,25 - 34 Años,Masculino,Huehuetenango,Francia,Cristiano Ronaldo
1886,55 Años O Más,Femenino,Escuintla,South Africa,Lionel Messi
1886,55 Años O Más,Femenino,Escuintla,South Africa,Federico Valverde
1887,25 - 34 Años,Masculino,Quetzaltenango,Brasil,Neymar Jr.
1888,25 - 34 Años,Masculino,Chimaltenango,Francia,Cristiano Ronaldo
1889,25 - 34 Años,Femenino,Guatemala, BRASIL ,Lionel Messi
1889,25 - 34 Años,Femenino,Guatemala, BRASIL ,Lamine Yamal
1889,25 - 34 Años,Femenino,Guatemala, BRASIL ,Julián Álvarez
1890,35 - 44 Años,Femenino,Guatemala,Argentina,Neymar Jr.
1890,35 - 44 Años,Femenino,Guatemala,Argentina,Alphonso Davies
1891,25 - 34 Años,Prefiero No Indicarlo,Guatemala,Brasil,Vinícius Júnior
1891,25 - 34 Años,Prefiero No Indicarlo,Guatemala,Brasil,Julián Álvarez
1891,25 - 34 Años,Prefiero No Indicarlo,Guatemala,Brasil,Jude Bellingham
1892,25 - 34 Años,Prefiero No Indicarlo,Izabal,Portugal,Jude Bellingham
1892,25 - 34 Años,Prefiero No Indicarlo,Izabal,Portugal,Vinícius Júnior
1893,18 - 24 Años,Femenino,Guatemala,México,Jude Bellingham
1894,35 - 44 Años,Prefiero No Indicarlo,Petén,México,Christian Pulisic
1894,35 - 44 Años,Prefiero No Indicarlo,Petén,México,Lionel Messi
1894,35 - 44 Años,Prefiero No Indicarlo,Petén,México,Cristiano Ronaldo
1895,18 - 24 Años,Femenino,Izabal,Portugal,Cristiano Ronaldo
1895,18 - 24 Años,Femenino,Izabal,Portugal,Neymar Jr.
1896,25 - 34 Años,Femenino,Escuintla,Portugal,Ninguno
1896,25 - 34 Años,Femenino,Escuintla,Portugal,Cristiano Ronaldo
1896,25 - 34 Años,Femenino,Escuintla,Portugal,Julián Álvarez
1897,35 - 44 Años,Masculino,Chiquimula,Francia,Lionel Messi
1897,35 - 44 Años,Masculino,Chiquimula,Francia,Cristiano Ronaldo
1898,Menos De 18 Años,Masculino,Chiquimula,México,Jude Bellingham
1899,Menos De 18 Años,Masculino,Escuintla,Brasil,Kylian Mbappé
1900,25 - 34 Años,Masculino,Guatemala,Argentina,Vinícius Júnior
1900,25 - 34 Años,Masculino,Guatemala,Argentina,Lionel Messi
1901,Menos De 18 Años,Femenino,Zacapa,España,Julián Álvarez
1901,Menos De 18 Años,Femenino,Zacapa,España,Neymar Jr.
1901,Menos De 18 Años,Femenino,Zacapa,España,Lionel Messi
1902,45 - 54 Años,Femenino,Guatemala,Irak,Cristiano Ronaldo
1902,45 - 54 Años,Femenino,Guatemala,Irak,Lionel Messi
1903,55 Años O Más,Femenino,Guatemala,Bélgica,Christian Pulisic
1903,55 Años O Más,Femenino,Guatemala,Bélgica,Kylian Mbappé
1904,35 - 44 Años,Masculino,Retalhuleu,Estados Unidos,Christian Pulisic
1905,18 - 24 Años,Masculino,Quetzaltenango,Brasil,Lionel Messi
1905,18 - 24 Años,Masculino,Quetzaltenango,Brasil,Alphonso Davies
1906,25 - 34 Años,Masculino,Guatemala,Portugal,Neymar Jr.
1907,Menos De 18 Años,Masculino,Chiquimula,México,Neymar Jr.
1907,Menos De 18 Años,Masculino,Chiquimula,México,Federico Valverde
1908,18 - 24 Años,Masculino,Guatemala,México,Lamine Yamal
1908,18 - 24 Años,Masculino,Guatemala,México,Neymar Jr.
1908,18 - 24 Años,Masculino,Guatemala,México,Cristiano Ronaldo
1909,55 Años O Más,Masculino,Sacatepéquez,Czechia,Lionel Messi
1909,55 Años O Más,Masculino,Sacatepéquez,Czechia,Kylian Mbappé
1910,25 - 34 Años,Femenino,Santa Rosa,Brasil,Vinícius Júnior
1910,25 - 34 Años,Femenino,Santa Rosa,Brasil,Lionel Messi
1911,25 - 34 Años,Masculino,Escuintla,México,Kylian Mbappé
1911,25 - 34 Años,Masculino,Escuintla,México,Neymar Jr.
1911,25 - 34 Años,Masculino,Escuintla,México,Jude Bellingham
1912,25 - 34 Años,Femenino,El Progreso,México,Lionel Messi
1912,25 - 34 Años,Femenino,El Progreso,México,Cristiano Ronaldo
1913,45 - 54 Años,Masculino,Escuintla,Brasil,Vinícius Júnior
1913,45 - 54 Años,Masculino,Escuintla,Brasil,Cristiano Ronaldo
1914,18 - 24 Años,Masculino,Sacatepéquez,Alemania,Jude Bellingham
1914,18 - 24 Años,Masculino,Sacatepéquez,Alemania,Lionel Messi
1914,18 - 24 Años,Masculino,Sacatepéquez,Alemania,Neymar Jr.
1915,25 - 34 Años,Masculino,Guatemala,México,Lamine Yamal
1915,25 - 34 Años,Masculino,Guatemala,México,Federico Valverde
1916,35 - 44 Años,Masculino,Sacatepéquez,Alemania,Cristiano Ronaldo
1917,25 - 34 Años,Femenino,Jalapa,Argentina,Vinícius Júnior
1918,18 - 24 Años,Femenino,Quetzaltenango,Argentina,Lionel Messi
1919,55 Años O Más,Masculino,Chiquimula,México,Ninguno
1920,35 - 44 Años,Masculino,Guatemala,México,Cristiano Ronaldo
1920,35 - 44 Años,Masculino,Guatemala,México,Vinícius Júnior
1921,25 - 34 Años,Femenino,Santa Rosa, FRANCIA ,Jude Bellingham
1921,25 - 34 Años,Femenino,Santa Rosa, FRANCIA ,Neymar Jr.
1922,25 - 34 Años,Masculino,Chimaltenango,Panamá,Lionel Messi
1923,35 - 44 Años,Masculino,Quiché,Argentina,Vinícius Júnior
1923,35 - 44 Años,Masculino,Quiché,Argentina,Julián Álvarez
1923,35 - 44 Años,Masculino,Quiché,Argentina,Lionel Messi
1924,25 - 34 Años,Masculino,Guatemala,Portugal,Cristiano Ronaldo
1924,25 - 34 Años,Masculino,Guatemala,Portugal,Jude Bellingham
1925,35 - 44 Años,Femenino,Guatemala,Inglaterra,Harry Kane
1926,25 - 34 Años,Masculino,Chimaltenango,Brasil,Lamine Yamal
1927,35 - 44 Años,Masculino,Escuintla,Argentina,Cristiano Ronaldo
1928,18 - 24 Años,Femenino,Quetzaltenango,South Africa,Cristiano Ronaldo
1929,18 - 24 Años,Masculino,Santa Rosa,Francia,Lamine Yamal
1930,35 - 44 Años,Femenino,Escuintla,Argentina,Jude Bellingham
1932,55 Años O Más,Masculino,Chimaltenango,México,Kylian Mbappé
1932,55 Años O Más,Masculino,Chimaltenango,México,Federico Valverde
1932,55 Años O Más,Masculino,Chimaltenango,México,Lamine Yamal
1933,18 - 24 Años,Femenino,Guatemala,México,Rodri
1934,25 - 34 Años,Femenino,Guatemala,Argentina,Vinícius Júnior
1934,25 - 34 Años,Femenino,Guatemala,Argentina,Cristiano Ronaldo
1935,Menos De 18 Años,Femenino,Quetzaltenango,Inglaterra,Neymar Jr.
1935,Menos De 18 Años,Femenino,Quetzaltenango,Inglaterra,Jude Bellingham
1935,Menos De 18 Años,Femenino,Quetzaltenango,Inglaterra,Lamine Yamal
1936,18 - 24 Años,Femenino,Guatemala,Estados Unidos,Lamine Yamal
1937,18 - 24 Años,Femenino,Quetzaltenango,Francia,Neymar Jr.
1937,18 - 24 Años,Femenino,Quetzaltenango,Francia,Julián Álvarez
1937,18 - 24 Años,Femenino,Quetzaltenango,Francia,Lionel Messi
1938,25 - 34 Años,Masculino,Totonicapán,Argentina,Kylian Mbappé
1938,25 - 34 Años,Masculino,Totonicapán,Argentina,Neymar Jr.
1938,25 - 34 Años,Masculino,Totonicapán,Argentina,Julián Álvarez
1939,55 Años O Más,Femenino,Guatemala, MÉXICO ,Jude Bellingham
1939,55 Años O Más,Femenino,Guatemala, MÉXICO ,Christian Pulisic
1940,55 Años O Más,Masculino,Huehuetenango,Francia,Lionel Messi
1940,55 Años O Más,Masculino,Huehuetenango,Francia,Cristiano Ronaldo
1941,35 - 44 Años,Prefiero No Indicarlo,Suchitepéquez,Brasil,Lionel Messi
1941,35 - 44 Años,Prefiero No Indicarlo,Suchitepéquez,Brasil,Cristiano Ronaldo
1942,25 - 34 Años,Masculino,Sacatepéquez,Estados Unidos,Harry Kane
1942,25 - 34 Años,Masculino,Sacatepéquez,Estados Unidos,Lamine Yamal
1943,35 - 44 Años,Masculino,Sololá,Congo DR,Lionel Messi
1943,35 - 44 Años,Masculino,Sololá,Congo DR,Alphonso Davies
1944,25 - 34 Años,Masculino,Chiquimula,Argentina,Christian Pulisic
1944,25 - 34 Años,Masculino,Chiquimula,Argentina,Neymar Jr.
1945,25 - 34 Años,Femenino,Guatemala,Portugal,Christian Pulisic
1945,25 - 34 Años,Femenino,Guatemala,Portugal,Vinícius Júnior
1945,25 - 34 Años,Femenino,Guatemala,Portugal,Neymar Jr.
1946,55 Años O Más,Masculino,Quiché,España,Kylian Mbappé
1946,55 Años O Más,Masculino,Quiché,España,Neymar Jr.
1946,55 Años O Más,Masculino,Quiché,España,Cristiano Ronaldo
1947,45 - 54 Años,Femenino,Sacatepéquez,España,Lionel Messi
1948,18 - 24 Años,Femenino,Guatemala,España,Kylian Mbappé
1948,18 - 24 Años,Femenino,Guatemala,España,Julián Álvarez
1949,25 - 34 Años,Masculino,Guatemala,Francia,Neymar Jr.
1949,25 - 34 Años,Masculino,Guatemala,Francia,Kylian Mbappé
1950,25 - 34 Años,Masculino,Chimaltenango,Inglaterra,Cristiano Ronaldo
1950,25 - 34 Años,Masculino,Chimaltenango,Inglaterra,Lamine Yamal
1951,18 - 24 Años,Masculino,Guatemala,Inglaterra,Lamine Yamal
1951,18 - 24 Años,Masculino,Guatemala,Inglaterra,Lionel Messi
1951,18 - 24 Años,Masculino,Guatemala,Inglaterra,Ninguno
1952,35 - 44 Años,Femenino,Escuintla,Portugal,Kylian Mbappé
1953,18 - 24 Años,Masculino,Guatemala,Francia,Jude Bellingham
1954,25 - 34 Años,Femenino,Guatemala,México,Cristiano Ronaldo
1954,25 - 34 Años,Femenino,Guatemala,México,Rodri
1954,25 - 34 Años,Femenino,Guatemala,México,Lionel Messi
1955,45 - 54 Años,Masculino,Chimaltenango,España,Neymar Jr.
1955,45 - 54 Años,Masculino,Chimaltenango,España,Lionel Messi
1956,35 - 44 Años,Masculino,Guatemala,México,Lionel Messi
1956,35 - 44 Años,Masculino,Guatemala,México,Kylian Mbappé
1956,35 - 44 Años,Masculino,Guatemala,México,Jude Bellingham
1957,35 - 44 Años,Masculino,Guatemala,Francia,Lionel Messi
1958,Menos De 18 Años,Femenino,Guatemala,Argentina,Alphonso Davies
1958,Menos De 18 Años,Femenino,Guatemala,Argentina,Lionel Messi
1959,18 - 24 Años,Masculino,Guatemala,Portugal,Julián Álvarez
1959,18 - 24 Años,Masculino,Guatemala,Portugal,Lionel Messi
1962,18 - 24 Años,Femenino,Guatemala,Portugal,Cristiano Ronaldo
1962,18 - 24 Años,Femenino,Guatemala,Portugal,Federico Valverde
1963,18 - 24 Años,Femenino,Guatemala,México,Ninguno
1964,35 - 44 Años,Masculino,Guatemala,Portugal,Vinícius Júnior
1964,35 - 44 Años,Masculino,Guatemala,Portugal,Neymar Jr.
1964,35 - 44 Años,Masculino,Guatemala,Portugal,Kylian Mbappé
1965,45 - 54 Años,Prefiero No Indicarlo,Guatemala,Inglaterra,Federico Valverde
1965,45 - 54 Años,Prefiero No Indicarlo,Guatemala,Inglaterra,Harry Kane
1966,Menos De 18 Años,Masculino,Retalhuleu,Estados Unidos,Christian Pulisic
1967,35 - 44 Años,Femenino,Guatemala,Argentina,Lionel Messi
1967,35 - 44 Años,Femenino,Guatemala,Argentina,Cristiano Ronaldo
1967,35 - 44 Años,Femenino,Guatemala,Argentina,Julián Álvarez
1968,18 - 24 Años,Femenino,Sacatepéquez,Argentina,Neymar Jr.
1968,18 - 24 Años,Femenino,Sacatepéquez,Argentina,Lamine Yamal
1969,55 Años O Más,Masculino,Sololá,Marruecos,Kylian Mbappé
1969,55 Años O Más,Masculino,Sololá,Marruecos,Cristiano Ronaldo
1970,45 - 54 Años,Femenino,Guatemala,España,Neymar Jr.
1970,45 - 54 Años,Femenino,Guatemala,España,Lionel Messi
1970,45 - 54 Años,Femenino,Guatemala,España,Vinícius Júnior
1971,18 - 24 Años,Masculino,Zacapa,México,Lionel Messi
1971,18 - 24 Años,Masculino,Zacapa,México,Ninguno
1972,25 - 34 Años,Masculino,Zacapa,Argentina,Neymar Jr.
1973,25 - 34 Años,Masculino,Escuintla,Brasil,Cristiano Ronaldo
1973,25 - 34 Años,Masculino,Escuintla,Brasil,Lionel Messi
1973,25 - 34 Años,Masculino,Escuintla,Brasil,Jude Bellingham
1974,25 - 34 Años,Femenino,Sacatepéquez,Portugal,Lionel Messi
1974,25 - 34 Años,Femenino,Sacatepéquez,Portugal,Harry Kane
1974,25 - 34 Años,Femenino,Sacatepéquez,Portugal,Kylian Mbappé
1975,35 - 44 Años,Masculino,Guatemala,Brasil,Cristiano Ronaldo
1976,18 - 24 Años,Femenino,Retalhuleu,Inglaterra,Lionel Messi
1976,18 - 24 Años,Femenino,Retalhuleu,Inglaterra,Neymar Jr.
1976,18 - 24 Años,Femenino,Retalhuleu,Inglaterra,Cristiano Ronaldo
1977,55 Años O Más,Femenino,Quetzaltenango,Francia,Cristiano Ronaldo
1977,55 Años O Más,Femenino,Quetzaltenango,Francia,Harry Kane
1977,55 Años O Más,Femenino,Quetzaltenango,Francia,Vinícius Júnior
1978,Menos De 18 Años,Masculino,Chimaltenango,Argentina,Lionel Messi
1979,18 - 24 Años,Femenino,Santa Rosa,Francia,Cristiano Ronaldo
1980,18 - 24 Años,Masculino,Guatemala,Inglaterra,Kylian Mbappé
1981,25 - 34 Años,Masculino,Guatemala,Alemania,Cristiano Ronaldo
1981,25 - 34 Años,Masculino,Guatemala,Alemania,Lionel Messi
1981,25 - 34 Años,Masculino,Guatemala,Alemania,Vinícius Júnior
1982,18 - 24 Años,Femenino,Guatemala,Brasil,Federico Valverde
1983,18 - 24 Años,Masculino,Quetzaltenango,Portugal,Jude Bellingham
1984,25 - 34 Años,Femenino,Guatemala,Portugal,Cristiano Ronaldo
1985,55 Años O Más,Masculino,Guatemala,México,Lamine Yamal
1985,55 Años O Más,Masculino,Guatemala,México,Jude Bellingham
1986,35 - 44 Años,Masculino,Guatemala,Portugal,Rodri
1986,35 - 44 Años,Masculino,Guatemala,Portugal,Kylian Mbappé
1986,35 - 44 Años,Masculino,Guatemala,Portugal,Lionel Messi
1987,25 - 34 Años,Masculino,Quetzaltenango,Brasil,Christian Pulisic
1988,35 - 44 Años,Femenino,Guatemala, ALEMANIA ,Lionel Messi
1988,35 - 44 Años,Femenino,Guatemala, ALEMANIA ,Neymar Jr.
1989,45 - 54 Años,Femenino,Guatemala,Argentina,Lionel Messi
1989,45 - 54 Años,Femenino,Guatemala,Argentina,Cristiano Ronaldo
1989,45 - 54 Años,Femenino,Guatemala,Argentina,Neymar Jr.
1990,18 - 24 Años,Femenino,Guatemala,Inglaterra,Cristiano Ronaldo
1990,18 - 24 Años,Femenino,Guatemala,Inglaterra,Julián Álvarez
1991,45 - 54 Años,Femenino,Guatemala,Uruguay,Cristiano Ronaldo
1991,45 - 54 Años,Femenino,Guatemala,Uruguay,Kylian Mbappé
1992,25 - 34 Años,Masculino,Guatemala,Francia,Cristiano Ronaldo
1992,25 - 34 Años,Masculino,Guatemala,Francia,Kylian Mbappé
1993,18 - 24 Años,Femenino,Chimaltenango,Brasil,Lionel Messi
1994,18 - 24 Años,Masculino,Guatemala,Francia,Lamine Yamal
1995,25 - 34 Años,Masculino,El Progreso,Francia,Lionel Messi
1995,25 - 34 Años,Masculino,El Progreso,Francia,Neymar Jr.
1995,25 - 34 Años,Masculino,El Progreso,Francia,Cristiano Ronaldo
1996,45 - 54 Años,Prefiero No Indicarlo,Quetzaltenango,Argentina,Lionel Messi
1996,45 - 54 Años,Prefiero No Indicarlo,Quetzaltenango,Argentina,Cristiano Ronaldo
1996,45 - 54 Años,Prefiero No Indicarlo,Quetzaltenango,Argentina,Jude Bellingham
1997,18 - 24 Años,Masculino,Jalapa,Portugal,Cristiano Ronaldo
1998,35 - 44 Años,Masculino,Guatemala,Argentina,Lamine Yamal
1998,35 - 44 Años,Masculino,Guatemala,Argentina,Lionel Messi
1999,18 - 24 Años,Femenino,Guatemala,Francia,Lionel Messi
1999,18 - 24 Años,Femenino,Guatemala,Francia,Cristiano Ronaldo
1999,18 - 24 Años,Femenino,Guatemala,Francia,Lamine Yamal
2000,25 - 34 Años,Masculino,Jalapa,Alemania,Lamine Yamal
2001,55 Años O Más,Masculino,Guatemala,Uruguay,Lionel Messi
2001,55 Años O Más,Masculino,Guatemala,Uruguay,Lamine Yamal
2002,45 - 54 Años,Femenino,Retalhuleu,Alemania,Rodri
2002,45 - 54 Años,Femenino,Retalhuleu,Alemania,Kylian Mbappé
2002,45 - 54 Años,Femenino,Retalhuleu,Alemania,Lamine Yamal
2003,45 - 54 Años,Masculino,Suchitepéquez,España,Kylian Mbappé
2003,45 - 54 Años,Masculino,Suchitepéquez,España,Harry Kane
2003,45 - 54 Años,Masculino,Suchitepéquez,España,Cristiano Ronaldo
2004,25 - 34 Años,Masculino,Jutiapa,Colombia,Neymar Jr.
2004,25 - 34 Años,Masculino,Jutiapa,Colombia,Rodri
2004,25 - 34 Años,Masculino,Jutiapa,Colombia,Christian Pulisic
2005,18 - 24 Años,Masculino,Jalapa,España,Lionel Messi
2005,18 - 24 Años,Masculino,Jalapa,España,Jude Bellingham
2005,18 - 24 Años,Masculino,Jalapa,España,Julián Álvarez
2006,45 - 54 Años,Masculino,Chimaltenango,Argentina,Ninguno
2006,45 - 54 Años,Masculino,Chimaltenango,Argentina,Lionel Messi
2006,45 - 54 Años,Masculino,Chimaltenango,Argentina,Neymar Jr.
2007,25 - 34 Años,Femenino,Baja Verapaz,Francia,Vinícius Júnior
2007,25 - 34 Años,Femenino,Baja Verapaz,Francia,Lamine Yamal
2007,25 - 34 Años,Femenino,Baja Verapaz,Francia,Neymar Jr.
2008,35 - 44 Años,Femenino,Guatemala,Portugal,Lamine Yamal
2009,25 - 34 Años,Femenino,Guatemala,México,Lionel Messi
2010,25 - 34 Años,Masculino,Izabal,España,Kylian Mbappé
2010,25 - 34 Años,Masculino,Izabal,España,Vinícius Júnior
2011,35 - 44 Años,Femenino,Jutiapa,Inglaterra,Neymar Jr.
2011,35 - 44 Años,Femenino,Jutiapa,Inglaterra,Cristiano Ronaldo
2011,35 - 44 Años,Femenino,Jutiapa,Inglaterra,Kylian Mbappé
2012,25 - 34 Años,Masculino,Santa Rosa,España,Lamine Yamal
2013,35 - 44 Años,Masculino,Retalhuleu,México,Lionel Messi
2013,35 - 44 Años,Masculino,Retalhuleu,México,Alphonso Davies
2013,35 - 44 Años,Masculino,Retalhuleu,México,Federico Valverde
2014,18 - 24 Años,Femenino,Chimaltenango,Estados Unidos,Vinícius Júnior
2014,18 - 24 Años,Femenino,Chimaltenango,Estados Unidos,Alphonso Davies
2015,35 - 44 Años,Femenino,Guatemala,Portugal,Vinícius Júnior
2015,35 - 44 Años,Femenino,Guatemala,Portugal,Harry Kane
2016,25 - 34 Años,Femenino,Sacatepéquez,Francia,Cristiano Ronaldo
2016,25 - 34 Años,Femenino,Sacatepéquez,Francia,Kylian Mbappé
2016,25 - 34 Años,Femenino,Sacatepéquez,Francia,Lionel Messi
2017,55 Años O Más,Femenino,Guatemala,Uruguay,Jude Bellingham
2017,55 Años O Más,Femenino,Guatemala,Uruguay,Vinícius Júnior
2018,18 - 24 Años,Masculino,Guatemala,México,Jude Bellingham
2018,18 - 24 Años,Masculino,Guatemala,México,Lionel Messi
2019,25 - 34 Años,Femenino,Chimaltenango,Francia,Neymar Jr.
2019,25 - 34 Años,Femenino,Chimaltenango,Francia,Vinícius Júnior
2019,25 - 34 Años,Femenino,Chimaltenango,Francia,Rodri
2020,35 - 44 Años,Femenino,Guatemala,Francia,Vinícius Júnior
2020,35 - 44 Años,Femenino,Guatemala,Francia,Kylian Mbappé
2021,25 - 34 Años,Masculino,Quetzaltenango,Inglaterra,Lionel Messi
2021,25 - 34 Años,Masculino,Quetzaltenango,Inglaterra,Alphonso Davies
2021,25 - 34 Años,Masculino,Quetzaltenango,Inglaterra,Neymar Jr.
2022,18 - 24 Años,Masculino,Chimaltenango,Argentina,Lionel Messi
2022,18 - 24 Años,Masculino,Chimaltenango,Argentina,Neymar Jr.
2023,18 - 24 Años,Masculino,Guatemala,México,Cristiano Ronaldo
2024,35 - 44 Años,Femenino,Guatemala,Francia,Cristiano Ronaldo
2024,35 - 44 Años,Femenino,Guatemala,Francia,Neymar Jr.
2025,25 - 34 Años,Masculino,Guatemala,España,Neymar Jr.
2025,25 - 34 Años,Masculino,Guatemala,España,Kylian Mbappé
2025,25 - 34 Años,Masculino,Guatemala,España,Vinícius Júnior
2026,25 - 34 Años,Masculino,Guatemala,Brasil,Lionel Messi
2027,55 Años O Más,Masculino,Escuintla,Francia,Lionel Messi
2027,55 Años O Más,Masculino,Escuintla,Francia,Neymar Jr.
2028,35 - 44 Años,Masculino,Guatemala,México,Julián Álvarez
2028,35 - 44 Años,Masculino,Guatemala,México,Neymar Jr.
2029,18 - 24 Años,Femenino,Chimaltenango,Francia,Ninguno
2030,Menos De 18 Años,Masculino,Guatemala,Portugal,Lionel Messi
2031,25 - 34 Años,Masculino,Guatemala,Inglaterra,Alphonso Davies
2032,Menos De 18 Años,Femenino,Guatemala,Brasil,Christian Pulisic
2032,Menos De 18 Años,Femenino,Guatemala,Brasil,Kylian Mbappé
2033,Menos De 18 Años,Masculino,Escuintla,México,Cristiano Ronaldo
2033,Menos De 18 Años,Masculino,Escuintla,México,Lamine Yamal
2033,Menos De 18 Años,Masculino,Escuintla,México,Ninguno
2034,35 - 44 Años,Femenino,Retalhuleu,Francia,Lionel Messi
2035,25 - 34 Años,Femenino,Guatemala,Brasil,Lionel Messi
2036,18 - 24 Años,Femenino,Sacatepéquez,Argentina,Ninguno
2036,18 - 24 Años,Femenino,Sacatepéquez,Argentina,Neymar Jr.
2037,35 - 44 Años,Masculino,Guatemala,Costa de Marfil,Kylian Mbappé
2038,18 - 24 Años,Masculino,Guatemala,Brasil,Christian Pulisic
2038,18 - 24 Años,Masculino,Guatemala,Brasil,Lionel Messi
2038,18 - 24 Años,Masculino,Guatemala,Brasil,Lamine Yamal
2039,35 - 44 Años,Femenino,Guatemala, BRASIL ,Jude Bellingham
2039,35 - 44 Años,Femenino,Guatemala, BRASIL ,Vinícius Júnior
2040,25 - 34 Años,Masculino,Chiquimula,Francia,Neymar Jr.
2040,25 - 34 Años,Masculino,Chiquimula,Francia,Christian Pulisic
2040,25 - 34 Años,Masculino,Chiquimula,Francia,Ninguno
2041,18 - 24 Años,Masculino,Sacatepéquez,Argentina,Lionel Messi
2041,18 - 24 Años,Masculino,Sacatepéquez,Argentina,Vinícius Júnior
2041,18 - 24 Años,Masculino,Sacatepéquez,Argentina,Federico Valverde
2042,25 - 34 Años,Masculino,Guatemala,España,Kylian Mbappé
2042,25 - 34 Años,Masculino,Guatemala,España,Lionel Messi
2043,35 - 44 Años,Femenino,Escuintla,Argentina,Neymar Jr.
2043,35 - 44 Años,Femenino,Escuintla,Argentina,Lionel Messi
2044,25 - 34 Años,Femenino,Guatemala,Qatar,Ninguno
2044,25 - 34 Años,Femenino,Guatemala,Qatar,Lionel Messi
2045,Menos De 18 Años,Masculino,Escuintla,Francia,Jude Bellingham
2045,Menos De 18 Años,Masculino,Escuintla,Francia,Cristiano Ronaldo
2045,Menos De 18 Años,Masculino,Escuintla,Francia,Christian Pulisic
2046,25 - 34 Años,Masculino,Escuintla,Brasil,Lionel Messi
2046,25 - 34 Años,Masculino,Escuintla,Brasil,Lamine Yamal
2046,25 - 34 Años,Masculino,Escuintla,Brasil,Neymar Jr.
2047,25 - 34 Años,Femenino,Guatemala,Inglaterra,Rodri
2047,25 - 34 Años,Femenino,Guatemala,Inglaterra,Lionel Messi
2048,35 - 44 Años,Femenino,Chimaltenango,Portugal,Neymar Jr.
2048,35 - 44 Años,Femenino,Chimaltenango,Portugal,Lionel Messi
2048,35 - 44 Años,Femenino,Chimaltenango,Portugal,Jude Bellingham
2049,18 - 24 Años,Femenino,Guatemala,South Africa,Vinícius Júnior
2049,18 - 24 Años,Femenino,Guatemala,South Africa,Christian Pulisic
2049,18 - 24 Años,Femenino,Guatemala,South Africa,Lamine Yamal
2050,25 - 34 Años,Masculino,Izabal, BRASIL ,Neymar Jr.
2051,Menos De 18 Años,Femenino,Chimaltenango,Inglaterra,Kylian Mbappé
2051,Menos De 18 Años,Femenino,Chimaltenango,Inglaterra,Cristiano Ronaldo
2051,Menos De 18 Años,Femenino,Chimaltenango,Inglaterra,Lionel Messi
2052,25 - 34 Años,Masculino,Guatemala,Argentina,Cristiano Ronaldo
2052,25 - 34 Años,Masculino,Guatemala,Argentina,Federico Valverde
2052,25 - 34 Años,Masculino,Guatemala,Argentina,Neymar Jr.
2053,35 - 44 Años,Masculino,Guatemala,Qatar,Lamine Yamal
2054,Menos De 18 Años,Masculino,Guatemala,Portugal,Alphonso Davies
2054,Menos De 18 Años,Masculino,Guatemala,Portugal,Lionel Messi
2054,Menos De 18 Años,Masculino,Guatemala,Portugal,Julián Álvarez
2055,45 - 54 Años,Femenino,Guatemala,Brasil,Ninguno
2056,Menos De 18 Años,Femenino,Alta Verapaz,Inglaterra,Cristiano Ronaldo
2057,Menos De 18 Años,Femenino,Quetzaltenango,Australia,Lionel Messi
2058,25 - 34 Años,Masculino,Chimaltenango,México,Kylian Mbappé
2058,25 - 34 Años,Masculino,Chimaltenango,México,Lionel Messi
2059,18 - 24 Años,Femenino,Guatemala,Brasil,Vinícius Júnior
2059,18 - 24 Años,Femenino,Guatemala,Brasil,Cristiano Ronaldo
2059,18 - 24 Años,Femenino,Guatemala,Brasil,Christian Pulisic
2060,25 - 34 Años,Femenino,Guatemala,Uruguay,Lionel Messi
2060,25 - 34 Años,Femenino,Guatemala,Uruguay,Lamine Yamal
2060,25 - 34 Años,Femenino,Guatemala,Uruguay,Rodri
2061,25 - 34 Años,Femenino,Escuintla,Francia,Ninguno
2062,35 - 44 Años,Prefiero No Indicarlo,Guatemala,Argentina,Harry Kane
2062,35 - 44 Años,Prefiero No Indicarlo,Guatemala,Argentina,Cristiano Ronaldo
2063,25 - 34 Años,Masculino,Zacapa,Haití,Jude Bellingham
2063,25 - 34 Años,Masculino,Zacapa,Haití,Vinícius Júnior
2064,35 - 44 Años,Femenino,Chimaltenango,España,Christian Pulisic
2064,35 - 44 Años,Femenino,Chimaltenango,España,Neymar Jr.
2064,35 - 44 Años,Femenino,Chimaltenango,España,Lionel Messi
2065,18 - 24 Años,Masculino,Guatemala,Alemania,Jude Bellingham
2065,18 - 24 Años,Masculino,Guatemala,Alemania,Federico Valverde
2066,45 - 54 Años,Femenino,Guatemala,Brasil,Christian Pulisic
2066,45 - 54 Años,Femenino,Guatemala,Brasil,Cristiano Ronaldo
2067,55 Años O Más,Femenino,Sacatepéquez,Inglaterra,Cristiano Ronaldo
2067,55 Años O Más,Femenino,Sacatepéquez,Inglaterra,Kylian Mbappé
2067,55 Años O Más,Femenino,Sacatepéquez,Inglaterra,Jude Bellingham
2068,18 - 24 Años,Prefiero No Indicarlo,San Marcos,Argentina,Julián Álvarez
2068,18 - 24 Años,Prefiero No Indicarlo,San Marcos,Argentina,Lamine Yamal
2068,18 - 24 Años,Prefiero No Indicarlo,San Marcos,Argentina,Alphonso Davies
2069,18 - 24 Años,Masculino,Totonicapán,Francia,Ninguno
2069,18 - 24 Años,Masculino,Totonicapán,Francia,Neymar Jr.
2069,18 - 24 Años,Masculino,Totonicapán,Francia,Lamine Yamal
2070,35 - 44 Años,Masculino,Jutiapa,Brasil,Rodri
2070,35 - 44 Años,Masculino,Jutiapa,Brasil,Neymar Jr.
2071,35 - 44 Años,Femenino,Jutiapa,Brasil,Vinícius Júnior
2071,35 - 44 Años,Femenino,Jutiapa,Brasil,Lamine Yamal
2071,35 - 44 Años,Femenino,Jutiapa,Brasil,Jude Bellingham
2072,55 Años O Más,Masculino,Sacatepéquez,México,Vinícius Júnior
2072,55 Años O Más,Masculino,Sacatepéquez,México,Federico Valverde
2072,55 Años O Más,Masculino,Sacatepéquez,México,Kylian Mbappé
2073,35 - 44 Años,Femenino,Quetzaltenango,Portugal,Cristiano Ronaldo
2074,18 - 24 Años,Femenino,Chimaltenango,Alemania,Lionel Messi
2074,18 - 24 Años,Femenino,Chimaltenango,Alemania,Cristiano Ronaldo
2075,18 - 24 Años,Masculino,Escuintla,Brasil,Kylian Mbappé
2076,55 Años O Más,Femenino,Quetzaltenango,Croacia,Neymar Jr.
2076,55 Años O Más,Femenino,Quetzaltenango,Croacia,Cristiano Ronaldo
2076,55 Años O Más,Femenino,Quetzaltenango,Croacia,Lamine Yamal
2077,35 - 44 Años,Femenino,Guatemala,Brasil,Lionel Messi
2077,35 - 44 Años,Femenino,Guatemala,Brasil,Lamine Yamal
2077,35 - 44 Años,Femenino,Guatemala,Brasil,Cristiano Ronaldo
2078,35 - 44 Años,Masculino,Guatemala,México,Neymar Jr.
2078,35 - 44 Años,Masculino,Guatemala,México,Cristiano Ronaldo
2079,25 - 34 Años,Masculino,Santa Rosa,México,Vinícius Júnior
2079,25 - 34 Años,Masculino,Santa Rosa,México,Christian Pulisic
2080,35 - 44 Años,Masculino,Guatemala,Brasil,Christian Pulisic
2080,35 - 44 Años,Masculino,Guatemala,Brasil,Harry Kane
2081,Menos De 18 Años,Masculino,Guatemala,Brasil,Cristiano Ronaldo
2082,35 - 44 Años,Prefiero No Indicarlo,Guatemala,Argentina,Vinícius Júnior
2082,35 - 44 Años,Prefiero No Indicarlo,Guatemala,Argentina,Lionel Messi
2082,35 - 44 Años,Prefiero No Indicarlo,Guatemala,Argentina,Neymar Jr.
2083,45 - 54 Años,Femenino,Quetzaltenango,Argentina,Lionel Messi
2083,45 - 54 Años,Femenino,Quetzaltenango,Argentina,Alphonso Davies
2084,25 - 34 Años,Masculino,Sacatepéquez,Uruguay,Kylian Mbappé
2084,25 - 34 Años,Masculino,Sacatepéquez,Uruguay,Lamine Yamal
2085,25 - 34 Años,Masculino,Retalhuleu,Alemania,Neymar Jr.
2085,25 - 34 Años,Masculino,Retalhuleu,Alemania,Christian Pulisic
2085,25 - 34 Años,Masculino,Retalhuleu,Alemania,Jude Bellingham
2086,18 - 24 Años,Femenino,Guatemala,Suiza,Alphonso Davies
2086,18 - 24 Años,Femenino,Guatemala,Suiza,Cristiano Ronaldo
2086,18 - 24 Años,Femenino,Guatemala,Suiza,Lionel Messi
2087,18 - 24 Años,Femenino,Guatemala,Argentina,Cristiano Ronaldo
2088,35 - 44 Años,Masculino,Guatemala,Argentina,Federico Valverde
2090,25 - 34 Años,Femenino,Guatemala,Portugal,Neymar Jr.
2091,55 Años O Más,Femenino,Chimaltenango,Estados Unidos,Cristiano Ronaldo
2091,55 Años O Más,Femenino,Chimaltenango,Estados Unidos,Lionel Messi
2091,55 Años O Más,Femenino,Chimaltenango,Estados Unidos,Vinícius Júnior
2092,35 - 44 Años,Femenino,Guatemala,Portugal,Lionel Messi
2092,35 - 44 Años,Femenino,Guatemala,Portugal,Neymar Jr.
2092,35 - 44 Años,Femenino,Guatemala,Portugal,Lamine Yamal
2093,18 - 24 Años,Femenino,Guatemala,Brasil,Federico Valverde
2093,18 - 24 Años,Femenino,Guatemala,Brasil,Lionel Messi
2093,18 - 24 Años,Femenino,Guatemala,Brasil,Cristiano Ronaldo
2094,35 - 44 Años,Masculino,Chimaltenango,Colombia,Kylian Mbappé
2095,45 - 54 Años,Femenino,Quetzaltenango,México,Lamine Yamal
2095,45 - 54 Años,Femenino,Quetzaltenango,México,Christian Pulisic
2096,55 Años O Más,Masculino,Guatemala,Argentina,Neymar Jr.
2097,25 - 34 Años,Masculino,Guatemala,Portugal,Lionel Messi
2097,25 - 34 Años,Masculino,Guatemala,Portugal,Christian Pulisic
2098,45 - 54 Años,Masculino,Chimaltenango,Brasil,Vinícius Júnior
2098,45 - 54 Años,Masculino,Chimaltenango,Brasil,Lamine Yamal
2098,45 - 54 Años,Masculino,Chimaltenango,Brasil,Lionel Messi
2099,25 - 34 Años,Masculino,Huehuetenango,Francia,Cristiano Ronaldo
2099,25 - 34 Años,Masculino,Huehuetenango,Francia,Kylian Mbappé
2100,25 - 34 Años,Femenino,Quetzaltenango,Alemania,Cristiano Ronaldo
2100,25 - 34 Años,Femenino,Quetzaltenango,Alemania,Kylian Mbappé
2101,25 - 34 Años,Masculino,Guatemala,Estados Unidos,Harry Kane
2101,25 - 34 Años,Masculino,Guatemala,Estados Unidos,Kylian Mbappé
2101,25 - 34 Años,Masculino,Guatemala,Estados Unidos,Neymar Jr.
2102,35 - 44 Años,Masculino,Guatemala,México,Cristiano Ronaldo
2102,35 - 44 Años,Masculino,Guatemala,México,Federico Valverde
2103,35 - 44 Años,Femenino,Guatemala,Inglaterra,Cristiano Ronaldo
2103,35 - 44 Años,Femenino,Guatemala,Inglaterra,Vinícius Júnior
2103,35 - 44 Años,Femenino,Guatemala,Inglaterra,Jude Bellingham
2104,35 - 44 Años,Masculino,Quiché,Francia,Lamine Yamal
2105,Menos De 18 Años,Femenino,Guatemala,Francia,Kylian Mbappé
2105,Menos De 18 Años,Femenino,Guatemala,Francia,Neymar Jr.
2106,25 - 34 Años,Femenino,Guatemala,Inglaterra,Vinícius Júnior
2106,25 - 34 Años,Femenino,Guatemala,Inglaterra,Jude Bellingham
2106,25 - 34 Años,Femenino,Guatemala,Inglaterra,Christian Pulisic
2107,18 - 24 Años,Masculino,Guatemala,Brasil,Lionel Messi
2107,18 - 24 Años,Masculino,Guatemala,Brasil,Lamine Yamal
2107,18 - 24 Años,Masculino,Guatemala,Brasil,Vinícius Júnior
2108,25 - 34 Años,Masculino,Guatemala,Jordania,Christian Pulisic
2108,25 - 34 Años,Masculino,Guatemala,Jordania,Cristiano Ronaldo
2108,25 - 34 Años,Masculino,Guatemala,Jordania,Lamine Yamal
2109,18 - 24 Años,Femenino,Chiquimula, TÚNEZ ,Lionel Messi
2109,18 - 24 Años,Femenino,Chiquimula, TÚNEZ ,Neymar Jr.
2110,25 - 34 Años,Femenino,Suchitepéquez,Portugal,Christian Pulisic
2111,25 - 34 Años,Masculino,Guatemala,Estados Unidos,Neymar Jr.
2111,25 - 34 Años,Masculino,Guatemala,Estados Unidos,Vinícius Júnior
2111,25 - 34 Años,Masculino,Guatemala,Estados Unidos,Kylian Mbappé
2112,45 - 54 Años,Femenino,Guatemala,Inglaterra,Christian Pulisic
2113,25 - 34 Años,Masculino,Guatemala,Argentina,Cristiano Ronaldo
2113,25 - 34 Años,Masculino,Guatemala,Argentina,Neymar Jr.
2113,25 - 34 Años,Masculino,Guatemala,Argentina,Kylian Mbappé
2114,18 - 24 Años,Masculino,Sacatepéquez,México,Alphonso Davies
2115,35 - 44 Años,Femenino,Quetzaltenango,España,Jude Bellingham
2115,35 - 44 Años,Femenino,Quetzaltenango,España,Cristiano Ronaldo
2115,35 - 44 Años,Femenino,Quetzaltenango,España,Neymar Jr.
2116,25 - 34 Años,Masculino,Santa Rosa,México,Cristiano Ronaldo
2117,55 Años O Más,Femenino,Guatemala,Türkiye,Cristiano Ronaldo
2118,25 - 34 Años,Masculino,Guatemala,México,Ninguno
2118,25 - 34 Años,Masculino,Guatemala,México,Neymar Jr.
2119,25 - 34 Años,Masculino,Guatemala,Francia,Lionel Messi
2119,25 - 34 Años,Masculino,Guatemala,Francia,Kylian Mbappé
2120,35 - 44 Años,Femenino,Guatemala,Inglaterra,Lionel Messi
2121,18 - 24 Años,Masculino,Guatemala,Argentina,Neymar Jr.
2121,18 - 24 Años,Masculino,Guatemala,Argentina,Vinícius Júnior
2121,18 - 24 Años,Masculino,Guatemala,Argentina,Lionel Messi
2122,35 - 44 Años,Femenino,Guate,Argentina,Lamine Yamal
2122,35 - 44 Años,Femenino,Guate,Argentina,Jude Bellingham
2122,35 - 44 Años,Femenino,Guate,Argentina,Lionel Messi
2123,18 - 24 Años,Masculino,Suchitepéquez,México,Lionel Messi
2123,18 - 24 Años,Masculino,Suchitepéquez,México,Vinícius Júnior
2124,25 - 34 Años,Masculino,Guatemala,Portugal,Cristiano Ronaldo
2124,25 - 34 Años,Masculino,Guatemala,Portugal,Lionel Messi
2125,Menos De 18 Años,Femenino,Quetzaltenango,Colombia,Vinícius Júnior
2125,Menos De 18 Años,Femenino,Quetzaltenango,Colombia,Cristiano Ronaldo
2125,Menos De 18 Años,Femenino,Quetzaltenango,Colombia,Jude Bellingham
2126,Menos De 18 Años,Femenino,Guatemala,Brasil,Lionel Messi
2127,25 - 34 Años,Femenino,Quetzaltenango,Argentina,Jude Bellingham
2127,25 - 34 Años,Femenino,Quetzaltenango,Argentina,Kylian Mbappé
2127,25 - 34 Años,Femenino,Quetzaltenango,Argentina,Neymar Jr.
2128,18 - 24 Años,Femenino,Suchitepéquez,Alemania,Jude Bellingham
2128,18 - 24 Años,Femenino,Suchitepéquez,Alemania,Lamine Yamal
2128,18 - 24 Años,Femenino,Suchitepéquez,Alemania,Vinícius Júnior
2129,25 - 34 Años,Femenino,Jalapa,Brasil,Vinícius Júnior
2129,25 - 34 Años,Femenino,Jalapa,Brasil,Lionel Messi
2129,25 - 34 Años,Femenino,Jalapa,Brasil,Neymar Jr.
2130,18 - 24 Años,Prefiero No Indicarlo,Guatemala,Argentina,Cristiano Ronaldo
2130,18 - 24 Años,Prefiero No Indicarlo,Guatemala,Argentina,Kylian Mbappé
2130,18 - 24 Años,Prefiero No Indicarlo,Guatemala,Argentina,Lionel Messi
2131,55 Años O Más,Masculino,Suchitepéquez,España,Vinícius Júnior
2131,55 Años O Más,Masculino,Suchitepéquez,España,Federico Valverde
2131,55 Años O Más,Masculino,Suchitepéquez,España,Kylian Mbappé
2132,25 - 34 Años,Masculino,Baja Verapaz,Argentina,Lionel Messi
2133,25 - 34 Años,Femenino,Quetzaltenango,Brasil,Federico Valverde
2134,35 - 44 Años,Femenino,Guatemala,España,Neymar Jr.
2135,25 - 34 Años,Femenino,San Marcos,Portugal,Neymar Jr.
2135,25 - 34 Años,Femenino,San Marcos,Portugal,Cristiano Ronaldo
2136,45 - 54 Años,Masculino,Guatemala,México,Lionel Messi
2137,25 - 34 Años,Masculino,Guatemala,Inglaterra,Cristiano Ronaldo
2137,25 - 34 Años,Masculino,Guatemala,Inglaterra,Lionel Messi
2138,35 - 44 Años,Femenino,Escuintla,Francia,Neymar Jr.
2139,25 - 34 Años,Masculino,Sacatepéquez,Panamá,Kylian Mbappé
2139,25 - 34 Años,Masculino,Sacatepéquez,Panamá,Jude Bellingham
2139,25 - 34 Años,Masculino,Sacatepéquez,Panamá,Neymar Jr.
2140,18 - 24 Años,Masculino,Huehuetenango,Argentina,Neymar Jr.
2140,18 - 24 Años,Masculino,Huehuetenango,Argentina,Vinícius Júnior
2140,18 - 24 Años,Masculino,Huehuetenango,Argentina,Jude Bellingham
2141,18 - 24 Años,Femenino,Jutiapa,Arabia Saudita,Cristiano Ronaldo
2141,18 - 24 Años,Femenino,Jutiapa,Arabia Saudita,Lionel Messi
2141,18 - 24 Años,Femenino,Jutiapa,Arabia Saudita,Lamine Yamal
2142,18 - 24 Años,Masculino,Guatemala,México,Lionel Messi
2143,25 - 34 Años,Femenino,Guatemala,Portugal,Vinícius Júnior
2144,55 Años O Más,Femenino,Chimaltenango,España,Cristiano Ronaldo
2144,55 Años O Más,Femenino,Chimaltenango,España,Federico Valverde
2144,55 Años O Más,Femenino,Chimaltenango,España,Lionel Messi
2145,18 - 24 Años,Masculino,Guatemala,Argentina,Lionel Messi
2145,18 - 24 Años,Masculino,Guatemala,Argentina,Vinícius Júnior
2145,18 - 24 Años,Masculino,Guatemala,Argentina,Harry Kane
2146,25 - 34 Años,Femenino,Quetzaltenango,México,Kylian Mbappé
2146,25 - 34 Años,Femenino,Quetzaltenango,México,Neymar Jr.
2146,25 - 34 Años,Femenino,Quetzaltenango,México,Lionel Messi
2147,25 - 34 Años,Masculino,El Progreso,Alemania,Kylian Mbappé
2148,25 - 34 Años,Masculino,Guatemala,México,Neymar Jr.
2148,25 - 34 Años,Masculino,Guatemala,México,Christian Pulisic
2148,25 - 34 Años,Masculino,Guatemala,México,Rodri
2149,18 - 24 Años,Femenino,Guatemala,Francia,Cristiano Ronaldo
2149,18 - 24 Años,Femenino,Guatemala,Francia,Rodri
2149,18 - 24 Años,Femenino,Guatemala,Francia,Jude Bellingham
2150,25 - 34 Años,Femenino,Guatemala,Portugal,Lionel Messi
2151,35 - 44 Años,Masculino,Guatemala,Inglaterra,Neymar Jr.
2152,18 - 24 Años,Masculino,Guatemala,Uruguay,Neymar Jr.
2152,18 - 24 Años,Masculino,Guatemala,Uruguay,Julián Álvarez
2152,18 - 24 Años,Masculino,Guatemala,Uruguay,Cristiano Ronaldo
2153,35 - 44 Años,Prefiero No Indicarlo,Guatemala,Argentina,Lionel Messi
2153,35 - 44 Años,Prefiero No Indicarlo,Guatemala,Argentina,Harry Kane
2153,35 - 44 Años,Prefiero No Indicarlo,Guatemala,Argentina,Christian Pulisic
2154,25 - 34 Años,Masculino,Guatemala,Portugal,Kylian Mbappé
2154,25 - 34 Años,Masculino,Guatemala,Portugal,Neymar Jr.
2155,35 - 44 Años,Femenino,Quetzaltenango,Inglaterra,Vinícius Júnior
2155,35 - 44 Años,Femenino,Quetzaltenango,Inglaterra,Lamine Yamal
2155,35 - 44 Años,Femenino,Quetzaltenango,Inglaterra,Cristiano Ronaldo
2156,45 - 54 Años,Femenino,Santa Rosa,Portugal,Harry Kane
2156,45 - 54 Años,Femenino,Santa Rosa,Portugal,Vinícius Júnior
2157,Menos De 18 Años,Masculino,Quetzaltenango,Brasil,Lionel Messi
2157,Menos De 18 Años,Masculino,Quetzaltenango,Brasil,Cristiano Ronaldo
2158,55 Años O Más,Masculino,Chimaltenango,Francia,Neymar Jr.
2158,55 Años O Más,Masculino,Chimaltenango,Francia,Cristiano Ronaldo
2158,55 Años O Más,Masculino,Chimaltenango,Francia,Vinícius Júnior
2159,18 - 24 Años,Masculino,Escuintla, FRANCIA ,Lionel Messi
2159,18 - 24 Años,Masculino,Escuintla, FRANCIA ,Lamine Yamal
2159,18 - 24 Años,Masculino,Escuintla, FRANCIA ,Alphonso Davies
2160,25 - 34 Años,Femenino,Guatemala,Portugal,Christian Pulisic
2161,18 - 24 Años,Masculino,Guatemala,Inglaterra,Cristiano Ronaldo
2162,25 - 34 Años,Masculino,Guatemala,Alemania,Alphonso Davies
2162,25 - 34 Años,Masculino,Guatemala,Alemania,Lionel Messi
2162,25 - 34 Años,Masculino,Guatemala,Alemania,Harry Kane
2163,45 - 54 Años,Masculino,Guatemala,Argentina,Cristiano Ronaldo
2163,45 - 54 Años,Masculino,Guatemala,Argentina,Neymar Jr.
2163,45 - 54 Años,Masculino,Guatemala,Argentina,Vinícius Júnior
2164,18 - 24 Años,Masculino,Petén,Francia,Jude Bellingham
2164,18 - 24 Años,Masculino,Petén,Francia,Vinícius Júnior
2164,18 - 24 Años,Masculino,Petén,Francia,Kylian Mbappé
2165,35 - 44 Años,Femenino,Alta Verapaz,España,Lionel Messi
2166,55 Años O Más,Femenino,Guatemala,Brasil,Ninguno
2167,25 - 34 Años,Masculino,Guatemala,Brasil,Jude Bellingham
2168,18 - 24 Años,Masculino,El Progreso,Argentina,Kylian Mbappé
2169,35 - 44 Años,Femenino,Escuintla,Estados Unidos,Neymar Jr.
2169,35 - 44 Años,Femenino,Escuintla,Estados Unidos,Kylian Mbappé
2170,35 - 44 Años,Femenino,Escuintla,Haití,Lionel Messi
2170,35 - 44 Años,Femenino,Escuintla,Haití,Vinícius Júnior
2170,35 - 44 Años,Femenino,Escuintla,Haití,Cristiano Ronaldo
2171,25 - 34 Años,Femenino,Guatemala,Brasil,Rodri
2171,25 - 34 Años,Femenino,Guatemala,Brasil,Neymar Jr.
2171,25 - 34 Años,Femenino,Guatemala,Brasil,Federico Valverde
2172,18 - 24 Años,Femenino,Quiché,Argentina,Neymar Jr.
2173,35 - 44 Años,Femenino,Guatemala,Portugal,Rodri
2173,35 - 44 Años,Femenino,Guatemala,Portugal,Lamine Yamal
2174,18 - 24 Años,Femenino,Sacatepéquez,Czechia,Alphonso Davies
2174,18 - 24 Años,Femenino,Sacatepéquez,Czechia,Neymar Jr.
2175,25 - 34 Años,Femenino,Santa Rosa,Inglaterra,Lionel Messi
2176,25 - 34 Años,Femenino,Retalhuleu,Argentina,Neymar Jr.
2177,18 - 24 Años,Masculino,Guatemala,Brasil,Kylian Mbappé
2177,18 - 24 Años,Masculino,Guatemala,Brasil,Cristiano Ronaldo
2178,45 - 54 Años,Masculino,Escuintla,Colombia,Alphonso Davies
2178,45 - 54 Años,Masculino,Escuintla,Colombia,Lionel Messi
2178,45 - 54 Años,Masculino,Escuintla,Colombia,Harry Kane
2179,25 - 34 Años,Femenino,San Marcos,Brasil,Alphonso Davies
2179,25 - 34 Años,Femenino,San Marcos,Brasil,Lamine Yamal
2180,Menos De 18 Años,Masculino,Alta Verapaz,Brasil,Rodri
2181,55 Años O Más,Masculino,Guatemala,Argentina,Lionel Messi
2182,18 - 24 Años,Masculino,Guatemala,Portugal,Neymar Jr.
2182,18 - 24 Años,Masculino,Guatemala,Portugal,Ninguno
2183,25 - 34 Años,Femenino,Chimaltenango,España,Federico Valverde
2183,25 - 34 Años,Femenino,Chimaltenango,España,Vinícius Júnior
2183,25 - 34 Años,Femenino,Chimaltenango,España,Lionel Messi
2184,25 - 34 Años,Masculino,Guate,Brasil,Cristiano Ronaldo
2184,25 - 34 Años,Masculino,Guate,Brasil,Rodri
2184,25 - 34 Años,Masculino,Guate,Brasil,Alphonso Davies
2185,18 - 24 Años,Femenino,Sacatepéquez,Portugal,Cristiano Ronaldo
2185,18 - 24 Años,Femenino,Sacatepéquez,Portugal,Neymar Jr.
2185,18 - 24 Años,Femenino,Sacatepéquez,Portugal,Lionel Messi
2186,25 - 34 Años,Masculino,Guatemala,Francia,Cristiano Ronaldo
2187,18 - 24 Años,Masculino,Chimaltenango,Francia,Lamine Yamal
2187,18 - 24 Años,Masculino,Chimaltenango,Francia,Neymar Jr.
2188,35 - 44 Años,Masculino,Totonicapán,México,Cristiano Ronaldo
2188,35 - 44 Años,Masculino,Totonicapán,México,Lionel Messi
2189,55 Años O Más,Masculino,El Progreso,Brasil,Lionel Messi
2189,55 Años O Más,Masculino,El Progreso,Brasil,Jude Bellingham
2189,55 Años O Más,Masculino,El Progreso,Brasil,Ninguno
2190,25 - 34 Años,Femenino,Guatemala,México,Rodri
2191,45 - 54 Años,Prefiero No Indicarlo,Santa Rosa,Argentina,Vinícius Júnior
2191,45 - 54 Años,Prefiero No Indicarlo,Santa Rosa,Argentina,Jude Bellingham
2192,25 - 34 Años,Masculino,Alta Verapaz,Francia,Neymar Jr.
2192,25 - 34 Años,Masculino,Alta Verapaz,Francia,Lionel Messi
2192,25 - 34 Años,Masculino,Alta Verapaz,Francia,Lamine Yamal
2193,Menos De 18 Años,Masculino,Quetzaltenango,Alemania,Harry Kane
2194,25 - 34 Años,Masculino,Chimaltenango,Brasil,Cristiano Ronaldo
2195,35 - 44 Años,Masculino,Guatemala,Portugal,Cristiano Ronaldo
2195,35 - 44 Años,Masculino,Guatemala,Portugal,Vinícius Júnior
2196,45 - 54 Años,Femenino,Escuintla,Países Bajos,Neymar Jr.
2196,45 - 54 Años,Femenino,Escuintla,Países Bajos,Lionel Messi
2196,45 - 54 Años,Femenino,Escuintla,Países Bajos,Kylian Mbappé
2197,18 - 24 Años,Masculino,Jutiapa,España,Ninguno
2197,18 - 24 Años,Masculino,Jutiapa,España,Cristiano Ronaldo
2197,18 - 24 Años,Masculino,Jutiapa,España,Federico Valverde
2198,18 - 24 Años,Masculino,Chimaltenango,México,Lionel Messi
2198,18 - 24 Años,Masculino,Chimaltenango,México,Cristiano Ronaldo
2198,18 - 24 Años,Masculino,Chimaltenango,México,Christian Pulisic
2200,18 - 24 Años,Femenino,Zacapa,Estados Unidos,Alphonso Davies
2200,18 - 24 Años,Femenino,Zacapa,Estados Unidos,Lionel Messi
2200,18 - 24 Años,Femenino,Zacapa,Estados Unidos,Cristiano Ronaldo
2201,45 - 54 Años,Masculino,Guatemala,Argentina,Cristiano Ronaldo
2201,45 - 54 Años,Masculino,Guatemala,Argentina,Lamine Yamal
2201,45 - 54 Años,Masculino,Guatemala,Argentina,Federico Valverde
2202,18 - 24 Años,Masculino,Guate,Brasil,Jude Bellingham
2203,45 - 54 Años,Masculino,Guatemala,España,Neymar Jr.
2203,45 - 54 Años,Masculino,Guatemala,España,Jude Bellingham
2204,25 - 34 Años,Femenino,Guatemala,Portugal,Cristiano Ronaldo
2204,25 - 34 Años,Femenino,Guatemala,Portugal,Neymar Jr.
2205,55 Años O Más,Femenino,Guatemala, COLOMBIA ,Lionel Messi
2205,55 Años O Más,Femenino,Guatemala, COLOMBIA ,Lamine Yamal
2205,55 Años O Más,Femenino,Guatemala, COLOMBIA ,Vinícius Júnior
2206,18 - 24 Años,Femenino,Jalapa,Brasil,Christian Pulisic
2207,35 - 44 Años,Femenino,Guatemala,España,Alphonso Davies
2207,35 - 44 Años,Femenino,Guatemala,España,Lionel Messi
2208,Menos De 18 Años,Femenino,Escuintla,Inglaterra,Cristiano Ronaldo
2208,Menos De 18 Años,Femenino,Escuintla,Inglaterra,Neymar Jr.
2209,18 - 24 Años,Femenino,Guatemala,España,Neymar Jr.
2209,18 - 24 Años,Femenino,Guatemala,España,Rodri
2209,18 - 24 Años,Femenino,Guatemala,España,Vinícius Júnior
2210,18 - 24 Años,Masculino,Guatemala,Argentina,Lionel Messi
2210,18 - 24 Años,Masculino,Guatemala,Argentina,Rodri
2210,18 - 24 Años,Masculino,Guatemala,Argentina,Harry Kane
2211,35 - 44 Años,Femenino,Santa Rosa,Brasil,Vinícius Júnior
2212,25 - 34 Años,Femenino,Quetzaltenango, ESTADOS UNIDOS ,Julián Álvarez
2212,25 - 34 Años,Femenino,Quetzaltenango, ESTADOS UNIDOS ,Jude Bellingham
2213,18 - 24 Años,Femenino,Guatemala,Brasil,Cristiano Ronaldo
2214,Menos De 18 Años,Prefiero No Indicarlo,Guatemala,Argentina,Cristiano Ronaldo
2214,Menos De 18 Años,Prefiero No Indicarlo,Guatemala,Argentina,Harry Kane
2215,25 - 34 Años,Masculino,Suchitepéquez,México,Lionel Messi
2216,25 - 34 Años,Femenino,Zacapa,España,Neymar Jr.
2217,25 - 34 Años,Femenino,Sacatepéquez,Francia,Cristiano Ronaldo
2217,25 - 34 Años,Femenino,Sacatepéquez,Francia,Kylian Mbappé
2217,25 - 34 Años,Femenino,Sacatepéquez,Francia,Lamine Yamal
2218,55 Años O Más,Masculino,Guatemala,España,Neymar Jr.
2218,55 Años O Más,Masculino,Guatemala,España,Lionel Messi
2218,55 Años O Más,Masculino,Guatemala,España,Christian Pulisic
2219,18 - 24 Años,Prefiero No Indicarlo,Totonicapán,Colombia,Julián Álvarez
2219,18 - 24 Años,Prefiero No Indicarlo,Totonicapán,Colombia,Jude Bellingham
2220,35 - 44 Años,Masculino,Baja Verapaz,México,Alphonso Davies
2221,18 - 24 Años,Femenino,Quetzaltenango,Portugal,Rodri
2222,45 - 54 Años,Femenino,Guatemala,Argentina,Cristiano Ronaldo
2223,18 - 24 Años,Masculino,Guatemala, URUGUAY ,Neymar Jr.
2224,25 - 34 Años,Femenino,Guatemala,Estados Unidos,Cristiano Ronaldo
2225,18 - 24 Años,Masculino,Guatemala,Inglaterra,Cristiano Ronaldo
2225,18 - 24 Años,Masculino,Guatemala,Inglaterra,Neymar Jr.
2226,25 - 34 Años,Masculino,Guatemala,Nueva Zelanda,Neymar Jr.
2226,25 - 34 Años,Masculino,Guatemala,Nueva Zelanda,Kylian Mbappé
2227,Menos De 18 Años,Masculino,Guatemala,Alemania,Kylian Mbappé
2228,45 - 54 Años,Masculino,Suchitepéquez,España,Lamine Yamal
2228,45 - 54 Años,Masculino,Suchitepéquez,España,Cristiano Ronaldo
2229,25 - 34 Años,Masculino,Quetzaltenango,Portugal,Lamine Yamal
2230,Menos De 18 Años,Femenino,Escuintla,Brasil,Christian Pulisic
2231,35 - 44 Años,Femenino,Santa Rosa,Argentina,Kylian Mbappé
2231,35 - 44 Años,Femenino,Santa Rosa,Argentina,Lamine Yamal
2231,35 - 44 Años,Femenino,Santa Rosa,Argentina,Lionel Messi
2232,45 - 54 Años,Femenino,Guatemala,Portugal,Cristiano Ronaldo
2233,55 Años O Más,Femenino,Quetzaltenango,España,Cristiano Ronaldo
2233,55 Años O Más,Femenino,Quetzaltenango,España,Christian Pulisic
2234,18 - 24 Años,Femenino,Escuintla,México,Lamine Yamal
2235,45 - 54 Años,Masculino,Chimaltenango,México,Lionel Messi
2235,45 - 54 Años,Masculino,Chimaltenango,México,Cristiano Ronaldo
2235,45 - 54 Años,Masculino,Chimaltenango,México,Neymar Jr.
2236,45 - 54 Años,Masculino,Guatemala,Brasil,Vinícius Júnior
2237,25 - 34 Años,Femenino,Guatemala,Nueva Zelanda,Federico Valverde
2237,25 - 34 Años,Femenino,Guatemala,Nueva Zelanda,Lionel Messi
2237,25 - 34 Años,Femenino,Guatemala,Nueva Zelanda,Cristiano Ronaldo
2238,35 - 44 Años,Masculino,Suchitepéquez,México,Alphonso Davies
2238,35 - 44 Años,Masculino,Suchitepéquez,México,Julián Álvarez
2238,35 - 44 Años,Masculino,Suchitepéquez,México,Harry Kane
2239,18 - 24 Años,Masculino,Jalapa,Brasil,Christian Pulisic
2239,18 - 24 Años,Masculino,Jalapa,Brasil,Cristiano Ronaldo
2239,18 - 24 Años,Masculino,Jalapa,Brasil,Lionel Messi
2240,45 - 54 Años,Masculino,Escuintla,Francia,Alphonso Davies
2241,35 - 44 Años,Femenino,Quetzaltenango,Argentina,Cristiano Ronaldo
2241,35 - 44 Años,Femenino,Quetzaltenango,Argentina,Julián Álvarez
2242,45 - 54 Años,Masculino,Escuintla,España,Alphonso Davies
2243,25 - 34 Años,Masculino,San Marcos,Estados Unidos,Jude Bellingham
2243,25 - 34 Años,Masculino,San Marcos,Estados Unidos,Neymar Jr.
2243,25 - 34 Años,Masculino,San Marcos,Estados Unidos,Lionel Messi
2244,18 - 24 Años,Masculino,Guatemala,Nueva Zelanda,Alphonso Davies
2245,45 - 54 Años,Masculino,Guatemala,Portugal,Neymar Jr.
2246,18 - 24 Años,Femenino,Sacatepéquez,Colombia,Jude Bellingham
2247,Menos De 18 Años,Masculino,Sololá,Argentina,Lionel Messi
2247,Menos De 18 Años,Masculino,Sololá,Argentina,Alphonso Davies
2247,Menos De 18 Años,Masculino,Sololá,Argentina,Kylian Mbappé
2248,Menos De 18 Años,Femenino,Guatemala,Corea del Sur,Neymar Jr.
2249,18 - 24 Años,Masculino,Guatemala,Inglaterra,Lamine Yamal
2249,18 - 24 Años,Masculino,Guatemala,Inglaterra,Vinícius Júnior
2250,45 - 54 Años,Masculino,Quetzaltenango,España,Neymar Jr.
2250,45 - 54 Años,Masculino,Quetzaltenango,España,Lionel Messi
2251,25 - 34 Años,Masculino,Guatemala,Alemania,Lionel Messi
2251,25 - 34 Años,Masculino,Guatemala,Alemania,Jude Bellingham
2252,55 Años O Más,Masculino,Baja Verapaz,Inglaterra,Lamine Yamal
2253,45 - 54 Años,Prefiero No Indicarlo,Alta Verapaz,Inglaterra,Neymar Jr.
2253,45 - 54 Años,Prefiero No Indicarlo,Alta Verapaz,Inglaterra,Vinícius Júnior
2254,25 - 34 Años,Masculino,Quetzaltenango,Inglaterra,Vinícius Júnior
2255,25 - 34 Años,Masculino,Guatemala,Francia,Cristiano Ronaldo
2255,25 - 34 Años,Masculino,Guatemala,Francia,Vinícius Júnior
2256,25 - 34 Años,Femenino,Quetzaltenango,Cabo Verde,Cristiano Ronaldo
2256,25 - 34 Años,Femenino,Quetzaltenango,Cabo Verde,Vinícius Júnior
2257,55 Años O Más,Prefiero No Indicarlo,Guatemala,Portugal,Kylian Mbappé
2257,55 Años O Más,Prefiero No Indicarlo,Guatemala,Portugal,Lamine Yamal
2258,35 - 44 Años,Masculino,Guatemala,Francia,Christian Pulisic
2259,25 - 34 Años,Femenino,Escuintla,Francia,Lionel Messi
2259,25 - 34 Años,Femenino,Escuintla,Francia,Lamine Yamal
2259,25 - 34 Años,Femenino,Escuintla,Francia,Kylian Mbappé
2260,45 - 54 Años,Masculino,Quetzaltenango,Argentina,Lionel Messi
2260,45 - 54 Años,Masculino,Quetzaltenango,Argentina,Vinícius Júnior
2260,45 - 54 Años,Masculino,Quetzaltenango,Argentina,Christian Pulisic
2261,18 - 24 Años,Femenino,Guatemala,Francia,Federico Valverde
2262,25 - 34 Años,Masculino,Chimaltenango,México,Vinícius Júnior
2262,25 - 34 Años,Masculino,Chimaltenango,México,Alphonso Davies
2262,25 - 34 Años,Masculino,Chimaltenango,México,Ninguno
2263,25 - 34 Años,Femenino,Huehuetenango,Brasil,Cristiano Ronaldo
2264,25 - 34 Años,Masculino,Guatemala, BRASIL ,Lionel Messi
2265,Menos De 18 Años,Femenino,Alta Verapaz,España,Lionel Messi
2265,Menos De 18 Años,Femenino,Alta Verapaz,España,Cristiano Ronaldo
2265,Menos De 18 Años,Femenino,Alta Verapaz,España,Vinícius Júnior
2266,35 - 44 Años,Femenino,Jalapa,Estados Unidos,Neymar Jr.
2266,35 - 44 Años,Femenino,Jalapa,Estados Unidos,Alphonso Davies
2267,45 - 54 Años,Femenino,Santa Rosa,Portugal,Cristiano Ronaldo
2267,45 - 54 Años,Femenino,Santa Rosa,Portugal,Lionel Messi
2267,45 - 54 Años,Femenino,Santa Rosa,Portugal,Julián Álvarez
2268,25 - 34 Años,Masculino,Chimaltenango,Argentina,Kylian Mbappé
2269,18 - 24 Años,Femenino,El Progreso,Argentina,Neymar Jr.
2270,18 - 24 Años,Masculino,Sacatepéquez,Inglaterra,Vinícius Júnior
2270,18 - 24 Años,Masculino,Sacatepéquez,Inglaterra,Cristiano Ronaldo
2270,18 - 24 Años,Masculino,Sacatepéquez,Inglaterra,Jude Bellingham
2271,Menos De 18 Años,Femenino,Guatemala,Argentina,Lionel Messi
2271,Menos De 18 Años,Femenino,Guatemala,Argentina,Cristiano Ronaldo
2272,35 - 44 Años,Femenino,Jalapa,Estados Unidos,Lionel Messi
2272,35 - 44 Años,Femenino,Jalapa,Estados Unidos,Neymar Jr.
2272,35 - 44 Años,Femenino,Jalapa,Estados Unidos,Cristiano Ronaldo
2273,18 - 24 Años,Femenino,Santa Rosa,Inglaterra,Julián Álvarez
2273,18 - 24 Años,Femenino,Santa Rosa,Inglaterra,Neymar Jr.
2273,18 - 24 Años,Femenino,Santa Rosa,Inglaterra,Kylian Mbappé
2274,35 - 44 Años,Femenino,Guatemala,México,Neymar Jr.
2275,18 - 24 Años,Femenino,Chimaltenango,Alemania,Cristiano Ronaldo
2276,45 - 54 Años,Masculino,Baja Verapaz, CROACIA ,Lionel Messi
2276,45 - 54 Años,Masculino,Baja Verapaz, CROACIA ,Kylian Mbappé
2277,55 Años O Más,Prefiero No Indicarlo,Guatemala,Türkiye,Jude Bellingham
2277,55 Años O Más,Prefiero No Indicarlo,Guatemala,Türkiye,Lionel Messi
2277,55 Años O Más,Prefiero No Indicarlo,Guatemala,Türkiye,Vinícius Júnior
2278,25 - 34 Años,Masculino,Quiché,Argentina,Julián Álvarez
2278,25 - 34 Años,Masculino,Quiché,Argentina,Lionel Messi
2278,25 - 34 Años,Masculino,Quiché,Argentina,Vinícius Júnior
2279,55 Años O Más,Masculino,Sacatepéquez,Portugal,Neymar Jr.
2280,25 - 34 Años,Femenino,Petén,Portugal,Kylian Mbappé
2281,25 - 34 Años,Prefiero No Indicarlo,Guatemala,Japón,Neymar Jr.
2281,25 - 34 Años,Prefiero No Indicarlo,Guatemala,Japón,Lionel Messi
2281,25 - 34 Años,Prefiero No Indicarlo,Guatemala,Japón,Lamine Yamal
2282,45 - 54 Años,Femenino,Escuintla,Inglaterra,Christian Pulisic
2283,35 - 44 Años,Femenino,Alta Verapaz,Inglaterra,Lionel Messi
2283,35 - 44 Años,Femenino,Alta Verapaz,Inglaterra,Christian Pulisic
2284,Menos De 18 Años,Femenino,Chiquimula,España,Kylian Mbappé
2284,Menos De 18 Años,Femenino,Chiquimula,España,Cristiano Ronaldo
2284,Menos De 18 Años,Femenino,Chiquimula,España,Lamine Yamal
2285,25 - 34 Años,Masculino,Escuintla,Argentina,Cristiano Ronaldo
2285,25 - 34 Años,Masculino,Escuintla,Argentina,Neymar Jr.
2286,25 - 34 Años,Masculino,Escuintla,Brasil,Jude Bellingham
2286,25 - 34 Años,Masculino,Escuintla,Brasil,Cristiano Ronaldo
2286,25 - 34 Años,Masculino,Escuintla,Brasil,Lamine Yamal
2287,55 Años O Más,Femenino,Guatemala, MÉXICO ,Neymar Jr.
2288,45 - 54 Años,Femenino,Sacatepéquez,Francia,Lamine Yamal
2288,45 - 54 Años,Femenino,Sacatepéquez,Francia,Cristiano Ronaldo
2288,45 - 54 Años,Femenino,Sacatepéquez,Francia,Lionel Messi
2289,45 - 54 Años,Masculino,Guatemala,Brasil,Kylian Mbappé
2289,45 - 54 Años,Masculino,Guatemala,Brasil,Lionel Messi
2290,18 - 24 Años,Masculino,Izabal,Czechia,Lionel Messi
2290,18 - 24 Años,Masculino,Izabal,Czechia,Cristiano Ronaldo
2291,45 - 54 Años,Femenino,Sololá,Estados Unidos,Neymar Jr.
2291,45 - 54 Años,Femenino,Sololá,Estados Unidos,Lionel Messi
2291,45 - 54 Años,Femenino,Sololá,Estados Unidos,Julián Álvarez
2292,Menos De 18 Años,Femenino,Sacatepéquez,España,Vinícius Júnior
2292,Menos De 18 Años,Femenino,Sacatepéquez,España,Cristiano Ronaldo
2292,Menos De 18 Años,Femenino,Sacatepéquez,España,Kylian Mbappé
2293,18 - 24 Años,Masculino,Suchitepéquez,España,Cristiano Ronaldo
2294,55 Años O Más,Masculino,Sacatepéquez,México,Lionel Messi
2295,45 - 54 Años,Masculino,Guatemala,España,Lionel Messi
2296,25 - 34 Años,Masculino,Izabal,Francia,Lionel Messi
2296,25 - 34 Años,Masculino,Izabal,Francia,Cristiano Ronaldo
2296,25 - 34 Años,Masculino,Izabal,Francia,Lamine Yamal
2297,25 - 34 Años,Masculino,Sacatepéquez,Francia,Harry Kane
2298,Menos De 18 Años,Femenino,Guatemala,Uruguay,Alphonso Davies
2298,Menos De 18 Años,Femenino,Guatemala,Uruguay,Ninguno
2298,Menos De 18 Años,Femenino,Guatemala,Uruguay,Neymar Jr.
2299,25 - 34 Años,Femenino,Zacapa,Países Bajos,Lionel Messi
2299,25 - 34 Años,Femenino,Zacapa,Países Bajos,Lamine Yamal
2299,25 - 34 Años,Femenino,Zacapa,Países Bajos,Vinícius Júnior
2300,Menos De 18 Años,Masculino,Guatemala,Argentina,Cristiano Ronaldo
2301,25 - 34 Años,Masculino,Santa Rosa,Argentina,Cristiano Ronaldo
2301,25 - 34 Años,Masculino,Santa Rosa,Argentina,Lamine Yamal
2301,25 - 34 Años,Masculino,Santa Rosa,Argentina,Neymar Jr.
2302,35 - 44 Años,Masculino,Escuintla,Francia,Cristiano Ronaldo
2303,35 - 44 Años,Femenino,Guatemala,Croacia,Vinícius Júnior
2303,35 - 44 Años,Femenino,Guatemala,Croacia,Lamine Yamal
2304,45 - 54 Años,Femenino,Sacatepéquez,Francia,Ninguno
2304,45 - 54 Años,Femenino,Sacatepéquez,Francia,Cristiano Ronaldo
2304,45 - 54 Años,Femenino,Sacatepéquez,Francia,Vinícius Júnior
2305,45 - 54 Años,Masculino,Santa Rosa,México,Lionel Messi
2305,45 - 54 Años,Masculino,Santa Rosa,México,Kylian Mbappé
2305,45 - 54 Años,Masculino,Santa Rosa,México,Neymar Jr.
2306,25 - 34 Años,Prefiero No Indicarlo,Zacapa,España,Cristiano Ronaldo
2306,25 - 34 Años,Prefiero No Indicarlo,Zacapa,España,Lionel Messi
2307,18 - 24 Años,Masculino,Guatemala,Portugal,Cristiano Ronaldo
2308,Menos De 18 Años,Femenino,Sacatepéquez,Francia,Vinícius Júnior
2308,Menos De 18 Años,Femenino,Sacatepéquez,Francia,Lionel Messi
2309,25 - 34 Años,Masculino,Guatemala,México,Lionel Messi
2309,25 - 34 Años,Masculino,Guatemala,México,Jude Bellingham
2309,25 - 34 Años,Masculino,Guatemala,México,Federico Valverde
2310,25 - 34 Años,Masculino,Alta Verapaz,Francia,Jude Bellingham
2310,25 - 34 Años,Masculino,Alta Verapaz,Francia,Vinícius Júnior
2311,35 - 44 Años,Masculino,Guatemala,México,Lamine Yamal
2311,35 - 44 Años,Masculino,Guatemala,México,Kylian Mbappé
2311,35 - 44 Años,Masculino,Guatemala,México,Christian Pulisic
2312,45 - 54 Años,Masculino,Sololá,Argentina,Kylian Mbappé
2312,45 - 54 Años,Masculino,Sololá,Argentina,Cristiano Ronaldo
2312,45 - 54 Años,Masculino,Sololá,Argentina,Neymar Jr.
2313,45 - 54 Años,Femenino,Baja Verapaz,México,Lionel Messi
2313,45 - 54 Años,Femenino,Baja Verapaz,México,Julián Álvarez
2314,35 - 44 Años,Femenino,Guatemala,Brasil,Harry Kane
2315,18 - 24 Años,Prefiero No Indicarlo,Guatemala, ARGENTINA ,Neymar Jr.
2316,25 - 34 Años,Femenino,Retalhuleu,Uruguay,Neymar Jr.
2316,25 - 34 Años,Femenino,Retalhuleu,Uruguay,Lamine Yamal
2317,25 - 34 Años,Masculino,Sacatepéquez,México,Kylian Mbappé
2317,25 - 34 Años,Masculino,Sacatepéquez,México,Neymar Jr.
2318,45 - 54 Años,Femenino,Chimaltenango,Uruguay,Lionel Messi
2318,45 - 54 Años,Femenino,Chimaltenango,Uruguay,Kylian Mbappé
2319,35 - 44 Años,Femenino,Escuintla,Argentina,Kylian Mbappé
2319,35 - 44 Años,Femenino,Escuintla,Argentina,Cristiano Ronaldo
2319,35 - 44 Años,Femenino,Escuintla,Argentina,Vinícius Júnior
2320,45 - 54 Años,Masculino,Guatemala,México,Cristiano Ronaldo
2320,45 - 54 Años,Masculino,Guatemala,México,Neymar Jr.
2320,45 - 54 Años,Masculino,Guatemala,México,Rodri
2321,25 - 34 Años,Femenino,Guatemala,Brasil,Neymar Jr.
2321,25 - 34 Años,Femenino,Guatemala,Brasil,Rodri
2322,35 - 44 Años,Masculino,Guatemala,Francia,Neymar Jr.
2322,35 - 44 Años,Masculino,Guatemala,Francia,Lionel Messi
2323,55 Años O Más,Masculino,Guatemala,Brasil,Vinícius Júnior
2324,Menos De 18 Años,Femenino,Guatemala,España,Lionel Messi
2324,Menos De 18 Años,Femenino,Guatemala,España,Jude Bellingham
2325,25 - 34 Años,Masculino,Escuintla,Brasil,Cristiano Ronaldo
2325,25 - 34 Años,Masculino,Escuintla,Brasil,Vinícius Júnior
2326,25 - 34 Años,Masculino,Quetzaltenango,México,Neymar Jr.
2326,25 - 34 Años,Masculino,Quetzaltenango,México,Jude Bellingham
2326,25 - 34 Años,Masculino,Quetzaltenango,México,Alphonso Davies
2327,25 - 34 Años,Masculino,Escuintla,Colombia,Kylian Mbappé
2328,35 - 44 Años,Femenino,Guatemala,Brasil,Christian Pulisic
2328,35 - 44 Años,Femenino,Guatemala,Brasil,Lionel Messi
2329,25 - 34 Años,Femenino,Guatemala,Inglaterra,Cristiano Ronaldo
2329,25 - 34 Años,Femenino,Guatemala,Inglaterra,Harry Kane
2174,18 - 24 Años,Femenino,Sacatepéquez,Czechia,Alphonso Davies
2174,18 - 24 Años,Femenino,Sacatepéquez,Czechia,Neymar Jr.
2331,18 - 24 Años,Prefiero No Indicarlo,Quetzaltenango,México,Lionel Messi
2331,18 - 24 Años,Prefiero No Indicarlo,Quetzaltenango,México,Cristiano Ronaldo
2332,55 Años O Más,Femenino,Zacapa,Brasil,Lionel Messi
2333,25 - 34 Años,Femenino,Santa Rosa,Brasil,Cristiano Ronaldo
2333,25 - 34 Años,Femenino,Santa Rosa,Brasil,Lionel Messi
2333,25 - 34 Años,Femenino,Santa Rosa,Brasil,Kylian Mbappé
2334,55 Años O Más,Masculino,Guatemala,Argentina,Lionel Messi
2334,55 Años O Más,Masculino,Guatemala,Argentina,Federico Valverde
2334,55 Años O Más,Masculino,Guatemala,Argentina,Christian Pulisic
2335,55 Años O Más,Femenino,Quetzaltenango,Portugal,Cristiano Ronaldo
2336,45 - 54 Años,Masculino,El Progreso,Portugal,Cristiano Ronaldo
2337,25 - 34 Años,Femenino,Escuintla,Francia,Lamine Yamal
2338,25 - 34 Años,Femenino,Guatemala,Brasil,Cristiano Ronaldo
2338,25 - 34 Años,Femenino,Guatemala,Brasil,Lionel Messi
2338,25 - 34 Años,Femenino,Guatemala,Brasil,Christian Pulisic
2339,45 - 54 Años,Femenino,Zacapa,Estados Unidos,Julián Álvarez
2339,45 - 54 Años,Femenino,Zacapa,Estados Unidos,Lionel Messi
2339,45 - 54 Años,Femenino,Zacapa,Estados Unidos,Lamine Yamal
2340,18 - 24 Años,Femenino,Guatemala,Argentina,Lamine Yamal
2340,18 - 24 Años,Femenino,Guatemala,Argentina,Lionel Messi
2340,18 - 24 Años,Femenino,Guatemala,Argentina,Kylian Mbappé
2341,25 - 34 Años,Masculino,Chimaltenango,Irán,Kylian Mbappé
2342,Menos De 18 Años,Masculino,Guatemala,Inglaterra,Alphonso Davies
2342,Menos De 18 Años,Masculino,Guatemala,Inglaterra,Lamine Yamal
2342,Menos De 18 Años,Masculino,Guatemala,Inglaterra,Christian Pulisic
2343,25 - 34 Años,Femenino,Sacatepéquez,Brasil,Federico Valverde
2344,55 Años O Más,Masculino,Guatemala,México,Christian Pulisic
2345,18 - 24 Años,Femenino,Quiché,Argentina,Federico Valverde
2345,18 - 24 Años,Femenino,Quiché,Argentina,Cristiano Ronaldo
2345,18 - 24 Años,Femenino,Quiché,Argentina,Vinícius Júnior
2346,35 - 44 Años,Prefiero No Indicarlo,Guatemala,Brasil,Lamine Yamal
2346,35 - 44 Años,Prefiero No Indicarlo,Guatemala,Brasil,Cristiano Ronaldo
2346,35 - 44 Años,Prefiero No Indicarlo,Guatemala,Brasil,Jude Bellingham
2347,Menos De 18 Años,Masculino,Guatemala,Inglaterra,Rodri
2347,Menos De 18 Años,Masculino,Guatemala,Inglaterra,Lionel Messi
2347,Menos De 18 Años,Masculino,Guatemala,Inglaterra,Cristiano Ronaldo
2348,18 - 24 Años,Femenino,Sacatepéquez,Alemania,Lionel Messi
2349,25 - 34 Años,Masculino,Quetzaltenango,Cabo Verde,Cristiano Ronaldo
2349,25 - 34 Años,Masculino,Quetzaltenango,Cabo Verde,Julián Álvarez
2350,18 - 24 Años,Femenino,Retalhuleu,México,Ninguno
2351,35 - 44 Años,Masculino,Guatemala,Estados Unidos,Julián Álvarez
2352,45 - 54 Años,Masculino,Guatemala,Brasil,Lionel Messi
2352,45 - 54 Años,Masculino,Guatemala,Brasil,Kylian Mbappé
2353,45 - 54 Años,Masculino,Guatemala,Argentina,Neymar Jr.
2353,45 - 54 Años,Masculino,Guatemala,Argentina,Cristiano Ronaldo
2354,35 - 44 Años,Masculino,Guatemala,México,Lionel Messi
2355,35 - 44 Años,Femenino,Retalhuleu,Brasil,Cristiano Ronaldo
2356,25 - 34 Años,Femenino,Escuintla,Argentina,Jude Bellingham
2357,25 - 34 Años,Femenino,Quetzaltenango,Argentina,Vinícius Júnior
2357,25 - 34 Años,Femenino,Quetzaltenango,Argentina,Alphonso Davies
2357,25 - 34 Años,Femenino,Quetzaltenango,Argentina,Julián Álvarez
2358,35 - 44 Años,Masculino,Quetzaltenango,Francia,Kylian Mbappé
2358,35 - 44 Años,Masculino,Quetzaltenango,Francia,Cristiano Ronaldo
2358,35 - 44 Años,Masculino,Quetzaltenango,Francia,Neymar Jr.
2359,35 - 44 Años,Masculino,Guatemala,México,Neymar Jr.
2359,35 - 44 Años,Masculino,Guatemala,México,Vinícius Júnior
2360,18 - 24 Años,Femenino,Sacatepéquez,Inglaterra,Lionel Messi
2361,45 - 54 Años,Masculino,Chiquimula,Estados Unidos,Cristiano Ronaldo
2362,18 - 24 Años,Femenino,Retalhuleu,Portugal,Jude Bellingham
2362,18 - 24 Años,Femenino,Retalhuleu,Portugal,Vinícius Júnior
2362,18 - 24 Años,Femenino,Retalhuleu,Portugal,Neymar Jr.
2363,18 - 24 Años,Masculino,Guatemala,Estados Unidos,Jude Bellingham
2363,18 - 24 Años,Masculino,Guatemala,Estados Unidos,Kylian Mbappé
2364,18 - 24 Años,Masculino,San Marcos,España,Lionel Messi
2364,18 - 24 Años,Masculino,San Marcos,España,Lamine Yamal
2365,18 - 24 Años,Masculino,Sacatepéquez,Argentina,Vinícius Júnior
2366,45 - 54 Años,Masculino,Chimaltenango,Argentina,Lionel Messi
2366,45 - 54 Años,Masculino,Chimaltenango,Argentina,Vinícius Júnior
2367,Menos De 18 Años,Femenino,Guatemala,Argentina,Neymar Jr.
2367,Menos De 18 Años,Femenino,Guatemala,Argentina,Vinícius Júnior
2367,Menos De 18 Años,Femenino,Guatemala,Argentina,Alphonso Davies
2368,25 - 34 Años,Masculino,Guatemala,Portugal,Lionel Messi
2369,35 - 44 Años,Masculino,Guatemala,Estados Unidos,Cristiano Ronaldo
2369,35 - 44 Años,Masculino,Guatemala,Estados Unidos,Julián Álvarez
2370,Menos De 18 Años,Femenino,Santa Rosa,Francia,Lionel Messi
2370,Menos De 18 Años,Femenino,Santa Rosa,Francia,Kylian Mbappé
2371,35 - 44 Años,Femenino,Guatemala,Brasil,Jude Bellingham
2371,35 - 44 Años,Femenino,Guatemala,Brasil,Lamine Yamal
2372,35 - 44 Años,Femenino,Suchitepéquez,Jordania,Harry Kane
2373,25 - 34 Años,Femenino,Quetzaltenango,Brasil,Lionel Messi
2373,25 - 34 Años,Femenino,Quetzaltenango,Brasil,Jude Bellingham
2373,25 - 34 Años,Femenino,Quetzaltenango,Brasil,Lamine Yamal
2374,35 - 44 Años,Femenino,Quetzaltenango,Argentina,Kylian Mbappé
2375,45 - 54 Años,Femenino,Escuintla,Alemania,Neymar Jr.
2375,45 - 54 Años,Femenino,Escuintla,Alemania,Federico Valverde
2376,35 - 44 Años,Femenino,Guatemala,España,Rodri
2376,35 - 44 Años,Femenino,Guatemala,España,Lionel Messi
2376,35 - 44 Años,Femenino,Guatemala,España,Cristiano Ronaldo
2377,35 - 44 Años,Femenino,Escuintla,Argentina,Kylian Mbappé
2377,35 - 44 Años,Femenino,Escuintla,Argentina,Neymar Jr.
2377,35 - 44 Años,Femenino,Escuintla,Argentina,Cristiano Ronaldo
2378,18 - 24 Años,Masculino,Chimaltenango,España,Kylian Mbappé
2379,35 - 44 Años,Masculino,Sacatepéquez,Portugal,Lamine Yamal
2379,35 - 44 Años,Masculino,Sacatepéquez,Portugal,Vinícius Júnior
2379,35 - 44 Años,Masculino,Sacatepéquez,Portugal,Neymar Jr.
2380,Menos De 18 Años,Femenino,Guatemala,Inglaterra,Kylian Mbappé
2380,Menos De 18 Años,Femenino,Guatemala,Inglaterra,Vinícius Júnior
2381,25 - 34 Años,Femenino,Guatemala,Brasil,Lionel Messi
2382,18 - 24 Años,Masculino,Guatemala,Argentina,Alphonso Davies
2382,18 - 24 Años,Masculino,Guatemala,Argentina,Cristiano Ronaldo
2382,18 - 24 Años,Masculino,Guatemala,Argentina,Lionel Messi
2383,18 - 24 Años,Femenino,Jutiapa,Brasil,Neymar Jr.
2384,55 Años O Más,Femenino,Guatemala,Portugal,Kylian Mbappé
2384,55 Años O Más,Femenino,Guatemala,Portugal,Neymar Jr.
2385,Menos De 18 Años,Masculino,San Marcos,Argentina,Cristiano Ronaldo
2385,Menos De 18 Años,Masculino,San Marcos,Argentina,Neymar Jr.
2385,Menos De 18 Años,Masculino,San Marcos,Argentina,Lionel Messi
2386,45 - 54 Años,Femenino,Izabal,Argentina,Lionel Messi
2386,45 - 54 Años,Femenino,Izabal,Argentina,Cristiano Ronaldo
2386,45 - 54 Años,Femenino,Izabal,Argentina,Kylian Mbappé
2387,18 - 24 Años,Femenino,El Progreso,Argentina,Kylian Mbappé
2387,18 - 24 Años,Femenino,El Progreso,Argentina,Neymar Jr.
2388,35 - 44 Años,Femenino,Retalhuleu,México,Harry Kane
2388,35 - 44 Años,Femenino,Retalhuleu,México,Ninguno
2388,35 - 44 Años,Femenino,Retalhuleu,México,Lionel Messi
2389,35 - 44 Años,Femenino,El Progreso,México,Cristiano Ronaldo
2390,18 - 24 Años,Femenino,Quetzaltenango,España,Christian Pulisic
2390,18 - 24 Años,Femenino,Quetzaltenango,España,Lionel Messi
2390,18 - 24 Años,Femenino,Quetzaltenango,España,Kylian Mbappé
2391,18 - 24 Años,Femenino,Guatemala,Bélgica,Lamine Yamal
2391,18 - 24 Años,Femenino,Guatemala,Bélgica,Kylian Mbappé
2391,18 - 24 Años,Femenino,Guatemala,Bélgica,Jude Bellingham
2392,Menos De 18 Años,Masculino,Totonicapán,Argentina,Cristiano Ronaldo
2392,Menos De 18 Años,Masculino,Totonicapán,Argentina,Lionel Messi
2392,Menos De 18 Años,Masculino,Totonicapán,Argentina,Neymar Jr.
2393,35 - 44 Años,Masculino,Guatemala,Inglaterra,Harry Kane
2393,35 - 44 Años,Masculino,Guatemala,Inglaterra,Federico Valverde
2394,35 - 44 Años,Femenino,Sacatepéquez,Alemania,Lionel Messi
2394,35 - 44 Años,Femenino,Sacatepéquez,Alemania,Neymar Jr.
2394,35 - 44 Años,Femenino,Sacatepéquez,Alemania,Vinícius Júnior
2395,45 - 54 Años,Masculino,Escuintla,Portugal,Christian Pulisic
2396,35 - 44 Años,Masculino,Sacatepéquez,México,Vinícius Júnior
2396,35 - 44 Años,Masculino,Sacatepéquez,México,Cristiano Ronaldo
2397,25 - 34 Años,Masculino,Guatemala,España,Julián Álvarez
2397,25 - 34 Años,Masculino,Guatemala,España,Vinícius Júnior
2397,25 - 34 Años,Masculino,Guatemala,España,Lionel Messi
2398,18 - 24 Años,Femenino,Guatemala,Argentina,Cristiano Ronaldo
2398,18 - 24 Años,Femenino,Guatemala,Argentina,Kylian Mbappé
2399,18 - 24 Años,Femenino,Guatemala,Argentina,Cristiano Ronaldo
2399,18 - 24 Años,Femenino,Guatemala,Argentina,Kylian Mbappé
2400,45 - 54 Años,Masculino,Guatemala,South Africa,Cristiano Ronaldo
2401,25 - 34 Años,Masculino,Chiquimula,España,Lionel Messi
2401,25 - 34 Años,Masculino,Chiquimula,España,Kylian Mbappé
2401,25 - 34 Años,Masculino,Chiquimula,España,Jude Bellingham
2402,18 - 24 Años,Femenino,Guatemala,México,Vinícius Júnior
2402,18 - 24 Años,Femenino,Guatemala,México,Lionel Messi
2402,18 - 24 Años,Femenino,Guatemala,México,Neymar Jr.
2403,Menos De 18 Años,Masculino,Sololá,Francia,Lamine Yamal
2403,Menos De 18 Años,Masculino,Sololá,Francia,Cristiano Ronaldo
2404,18 - 24 Años,Femenino,Escuintla,Argentina,Lionel Messi
2404,18 - 24 Años,Femenino,Escuintla,Argentina,Rodri
2405,25 - 34 Años,Femenino,Guatemala,Portugal,Cristiano Ronaldo
2406,25 - 34 Años,Masculino,Quiché,Inglaterra,Vinícius Júnior
2406,25 - 34 Años,Masculino,Quiché,Inglaterra,Christian Pulisic
2406,25 - 34 Años,Masculino,Quiché,Inglaterra,Kylian Mbappé
2407,45 - 54 Años,Masculino,Chiquimula,Brasil,Kylian Mbappé
2408,25 - 34 Años,Femenino,Quiché,España,Ninguno
2408,25 - 34 Años,Femenino,Quiché,España,Lionel Messi
2409,18 - 24 Años,Femenino,Guatemala,Argentina,Cristiano Ronaldo
2409,18 - 24 Años,Femenino,Guatemala,Argentina,Christian Pulisic
2410,18 - 24 Años,Masculino,Chiquimula,Francia,Harry Kane
2411,18 - 24 Años,Masculino,Totonicapán,Alemania,Lamine Yamal
2411,18 - 24 Años,Masculino,Totonicapán,Alemania,Jude Bellingham
2412,35 - 44 Años,Masculino,Guatemala, BRASIL ,Lionel Messi
2413,35 - 44 Años,Masculino,Jutiapa,Brasil,Neymar Jr.
2413,35 - 44 Años,Masculino,Jutiapa,Brasil,Vinícius Júnior
2413,35 - 44 Años,Masculino,Jutiapa,Brasil,Kylian Mbappé
2414,35 - 44 Años,Masculino,Quetzaltenango,Corea del Sur,Cristiano Ronaldo
2414,35 - 44 Años,Masculino,Quetzaltenango,Corea del Sur,Jude Bellingham
2414,35 - 44 Años,Masculino,Quetzaltenango,Corea del Sur,Neymar Jr.
2415,25 - 34 Años,Masculino,Alta Verapaz,Brasil,Lionel Messi
2415,25 - 34 Años,Masculino,Alta Verapaz,Brasil,Vinícius Júnior
2416,25 - 34 Años,Femenino,Quetzaltenango,Paraguay,Alphonso Davies
2416,25 - 34 Años,Femenino,Quetzaltenango,Paraguay,Kylian Mbappé
2416,25 - 34 Años,Femenino,Quetzaltenango,Paraguay,Cristiano Ronaldo
2417,45 - 54 Años,Masculino,Chimaltenango,México,Lionel Messi
2417,45 - 54 Años,Masculino,Chimaltenango,México,Vinícius Júnior
2417,45 - 54 Años,Masculino,Chimaltenango,México,Neymar Jr.
2418,55 Años O Más,Femenino,Guatemala,Francia,Kylian Mbappé
2418,55 Años O Más,Femenino,Guatemala,Francia,Lionel Messi
2419,35 - 44 Años,Masculino,Retalhuleu,México,Lamine Yamal
2419,35 - 44 Años,Masculino,Retalhuleu,México,Cristiano Ronaldo
2420,25 - 34 Años,Prefiero No Indicarlo,Guatemala, MÉXICO ,Neymar Jr.
2421,25 - 34 Años,Femenino,Guatemala,Alemania,Vinícius Júnior
2421,25 - 34 Años,Femenino,Guatemala,Alemania,Kylian Mbappé
2421,25 - 34 Años,Femenino,Guatemala,Alemania,Lionel Messi
2422,18 - 24 Años,Masculino,Guatemala,Brasil,Neymar Jr.
2423,25 - 34 Años,Femenino,Guatemala,México,Lionel Messi
2423,25 - 34 Años,Femenino,Guatemala,México,Jude Bellingham
2423,25 - 34 Años,Femenino,Guatemala,México,Neymar Jr.
2424,35 - 44 Años,Prefiero No Indicarlo,Quetzaltenango,España,Lionel Messi
2424,35 - 44 Años,Prefiero No Indicarlo,Quetzaltenango,España,Kylian Mbappé
2424,35 - 44 Años,Prefiero No Indicarlo,Quetzaltenango,España,Federico Valverde
2425,45 - 54 Años,Masculino,Petén,Brasil,Vinícius Júnior
2425,45 - 54 Años,Masculino,Petén,Brasil,Julián Álvarez
2426,Menos De 18 Años,Masculino,Sacatepéquez,Brasil,Cristiano Ronaldo
2427,55 Años O Más,Masculino,Sololá,Inglaterra,Lamine Yamal
2427,55 Años O Más,Masculino,Sololá,Inglaterra,Jude Bellingham
2428,18 - 24 Años,Masculino,Guatemala,Argentina,Cristiano Ronaldo
2429,25 - 34 Años,Masculino,Guatemala,Argentina,Cristiano Ronaldo
2429,25 - 34 Años,Masculino,Guatemala,Argentina,Kylian Mbappé
2430,25 - 34 Años,Femenino,Quetzaltenango,México,Cristiano Ronaldo
2431,35 - 44 Años,Masculino,Escuintla,Haití,Kylian Mbappé
2431,35 - 44 Años,Masculino,Escuintla,Haití,Christian Pulisic
2432,45 - 54 Años,Masculino,Guatemala,Argentina,Neymar Jr.
2432,45 - 54 Años,Masculino,Guatemala,Argentina,Harry Kane
2433,18 - 24 Años,Masculino,Totonicapán,México,Cristiano Ronaldo
2434,35 - 44 Años,Masculino,Alta Verapaz,Brasil,Cristiano Ronaldo
2435,25 - 34 Años,Femenino,Sololá,España,Neymar Jr.
2435,25 - 34 Años,Femenino,Sololá,España,Lamine Yamal
2435,25 - 34 Años,Femenino,Sololá,España,Lionel Messi
2436,18 - 24 Años,Masculino,Baja Verapaz,México,Jude Bellingham
2436,18 - 24 Años,Masculino,Baja Verapaz,México,Christian Pulisic
2437,25 - 34 Años,Femenino,Guatemala,Portugal,Lionel Messi
2437,25 - 34 Años,Femenino,Guatemala,Portugal,Christian Pulisic
2437,25 - 34 Años,Femenino,Guatemala,Portugal,Vinícius Júnior
2438,25 - 34 Años,Femenino,Petén,Colombia,Kylian Mbappé
2439,18 - 24 Años,Femenino,Guatemala, MÉXICO ,Kylian Mbappé
2440,18 - 24 Años,Masculino,Guatemala,Brasil,Rodri
2440,18 - 24 Años,Masculino,Guatemala,Brasil,Cristiano Ronaldo
2440,18 - 24 Años,Masculino,Guatemala,Brasil,Jude Bellingham
2441,18 - 24 Años,Masculino,El Progreso, FRANCIA ,Lamine Yamal
2441,18 - 24 Años,Masculino,El Progreso, FRANCIA ,Cristiano Ronaldo
2441,18 - 24 Años,Masculino,El Progreso, FRANCIA ,Neymar Jr.
2442,18 - 24 Años,Femenino,Escuintla,España,Harry Kane
2442,18 - 24 Años,Femenino,Escuintla,España,Kylian Mbappé
2443,25 - 34 Años,Masculino,Quetzaltenango,Argentina,Julián Álvarez
2443,25 - 34 Años,Masculino,Quetzaltenango,Argentina,Lionel Messi
2444,Menos De 18 Años,Prefiero No Indicarlo,Jalapa,Estados Unidos,Lionel Messi
2444,Menos De 18 Años,Prefiero No Indicarlo,Jalapa,Estados Unidos,Jude Bellingham
2444,Menos De 18 Años,Prefiero No Indicarlo,Jalapa,Estados Unidos,Harry Kane
2445,18 - 24 Años,Masculino,Huehuetenango,Argentina,Vinícius Júnior
2445,18 - 24 Años,Masculino,Huehuetenango,Argentina,Jude Bellingham
2445,18 - 24 Años,Masculino,Huehuetenango,Argentina,Federico Valverde
2446,18 - 24 Años,Femenino,Quetzaltenango,Brasil,Rodri
2446,18 - 24 Años,Femenino,Quetzaltenango,Brasil,Kylian Mbappé
2447,Menos De 18 Años,Masculino,Sacatepéquez,Colombia,Jude Bellingham
2447,Menos De 18 Años,Masculino,Sacatepéquez,Colombia,Lamine Yamal
2448,18 - 24 Años,Femenino,Escuintla,Alemania,Cristiano Ronaldo
2448,18 - 24 Años,Femenino,Escuintla,Alemania,Neymar Jr.
2448,18 - 24 Años,Femenino,Escuintla,Alemania,Lionel Messi
2449,55 Años O Más,Femenino,Guatemala,Francia,Neymar Jr.
2449,55 Años O Más,Femenino,Guatemala,Francia,Christian Pulisic
2449,55 Años O Más,Femenino,Guatemala,Francia,Cristiano Ronaldo
2450,25 - 34 Años,Masculino,Quetzaltenango,México,Rodri
2450,25 - 34 Años,Masculino,Quetzaltenango,México,Neymar Jr.
2451,18 - 24 Años,Femenino,Suchitepéquez,México,Lionel Messi
2451,18 - 24 Años,Femenino,Suchitepéquez,México,Kylian Mbappé
2452,Menos De 18 Años,Femenino,Guatemala,México,Cristiano Ronaldo
2452,Menos De 18 Años,Femenino,Guatemala,México,Vinícius Júnior
2453,35 - 44 Años,Masculino,Chimaltenango,España,Christian Pulisic
2454,25 - 34 Años,Femenino,Guatemala,España,Cristiano Ronaldo
2454,25 - 34 Años,Femenino,Guatemala,España,Ninguno
2455,55 Años O Más,Masculino,Sololá,España,Neymar Jr.
2455,55 Años O Más,Masculino,Sololá,España,Federico Valverde
2455,55 Años O Más,Masculino,Sololá,España,Lionel Messi
2456,18 - 24 Años,Femenino,Guatemala, ALEMANIA ,Vinícius Júnior
2457,25 - 34 Años,Femenino,Chiquimula,Argentina,Neymar Jr.
2458,25 - 34 Años,Femenino,Sacatepéquez,Argentina,Cristiano Ronaldo
2458,25 - 34 Años,Femenino,Sacatepéquez,Argentina,Neymar Jr.
2458,25 - 34 Años,Femenino,Sacatepéquez,Argentina,Christian Pulisic
2459,25 - 34 Años,Masculino,Sacatepéquez,Francia,Lionel Messi
2460,35 - 44 Años,Femenino,Guatemala,Nueva Zelanda,Lionel Messi
2460,35 - 44 Años,Femenino,Guatemala,Nueva Zelanda,Lamine Yamal
2461,Menos De 18 Años,Masculino,Santa Rosa,Brasil,Kylian Mbappé
2461,Menos De 18 Años,Masculino,Santa Rosa,Brasil,Rodri
2462,25 - 34 Años,Masculino,Chiquimula,Colombia,Federico Valverde
2462,25 - 34 Años,Masculino,Chiquimula,Colombia,Lionel Messi
2463,35 - 44 Años,Masculino,Chiquimula,Argentina,Lionel Messi
2463,35 - 44 Años,Masculino,Chiquimula,Argentina,Cristiano Ronaldo
2464,Menos De 18 Años,Femenino,Guatemala,Colombia,Lionel Messi
2465,18 - 24 Años,Masculino,Guatemala,España,Julián Álvarez
2465,18 - 24 Años,Masculino,Guatemala,España,Rodri
2466,Menos De 18 Años,Femenino,Sacatepéquez,México,Lamine Yamal
2466,Menos De 18 Años,Femenino,Sacatepéquez,México,Vinícius Júnior
2466,Menos De 18 Años,Femenino,Sacatepéquez,México,Lionel Messi
2467,25 - 34 Años,Femenino,Guatemala,Argentina,Harry Kane
2467,25 - 34 Años,Femenino,Guatemala,Argentina,Christian Pulisic
2468,55 Años O Más,Femenino,Guatemala,España,Lionel Messi
2468,55 Años O Más,Femenino,Guatemala,España,Vinícius Júnior
2468,55 Años O Más,Femenino,Guatemala,España,Kylian Mbappé
2469,45 - 54 Años,Masculino,Retalhuleu,Congo DR,Lionel Messi
2469,45 - 54 Años,Masculino,Retalhuleu,Congo DR,Kylian Mbappé
2470,35 - 44 Años,Femenino,Chimaltenango,México,Lionel Messi
2471,25 - 34 Años,Masculino,Quiché,México,Alphonso Davies
2472,25 - 34 Años,Femenino,Guatemala,España,Lionel Messi
2472,25 - 34 Años,Femenino,Guatemala,España,Vinícius Júnior
2472,25 - 34 Años,Femenino,Guatemala,España,Cristiano Ronaldo
2473,45 - 54 Años,Femenino,Guatemala,México,Lionel Messi
2474,Menos De 18 Años,Femenino,Guatemala,Colombia,Neymar Jr.
2475,18 - 24 Años,Masculino,Guatemala,México,Christian Pulisic
2475,18 - 24 Años,Masculino,Guatemala,México,Vinícius Júnior
2475,18 - 24 Años,Masculino,Guatemala,México,Lamine Yamal
2476,25 - 34 Años,Masculino,Guatemala,Argentina,Cristiano Ronaldo
2476,25 - 34 Años,Masculino,Guatemala,Argentina,Lamine Yamal
2476,25 - 34 Años,Masculino,Guatemala,Argentina,Neymar Jr.
2477,35 - 44 Años,Masculino,Guatemala,Portugal,Harry Kane
2477,35 - 44 Años,Masculino,Guatemala,Portugal,Cristiano Ronaldo
2478,18 - 24 Años,Femenino,Guatemala,Brasil,Cristiano Ronaldo
2478,18 - 24 Años,Femenino,Guatemala,Brasil,Federico Valverde
2479,45 - 54 Años,Femenino,Jalapa,Estados Unidos,Vinícius Júnior
2479,45 - 54 Años,Femenino,Jalapa,Estados Unidos,Jude Bellingham
2480,35 - 44 Años,Femenino,Chiquimula,Alemania,Neymar Jr.
2480,35 - 44 Años,Femenino,Chiquimula,Alemania,Kylian Mbappé
2480,35 - 44 Años,Femenino,Chiquimula,Alemania,Alphonso Davies
2481,18 - 24 Años,Femenino,Guatemala,Portugal,Lionel Messi
2481,18 - 24 Años,Femenino,Guatemala,Portugal,Kylian Mbappé
2482,35 - 44 Años,Masculino,Petén,Brasil,Lionel Messi
2483,35 - 44 Años,Femenino,Chiquimula,Estados Unidos,Lionel Messi
2484,25 - 34 Años,Femenino,Quetzaltenango,Qatar,Alphonso Davies
2484,25 - 34 Años,Femenino,Quetzaltenango,Qatar,Neymar Jr.
2485,55 Años O Más,Masculino,Guatemala,Argentina,Alphonso Davies
2485,55 Años O Más,Masculino,Guatemala,Argentina,Julián Álvarez
2485,55 Años O Más,Masculino,Guatemala,Argentina,Lionel Messi
2486,35 - 44 Años,Femenino,Guatemala,Portugal,Neymar Jr.
2487,Menos De 18 Años,Prefiero No Indicarlo,Petén,Argentina,Lionel Messi
2488,35 - 44 Años,Femenino,Sacatepéquez,Irak,Lamine Yamal
2488,35 - 44 Años,Femenino,Sacatepéquez,Irak,Vinícius Júnior
2488,35 - 44 Años,Femenino,Sacatepéquez,Irak,Cristiano Ronaldo
2489,Menos De 18 Años,Femenino,Quetzaltenango,Inglaterra,Cristiano Ronaldo
2490,18 - 24 Años,Masculino,Retalhuleu,Estados Unidos,Lionel Messi
2490,18 - 24 Años,Masculino,Retalhuleu,Estados Unidos,Rodri
2490,18 - 24 Años,Masculino,Retalhuleu,Estados Unidos,Cristiano Ronaldo
2491,45 - 54 Años,Masculino,Quetzaltenango,Portugal,Lionel Messi
2492,Menos De 18 Años,Femenino,Guatemala, FRANCIA ,Vinícius Júnior
2493,35 - 44 Años,Masculino,Escuintla,Alemania,Jude Bellingham
2493,35 - 44 Años,Masculino,Escuintla,Alemania,Cristiano Ronaldo
2493,35 - 44 Años,Masculino,Escuintla,Alemania,Christian Pulisic
2494,45 - 54 Años,Masculino,Chimaltenango,Argentina,Kylian Mbappé
2495,Menos De 18 Años,Femenino,Guatemala,Argentina,Harry Kane
2496,25 - 34 Años,Masculino,Guatemala,Brasil,Vinícius Júnior
2496,25 - 34 Años,Masculino,Guatemala,Brasil,Kylian Mbappé
2496,25 - 34 Años,Masculino,Guatemala,Brasil,Lamine Yamal
2497,45 - 54 Años,Masculino,San Marcos,México,Lamine Yamal
2497,45 - 54 Años,Masculino,San Marcos,México,Jude Bellingham
2497,45 - 54 Años,Masculino,San Marcos,México,Neymar Jr.
2498,Menos De 18 Años,Masculino,Quetzaltenango,Argentina,Lionel Messi
2498,Menos De 18 Años,Masculino,Quetzaltenango,Argentina,Neymar Jr.
2498,Menos De 18 Años,Masculino,Quetzaltenango,Argentina,Jude Bellingham
2499,45 - 54 Años,Femenino,Guatemala,México,Neymar Jr.
2500,35 - 44 Años,Femenino,Sacatepéquez,Portugal,Christian Pulisic
2500,35 - 44 Años,Femenino,Sacatepéquez,Portugal,Neymar Jr.
2500,35 - 44 Años,Femenino,Sacatepéquez,Portugal,Lionel Messi
