EncuestaID,FechaEncuesta,HoraEncuesta,RangoEdad,Genero,Departamento,Municipio,Ocupacion,FrecuenciaConsumoSnacks,LugarCompraSnacks,ConQuienVePartidos,GastoSnacksPartido,SnacksSeleccionados,SaborPreferido,PresentacionPreferida,PrecioAdecuado,PagaMasEdicionMundial,PlaneaVerMundial2026,SeleccionApoya,CompraDisenoSeleccion,SeleccionInfluyeCompra,JugadoresInfluyentes,TipoPublicidadAtractiva,PromocionPreferida,CompraTarjetasColeccionables,CampaniaMasProbableCompra,Disposicion_Gasto_Premium,Segmento_Lealtad_Mundial,Segmento_Edad_Analitico
1,2026-04-15,09:46:21,55 Años O Más,Femenino,Guatemala,Santa Catarina Pinula,Jubilado,Varias Veces Al Mes,Aplicación de delivery,Amigos,Q25 - Q50,FutbolMix; Hot Stadium Peanuts; Caramel Goal Popcorn,Dulce,Familiar,Q10 - Q15,Sí,Sí,Portugal,Probablemente sí,Portugal,Kylian Mbappé; Cristiano Ronaldo; Neymar Jr.,Una selección nacional,Sorteo de viajes,Sí,Edición Francia,Moderada,Fanático Target (Alto),Adulto Mayor (55+)
2,2026-01-26,08:45:33,18 - 24 Años,Masculino,Guatemala,Santa Catarina Pinula,Empresario,1 A 2 Veces Por Semana,Supermercado,Solo,Q51 - Q100,ChocoKick Bites; CrunchMax BBQ,Caramelo,Familiar,Q21 - Q30,Sí,Sí,Portugal,Probablemente no,Suecia,Cristiano Ronaldo; Kylian Mbappé; Christian Pulisic,Una selección nacional,Producto gratis,Sí,Edición Brasil,Premium Alta,Casual,Jóvenes (<25)
3,2026-04-22,22:23:58,35 - 44 Años,Masculino,Alta Verapaz,Alta Verapaz,Estudiante,Varias Veces Al Mes,Kiosco escolar/universitario,Familia,Q51 - Q100,ChocoKick Bites; Fan Chips Jalapeño; Victory Pretzels,Picante Chapín,Familiar,Q16 - Q20,Sí,Sí,España,Probablemente sí,Portugal,Cristiano Ronaldo; Federico Valverde,Un jugador famoso,Descuento directo,No,Edición Con Tarjetas Coleccionables,Premium Alta,Casual,Adulto Maduro (35-54)
4,2026-01-28,21:58:00,25 - 34 Años,Femenino,Guatemala,San Miguel Petapa,Empleado Privado,3 A 5 Veces Por Semana,Gasolinera,Solo,Q25 - Q50,Fan Chips Jalapeño; CrunchMax BBQ,Limón,Familiar,Q16 - Q20,Sí,No,Inglaterra,Probablemente no,España,Vinícius Júnior,Premios y sorteos,2x1,Sí,Edición Con Jugadores Famosos,Moderada,Espectador Pasivo,Adulto Joven (25-34)
5,2026-03-04,12:59:08,25 - 34 Años,Femenino,Guatemala,San Miguel Petapa,Estudiante,Varias Veces Al Mes,Tienda de barrio,Amigos,Q51 - Q100,Caramel Goal Popcorn; FutbolMix,Queso,Para Compartir Entre 2 Personas,Q16 - Q20,No,No,España,Tal vez,Qatar,Kylian Mbappé,Un jugador famoso,Tarjetas coleccionables,No,Edición Brasil,Moderada,Espectador Pasivo,Adulto Joven (25-34)
6,2026-02-05,20:39:21,18 - 24 Años,Masculino,Quetzaltenango,Olintepeque,Comerciante,1 A 2 Veces Por Semana,Tienda de barrio,Solo,Menos De Q25,CrunchMax BBQ,Jalapeño,Para Compartir Entre 2 Personas,Q21 - Q30,Sí,Sí,Estados Unidos,Probablemente sí,Estados Unidos,Kylian Mbappé,Una selección nacional,Tarjetas coleccionables,Sí,Edición Mundial Fifa 2026,Moderada,Fanático Target (Alto),Jóvenes (<25)
7,2026-01-20,19:19:11,35 - 44 Años,Masculino,Sacatepéquez, CIUDAD VIEJA ,Empleado Privado,3 A 5 Veces Por Semana,Aplicación de delivery,Solo,Q51 - Q100,ChocoKick Bites,Dulce,Individual,Q16 - Q20,No,Sí,Francia,Tal vez,Francia,Lionel Messi,Premios y sorteos,2x1,Sí,Edición España,Moderada,Casual,Adulto Maduro (35-54)
8,2026-03-30,15:35:48,25 - 34 Años,Prefiero No Indicarlo,Guatemala,Villa Nueva,Empresario,3 A 5 Veces Por Semana,Tienda de barrio,Amigos,Q25 - Q50,Hot Stadium Peanuts; Caramel Goal Popcorn; Fan Chips Jalapeño,Chocolate,Para Compartir Entre 2 Personas,Más De Q30,No,Sí,Nueva Zelanda,Tal vez,Portugal,Cristiano Ronaldo; Lionel Messi; Julián Álvarez,Una selección nacional,Tarjetas coleccionables,No,Edición Brasil,Moderada,Espectador Pasivo,Adulto Joven (25-34)
9,2026-01-11,08:06:15,25 - 34 Años,Femenino,Chimaltenango,Chimaltenango,Profesional Independiente,Todos Los Días,Kiosco escolar/universitario,Familia,Q25 - Q50,Caramel Goal Popcorn,Dulce,Familiar,Q10 - Q15,No,Sí,Brasil,Tal vez,Brasil,Lionel Messi; Neymar Jr.,Un jugador famoso,Sorteo de balones,No,Edición Brasil,Moderada,Espectador Pasivo,Adulto Joven (25-34)
10,2026-02-21,16:46:49,Menos De 18 Años,Femenino,Guatemala,Guatemala,Otro,Varias Veces Al Mes,Tienda de barrio,Familia,Q51 - Q100,Energy Crunch Protein; Fan Chips Jalapeño; Gol Nachos Supreme,Barbacoa,Para Compartir Entre 2 Personas,Más De Q30,No,Sí,Portugal,Tal vez,Colombia,Cristiano Ronaldo; Rodri,Un jugador famoso,Tarjetas coleccionables,No,Edición Brasil,Moderada,Espectador Pasivo,Jóvenes (<25)
11,2026-04-04,19:56:16,18 - 24 Años,Masculino,Suchitepéquez,Suchitepéquez,Profesional Independiente,Todos Los Días,Otro,Familia,Menos De Q25,Gol Nachos Supreme,Queso,Individual,Q16 - Q20,Sí,No,Estados Unidos,Probablemente sí,Czechia,Neymar Jr.; Cristiano Ronaldo,Una selección nacional,2x1,Sí,Edición Inglaterra,Moderada,Espectador Pasivo,Jóvenes (<25)
12,2026-01-29,19:45:23,Menos De 18 Años,Masculino,Quetzaltenango,Quetzaltenango,Empleado Privado,3 A 5 Veces Por Semana,Tienda de barrio,Compañeros de trabajo,Q51 - Q100,FutbolMix,Limón,Tamaño Fiesta O Reunión,Q16 - Q20,Sí,Sí,Argentina,Probablemente sí,Argentina,Vinícius Júnior,Un jugador famoso,Descuento directo,Sí,Edición Inglaterra,Premium Alta,Fanático Target (Alto),Jóvenes (<25)
13,2026-05-05,07:34:13,25 - 34 Años,Masculino,Chiquimula,Chiquimula,Empresario,3 A 5 Veces Por Semana,Supermercado,Familia,Q101 - Q150,FutbolMix; Gol Nachos Supreme; Caramel Goal Popcorn,Queso,Tamaño Fiesta O Reunión,Más De Q30,No,Sí,Argentina,Tal vez,Argentina,Cristiano Ronaldo,Historias de aficionados,2x1,No,Edición Argentina,Sensible Al Precio,Espectador Pasivo,Adulto Joven (25-34)
14,2026-04-28,22:27:22,25 - 34 Años,Femenino,Quiché,Otro municipio,Jubilado,3 A 5 Veces Por Semana,Otro,Amigos,Q51 - Q100,Victory Pretzels,Queso,Individual,Q16 - Q20,Sí,Sí,Argentina,Tal vez,Brasil,Cristiano Ronaldo; Neymar Jr.,Un jugador famoso,2x1,No,Edición Mundial Fifa 2026,Premium Alta,Espectador Pasivo,Adulto Joven (25-34)
15,2026-02-10,18:43:52,18 - 24 Años,Femenino,Retalhuleu,Otro municipio,Estudiante,1 A 2 Veces Por Semana,Tienda de barrio,Compañeros de trabajo,Q51 - Q100,Energy Crunch Protein; CrunchMax BBQ; ChocoKick Bites,Jalapeño,Individual,Q10 - Q15,Sí,Sí,Inglaterra,Probablemente sí,Portugal,Lionel Messi; Neymar Jr.; Kylian Mbappé,Un jugador famoso,Producto gratis,Sí,Edición Inglaterra,Premium Alta,Fanático Target (Alto),Jóvenes (<25)
16,2026-03-23,11:27:17,Menos De 18 Años,Femenino,Sacatepéquez,Jocotenango,Estudiante,1 A 2 Veces Por Semana,Tienda de barrio,Amigos,Q25 - Q50,ChocoKick Bites; FutbolMix,Barbacoa,Tamaño Fiesta O Reunión,Q16 - Q20,Sí,Sí,Brasil,Probablemente sí,Portugal,Jude Bellingham; Cristiano Ronaldo,Premios y sorteos,Tarjetas coleccionables,Sí,Edición España,Moderada,Fanático Target (Alto),Jóvenes (<25)
17,2026-05-08,19:46:11,18 - 24 Años,Femenino,Guatemala,Guatemala,Empleado Privado,Todos Los Días,Supermercado,Familia,Más De Q150,Hot Stadium Peanuts; Gol Nachos Supreme; FutbolMix,Limón,Para Compartir Entre 2 Personas,Q16 - Q20,Sí,Sí,México,Tal vez,España,Rodri; Alphonso Davies; Vinícius Júnior,Historias de aficionados,2x1,Sí,Edición Francia,Moderada,Casual,Jóvenes (<25)
18,2026-05-10,21:13:38,35 - 44 Años,Masculino,Guatemala,Santa Catarina Pinula,Empleado Público,1 A 2 Veces Por Semana,Kiosco escolar/universitario,Amigos,Q101 - Q150,Mundialitos Queso Picante; CrunchMax BBQ,Barbacoa,Individual,Q21 - Q30,Sí,Sí,Brasil,Probablemente sí,Brasil,Neymar Jr.; Vinícius Júnior; Lionel Messi,Humor,Sorteo de viajes,Sí,Edición Con Tarjetas Coleccionables,Moderada,Fanático Target (Alto),Adulto Maduro (35-54)
19,2026-02-11,21:12:23,18 - 24 Años,Femenino,Santa Rosa,Otro municipio,Comerciante,1 A 2 Veces Por Semana,Supermercado,Familia,Q25 - Q50,CrunchMax BBQ; Energy Crunch Protein,Picante Chapín,Para Compartir Entre 2 Personas,Más De Q30,Sí,Sí,Australia,Probablemente sí,España,Julián Álvarez; Harry Kane,Un jugador famoso,Producto gratis,Sí,Edición Con Jugadores Famosos,Moderada,Fanático Target (Alto),Jóvenes (<25)
20,2026-03-31,10:59:38,18 - 24 Años,Femenino,Guatemala,San Miguel Petapa,Empresario,Varias Veces Al Mes,Gasolinera,Amigos,Q51 - Q100,Hot Stadium Peanuts; Mundialitos Queso Picante; FutbolMix,Queso,Familiar,Q16 - Q20,Sí,Sí,Estados Unidos,Definitivamente sí,Inglaterra,Jude Bellingham,Premios y sorteos,Sorteo de viajes,Sí,Edición Con Jugadores Famosos,Premium Alta,Casual,Jóvenes (<25)
21,2026-02-17,12:08:17,25 - 34 Años,Masculino,Jutiapa,Jutiapa,Empleado Público,1 A 2 Veces Por Semana,Supermercado,Amigos,Q25 - Q50,ChocoKick Bites; FutbolMix; Fan Chips Jalapeño,Barbacoa,Tamaño Fiesta O Reunión,Q16 - Q20,Sí,Sí,Brasil,Probablemente sí,Inglaterra,Lionel Messi; Rodri; Harry Kane,Historias de aficionados,Sorteo de camisetas,No,Edición Brasil,Moderada,Casual,Adulto Joven (25-34)
22,2026-04-16,07:10:32,25 - 34 Años,Masculino,Jalapa,Otro municipio,Empleado Privado,Todos Los Días,Tienda de barrio,Familia,Q51 - Q100,Fan Chips Jalapeño; Victory Pretzels,Barbacoa,Familiar,Q21 - Q30,Sí,Sí,Irán,Probablemente no,Brasil,Lionel Messi; Cristiano Ronaldo; Neymar Jr.,Historias de aficionados,Tarjetas coleccionables,No,Edición Brasil,Premium Alta,Espectador Pasivo,Adulto Joven (25-34)
23,2026-03-30,12:07:11,25 - 34 Años,Masculino,Guatemala,Guatemala,Empresario,Todos Los Días,Tienda de barrio,Otro,Q25 - Q50,FutbolMix,Caramelo,Familiar,Q16 - Q20,Sí,Sí,Estados Unidos,Tal vez,Inglaterra,Vinícius Júnior; Lionel Messi; Christian Pulisic,Humor,Descuento directo,Sí,Edición Mundial Fifa 2026,Moderada,Casual,Adulto Joven (25-34)
24,2026-02-11,09:29:29,18 - 24 Años,Femenino,Guatemala,San Miguel Petapa,Otro,Todos Los Días,Otro,Amigos,Q101 - Q150,Mundialitos Queso Picante; ChocoKick Bites,Queso,Familiar,Q21 - Q30,No,Sí,Brasil,Tal vez,Francia,Neymar Jr.; Vinícius Júnior,Historias de aficionados,Sorteo de viajes,No,Edición Francia,Sensible Al Precio,Espectador Pasivo,Jóvenes (<25)
25,2026-04-16,10:46:54,45 - 54 Años,Femenino,Guatemala,Santa Catarina Pinula,Empresario,3 A 5 Veces Por Semana,Tienda de barrio,Solo,Q51 - Q100,FutbolMix; Mundialitos Queso Picante,Limón,Familiar,Q16 - Q20,Sí,Sí,Portugal,Definitivamente sí,México,Lionel Messi,Premios y sorteos,Descuento directo,Sí,Edición Con Tarjetas Coleccionables,Premium Alta,Casual,Adulto Maduro (35-54)
26,2026-04-18,20:55:47,18 - 24 Años,Femenino,Petén,Poptún,Empleado Privado,1 A 2 Veces Por Semana,Supermercado,Familia,Q25 - Q50,ChocoKick Bites; FutbolMix,Picante Chapín,Para Compartir Entre 2 Personas,Q21 - Q30,Sí,Sí,España,Definitivamente sí,Inglaterra,Lamine Yamal; Kylian Mbappé,Humor,2x1,No,Edición Francia,Moderada,Espectador Pasivo,Jóvenes (<25)
27,2026-02-06,10:57:28,25 - 34 Años,Femenino,Chimaltenango,Tecpán Guatemala,Jubilado,Todos Los Días,Supermercado,Familia,Menos De Q25,ChocoKick Bites,Chocolate,Familiar,Q21 - Q30,Sí,No,Brasil,Definitivamente sí,Argentina,Kylian Mbappé,Premios y sorteos,Descuento directo,Sí,Edición Con Tarjetas Coleccionables,Moderada,Espectador Pasivo,Adulto Joven (25-34)
28,2026-03-14,08:34:22,25 - 34 Años,Femenino,Chimaltenango,Chimaltenango,Otro,1 A 2 Veces Por Semana,Aplicación de delivery,Amigos,Menos De Q25,Energy Crunch Protein,Salado Tradicional,Individual,Q10 - Q15,No,Sí,México,Tal vez,México,Lionel Messi; Jude Bellingham,Historias de aficionados,Producto gratis,Sí,Edición Inglaterra,Sensible Al Precio,Casual,Adulto Joven (25-34)
29,2026-05-01,11:43:51,25 - 34 Años,Masculino,Guatemala,San Miguel Petapa,Estudiante,3 A 5 Veces Por Semana,Tienda de barrio,Amigos,Q25 - Q50,Gol Nachos Supreme,Barbacoa,Familiar,Q16 - Q20,No,Sí,España,Definitivamente sí,México,Ninguno,Historias de aficionados,Producto gratis,Sí,Edición Con Jugadores Famosos,Moderada,Casual,Adulto Joven (25-34)
30,2026-03-09,10:15:42,25 - 34 Años,Masculino,Guatemala,San Miguel Petapa,Empresario,Todos Los Días,Gasolinera,Amigos,Q51 - Q100,FutbolMix; Mundialitos Queso Picante,Dulce,Familiar,Q16 - Q20,Sí,Sí,Brasil,Probablemente sí,Argentina,Ninguno; Lionel Messi; Jude Bellingham,Un jugador famoso,Descuento directo,No,Edición Brasil,Premium Alta,Casual,Adulto Joven (25-34)
31,2026-02-17,15:28:47,25 - 34 Años,Femenino,Sacatepéquez,Ciudad Vieja,Profesional Independiente,Todos Los Días,Tienda de barrio,Amigos,Q25 - Q50,Fan Chips Jalapeño; CrunchMax BBQ,Picante Chapín,Tamaño Fiesta O Reunión,Q16 - Q20,No,Sí,Corea del Sur,Definitivamente sí,Estados Unidos,Rodri,Premios y sorteos,Producto gratis,Sí,Edición Con Tarjetas Coleccionables,Moderada,Casual,Adulto Joven (25-34)
32,2026-03-16,16:02:47,18 - 24 Años,Masculino,Escuintla,Santa Lucía Cotzumalguapa,Estudiante,1 A 2 Veces Por Semana,Tienda de barrio,Familia,Q51 - Q100,Victory Pretzels; Fan Chips Jalapeño; Gol Nachos Supreme,Limón,Para Compartir Entre 2 Personas,Q21 - Q30,Sí,Sí, ESTADOS UNIDOS ,Probablemente sí,Brasil,Cristiano Ronaldo; Vinícius Júnior; Alphonso Davies,Humor,2x1,No,Edición Brasil,Premium Alta,Casual,Jóvenes (<25)
33,2026-03-18,14:00:26,18 - 24 Años,Femenino,Escuintla,Escuintla,Profesional Independiente,Todos Los Días,Otro,Amigos,Q51 - Q100,Mundialitos Queso Picante; CrunchMax BBQ; Caramel Goal Popcorn,Jalapeño,Para Compartir Entre 2 Personas,Q16 - Q20,No,Sí, FRANCIA ,Tal vez,Inglaterra,Harry Kane; Rodri,Historias de aficionados,2x1,No,Edición Con Jugadores Famosos,Moderada,Espectador Pasivo,Jóvenes (<25)
34,2026-05-02,10:26:15,25 - 34 Años,Femenino,Chimaltenango,Tecpán Guatemala,Empresario,Varias Veces Al Mes,Supermercado,Familia,Q101 - Q150,CrunchMax BBQ,Barbacoa,Familiar,Q16 - Q20,No,Sí,Noruega,Probablemente sí,Francia,Lionel Messi,Una selección nacional,Producto gratis,Sí,Edición Inglaterra,Sensible Al Precio,Fanático Target (Alto),Adulto Joven (25-34)
35,2026-01-12,21:27:56,Menos De 18 Años,Masculino,Guatemala,Guatemala,Empleado Privado,Todos Los Días,Supermercado,Familia,Menos De Q25,Fan Chips Jalapeño,Picante Chapín,Familiar,Q16 - Q20,Sí,Sí,Brasil,Probablemente sí, PORTUGAL ,Christian Pulisic,Historias de aficionados,Sorteo de viajes,No,Edición Argentina,Moderada,Casual,Jóvenes (<25)
36,2026-03-24,15:20:27,25 - 34 Años,Masculino,El Progreso,Cabecera municipal,Empleado Privado,Todos Los Días,Tienda de barrio,Familia,Q51 - Q100,Caramel Goal Popcorn; ChocoKick Bites,Jalapeño,Para Compartir Entre 2 Personas,Q10 - Q15,No,Sí,Argentina,Definitivamente sí,Jordania,Lamine Yamal,Una selección nacional,Sorteo de camisetas,Sí,Edición Mundial Fifa 2026,Moderada,Casual,Adulto Joven (25-34)
37,2026-02-19,10:42:21,18 - 24 Años,Femenino,Quiché,Otro municipio,Profesional Independiente,3 A 5 Veces Por Semana,Supermercado,Solo,Q51 - Q100,ChocoKick Bites; Mundialitos Queso Picante; Fan Chips Jalapeño,,Familiar,Q21 - Q30,Sí,Sí,Portugal,Probablemente sí,Brasil,Federico Valverde,Un jugador famoso,Sorteo de viajes,Sí,Edición Francia,Premium Alta,Fanático Target (Alto),Jóvenes (<25)
38,2026-02-28,16:58:55,25 - 34 Años,Femenino,Guatemala, SAN MIGUEL PETAPA ,Profesional Independiente,Rara Vez,Aplicación de delivery,Otro,Q51 - Q100,FutbolMix; Energy Crunch Protein,Jalapeño,Familiar,Q16 - Q20,Sí,Sí,España,Probablemente sí,España,Lionel Messi; Jude Bellingham; Vinícius Júnior,Historias de aficionados,Descuento directo,No,Edición España,Premium Alta,Casual,Adulto Joven (25-34)
39,2026-04-26,07:48:49,Menos De 18 Años,Masculino,Chiquimula,Cabecera municipal,Estudiante,Todos Los Días,Gasolinera,Compañeros de trabajo,Más De Q150,ChocoKick Bites; Caramel Goal Popcorn; FutbolMix,Limón,Individual,Q10 - Q15,No,Sí,Argentina,Definitivamente sí,México,Ninguno,Premios y sorteos,Sorteo de camisetas,Sí,Edición España,Sensible Al Precio,Casual,Jóvenes (<25)
40,2026-01-29,13:20:10,45 - 54 Años,Femenino,Quiché,Cabecera municipal,Empresario,3 A 5 Veces Por Semana,,Familia,Menos De Q25,Fan Chips Jalapeño; ChocoKick Bites; FutbolMix,Limón,Individual,Más De Q30,Sí,Sí,Argentina,Definitivamente sí,México,Jude Bellingham,Una selección nacional,2x1,No,Edición Inglaterra,Moderada,Espectador Pasivo,Adulto Maduro (35-54)
41,2026-01-25,19:16:37,18 - 24 Años,Femenino,Quetzaltenango,Olintepeque,,3 A 5 Veces Por Semana,Supermercado,Otro,Q101 - Q150,Mundialitos Queso Picante,Limón,Para Compartir Entre 2 Personas,Q10 - Q15,Sí,Sí,Francia,Definitivamente sí,Francia,Cristiano Ronaldo; Vinícius Júnior; Rodri,Premios y sorteos,Descuento directo,Sí,Edición Brasil,Moderada,Casual,Jóvenes (<25)
42,2026-04-06,20:04:30,18 - 24 Años,Femenino,Escuintla,Santa Lucía Cotzumalguapa,Ama De Casa,1 A 2 Veces Por Semana,Aplicación de delivery,Amigos,Q51 - Q100,Hot Stadium Peanuts; Caramel Goal Popcorn,Queso,Familiar,Q21 - Q30,Sí,Sí,Argentina,Definitivamente sí,Estados Unidos,Neymar Jr.; Julián Álvarez,Premios y sorteos,Tarjetas coleccionables,Sí,Edición Argentina,Premium Alta,Casual,Jóvenes (<25)
43,2026-03-14,22:44:27,18 - 24 Años,Femenino,Guatemala,Villa Nueva,Ama De Casa,Todos Los Días,Tienda de barrio,Amigos,Menos De Q25,Energy Crunch Protein,Salado Tradicional,Individual,Más De Q30,Sí,Sí,Estados Unidos,Definitivamente sí,Inglaterra,Lamine Yamal; Kylian Mbappé,Historias de aficionados,Descuento directo,No,Edición Mundial Fifa 2026,Moderada,Espectador Pasivo,Jóvenes (<25)
44,2026-03-05,14:41:13,45 - 54 Años,Masculino,Guatemala,Villa Nueva,Ama De Casa,1 A 2 Veces Por Semana,Supermercado,Amigos,Q51 - Q100,Energy Crunch Protein,Caramelo,Familiar,Q16 - Q20,No,Sí,Francia,Probablemente sí, PORTUGAL ,Neymar Jr.; Jude Bellingham,Historias de aficionados,2x1,Sí,Edición Argentina,Moderada,Fanático Target (Alto),Adulto Maduro (35-54)
45,2026-04-18,17:45:15,25 - 34 Años,Femenino,Guatemala,Mixco,Estudiante,Varias Veces Al Mes,Supermercado,Familia,Q25 - Q50,CrunchMax BBQ; Mundialitos Queso Picante; Caramel Goal Popcorn,Queso,Familiar,Q10 - Q15,No,Sí,Brasil,Probablemente sí,Portugal,Vinícius Júnior,Humor,Tarjetas coleccionables,No,Edición España,Moderada,Casual,Adulto Joven (25-34)
46,2026-03-16,20:47:20,45 - 54 Años,Masculino,Quetzaltenango,Olintepeque,Estudiante,3 A 5 Veces Por Semana,Tienda de barrio,Solo,Q25 - Q50,Hot Stadium Peanuts; Fan Chips Jalapeño; FutbolMix,Picante Chapín,Para Compartir Entre 2 Personas,Más De Q30,No,Sí,Portugal,Tal vez,Argentina,Rodri; Jude Bellingham,Una selección nacional,Sorteo de camisetas,No,Edición Con Jugadores Famosos,Moderada,Espectador Pasivo,Adulto Maduro (35-54)
47,2026-01-21,18:25:48,35 - 44 Años,Masculino,Guatemala,Guatemala,Comerciante,1 A 2 Veces Por Semana,Tienda de barrio,Compañeros de trabajo,Q51 - Q100,Fan Chips Jalapeño; Gol Nachos Supreme,Limón,Individual,Q10 - Q15,Sí,No,Argentina,Definitivamente sí,Inglaterra,Ninguno; Lionel Messi; Vinícius Júnior,Un jugador famoso,2x1,Sí,Edición Francia,Premium Alta,Espectador Pasivo,Adulto Maduro (35-54)
48,2026-03-12,21:44:33,35 - 44 Años,Masculino,Chimaltenango,Chimaltenango,Estudiante,Todos Los Días,Gasolinera,Amigos,Q51 - Q100,CrunchMax BBQ,Queso,Individual,Más De Q30,Sí,Sí, ARGENTINA ,Tal vez,España,Lionel Messi,Una selección nacional,Descuento directo,Sí,Edición Con Tarjetas Coleccionables,Premium Alta,Casual,Adulto Maduro (35-54)
49,2026-02-22,18:11:52,45 - 54 Años,Femenino,Totonicapán,Totonicapán,Empleado Privado,Todos Los Días,Tienda de barrio,Familia,Q25 - Q50,CrunchMax BBQ,Queso,Familiar,Más De Q30,Sí,Sí,Argentina,Definitivamente sí,México,Neymar Jr.,Humor,Sorteo de viajes,No,Edición Inglaterra,Moderada,Espectador Pasivo,Adulto Maduro (35-54)
50,2026-03-16,20:07:23,Menos De 18 Años,Prefiero No Indicarlo,Escuintla,Escuintla,Empleado Privado,Todos Los Días,Gasolinera,Amigos,Q51 - Q100,ChocoKick Bites; Fan Chips Jalapeño,Dulce,Familiar,Q10 - Q15,No,Sí,Francia,Probablemente sí,Argentina,Cristiano Ronaldo,Un jugador famoso,Descuento directo,Sí,Edición Con Jugadores Famosos,Moderada,Fanático Target (Alto),Jóvenes (<25)
51,2026-01-25,21:57:57,18 - 24 Años,Femenino,Chimaltenango,Chimaltenango,Empresario,1 A 2 Veces Por Semana,Aplicación de delivery,Otro,Q101 - Q150,Mundialitos Queso Picante; Fan Chips Jalapeño; Gol Nachos Supreme,Picante Chapín,Para Compartir Entre 2 Personas,Q16 - Q20,No,Sí,Estados Unidos,Probablemente sí,Uruguay,Lionel Messi; Christian Pulisic; Neymar Jr.,Una selección nacional,2x1,No,Edición Argentina,Sensible Al Precio,Casual,Jóvenes (<25)
52,2026-03-10,07:50:56,35 - 44 Años,Masculino,Sololá,Otro municipio,Empleado Privado,Rara Vez,Otro,Familia,Menos De Q25,FutbolMix,Salado Tradicional,Tamaño Fiesta O Reunión,Q21 - Q30,Sí,Sí,Portugal,Probablemente no,Argentina,Lionel Messi; Cristiano Ronaldo,Humor,Descuento directo,Sí,Edición Brasil,Moderada,Casual,Adulto Maduro (35-54)
53,2026-01-27,21:25:44,25 - 34 Años,Masculino,Sololá, OTRO MUNICIPIO ,Empleado Privado,Varias Veces Al Mes,Gasolinera,Amigos,Q51 - Q100,FutbolMix; CrunchMax BBQ; Gol Nachos Supreme,Queso,Tamaño Fiesta O Reunión,Menos De Q10,Sí,Sí,Argentina,Probablemente sí,Brasil,Neymar Jr.; Jude Bellingham; Lamine Yamal,Un jugador famoso,Tarjetas coleccionables,Sí,Edición Con Jugadores Famosos,Premium Alta,Fanático Target (Alto),Adulto Joven (25-34)
54,2026-02-04,18:07:03,18 - 24 Años,Femenino,Guatemala,Santa Catarina Pinula,Profesional Independiente,1 A 2 Veces Por Semana,Tienda de barrio,Familia,Más De Q150,CrunchMax BBQ; Gol Nachos Supreme,Queso,Individual,Q16 - Q20,No,Sí,Francia,Probablemente sí,Brasil,Kylian Mbappé,Humor,Sorteo de balones,No,Edición Argentina,Sensible Al Precio,Casual,Jóvenes (<25)
55,2026-01-19,08:12:58,25 - 34 Años,Femenino,Quetzaltenango,,Comerciante,Rara Vez,Gasolinera,Compañeros de trabajo,Q51 - Q100,Victory Pretzels,Queso,Familiar,Q21 - Q30,Sí,Sí,México,Probablemente sí,Alemania,Federico Valverde; Vinícius Júnior; Ninguno,Un jugador famoso,Descuento directo,Sí,Edición Argentina,Premium Alta,Fanático Target (Alto),Adulto Joven (25-34)
56,2026-04-13,10:57:46,18 - 24 Años,Masculino,Escuintla,Escuintla,Estudiante,3 A 5 Veces Por Semana,Tienda de barrio,Familia,Q51 - Q100,Mundialitos Queso Picante,Caramelo,Familiar,Q10 - Q15,Sí,Sí,Brasil,Definitivamente sí,México,Lionel Messi; Neymar Jr.; Vinícius Júnior,Humor,Descuento directo,Sí,Edición Con Jugadores Famosos,Premium Alta,Casual,Jóvenes (<25)
57,2026-03-31,22:19:16,55 Años O Más,Femenino,Guatemala,Mixco,Comerciante,Varias Veces Al Mes,Gasolinera,Familia,Q51 - Q100,ChocoKick Bites; Mundialitos Queso Picante; Gol Nachos Supreme,Queso,Para Compartir Entre 2 Personas,Q10 - Q15,No,Sí,Estados Unidos,Tal vez,Brasil,Neymar Jr.; Federico Valverde,Un jugador famoso,Tarjetas coleccionables,Sí,Edición Con Tarjetas Coleccionables,Moderada,Casual,Adulto Mayor (55+)
58,2026-03-30,19:18:16,25 - 34 Años,Masculino,Quetzaltenango,Coatepeque,Empresario,Varias Veces Al Mes,Supermercado,Familia,Q25 - Q50,CrunchMax BBQ; ChocoKick Bites; Gol Nachos Supreme,Picante Chapín,Para Compartir Entre 2 Personas,Q16 - Q20,Sí,Sí,Uruguay,Tal vez,Brasil,Neymar Jr.; Harry Kane; Lamine Yamal,Un jugador famoso,Producto gratis,Sí,Edición Argentina,Moderada,Casual,Adulto Joven (25-34)
59,2026-03-06,12:51:11,18 - 24 Años,Femenino,Guatemala,Santa Catarina Pinula,Empresario,1 A 2 Veces Por Semana,Tienda de barrio,Familia,Q25 - Q50,Hot Stadium Peanuts,Jalapeño,Familiar,Menos De Q10,Sí,Sí,Inglaterra,Probablemente sí,Nueva Zelanda,Kylian Mbappé; Neymar Jr.,Una selección nacional,Descuento directo,No,Edición Brasil,Moderada,Casual,Jóvenes (<25)
60,2026-03-29,11:39:33,45 - 54 Años,Masculino,Guatemala,Santa Catarina Pinula,Empleado Privado,1 A 2 Veces Por Semana,Otro,Amigos,Menos De Q25,CrunchMax BBQ,Picante Chapín,Familiar,Q16 - Q20,No,Sí,Argentina,Tal vez,Brasil,Federico Valverde,Un jugador famoso,Descuento directo,No,Edición España,Sensible Al Precio,Espectador Pasivo,Adulto Maduro (35-54)
61,2026-02-06,16:19:28,55 Años O Más,Femenino,Guatemala,Mixco,Estudiante,3 A 5 Veces Por Semana,Otro,Familia,Q101 - Q150,CrunchMax BBQ,Picante Chapín,Para Compartir Entre 2 Personas,Q16 - Q20,No,Sí,Brasil,Definitivamente sí,Uruguay,Julián Álvarez; Neymar Jr.,Un jugador famoso,2x1,No,Edición Con Jugadores Famosos,Sensible Al Precio,Espectador Pasivo,Adulto Mayor (55+)
62,2026-04-15,22:05:23,55 Años O Más,Masculino,Escuintla,Palín,Estudiante,3 A 5 Veces Por Semana,Tienda de barrio,Amigos,Q51 - Q100,Hot Stadium Peanuts,Barbacoa,Individual,Q21 - Q30,No,Sí,Inglaterra,Definitivamente sí,Portugal,Rodri; Cristiano Ronaldo,Un jugador famoso,Sorteo de camisetas,Sí,Edición Mundial Fifa 2026,Moderada,Casual,Adulto Mayor (55+)
63,2026-04-16,16:26:02,18 - 24 Años,Femenino,Santa Rosa,Otro municipio,Profesional Independiente,Todos Los Días,Tienda de barrio,Familia,Q25 - Q50,Victory Pretzels; ChocoKick Bites,Picante Chapín,Para Compartir Entre 2 Personas,Q16 - Q20,Sí,Sí,Brasil,Probablemente no,México,Julián Álvarez; Cristiano Ronaldo,Un jugador famoso,Sorteo de balones,Sí,Edición Francia,Moderada,Casual,Jóvenes (<25)
64,2026-04-02,20:04:58,25 - 34 Años,Masculino,San Marcos,Otro municipio,Profesional Independiente,3 A 5 Veces Por Semana,,Compañeros de trabajo,Menos De Q25,Gol Nachos Supreme; FutbolMix; CrunchMax BBQ,Barbacoa,Individual,Menos De Q10,Sí,Sí,Austria,Probablemente sí,México,Lionel Messi; Jude Bellingham; Cristiano Ronaldo,Una selección nacional,Sorteo de camisetas,Sí,Edición Francia,Moderada,Fanático Target (Alto),Adulto Joven (25-34)
65,2026-04-27,12:41:53,Menos De 18 Años,Femenino,El Progreso,El Progreso,Jubilado,Varias Veces Al Mes,Gasolinera,Compañeros de trabajo,Q101 - Q150,Mundialitos Queso Picante; ChocoKick Bites,Salado Tradicional,Tamaño Fiesta O Reunión,Q10 - Q15,No,Sí,Argentina,Tal vez,México,Neymar Jr.,Historias de aficionados,Sorteo de camisetas,No,Edición Mundial Fifa 2026,Sensible Al Precio,Espectador Pasivo,Jóvenes (<25)
66,2026-02-21,15:38:32,25 - 34 Años,Femenino,Guatemala,Santa Catarina Pinula,Estudiante,1 A 2 Veces Por Semana,Supermercado,Compañeros de trabajo,Q51 - Q100,Gol Nachos Supreme,Limón,Individual,Q16 - Q20,Sí,Sí,Estados Unidos,Definitivamente no,Uruguay,Julián Álvarez; Cristiano Ronaldo,Un jugador famoso,2x1,No,Edición Inglaterra,Premium Alta,Espectador Pasivo,Adulto Joven (25-34)
67,2026-04-04,10:41:19,25 - 34 Años,Femenino,Guatemala,San Miguel Petapa,Empleado Privado,3 A 5 Veces Por Semana,Kiosco escolar/universitario,Familia,Q25 - Q50,Mundialitos Queso Picante; Victory Pretzels; FutbolMix,Salado Tradicional,Familiar,Q16 - Q20,Sí,Sí,Türkiye,Definitivamente sí,Alemania,Lionel Messi; Vinícius Júnior,Un jugador famoso,2x1,Sí,Edición Mundial Fifa 2026,Moderada,Casual,Adulto Joven (25-34)
68,2026-01-15,20:39:40,Menos De 18 Años,Femenino,Escuintla,Escuintla,Ama De Casa,Varias Veces Al Mes,Tienda de barrio,Solo,Q25 - Q50,ChocoKick Bites; Gol Nachos Supreme,Caramelo,Familiar,Q16 - Q20,No,Sí,México,Tal vez,Portugal,Lionel Messi; Kylian Mbappé,Un jugador famoso,Sorteo de camisetas,No,Edición Mundial Fifa 2026,Moderada,Espectador Pasivo,Jóvenes (<25)
69,2026-03-15,15:35:21,18 - 24 Años,Masculino,Guatemala,Mixco,Empresario,1 A 2 Veces Por Semana,Kiosco escolar/universitario,Otro,Q51 - Q100,FutbolMix,Limón,Tamaño Fiesta O Reunión,Q10 - Q15,Sí,Sí,España,Definitivamente no,Brasil,Neymar Jr.; Lionel Messi,Premios y sorteos,Sorteo de viajes,No,Edición Argentina,Premium Alta,Espectador Pasivo,Jóvenes (<25)
70,2026-02-26,18:48:18,45 - 54 Años,Masculino,Guatemala,Villa Nueva,Estudiante,3 A 5 Veces Por Semana,Supermercado,Amigos,Q51 - Q100,FutbolMix; Fan Chips Jalapeño,Jalapeño,Familiar,Q16 - Q20,Sí,Sí,Japón,Tal vez,España,Kylian Mbappé; Christian Pulisic,Una selección nacional,Producto gratis,Sí,Edición Argentina,Premium Alta,Casual,Adulto Maduro (35-54)
71,2026-01-27,07:04:36,45 - 54 Años,Femenino,Escuintla,Escuintla,Profesional Independiente,1 A 2 Veces Por Semana,Gasolinera,Amigos,Q25 - Q50,FutbolMix,Limón,Familiar,Q10 - Q15,Sí,Sí,Argentina,Probablemente no,España,Neymar Jr.; Kylian Mbappé,Premios y sorteos,2x1,Sí,Edición Con Jugadores Famosos,Moderada,Casual,Adulto Maduro (35-54)
72,2026-05-01,15:20:49,45 - 54 Años,Femenino,Guatemala,Mixco,,3 A 5 Veces Por Semana,Supermercado,Familia,Menos De Q25,ChocoKick Bites; Victory Pretzels,Chocolate,Familiar,Q10 - Q15,Sí,Sí,Inglaterra,Probablemente no,Francia,Lionel Messi; Lamine Yamal; Harry Kane,Premios y sorteos,Descuento directo,Sí,Edición Con Tarjetas Coleccionables,Moderada,Casual,Adulto Maduro (35-54)
73,2026-02-07,12:46:28,18 - 24 Años,Femenino,Guatemala,Villa Nueva,Estudiante,1 A 2 Veces Por Semana,Supermercado,Amigos,Q25 - Q50,ChocoKick Bites; Hot Stadium Peanuts,Limón,Para Compartir Entre 2 Personas,Menos De Q10,No,Sí,Brasil,Definitivamente sí,Argentina,Lionel Messi; Ninguno,Humor,Tarjetas coleccionables,No,Edición España,Moderada,Espectador Pasivo,Jóvenes (<25)
74,2026-04-16,16:04:50,18 - 24 Años,Femenino,Guatemala,Guatemala,Empleado Público,3 A 5 Veces Por Semana,Tienda de barrio,Familia,Más De Q150,Fan Chips Jalapeño,Salado Tradicional,Tamaño Fiesta O Reunión,Q10 - Q15,Sí,No,Noruega,Tal vez,Colombia,Vinícius Júnior,Humor,Sorteo de viajes,No,Edición Brasil,Moderada,Espectador Pasivo,Jóvenes (<25)
75,2026-01-19,08:45:23,25 - 34 Años,Masculino,Quetzaltenango,Olintepeque,Profesional Independiente,Todos Los Días,Tienda de barrio,Amigos,Menos De Q25,Caramel Goal Popcorn; FutbolMix; Mundialitos Queso Picante,Caramelo,Individual,Q16 - Q20,No,Sí, BRASIL ,Probablemente no,Argentina,Kylian Mbappé; Cristiano Ronaldo,Premios y sorteos,Tarjetas coleccionables,Sí,Edición España,Sensible Al Precio,Casual,Adulto Joven (25-34)
76,2026-03-02,17:16:39,25 - 34 Años,Femenino,Guatemala,San Miguel Petapa,Empleado Privado,3 A 5 Veces Por Semana,Tienda de barrio,Amigos,Q51 - Q100,CrunchMax BBQ,Chocolate,Individual,Menos De Q10,No,Sí,Alemania,Probablemente sí,Argentina,Lionel Messi; Federico Valverde; Vinícius Júnior,Una selección nacional,2x1,No,Edición Brasil,Moderada,Casual,Adulto Joven (25-34)
77,2026-05-05,18:39:40,25 - 34 Años,Masculino,Retalhuleu,Otro municipio,Empleado Privado,Varias Veces Al Mes,Tienda de barrio,Amigos,Q25 - Q50,Caramel Goal Popcorn; CrunchMax BBQ; ChocoKick Bites,Caramelo,Individual,Q21 - Q30,Sí,Sí,Estados Unidos,Probablemente sí,Brasil,Cristiano Ronaldo; Neymar Jr.,Historias de aficionados,Descuento directo,No,Edición Mundial Fifa 2026,Moderada,Casual,Adulto Joven (25-34)
78,2026-04-15,22:25:07,45 - 54 Años,Femenino,Guatemala,Santa Catarina Pinula,Jubilado,1 A 2 Veces Por Semana,Supermercado,Amigos,Q25 - Q50,CrunchMax BBQ; Mundialitos Queso Picante,Picante Chapín,Individual,Q16 - Q20,Sí,Sí,Colombia,Probablemente sí, ESTADOS UNIDOS ,Jude Bellingham; Lionel Messi; Lamine Yamal,Un jugador famoso,Tarjetas coleccionables,No,Edición Brasil,Moderada,Casual,Adulto Maduro (35-54)
79,2026-01-11,15:13:07,25 - 34 Años,Femenino,Guatemala,Mixco,Ama De Casa,3 A 5 Veces Por Semana,Supermercado,Familia,Q25 - Q50,Caramel Goal Popcorn,Picante Chapín,Individual,,Sí,Sí,Brasil,Probablemente sí,Bosnia y Herzegovina,Harry Kane; Cristiano Ronaldo,Una selección nacional,Sorteo de viajes,Sí,Edición Inglaterra,Moderada,Fanático Target (Alto),Adulto Joven (25-34)
80,2026-03-24,13:33:14,25 - 34 Años,Masculino,Guatemala,Guatemala,Empleado Privado,1 A 2 Veces Por Semana,Tienda de barrio,Otro,Menos De Q25,Gol Nachos Supreme; CrunchMax BBQ,Salado Tradicional,Para Compartir Entre 2 Personas,Q16 - Q20,No,Sí,Inglaterra,Definitivamente sí,Irán,Kylian Mbappé; Christian Pulisic,Un jugador famoso,Sorteo de viajes,No,Edición Inglaterra,Sensible Al Precio,Espectador Pasivo,Adulto Joven (25-34)
81,2026-03-09,20:45:03,25 - 34 Años,Masculino,Retalhuleu,Otro municipio,Jubilado,1 A 2 Veces Por Semana,Supermercado,Familia,Menos De Q25,FutbolMix; Fan Chips Jalapeño,Caramelo,Individual,Q16 - Q20,Sí,Sí,Alemania,Probablemente no,Colombia,Neymar Jr.; Kylian Mbappé; Vinícius Júnior,Una selección nacional,Tarjetas coleccionables,No,Edición España,Moderada,Espectador Pasivo,Adulto Joven (25-34)
82,2026-04-07,13:00:52,45 - 54 Años,Masculino,Guatemala,Villa Nueva,Empleado Privado,1 A 2 Veces Por Semana,Supermercado,Amigos,Menos De Q25,Caramel Goal Popcorn; Gol Nachos Supreme,Jalapeño,Para Compartir Entre 2 Personas,Q16 - Q20,Sí,No,España,Tal vez,Brasil,Neymar Jr.,Humor,Sorteo de camisetas,Sí,Edición Mundial Fifa 2026,Moderada,Espectador Pasivo,Adulto Maduro (35-54)
83,2026-04-14,09:29:14,25 - 34 Años,Femenino,Quetzaltenango,Coatepeque,Estudiante,Varias Veces Al Mes,Kiosco escolar/universitario,Familia,Menos De Q25,Gol Nachos Supreme; CrunchMax BBQ; FutbolMix,Limón,Tamaño Fiesta O Reunión,Q10 - Q15,Sí,Sí,México,Tal vez, ESPAÑA ,Kylian Mbappé; Jude Bellingham,Un jugador famoso,Sorteo de viajes,Sí,Edición Con Jugadores Famosos,Moderada,Casual,Adulto Joven (25-34)
84,2026-05-05,20:39:30,25 - 34 Años,Femenino,Guatemala,San Miguel Petapa,Ama De Casa,Rara Vez,Gasolinera,Familia,Q51 - Q100,Victory Pretzels; Mundialitos Queso Picante; CrunchMax BBQ,Barbacoa,Familiar,Q21 - Q30,No,Sí,México,Definitivamente sí,Portugal,Neymar Jr.; Lionel Messi,Historias de aficionados,2x1,Sí,Edición España,Moderada,Casual,Adulto Joven (25-34)
85,2026-01-24,16:41:54,25 - 34 Años,Femenino,Guatemala,San Miguel Petapa,Empleado Privado,3 A 5 Veces Por Semana,Supermercado,Amigos,Q51 - Q100,Mundialitos Queso Picante; Fan Chips Jalapeño; FutbolMix,Picante Chapín,Tamaño Fiesta O Reunión,Q21 - Q30,Sí,Sí,Colombia,Probablemente sí,Argentina,Lionel Messi,Una selección nacional,Tarjetas coleccionables,Sí,Edición Brasil,Premium Alta,Fanático Target (Alto),Adulto Joven (25-34)
86,2026-01-15,16:30:03,Menos De 18 Años,Femenino,Quetzaltenango,Olintepeque,Estudiante,Varias Veces Al Mes,Supermercado,Compañeros de trabajo,Más De Q150,Gol Nachos Supreme; Hot Stadium Peanuts,Picante Chapín,Tamaño Fiesta O Reunión,Q10 - Q15,Sí,Sí,Brasil,Probablemente sí,México,Christian Pulisic; Kylian Mbappé,Una selección nacional,2x1,Sí,Edición Mundial Fifa 2026,Moderada,Fanático Target (Alto),Jóvenes (<25)
87,2026-03-24,11:35:42,55 Años O Más,Femenino,Chimaltenango,Tecpán Guatemala,Comerciante,1 A 2 Veces Por Semana,Tienda de barrio,Otro,Q51 - Q100,ChocoKick Bites; Fan Chips Jalapeño; CrunchMax BBQ,Queso,Familiar,Más De Q30,No,Sí,Brasil,Tal vez,Argentina,Neymar Jr.,Premios y sorteos,Sorteo de camisetas,Sí,Edición Con Jugadores Famosos,Moderada,Casual,Adulto Mayor (55+)
88,2026-02-01,09:58:01,35 - 44 Años,Masculino,Quetzaltenango,Coatepeque,Estudiante,1 A 2 Veces Por Semana,Aplicación de delivery,Amigos,Más De Q150,CrunchMax BBQ; Fan Chips Jalapeño,Jalapeño,Tamaño Fiesta O Reunión,Q10 - Q15,Sí,Sí,Portugal,Definitivamente sí,México,Cristiano Ronaldo; Lamine Yamal; Neymar Jr.,Una selección nacional,Sorteo de balones,No,Edición Con Tarjetas Coleccionables,Moderada,Espectador Pasivo,Adulto Maduro (35-54)
89,2026-05-10,13:03:27,Menos De 18 Años,Femenino,Guatemala,Guatemala,Empresario,3 A 5 Veces Por Semana,Supermercado,Familia,Menos De Q25,CrunchMax BBQ; Fan Chips Jalapeño,Limón,Tamaño Fiesta O Reunión,Más De Q30,No,No,Alemania,Probablemente sí,,Lionel Messi; Jude Bellingham; Cristiano Ronaldo,Un jugador famoso,Descuento directo,Sí,Edición Argentina,Sensible Al Precio,Espectador Pasivo,Jóvenes (<25)
90,2026-04-29,07:02:05,55 Años O Más,Femenino,Guatemala,,Ama De Casa,Todos Los Días,Aplicación de delivery,Familia,Q25 - Q50,Caramel Goal Popcorn; Fan Chips Jalapeño; Hot Stadium Peanuts,Queso,Familiar,Q10 - Q15,No,Sí,Colombia,Probablemente sí,Francia,Cristiano Ronaldo,Humor,Sorteo de balones,Sí,Edición Francia,Moderada,Fanático Target (Alto),Adulto Mayor (55+)
91,2026-03-05,18:44:08,18 - 24 Años,Femenino,Petén,Flores,Comerciante,3 A 5 Veces Por Semana,Supermercado,Familia,Menos De Q25,Victory Pretzels; Fan Chips Jalapeño,Limón,Tamaño Fiesta O Reunión,Q16 - Q20,Sí,Sí,Portugal,Probablemente sí,Argentina,Lionel Messi,Una selección nacional,Producto gratis,Sí,Edición Con Tarjetas Coleccionables,Moderada,Fanático Target (Alto),Jóvenes (<25)
92,2026-02-16,12:18:19,18 - 24 Años,Femenino,Guatemala,Guatemala,Estudiante,3 A 5 Veces Por Semana,Otro,Familia,Q101 - Q150,CrunchMax BBQ,Queso,Tamaño Fiesta O Reunión,Q21 - Q30,No,Sí,Brasil,Definitivamente sí,México,Harry Kane; Cristiano Ronaldo; Vinícius Júnior,Historias de aficionados,Descuento directo,No,Edición Brasil,Sensible Al Precio,Espectador Pasivo,Jóvenes (<25)
93,2026-04-18,09:49:07,45 - 54 Años,Masculino,Guatemala,Guatemala,Comerciante,3 A 5 Veces Por Semana,Supermercado,Familia,Menos De Q25,Victory Pretzels; Gol Nachos Supreme; Caramel Goal Popcorn,Jalapeño,Familiar,Q16 - Q20,Sí,No,Suecia,Definitivamente no,Portugal,Cristiano Ronaldo; Vinícius Júnior,Una selección nacional,Descuento directo,Sí,Edición Mundial Fifa 2026,Moderada,Espectador Pasivo,Adulto Maduro (35-54)
94,2026-03-13,08:33:49,35 - 44 Años,Femenino,Guatemala,San Miguel Petapa,Empleado Privado,Todos Los Días,Gasolinera,Compañeros de trabajo,Q25 - Q50,Fan Chips Jalapeño,Chocolate,Individual,Q21 - Q30,No,No,Argentina,Probablemente no,Portugal,Cristiano Ronaldo; Neymar Jr.; Lamine Yamal,Premios y sorteos,Sorteo de balones,Sí,Edición Mundial Fifa 2026,Moderada,Espectador Pasivo,Adulto Maduro (35-54)
95,2026-03-18,07:22:43,25 - 34 Años,Masculino,Guatemala,Guatemala,Ama De Casa,Varias Veces Al Mes,Otro,Familia,Más De Q150,Fan Chips Jalapeño; CrunchMax BBQ,Limón,Individual,Menos De Q10,Sí,Sí,España,Definitivamente sí,Austria,Lionel Messi; Alphonso Davies; Neymar Jr.,Un jugador famoso,Sorteo de viajes,No,Edición Mundial Fifa 2026,Moderada,Espectador Pasivo,Adulto Joven (25-34)
96,2026-04-07,08:03:07,45 - 54 Años,Masculino,Alta Verapaz,Cabecera municipal,Empleado Público,Varias Veces Al Mes,Kiosco escolar/universitario,Familia,Menos De Q25,Energy Crunch Protein,Jalapeño,Para Compartir Entre 2 Personas,Menos De Q10,Sí,Sí,España,Probablemente sí,Alemania,Vinícius Júnior; Federico Valverde,Un jugador famoso,2x1,Sí,Edición Francia,Moderada,Fanático Target (Alto),Adulto Maduro (35-54)
97,2026-04-17,08:17:23,25 - 34 Años,Masculino,El Progreso,El Progreso,Jubilado,Todos Los Días,Aplicación de delivery,Amigos,Q51 - Q100,Victory Pretzels; CrunchMax BBQ; Caramel Goal Popcorn,Picante Chapín,Tamaño Fiesta O Reunión,Q21 - Q30,Sí,Sí,Portugal,Definitivamente sí,España,Cristiano Ronaldo,Una selección nacional,Tarjetas coleccionables,Sí,Edición Mundial Fifa 2026,Premium Alta,Casual,Adulto Joven (25-34)
98,2026-02-24,20:42:43,35 - 44 Años,Femenino,Guatemala,Mixco,Estudiante,1 A 2 Veces Por Semana,Tienda de barrio,Amigos,Q51 - Q100,Gol Nachos Supreme; Mundialitos Queso Picante,Limón,Individual,Q16 - Q20,Sí,Sí,México,Probablemente sí,Curaçao,Cristiano Ronaldo,Premios y sorteos,Tarjetas coleccionables,No,Edición Francia,Premium Alta,Casual,Adulto Maduro (35-54)
99,2026-02-13,14:21:09,25 - 34 Años,Femenino,Totonicapán,Otro municipio,Empleado Privado,3 A 5 Veces Por Semana,Tienda de barrio,Compañeros de trabajo,Menos De Q25,FutbolMix,Picante Chapín,Tamaño Fiesta O Reunión,Q16 - Q20,Sí,Sí,Argentina,Definitivamente no,México,Lionel Messi,Humor,2x1,No,Edición Brasil,Moderada,Espectador Pasivo,Adulto Joven (25-34)
100,2026-04-30,20:40:47,55 Años O Más,Masculino,Escuintla,Santa Lucía Cotzumalguapa,Empleado Privado,3 A 5 Veces Por Semana,Supermercado,Familia,Menos De Q25,Mundialitos Queso Picante,Barbacoa,Individual,Q16 - Q20,Sí,Sí,México,Definitivamente sí,Brasil,Lionel Messi; Neymar Jr.; Cristiano Ronaldo,Premios y sorteos,Tarjetas coleccionables,Sí,Edición Con Jugadores Famosos,Moderada,Casual,Adulto Mayor (55+)
101,2026-01-16,14:15:41,18 - 24 Años,Masculino,Escuintla,Escuintla,Empleado Privado,Varias Veces Al Mes,Tienda de barrio,Amigos,Q51 - Q100,Victory Pretzels; Mundialitos Queso Picante; Fan Chips Jalapeño,Limón,Individual,Q10 - Q15,Sí,Sí,Colombia,Tal vez,Irán,Harry Kane; Lionel Messi,Humor,2x1,No,Edición Con Jugadores Famosos,Premium Alta,Espectador Pasivo,Jóvenes (<25)
102,2026-05-10,12:13:31,35 - 44 Años,Femenino,Escuintla,Palín,Empleado Privado,1 A 2 Veces Por Semana,Tienda de barrio,Familia,Q25 - Q50,FutbolMix; Fan Chips Jalapeño,Dulce,Individual,Q21 - Q30,No,Sí,Portugal,Probablemente sí,Argentina,Jude Bellingham,Un jugador famoso,2x1,No,Edición Argentina,Moderada,Casual,Adulto Maduro (35-54)
103,2026-03-30,13:59:45,55 Años O Más,Femenino,Alta Verapaz,Otro municipio,Empresario,Todos Los Días,Tienda de barrio,Amigos,Q51 - Q100,Fan Chips Jalapeño,,Individual,Q16 - Q20,Sí,Sí,Francia,Probablemente sí,Brasil,Lamine Yamal; Lionel Messi; Kylian Mbappé,Premios y sorteos,Tarjetas coleccionables,Sí,Edición Inglaterra,Premium Alta,Fanático Target (Alto),Adulto Mayor (55+)
104,2026-03-29,17:45:36,25 - 34 Años,Masculino,Guatemala,San Miguel Petapa,Estudiante,3 A 5 Veces Por Semana,Gasolinera,Familia,Más De Q150,Caramel Goal Popcorn,Picante Chapín,Tamaño Fiesta O Reunión,Q21 - Q30,Sí,No,Panamá,Definitivamente sí,Portugal,Neymar Jr.; Cristiano Ronaldo; Federico Valverde,Un jugador famoso,Sorteo de camisetas,No,Edición Con Jugadores Famosos,Moderada,Espectador Pasivo,Adulto Joven (25-34)
105,2026-02-05,18:15:46,35 - 44 Años,Masculino,Guatemala,Villa Nueva,Ama De Casa,Todos Los Días,Supermercado,Familia,Q51 - Q100,ChocoKick Bites; Caramel Goal Popcorn; CrunchMax BBQ,Limón,Familiar,Q10 - Q15,No,Sí,Francia,Probablemente sí,Alemania,Lamine Yamal; Vinícius Júnior,Humor,Sorteo de viajes,No,Edición Con Jugadores Famosos,Moderada,Casual,Adulto Maduro (35-54)
106,2026-03-12,09:49:06,35 - 44 Años,Masculino,El Progreso,Otro municipio,Empleado Público,3 A 5 Veces Por Semana,Gasolinera,Familia,Q101 - Q150,CrunchMax BBQ,Barbacoa,Para Compartir Entre 2 Personas,Q16 - Q20,Sí,Sí,Noruega,Definitivamente sí,Portugal,Lionel Messi; Vinícius Júnior; Harry Kane,Un jugador famoso,Sorteo de viajes,No,Edición Argentina,Moderada,Espectador Pasivo,Adulto Maduro (35-54)
107,2026-03-25,19:17:25,35 - 44 Años,Femenino,Guatemala,Villa Nueva,Empleado Privado,Todos Los Días,Supermercado,Amigos,Q25 - Q50,Energy Crunch Protein,Queso,Familiar,Q21 - Q30,Sí,Sí,Estados Unidos,Probablemente sí,Argentina,Cristiano Ronaldo; Lamine Yamal,Historias de aficionados,Descuento directo,No,Edición Argentina,Moderada,Casual,Adulto Maduro (35-54)
108,2026-03-13,07:04:47,18 - 24 Años,Femenino,Sacatepéquez,Ciudad Vieja,Empleado Privado,1 A 2 Veces Por Semana,Gasolinera,Familia,Q25 - Q50,Gol Nachos Supreme,Barbacoa,Individual,Q10 - Q15,No,Sí,Argentina,Definitivamente sí,Estados Unidos,Kylian Mbappé; Lionel Messi,Un jugador famoso,Descuento directo,Sí,Edición España,Moderada,Casual,Jóvenes (<25)
109,2026-01-15,21:17:32,18 - 24 Años,Femenino,Guatemala,Villa Nueva,Empleado Privado,Varias Veces Al Mes,Supermercado,Amigos,Q101 - Q150,Gol Nachos Supreme; ChocoKick Bites; Mundialitos Queso Picante,Queso,Para Compartir Entre 2 Personas,Q10 - Q15,No,No,Inglaterra,Definitivamente sí,México,Julián Álvarez; Alphonso Davies,Una selección nacional,Producto gratis,No,Edición Argentina,Sensible Al Precio,Espectador Pasivo,Jóvenes (<25)
110,2026-02-13,21:25:41,25 - 34 Años,Femenino,Escuintla,Escuintla,Estudiante,Todos Los Días,Supermercado,Familia,Q51 - Q100,Hot Stadium Peanuts; Fan Chips Jalapeño; Victory Pretzels,Barbacoa,Familiar,Q16 - Q20,Sí,Sí,Argentina,Probablemente sí,Brasil,Kylian Mbappé; Cristiano Ronaldo,Historias de aficionados,Sorteo de camisetas,Sí,Edición Con Tarjetas Coleccionables,Premium Alta,Fanático Target (Alto),Adulto Joven (25-34)
111,2026-01-24,08:15:47,Menos De 18 Años,Masculino,Escuintla,Santa Lucía Cotzumalguapa,Profesional Independiente,Varias Veces Al Mes,Kiosco escolar/universitario,Amigos,Q101 - Q150,ChocoKick Bites; CrunchMax BBQ; Hot Stadium Peanuts,Barbacoa,Tamaño Fiesta O Reunión,Menos De Q10,No,Sí,Brasil,Probablemente sí,Inglaterra,Vinícius Júnior; Cristiano Ronaldo; Federico Valverde,Una selección nacional,2x1,Sí,Edición Brasil,Sensible Al Precio,Fanático Target (Alto),Jóvenes (<25)
112,2026-03-19,09:58:39,25 - 34 Años,Masculino,Alta Verapaz,Alta Verapaz,Estudiante,Todos Los Días,Kiosco escolar/universitario,Amigos,Q101 - Q150,Fan Chips Jalapeño,Salado Tradicional,Tamaño Fiesta O Reunión,Q16 - Q20,Sí,No,Argentina,Probablemente sí,México,Jude Bellingham; Cristiano Ronaldo; Lamine Yamal,Un jugador famoso,Producto gratis,Sí,Edición Brasil,Moderada,Espectador Pasivo,Adulto Joven (25-34)
113,2026-03-21,18:00:39,45 - 54 Años,Femenino,Sololá,Cabecera municipal,Profesional Independiente,Todos Los Días,Kiosco escolar/universitario,Familia,Q51 - Q100,Gol Nachos Supreme,Queso,Tamaño Fiesta O Reunión,Q21 - Q30,Sí,Sí, ALEMANIA ,Probablemente no,Brasil,Kylian Mbappé; Lionel Messi; Vinícius Júnior,Una selección nacional,Descuento directo,Sí,Edición Mundial Fifa 2026,Premium Alta,Casual,Adulto Maduro (35-54)
114,2026-02-14,15:27:49,18 - 24 Años,Masculino,Izabal,Izabal,Empleado Privado,3 A 5 Veces Por Semana,Aplicación de delivery,Familia,Q51 - Q100,Caramel Goal Popcorn; Mundialitos Queso Picante; CrunchMax BBQ,Salado Tradicional,Para Compartir Entre 2 Personas,Q10 - Q15,Sí,Sí,España,Tal vez,Francia,Lionel Messi; Cristiano Ronaldo,Un jugador famoso,Producto gratis,No,Edición Con Tarjetas Coleccionables,Premium Alta,Espectador Pasivo,Jóvenes (<25)
115,2026-04-14,12:50:46,35 - 44 Años,Femenino,Guatemala,Mixco,Empleado Privado,1 A 2 Veces Por Semana,Tienda de barrio,Solo,Q25 - Q50,Gol Nachos Supreme; FutbolMix,Chocolate,Tamaño Fiesta O Reunión,Más De Q30,No,Sí,Estados Unidos,Probablemente sí,Argentina,Lamine Yamal,Un jugador famoso,Sorteo de viajes,No,Edición Con Tarjetas Coleccionables,Moderada,Casual,Adulto Maduro (35-54)
116,2026-04-26,13:45:33,18 - 24 Años,Femenino,El Progreso,El Progreso,Empleado Privado,Varias Veces Al Mes,Supermercado,Solo,Q25 - Q50,Gol Nachos Supreme; CrunchMax BBQ; ChocoKick Bites,Dulce,Individual,Q10 - Q15,No,Sí,Inglaterra,Definitivamente sí,Brasil,Lamine Yamal,Humor,2x1,No,Edición Francia,Moderada,Espectador Pasivo,Jóvenes (<25)
117,2026-04-17,17:20:43,25 - 34 Años,Femenino,Zacapa,Zacapa,Empleado Público,Varias Veces Al Mes,Tienda de barrio,Familia,Q51 - Q100,Mundialitos Queso Picante; Fan Chips Jalapeño; CrunchMax BBQ,Picante Chapín,Individual,Q21 - Q30,Sí,Sí,España,Tal vez,México,Jude Bellingham; Cristiano Ronaldo,Un jugador famoso,Descuento directo,Sí,Edición Mundial Fifa 2026,Premium Alta,Casual,Adulto Joven (25-34)
118,2026-04-09,20:56:50,Menos De 18 Años,Femenino,Guatemala,Santa Catarina Pinula,Empleado Privado,3 A 5 Veces Por Semana,Supermercado,Familia,Q51 - Q100,FutbolMix,Barbacoa,Tamaño Fiesta O Reunión,Q10 - Q15,No,No,México,Definitivamente sí,Brasil,Neymar Jr.; Lamine Yamal,Una selección nacional,2x1,Sí,Edición Inglaterra,Moderada,Espectador Pasivo,Jóvenes (<25)
119,2026-01-31,09:56:14,18 - 24 Años,Femenino,Guate,Santa Catarina Pinula,Empleado Privado,Todos Los Días,Otro,Familia,Q101 - Q150,Mundialitos Queso Picante; FutbolMix,Queso,Familiar,Q10 - Q15,Sí,Sí,México,Probablemente sí,Estados Unidos,Lionel Messi,Humor,2x1,No,Edición España,Moderada,Casual,Jóvenes (<25)
120,2026-04-25,19:09:54,18 - 24 Años,Masculino,Guatemala,Guatemala,Empleado Privado,Varias Veces Al Mes,Gasolinera,Amigos,Q51 - Q100,ChocoKick Bites; FutbolMix; Mundialitos Queso Picante,Jalapeño,Individual,Menos De Q10,Sí,Sí,Brasil,Definitivamente sí,Argentina,Cristiano Ronaldo; Kylian Mbappé,Historias de aficionados,2x1,Sí,Edición Argentina,Premium Alta,Casual,Jóvenes (<25)
121,2026-04-01,19:47:19,18 - 24 Años,Femenino,Chiquimula,Chiquimula,Estudiante,Todos Los Días,Kiosco escolar/universitario,Familia,Q25 - Q50,CrunchMax BBQ,Salado Tradicional,Tamaño Fiesta O Reunión,Más De Q30,Sí,Sí,Inglaterra,Tal vez, BRASIL ,Ninguno,Premios y sorteos,Sorteo de camisetas,Sí,Edición España,Moderada,Casual,Jóvenes (<25)
122,2026-01-13,12:47:13,25 - 34 Años,Masculino,Huehuetenango,Huehuetenango,Ama De Casa,Todos Los Días,Aplicación de delivery,Familia,Q25 - Q50,Fan Chips Jalapeño; Victory Pretzels,Salado Tradicional,Para Compartir Entre 2 Personas,Q16 - Q20,Sí,Sí,España,Definitivamente no,España,Neymar Jr.; Kylian Mbappé; Cristiano Ronaldo,Un jugador famoso,Sorteo de viajes,Sí,Edición Inglaterra,Moderada,Casual,Adulto Joven (25-34)
123,2026-04-03,12:00:59,25 - 34 Años,Femenino,Chimaltenango, CHIMALTENANGO ,Estudiante,1 A 2 Veces Por Semana,Aplicación de delivery,Familia,Q25 - Q50,Mundialitos Queso Picante; Gol Nachos Supreme,Chocolate,Individual,Más De Q30,Sí,Sí,Argentina,Definitivamente sí,Brasil,Federico Valverde; Harry Kane,Una selección nacional,Sorteo de viajes,Sí,Edición España,Moderada,Casual,Adulto Joven (25-34)
124,2026-02-18,12:27:19,Menos De 18 Años,Prefiero No Indicarlo,Sacatepéquez,Antigua Guatemala,Empleado Privado,Varias Veces Al Mes,Supermercado,Compañeros de trabajo,Q51 - Q100,Fan Chips Jalapeño; Mundialitos Queso Picante; Victory Pretzels,Queso,Familiar,Q16 - Q20,Sí,Sí,México,Probablemente sí,Portugal,Jude Bellingham,Humor,Sorteo de camisetas,No,Edición Brasil,Premium Alta,Casual,Jóvenes (<25)
125,2026-03-20,18:05:01,45 - 54 Años,Masculino,Guatemala,Santa Catarina Pinula,Estudiante,Varias Veces Al Mes,Kiosco escolar/universitario,Familia,Q25 - Q50,Fan Chips Jalapeño,Queso,Familiar,Q21 - Q30,Sí,Sí,Brasil,Definitivamente sí,Brasil,Jude Bellingham,Humor,Sorteo de balones,No,Edición Con Jugadores Famosos,Moderada,Espectador Pasivo,Adulto Maduro (35-54)
126,2026-02-18,22:50:24,25 - 34 Años,Masculino,Chimaltenango,Chimaltenango,Empleado Privado,1 A 2 Veces Por Semana,Tienda de barrio,Compañeros de trabajo,Q51 - Q100,Caramel Goal Popcorn,Chocolate,Familiar,Q10 - Q15,Sí,Sí,Alemania,Probablemente sí,España,Cristiano Ronaldo,Un jugador famoso,Producto gratis,Sí,Edición Mundial Fifa 2026,Premium Alta,Fanático Target (Alto),Adulto Joven (25-34)
127,2026-02-23,18:41:55,25 - 34 Años,Masculino,Escuintla,Palín,Profesional Independiente,3 A 5 Veces Por Semana,Supermercado,Compañeros de trabajo,Q51 - Q100,FutbolMix; Victory Pretzels; Fan Chips Jalapeño,Salado Tradicional,Para Compartir Entre 2 Personas,Q16 - Q20,No,Sí,México,Definitivamente sí,Argentina,Lionel Messi; Kylian Mbappé,Un jugador famoso,Tarjetas coleccionables,Sí,Edición Con Tarjetas Coleccionables,Moderada,Casual,Adulto Joven (25-34)
128,2026-01-31,16:11:37,35 - 44 Años,Femenino,Guatemala,Guatemala,Ama De Casa,Varias Veces Al Mes,Otro,Familia,Q25 - Q50,CrunchMax BBQ; FutbolMix; Gol Nachos Supreme,Caramelo,Tamaño Fiesta O Reunión,Más De Q30,Sí,Sí,Estados Unidos,Probablemente no,Estados Unidos,Julián Álvarez; Vinícius Júnior,Una selección nacional,2x1,Sí,Edición Con Jugadores Famosos,Moderada,Casual,Adulto Maduro (35-54)
129,2026-03-10,21:32:23,45 - 54 Años,Femenino,Petén,Poptún,Empleado Privado,Varias Veces Al Mes,Supermercado,Familia,Q25 - Q50,Victory Pretzels; CrunchMax BBQ; Mundialitos Queso Picante,Limón,Tamaño Fiesta O Reunión,Menos De Q10,No,Sí,España,Probablemente no,Estados Unidos,Kylian Mbappé; Lionel Messi,Una selección nacional,Descuento directo,Sí,Edición Con Jugadores Famosos,Moderada,Casual,Adulto Maduro (35-54)
130,2026-01-28,18:08:16,18 - 24 Años,Femenino,Escuintla,Santa Lucía Cotzumalguapa,Comerciante,1 A 2 Veces Por Semana,Otro,Amigos,Más De Q150,Caramel Goal Popcorn,Limón,Individual,Q10 - Q15,Sí,Sí,Portugal,Probablemente sí,Argentina,Vinícius Júnior; Julián Álvarez,Una selección nacional,Tarjetas coleccionables,Sí,Edición Inglaterra,Moderada,Fanático Target (Alto),Jóvenes (<25)
131,2026-03-22,18:28:25,25 - 34 Años,Femenino,Guatemala,Santa Catarina Pinula,Empleado Privado,3 A 5 Veces Por Semana,Supermercado,Familia,Q51 - Q100,Mundialitos Queso Picante,Picante Chapín,Individual,Q10 - Q15,Sí,Sí,México,Probablemente sí,Argentina,Vinícius Júnior; Ninguno,Un jugador famoso,Tarjetas coleccionables,No,Edición Brasil,Premium Alta,Casual,Adulto Joven (25-34)
132,2026-03-06,12:28:32,18 - 24 Años,Masculino,Retalhuleu,Retalhuleu,Otro,Varias Veces Al Mes,Supermercado,Amigos,Menos De Q25,Mundialitos Queso Picante; Caramel Goal Popcorn; Gol Nachos Supreme,Queso,Individual,Q21 - Q30,Sí,Sí,Portugal,Probablemente sí,México,Kylian Mbappé; Lionel Messi,Premios y sorteos,Descuento directo,Sí,Edición Con Jugadores Famosos,Moderada,Fanático Target (Alto),Jóvenes (<25)
133,2026-02-19,07:07:31,25 - 34 Años,Masculino,Sololá,Cabecera municipal,Empleado Privado,3 A 5 Veces Por Semana,Aplicación de delivery,Compañeros de trabajo,Q25 - Q50,CrunchMax BBQ; Mundialitos Queso Picante; Fan Chips Jalapeño,Caramelo,Familiar,Q10 - Q15,Sí,Sí,Inglaterra,Probablemente sí,México,Kylian Mbappé,Premios y sorteos,Descuento directo,No,Edición Con Tarjetas Coleccionables,Moderada,Casual,Adulto Joven (25-34)
134,2026-04-27,11:34:20,18 - 24 Años,Masculino,Escuintla,Santa Lucía Cotzumalguapa,Empleado Privado,1 A 2 Veces Por Semana,Supermercado,Amigos,Q101 - Q150,Gol Nachos Supreme; Mundialitos Queso Picante,Jalapeño,Individual,Q21 - Q30,No,Sí,Brasil,Probablemente sí,Inglaterra,Neymar Jr.; Jude Bellingham; Kylian Mbappé,Historias de aficionados,Sorteo de viajes,Sí,Edición Inglaterra,Sensible Al Precio,Fanático Target (Alto),Jóvenes (<25)
135,2026-05-09,22:28:55,35 - 44 Años,Prefiero No Indicarlo,Alta Verapaz,Otro municipio,Profesional Independiente,1 A 2 Veces Por Semana,Aplicación de delivery,Familia,Q101 - Q150,Caramel Goal Popcorn; Hot Stadium Peanuts,Salado Tradicional,Para Compartir Entre 2 Personas,Q10 - Q15,No,Sí,Argentina,Probablemente sí,España,Lionel Messi; Christian Pulisic,Historias de aficionados,2x1,No,Edición Con Jugadores Famosos,Sensible Al Precio,Casual,Adulto Maduro (35-54)
136,2026-04-04,13:53:45,18 - 24 Años,Masculino,Zacapa,Cabecera municipal,Profesional Independiente,1 A 2 Veces Por Semana,Tienda de barrio,Otro,Q25 - Q50,Mundialitos Queso Picante; Hot Stadium Peanuts; FutbolMix,Salado Tradicional,Individual,Q21 - Q30,Sí,No,México,Tal vez,Argentina,Lionel Messi; Neymar Jr.,Humor,Descuento directo,Sí,Edición España,Moderada,Espectador Pasivo,Jóvenes (<25)
137,2026-03-09,11:05:33,45 - 54 Años,Masculino,Quiché,Cabecera municipal,Estudiante,1 A 2 Veces Por Semana,Supermercado,Amigos,Q51 - Q100,Gol Nachos Supreme,Queso,Familiar,Q16 - Q20,No,Sí,España,Probablemente sí,Portugal,Lamine Yamal; Cristiano Ronaldo,Humor,Descuento directo,No,Edición España,Moderada,Casual,Adulto Maduro (35-54)
138,2026-03-28,09:46:46,45 - 54 Años,Masculino,Sacatepéquez,Sumpango,Estudiante,3 A 5 Veces Por Semana,Tienda de barrio,Familia,Q51 - Q100,Hot Stadium Peanuts,Limón,Tamaño Fiesta O Reunión,Q10 - Q15,Sí,Sí,España,Probablemente sí, PORTUGAL ,Harry Kane; Lamine Yamal,Un jugador famoso,Producto gratis,Sí,Edición España,Premium Alta,Fanático Target (Alto),Adulto Maduro (35-54)
139,2026-02-02,21:49:10,25 - 34 Años,Masculino,Guatemala,Guatemala,Estudiante,1 A 2 Veces Por Semana,Tienda de barrio,Amigos,Q25 - Q50,Gol Nachos Supreme,Jalapeño,Para Compartir Entre 2 Personas,Q16 - Q20,Sí,Sí,Argentina,Definitivamente sí,México,Neymar Jr.; Christian Pulisic,Un jugador famoso,Sorteo de camisetas,Sí,Edición Argentina,Moderada,Casual,Adulto Joven (25-34)
140,2026-02-15,18:31:25,45 - 54 Años,Masculino,Guatemala,Guatemala,Empleado Privado,1 A 2 Veces Por Semana,Supermercado,Otro,Q25 - Q50,CrunchMax BBQ; Mundialitos Queso Picante,Jalapeño,Familiar,Q16 - Q20,Sí,Sí,Portugal,Probablemente no,Brasil,Kylian Mbappé; Cristiano Ronaldo; Lionel Messi,Historias de aficionados,Sorteo de viajes,Sí,Edición Brasil,Moderada,Casual,Adulto Maduro (35-54)
141,2026-03-10,17:28:11,25 - 34 Años,Masculino,Guatemala,Santa Catarina Pinula,Comerciante,Todos Los Días,Supermercado,Familia,Menos De Q25,Mundialitos Queso Picante; Fan Chips Jalapeño,Queso,Individual,Menos De Q10,Sí,Sí, ESPAÑA ,Probablemente sí,Argentina,Neymar Jr.; Lamine Yamal; Alphonso Davies,Premios y sorteos,Descuento directo,No,Edición Argentina,Moderada,Casual,Adulto Joven (25-34)
142,2026-03-07,17:13:01,45 - 54 Años,Masculino,Guatemala,Mixco,Empleado Privado,1 A 2 Veces Por Semana,Supermercado,Familia,Q25 - Q50,FutbolMix; ChocoKick Bites; Energy Crunch Protein,Queso,Familiar,Q16 - Q20,Sí,Sí,México,Probablemente sí,Argentina,Alphonso Davies; Lionel Messi; Lamine Yamal,Una selección nacional,Producto gratis,Sí,Edición España,Moderada,Fanático Target (Alto),Adulto Maduro (35-54)
143,2026-01-28,18:56:02,25 - 34 Años,Masculino,Guatemala,Mixco,Profesional Independiente,Rara Vez,Tienda de barrio,Amigos,Q51 - Q100,Fan Chips Jalapeño,Barbacoa,Para Compartir Entre 2 Personas,Q16 - Q20,Sí,Sí,Alemania,Probablemente sí,Senegal,Lionel Messi,Un jugador famoso,Tarjetas coleccionables,Sí,Edición Con Tarjetas Coleccionables,Premium Alta,Fanático Target (Alto),Adulto Joven (25-34)
144,2026-01-17,22:14:31,35 - 44 Años,Masculino,Quiché,Cabecera municipal,Estudiante,1 A 2 Veces Por Semana,Supermercado,Amigos,Q25 - Q50,CrunchMax BBQ,Salado Tradicional,Individual,Q16 - Q20,Sí,Sí,Inglaterra,Tal vez,Argentina,Lionel Messi,Historias de aficionados,2x1,No,Edición Brasil,Moderada,Espectador Pasivo,Adulto Maduro (35-54)
145,2026-04-12,15:26:21,25 - 34 Años,Masculino,Guatemala,Guatemala,Empleado Privado,1 A 2 Veces Por Semana,Tienda de barrio,Amigos,Q25 - Q50,ChocoKick Bites,Picante Chapín,Para Compartir Entre 2 Personas,Q21 - Q30,Sí,Sí,España,Probablemente sí,Brasil,Lionel Messi; Cristiano Ronaldo; Vinícius Júnior,Historias de aficionados,Descuento directo,No,Edición Argentina,Moderada,Casual,Adulto Joven (25-34)
146,2026-02-27,07:28:44,25 - 34 Años,Femenino,Quetzaltenango,Quetzaltenango,Otro,1 A 2 Veces Por Semana,Supermercado,Familia,Q101 - Q150,ChocoKick Bites; Hot Stadium Peanuts,Caramelo,Familiar,Q10 - Q15,Sí,Sí,Estados Unidos,Definitivamente sí,Portugal,Lionel Messi; Cristiano Ronaldo,Historias de aficionados,Descuento directo,No,Edición Brasil,Moderada,Espectador Pasivo,Adulto Joven (25-34)
147,2026-04-26,15:03:01,55 Años O Más,Femenino,Guatemala,Villa Nueva,Estudiante,Todos Los Días,Tienda de barrio,Amigos,Q25 - Q50,Victory Pretzels,Barbacoa,Familiar,Q16 - Q20,Sí,Sí,Brasil,Probablemente no,Argentina,Kylian Mbappé,Historias de aficionados,2x1,Sí,Edición Con Jugadores Famosos,Moderada,Casual,Adulto Mayor (55+)
148,2026-03-08,07:32:23,55 Años O Más,Femenino,Escuintla,Santa Lucía Cotzumalguapa,Estudiante,Varias Veces Al Mes,Gasolinera,Amigos,Q51 - Q100,Caramel Goal Popcorn; Victory Pretzels; Mundialitos Queso Picante,Jalapeño,Para Compartir Entre 2 Personas,Q16 - Q20,No,Sí,Brasil,Probablemente no,Argentina,Lionel Messi; Christian Pulisic; Vinícius Júnior,Un jugador famoso,Tarjetas coleccionables,No,Edición España,Moderada,Espectador Pasivo,Adulto Mayor (55+)
149,2026-04-01,15:29:11,35 - 44 Años,Masculino,Guatemala,Villa Nueva,Comerciante,1 A 2 Veces Por Semana,Gasolinera,Familia,Q101 - Q150,Gol Nachos Supreme; Fan Chips Jalapeño,Salado Tradicional,Tamaño Fiesta O Reunión,Q16 - Q20,No,No,Brasil,Tal vez,Brasil,Christian Pulisic,Un jugador famoso,Descuento directo,No,Edición Francia,Sensible Al Precio,Espectador Pasivo,Adulto Maduro (35-54)
150,2026-04-19,18:54:41,55 Años O Más,Femenino,Sacatepéquez,Antigua Guatemala,Comerciante,3 A 5 Veces Por Semana,Supermercado,Solo,Q51 - Q100,Fan Chips Jalapeño,Picante Chapín,Para Compartir Entre 2 Personas,Q10 - Q15,No,Sí,Portugal,Tal vez,México,Kylian Mbappé; Julián Álvarez,Un jugador famoso,Sorteo de balones,No,Edición Brasil,Moderada,Espectador Pasivo,Adulto Mayor (55+)
151,2026-01-15,18:11:58,25 - 34 Años,Masculino,Guatemala,San Miguel Petapa,Empleado Privado,Varias Veces Al Mes,Aplicación de delivery,Solo,Q51 - Q100,Caramel Goal Popcorn; Fan Chips Jalapeño,Limón,Familiar,Q16 - Q20,No,Sí,Argentina,Probablemente sí,Colombia,Lamine Yamal; Neymar Jr.,Humor,Descuento directo,Sí,Edición Mundial Fifa 2026,Moderada,Fanático Target (Alto),Adulto Joven (25-34)
152,2026-01-30,13:11:27,25 - 34 Años,Masculino,Guatemala,Mixco,Empresario,Rara Vez,,Amigos,Más De Q150,Hot Stadium Peanuts; Gol Nachos Supreme; Energy Crunch Protein,Jalapeño,Tamaño Fiesta O Reunión,Q10 - Q15,No,Sí,Inglaterra,Definitivamente sí,Francia,Lionel Messi,Un jugador famoso,Sorteo de camisetas,Sí,Edición Mundial Fifa 2026,Sensible Al Precio,Casual,Adulto Joven (25-34)
153,2026-03-28,09:20:59,35 - 44 Años,Masculino,Quetzaltenango,Coatepeque,Empleado Privado,1 A 2 Veces Por Semana,Supermercado,Familia,Q51 - Q100,CrunchMax BBQ,Dulce,Individual,Q16 - Q20,No,No,Uruguay,Definitivamente no,Argentina,Vinícius Júnior; Cristiano Ronaldo,Un jugador famoso,2x1,Sí,Edición Con Jugadores Famosos,Moderada,Espectador Pasivo,Adulto Maduro (35-54)
154,2026-04-02,19:44:19,25 - 34 Años,Masculino,Chimaltenango,Chimaltenango,Empleado Privado,Todos Los Días,Kiosco escolar/universitario,Compañeros de trabajo,Q51 - Q100,CrunchMax BBQ; Gol Nachos Supreme,Queso,Individual,Q10 - Q15,Sí,Sí,Portugal,Definitivamente sí,Argentina,Cristiano Ronaldo,Premios y sorteos,2x1,No,Edición España,Premium Alta,Espectador Pasivo,Adulto Joven (25-34)
155,2026-01-23,21:08:07,35 - 44 Años,Masculino,Guatemala,San Miguel Petapa,Empleado Privado,3 A 5 Veces Por Semana,Tienda de barrio,Amigos,Q25 - Q50,Mundialitos Queso Picante; FutbolMix,Jalapeño,Individual,Q16 - Q20,Sí,Sí,Francia,Probablemente sí,México,Cristiano Ronaldo; Ninguno; Federico Valverde,Premios y sorteos,Descuento directo,Sí,Edición Inglaterra,Moderada,Fanático Target (Alto),Adulto Maduro (35-54)
156,2026-02-22,19:10:38,25 - 34 Años,Femenino,Guatemala,Santa Catarina Pinula,Empleado Privado,Varias Veces Al Mes,Supermercado,Amigos,Q25 - Q50,CrunchMax BBQ; Mundialitos Queso Picante; FutbolMix,Queso,Para Compartir Entre 2 Personas,Q16 - Q20,No,Sí,México,Definitivamente no,Estados Unidos,Cristiano Ronaldo,Una selección nacional,Descuento directo,No,Edición Inglaterra,Moderada,Espectador Pasivo,Adulto Joven (25-34)
157,2026-05-01,17:20:17,25 - 34 Años,Prefiero No Indicarlo,Escuintla,Palín,Otro,1 A 2 Veces Por Semana,Gasolinera,Solo,Q51 - Q100,CrunchMax BBQ,Picante Chapín,Familiar,Q10 - Q15,No,Sí,Argentina,Tal vez,Estados Unidos,Neymar Jr.; Vinícius Júnior,Premios y sorteos,2x1,Sí,Edición Brasil,Moderada,Casual,Adulto Joven (25-34)
158,2026-02-25,20:41:36,25 - 34 Años,Masculino,Suchitepéquez,Otro municipio,Empleado Privado,3 A 5 Veces Por Semana,Supermercado,Familia,Q25 - Q50,Fan Chips Jalapeño; Energy Crunch Protein,Jalapeño,Individual,Menos De Q10,No,Sí,Francia,Probablemente sí,México,Lionel Messi,Un jugador famoso,Tarjetas coleccionables,No,Edición España,Moderada,Casual,Adulto Joven (25-34)
159,2026-01-28,17:36:47,35 - 44 Años,Femenino,Chimaltenango,Patzún,Estudiante,1 A 2 Veces Por Semana,Supermercado,Otro,Q51 - Q100,Fan Chips Jalapeño,Queso,Individual,Q16 - Q20,Sí,Sí, MÉXICO ,Definitivamente no,Uruguay,Kylian Mbappé; Vinícius Júnior,Una selección nacional,Descuento directo,Sí,Edición Francia,Premium Alta,Casual,Adulto Maduro (35-54)
160,2026-02-23,19:30:06,35 - 44 Años,Femenino,Guatemala,San Miguel Petapa,Empleado Privado,Rara Vez,Gasolinera,Familia,Q25 - Q50,Hot Stadium Peanuts; Caramel Goal Popcorn,Barbacoa,Para Compartir Entre 2 Personas,Q16 - Q20,No,Sí,Estados Unidos,Definitivamente sí,Portugal,Christian Pulisic; Cristiano Ronaldo,Un jugador famoso,Sorteo de camisetas,Sí,Edición Brasil,Moderada,Casual,Adulto Maduro (35-54)
161,2026-01-26,20:33:24,35 - 44 Años,Masculino,Huehuetenango,Cabecera municipal,Estudiante,Varias Veces Al Mes,Supermercado,Familia,Q101 - Q150,FutbolMix,Picante Chapín,Individual,Q21 - Q30,Sí,Sí,Inglaterra,Probablemente no,México,Cristiano Ronaldo; Jude Bellingham,Un jugador famoso,Descuento directo,Sí,Edición España,Moderada,Casual,Adulto Maduro (35-54)
162,2026-02-19,09:10:46,25 - 34 Años,Masculino,Guatemala,Mixco,Empleado Privado,3 A 5 Veces Por Semana,Tienda de barrio,Familia,Q51 - Q100,Energy Crunch Protein,Barbacoa,Para Compartir Entre 2 Personas,Menos De Q10,No,Sí, PORTUGAL ,Probablemente no,Brasil,Kylian Mbappé; Lamine Yamal,Premios y sorteos,Descuento directo,No,Edición Mundial Fifa 2026,Moderada,Espectador Pasivo,Adulto Joven (25-34)
163,2026-01-21,09:40:01,Menos De 18 Años,Femenino,Guatemala,Guatemala,Profesional Independiente,1 A 2 Veces Por Semana,Supermercado,Amigos,Q51 - Q100,FutbolMix; ChocoKick Bites; Mundialitos Queso Picante,Barbacoa,Tamaño Fiesta O Reunión,Q10 - Q15,Sí,Sí,Argentina,Tal vez,Argentina,Lionel Messi; Lamine Yamal; Kylian Mbappé,Una selección nacional,Descuento directo,No,Edición Mundial Fifa 2026,Premium Alta,Espectador Pasivo,Jóvenes (<25)
164,2026-01-16,19:58:04,Menos De 18 Años,Masculino,Quetzaltenango,Quetzaltenango,Estudiante,3 A 5 Veces Por Semana,Supermercado,Familia,Más De Q150,Gol Nachos Supreme; Victory Pretzels; Mundialitos Queso Picante,Queso,Tamaño Fiesta O Reunión,Q16 - Q20,Sí,Sí, MÉXICO ,Probablemente no,Cabo Verde,Lionel Messi; Vinícius Júnior; Federico Valverde,Una selección nacional,Sorteo de viajes,Sí,Edición Con Jugadores Famosos,Moderada,Casual,Jóvenes (<25)
165,2026-02-28,10:43:12,25 - 34 Años,Femenino,Guatemala, GUATEMALA ,Estudiante,1 A 2 Veces Por Semana,Tienda de barrio,Familia,Q25 - Q50,Gol Nachos Supreme; Mundialitos Queso Picante,Dulce,Familiar,Q16 - Q20,Sí,Sí,Uruguay,Probablemente sí,Argentina,Christian Pulisic; Neymar Jr.,Historias de aficionados,Tarjetas coleccionables,Sí,Edición Brasil,Moderada,Fanático Target (Alto),Adulto Joven (25-34)
166,2026-04-06,07:59:35,55 Años O Más,Masculino,Zacapa,Otro municipio,Empleado Privado,Todos Los Días,Gasolinera,Familia,Menos De Q25,CrunchMax BBQ; Mundialitos Queso Picante; FutbolMix,Picante Chapín,Tamaño Fiesta O Reunión,Q10 - Q15,Sí,Sí,Argentina,Tal vez,Francia,Lionel Messi; Kylian Mbappé,Un jugador famoso,Producto gratis,No,Edición Brasil,Moderada,Espectador Pasivo,Adulto Mayor (55+)
167,2026-02-24,21:37:34,18 - 24 Años,Femenino,Guatemala,Mixco,Empleado Privado,1 A 2 Veces Por Semana,Otro,Compañeros de trabajo,Q25 - Q50,Mundialitos Queso Picante; Gol Nachos Supreme; CrunchMax BBQ,Dulce,Individual,Q16 - Q20,Sí,Sí,Estados Unidos,Probablemente no,Inglaterra,Cristiano Ronaldo; Lionel Messi; Kylian Mbappé,Un jugador famoso,Tarjetas coleccionables,No,Edición Con Jugadores Famosos,Moderada,Espectador Pasivo,Jóvenes (<25)
168,2026-04-27,15:47:27,18 - 24 Años,Masculino,Chiquimula,Otro municipio,Empleado Privado,3 A 5 Veces Por Semana,Tienda de barrio,Amigos,Q101 - Q150,Gol Nachos Supreme; FutbolMix; CrunchMax BBQ,Barbacoa,Individual,Q10 - Q15,Sí,Sí,Argentina,Tal vez,,Jude Bellingham; Rodri,Humor,Sorteo de balones,No,Edición Con Tarjetas Coleccionables,Moderada,Espectador Pasivo,Jóvenes (<25)
169,2026-04-16,17:17:55,18 - 24 Años,Femenino,Guatemala,Guatemala,Empleado Privado,Varias Veces Al Mes,Supermercado,Solo,Menos De Q25,Hot Stadium Peanuts; Caramel Goal Popcorn,Limón,Individual,Q16 - Q20,Sí,Sí,Brasil,Definitivamente sí,Alemania,Christian Pulisic; Cristiano Ronaldo; Lionel Messi,Una selección nacional,Producto gratis,No,Edición Con Jugadores Famosos,Moderada,Espectador Pasivo,Jóvenes (<25)
170,2026-04-08,09:01:11,35 - 44 Años,Masculino,Guatemala,Santa Catarina Pinula,Profesional Independiente,3 A 5 Veces Por Semana,Tienda de barrio,Amigos,Q25 - Q50,Hot Stadium Peanuts,Queso,Individual,Q16 - Q20,Sí,Sí,Brasil,Definitivamente no,Brasil,Jude Bellingham,Un jugador famoso,2x1,No,Edición Argentina,Moderada,Espectador Pasivo,Adulto Maduro (35-54)
171,2026-02-18,07:29:40,25 - 34 Años,Femenino,Alta Verapaz,Cabecera municipal,Profesional Independiente,1 A 2 Veces Por Semana,Supermercado,Amigos,Q25 - Q50,Fan Chips Jalapeño; ChocoKick Bites,Picante Chapín,Para Compartir Entre 2 Personas,Q10 - Q15,Sí,Sí,Paraguay,Probablemente no,México,Rodri,Un jugador famoso,Tarjetas coleccionables,Sí,Edición Con Tarjetas Coleccionables,Moderada,Casual,Adulto Joven (25-34)
172,2026-04-05,07:16:34,45 - 54 Años,Masculino,Guatemala,San Miguel Petapa,Estudiante,1 A 2 Veces Por Semana,Gasolinera,Amigos,Q101 - Q150,Caramel Goal Popcorn,Salado Tradicional,Para Compartir Entre 2 Personas,Más De Q30,No,Sí,Brasil,Probablemente no,Alemania,Kylian Mbappé,Premios y sorteos,Producto gratis,No,Edición Con Jugadores Famosos,Sensible Al Precio,Espectador Pasivo,Adulto Maduro (35-54)
173,2026-04-04,19:01:09,Menos De 18 Años,Femenino,Guatemala,Mixco,Empleado Privado,Varias Veces Al Mes,Gasolinera,Familia,Más De Q150,Fan Chips Jalapeño; Mundialitos Queso Picante; Gol Nachos Supreme,Jalapeño,Individual,Q21 - Q30,Sí,Sí,Alemania,Probablemente sí,South Africa,Neymar Jr.; Lionel Messi; Christian Pulisic,Premios y sorteos,Tarjetas coleccionables,Sí,Edición Inglaterra,Moderada,Fanático Target (Alto),Jóvenes (<25)
174,2026-03-31,08:46:43,18 - 24 Años,Femenino,Guatemala,Santa Catarina Pinula,Empresario,Todos Los Días,Supermercado,Familia,Menos De Q25,FutbolMix,Caramelo,Individual,Q16 - Q20,No,Sí,Francia,Definitivamente sí,Argentina,Vinícius Júnior; Lionel Messi; Cristiano Ronaldo,Premios y sorteos,Descuento directo,Sí,Edición Con Tarjetas Coleccionables,Sensible Al Precio,Casual,Jóvenes (<25)
175,2026-02-07,19:55:28,Menos De 18 Años,Masculino,San Marcos,Cabecera municipal,Profesional Independiente,Rara Vez,,Compañeros de trabajo,Q51 - Q100,Mundialitos Queso Picante,Jalapeño,Para Compartir Entre 2 Personas,Q16 - Q20,Sí,Sí,España,Definitivamente sí,España,Ninguno,Premios y sorteos,Sorteo de camisetas,Sí,Edición Mundial Fifa 2026,Premium Alta,Casual,Jóvenes (<25)
176,2026-01-18,11:08:35,35 - 44 Años,Femenino,Guatemala,Guatemala,Empleado Privado,1 A 2 Veces Por Semana,Tienda de barrio,Compañeros de trabajo,Q51 - Q100,Hot Stadium Peanuts,Picante Chapín,Para Compartir Entre 2 Personas,Q10 - Q15,Sí,Sí,Argentina,Probablemente sí,México,Jude Bellingham,Un jugador famoso,Sorteo de camisetas,Sí,Edición Brasil,Premium Alta,Fanático Target (Alto),Adulto Maduro (35-54)
177,2026-02-12,17:30:22,35 - 44 Años,Masculino,Petén,San Benito,Empleado Privado,Varias Veces Al Mes,Tienda de barrio,Familia,Q51 - Q100,ChocoKick Bites; Gol Nachos Supreme; CrunchMax BBQ,Jalapeño,Familiar,Q21 - Q30,Sí,No,Egipto,Tal vez,Argentina,Lionel Messi,Humor,Producto gratis,Sí,Edición Mundial Fifa 2026,Premium Alta,Espectador Pasivo,Adulto Maduro (35-54)
178,2026-02-26,16:51:50,45 - 54 Años,Femenino,Sacatepéquez,Antigua Guatemala,Comerciante,Varias Veces Al Mes,Supermercado,Amigos,Q25 - Q50,Gol Nachos Supreme,Barbacoa,Para Compartir Entre 2 Personas,Q10 - Q15,Sí,Sí,España,Probablemente sí, MÉXICO ,Jude Bellingham; Cristiano Ronaldo; Kylian Mbappé,Un jugador famoso,Descuento directo,Sí,Edición Brasil,Moderada,Fanático Target (Alto),Adulto Maduro (35-54)
179,2026-03-02,10:58:59,25 - 34 Años,Femenino,Guatemala,San Miguel Petapa,Profesional Independiente,Varias Veces Al Mes,Kiosco escolar/universitario,Amigos,Q101 - Q150,Gol Nachos Supreme,Barbacoa,Individual,Más De Q30,Sí,Sí,Alemania,Probablemente sí,Ghana,Vinícius Júnior; Neymar Jr.; Kylian Mbappé,Un jugador famoso,2x1,Sí,Edición Con Jugadores Famosos,Moderada,Fanático Target (Alto),Adulto Joven (25-34)
180,2026-02-02,19:51:36,25 - 34 Años,Masculino,Guatemala, GUATEMALA ,Empleado Privado,3 A 5 Veces Por Semana,Supermercado,Amigos,Menos De Q25,Hot Stadium Peanuts; Victory Pretzels,Dulce,Para Compartir Entre 2 Personas,Q21 - Q30,Sí,No,Alemania,Tal vez,Estados Unidos,Jude Bellingham; Neymar Jr.; Julián Álvarez,Premios y sorteos,Descuento directo,Sí,Edición Con Jugadores Famosos,Moderada,Espectador Pasivo,Adulto Joven (25-34)
181,2026-03-10,12:48:59,18 - 24 Años,Masculino,Guatemala,San Miguel Petapa,Profesional Independiente,3 A 5 Veces Por Semana,Supermercado,Otro,Q101 - Q150,Hot Stadium Peanuts; Energy Crunch Protein; ChocoKick Bites,Barbacoa,Familiar,Q21 - Q30,No,Sí,Brasil,Definitivamente sí,México,Jude Bellingham; Alphonso Davies; Kylian Mbappé,Historias de aficionados,Sorteo de camisetas,Sí,Edición Mundial Fifa 2026,Sensible Al Precio,Casual,Jóvenes (<25)
182,2026-01-29,12:27:33,35 - 44 Años,Femenino,Sacatepéquez,Jocotenango,Estudiante,3 A 5 Veces Por Semana,Otro,Amigos,Q51 - Q100,Mundialitos Queso Picante; ChocoKick Bites,Picante Chapín,Para Compartir Entre 2 Personas,Q10 - Q15,No,Sí,Brasil,Probablemente sí,Paraguay,Kylian Mbappé; Harry Kane,Una selección nacional,Sorteo de balones,Sí,Edición Con Jugadores Famosos,Moderada,Fanático Target (Alto),Adulto Maduro (35-54)
183,2026-03-08,22:52:56,18 - 24 Años,Masculino,Jalapa,Otro municipio,Comerciante,1 A 2 Veces Por Semana,Supermercado,Familia,Q25 - Q50,CrunchMax BBQ,Barbacoa,Familiar,Q10 - Q15,No,Sí,Francia,Definitivamente sí,Brasil,Lionel Messi,Una selección nacional,Descuento directo,Sí,Edición Con Jugadores Famosos,Moderada,Casual,Jóvenes (<25)
184,2026-03-04,11:42:21,25 - 34 Años,Femenino,Petén,San Benito,Estudiante,1 A 2 Veces Por Semana,Aplicación de delivery,Amigos,Q101 - Q150,Caramel Goal Popcorn; Victory Pretzels; CrunchMax BBQ,Queso,Familiar,Q10 - Q15,Sí,Sí,Argentina,Probablemente no,Argentina,Cristiano Ronaldo; Federico Valverde; Vinícius Júnior,Un jugador famoso,Tarjetas coleccionables,Sí,Edición Con Jugadores Famosos,Moderada,Casual,Adulto Joven (25-34)
185,2026-05-08,22:27:45,Menos De 18 Años,Prefiero No Indicarlo,Guatemala,Villa Nueva,Estudiante,3 A 5 Veces Por Semana,Tienda de barrio,Amigos,Q25 - Q50,Fan Chips Jalapeño,Limón,Familiar,Q16 - Q20,Sí,Sí,Brasil,Definitivamente no,Inglaterra,Lionel Messi; Harry Kane; Neymar Jr.,Premios y sorteos,Sorteo de camisetas,Sí,Edición Argentina,Moderada,Casual,Jóvenes (<25)
186,2026-02-07,21:54:54,45 - 54 Años,Femenino,Guatemala,Mixco,Empleado Privado,3 A 5 Veces Por Semana,Tienda de barrio,Familia,Q25 - Q50,Fan Chips Jalapeño; Hot Stadium Peanuts; Mundialitos Queso Picante,Picante Chapín,Para Compartir Entre 2 Personas,Q16 - Q20,Sí,Sí,Argentina,Probablemente no,México,Neymar Jr.; Jude Bellingham; Lionel Messi,Un jugador famoso,2x1,No,Edición Con Tarjetas Coleccionables,Moderada,Espectador Pasivo,Adulto Maduro (35-54)
187,2026-02-26,10:50:03,55 Años O Más,Masculino,Escuintla,Santa Lucía Cotzumalguapa,Estudiante,1 A 2 Veces Por Semana,Gasolinera,Familia,Menos De Q25,Gol Nachos Supreme; Hot Stadium Peanuts,Jalapeño,Familiar,Q16 - Q20,No,Sí,Uruguay,Probablemente no,Brasil,Vinícius Júnior; Neymar Jr.,Humor,Descuento directo,Sí,Edición Mundial Fifa 2026,Sensible Al Precio,Casual,Adulto Mayor (55+)
188,2026-05-08,11:36:28,25 - 34 Años,Masculino,Santa Rosa,Otro municipio,Comerciante,Varias Veces Al Mes,Tienda de barrio,Otro,Más De Q150,ChocoKick Bites; Fan Chips Jalapeño; CrunchMax BBQ,Caramelo,Individual,Q21 - Q30,No,No,Corea del Sur,Tal vez,Estados Unidos,Lionel Messi,Humor,2x1,Sí,Edición Mundial Fifa 2026,Sensible Al Precio,Espectador Pasivo,Adulto Joven (25-34)
189,2026-03-24,13:32:46,18 - 24 Años,Femenino,Zacapa,Cabecera municipal,Comerciante,Rara Vez,Supermercado,Amigos,Q25 - Q50,Caramel Goal Popcorn,Barbacoa,Tamaño Fiesta O Reunión,Menos De Q10,Sí,Sí,México,Probablemente sí,México,Cristiano Ronaldo,Una selección nacional,Sorteo de camisetas,No,Edición Brasil,Moderada,Casual,Jóvenes (<25)
190,2026-04-08,14:14:55,45 - 54 Años,Femenino,Guatemala,Guatemala,Empleado Privado,Rara Vez,Tienda de barrio,Amigos,Q25 - Q50,ChocoKick Bites; Fan Chips Jalapeño; Mundialitos Queso Picante,Queso,Tamaño Fiesta O Reunión,Q10 - Q15,No,Sí,Túnez,Probablemente no,Brasil,Kylian Mbappé; Lionel Messi,Premios y sorteos,Descuento directo,No,Edición Con Jugadores Famosos,Moderada,Espectador Pasivo,Adulto Maduro (35-54)
191,2026-02-03,12:14:07,18 - 24 Años,Masculino,Escuintla,Escuintla,Profesional Independiente,Todos Los Días,Tienda de barrio,Familia,Q25 - Q50,Caramel Goal Popcorn,Salado Tradicional,Familiar,Q10 - Q15,Sí,Sí,Argentina,Definitivamente sí,Uzbekistán,Vinícius Júnior,Un jugador famoso,2x1,Sí,Edición Brasil,Moderada,Casual,Jóvenes (<25)
192,2026-03-21,09:50:43,25 - 34 Años,Masculino,Guatemala,Guatemala,Empleado Privado,1 A 2 Veces Por Semana,Supermercado,Compañeros de trabajo,Q25 - Q50,Fan Chips Jalapeño; CrunchMax BBQ,Caramelo,Para Compartir Entre 2 Personas,Q21 - Q30,Sí,Sí,Argentina,Probablemente sí,Haití,Lamine Yamal,Historias de aficionados,Sorteo de camisetas,No,Edición Argentina,Moderada,Casual,Adulto Joven (25-34)
193,2026-03-21,18:48:04,25 - 34 Años,Femenino,Baja Verapaz,Baja Verapaz,Comerciante,1 A 2 Veces Por Semana,Aplicación de delivery,Familia,Q51 - Q100,Mundialitos Queso Picante; Victory Pretzels; FutbolMix,Barbacoa,Tamaño Fiesta O Reunión,Q16 - Q20,Sí,No,Argentina,Probablemente sí,Brasil,Harry Kane; Vinícius Júnior; Cristiano Ronaldo,Premios y sorteos,2x1,Sí,Edición Con Tarjetas Coleccionables,Premium Alta,Espectador Pasivo,Adulto Joven (25-34)
194,2026-05-06,17:06:43,18 - 24 Años,Masculino,Petén,Poptún,Comerciante,1 A 2 Veces Por Semana,Supermercado,Familia,Q51 - Q100,Fan Chips Jalapeño; Gol Nachos Supreme; Caramel Goal Popcorn,Barbacoa,Familiar,Q21 - Q30,No,Sí,Argentina,Definitivamente no,Argentina,Lamine Yamal; Federico Valverde,Una selección nacional,Producto gratis,No,Edición Mundial Fifa 2026,Moderada,Espectador Pasivo,Jóvenes (<25)
195,2026-03-02,18:44:56,25 - 34 Años,Femenino,Guatemala,Santa Catarina Pinula,Estudiante,Todos Los Días,Tienda de barrio,Familia,Menos De Q25,Hot Stadium Peanuts,Limón,Familiar,Q10 - Q15,Sí,Sí,Francia,Definitivamente sí,Argentina,Jude Bellingham,Humor,Producto gratis,Sí,Edición Brasil,Moderada,Casual,Adulto Joven (25-34)
196,2026-01-31,20:28:30,18 - 24 Años,Prefiero No Indicarlo,Escuintla,Escuintla,Empleado Privado,Todos Los Días,Tienda de barrio,Familia,Q25 - Q50,ChocoKick Bites; Mundialitos Queso Picante,Chocolate,Familiar,Q10 - Q15,No,Sí,Inglaterra,Probablemente sí,Francia,Federico Valverde,Un jugador famoso,2x1,Sí,Edición Brasil,Moderada,Fanático Target (Alto),Jóvenes (<25)
197,2026-03-16,16:55:50,45 - 54 Años,Femenino,Sacatepéquez,Antigua Guatemala,Estudiante,Todos Los Días,Tienda de barrio,Amigos,Q25 - Q50,ChocoKick Bites,Chocolate,Familiar,Menos De Q10,Sí,Sí,Cabo Verde,Probablemente no,Francia,Cristiano Ronaldo,Humor,2x1,Sí,Edición Con Jugadores Famosos,Moderada,Casual,Adulto Maduro (35-54)
198,2026-01-22,21:47:13,45 - 54 Años,Masculino,Huehuetenango,Otro municipio,Comerciante,Todos Los Días,Supermercado,Familia,Más De Q150,Mundialitos Queso Picante,Limón,Tamaño Fiesta O Reunión,Menos De Q10,Sí,Sí,Argentina,Probablemente sí,Brasil,Neymar Jr.,Un jugador famoso,2x1,No,Edición Con Jugadores Famosos,Moderada,Casual,Adulto Maduro (35-54)
199,2026-01-23,10:40:18,45 - 54 Años,Masculino,Izabal,Cabecera municipal,Empleado Privado,3 A 5 Veces Por Semana,Tienda de barrio,Amigos,Q25 - Q50,Fan Chips Jalapeño; Energy Crunch Protein; Hot Stadium Peanuts,Queso,Para Compartir Entre 2 Personas,Q21 - Q30,Sí,No,Brasil,Tal vez,Brasil,Lionel Messi; Vinícius Júnior,Una selección nacional,Descuento directo,Sí,Edición Francia,Moderada,Espectador Pasivo,Adulto Maduro (35-54)
200,2026-01-13,14:48:43,18 - 24 Años,Femenino,Escuintla,Escuintla,Empleado Privado,1 A 2 Veces Por Semana,Aplicación de delivery,Familia,Q25 - Q50,Gol Nachos Supreme; CrunchMax BBQ; Caramel Goal Popcorn,Barbacoa,Familiar,Q10 - Q15,Sí,Sí,Uruguay,Definitivamente sí,México,Lionel Messi,Historias de aficionados,2x1,Sí,Edición Francia,Moderada,Casual,Jóvenes (<25)
201,2026-04-28,22:38:41,18 - 24 Años,Femenino,Guatemala,Guatemala,Profesional Independiente,3 A 5 Veces Por Semana,Supermercado,Amigos,Q51 - Q100,FutbolMix; CrunchMax BBQ,Barbacoa,Individual,Q10 - Q15,Sí,Sí,Brasil,Probablemente sí,México,Christian Pulisic; Cristiano Ronaldo; Federico Valverde,Premios y sorteos,Descuento directo,Sí,Edición España,Premium Alta,Fanático Target (Alto),Jóvenes (<25)
202,2026-02-16,13:03:46,25 - 34 Años,Femenino,Baja Verapaz,Cabecera municipal,Ama De Casa,Todos Los Días,Tienda de barrio,Familia,Más De Q150,Energy Crunch Protein,Queso,Para Compartir Entre 2 Personas,Q16 - Q20,Sí,No,Francia,Tal vez,Portugal,Neymar Jr.; Lionel Messi; Cristiano Ronaldo,Una selección nacional,Descuento directo,No,Edición Con Jugadores Famosos,Moderada,Espectador Pasivo,Adulto Joven (25-34)
203,2026-02-18,07:54:13,18 - 24 Años,Femenino,Sololá,Cabecera municipal,Estudiante,1 A 2 Veces Por Semana,Gasolinera,Familia,Q51 - Q100,Mundialitos Queso Picante; CrunchMax BBQ; Fan Chips Jalapeño,Queso,Familiar,Q21 - Q30,No,Sí,Inglaterra,Tal vez,México,Lamine Yamal; Jude Bellingham,Humor,2x1,No,Edición Francia,Moderada,Espectador Pasivo,Jóvenes (<25)
204,2026-04-23,20:55:34,35 - 44 Años,Masculino,Escuintla,Santa Lucía Cotzumalguapa,Empresario,1 A 2 Veces Por Semana,Supermercado,Compañeros de trabajo,Q25 - Q50,Hot Stadium Peanuts; Fan Chips Jalapeño; Caramel Goal Popcorn,Limón,Individual,Menos De Q10,Sí,Sí,España,Definitivamente sí,México,Lionel Messi,Un jugador famoso,Sorteo de balones,Sí,Edición Con Jugadores Famosos,Moderada,Casual,Adulto Maduro (35-54)
205,2026-02-05,08:39:03,Menos De 18 Años,Masculino,Guatemala,Guatemala,Estudiante,3 A 5 Veces Por Semana,Supermercado,Familia,Q25 - Q50,FutbolMix; Gol Nachos Supreme,Jalapeño,Para Compartir Entre 2 Personas,Q21 - Q30,Sí,Sí,Inglaterra,Probablemente sí,Portugal,Vinícius Júnior; Lionel Messi; Kylian Mbappé,Un jugador famoso,Descuento directo,No,Edición Mundial Fifa 2026,Moderada,Casual,Jóvenes (<25)
206,2026-03-24,18:14:24,55 Años O Más,Femenino,Guatemala,Mixco,Empleado Privado,Todos Los Días,Tienda de barrio,Familia,Q51 - Q100,Energy Crunch Protein; ChocoKick Bites; CrunchMax BBQ,Queso,Familiar,Q16 - Q20,No,Sí,Alemania,Tal vez,España,Kylian Mbappé; Cristiano Ronaldo,Un jugador famoso,2x1,No,Edición Francia,Moderada,Espectador Pasivo,Adulto Mayor (55+)
207,2026-01-23,18:24:47,25 - 34 Años,Femenino,Guatemala,San Miguel Petapa,Empleado Privado,Todos Los Días,Supermercado,Familia,Q51 - Q100,CrunchMax BBQ; Fan Chips Jalapeño; Hot Stadium Peanuts,Chocolate,Familiar,Q16 - Q20,Sí,Sí,México,Probablemente sí,Estados Unidos,Neymar Jr.; Lamine Yamal,Premios y sorteos,Tarjetas coleccionables,Sí,Edición Francia,Premium Alta,Fanático Target (Alto),Adulto Joven (25-34)
208,2026-01-20,11:19:51,35 - 44 Años,Femenino,El Progreso,,Otro,3 A 5 Veces Por Semana,Tienda de barrio,Familia,Q101 - Q150,Mundialitos Queso Picante; Fan Chips Jalapeño; Victory Pretzels,Barbacoa,Para Compartir Entre 2 Personas,Q10 - Q15,Sí,Sí,Inglaterra,Definitivamente sí,Inglaterra,Lionel Messi,Premios y sorteos,2x1,Sí,Edición Argentina,Moderada,Casual,Adulto Maduro (35-54)
209,2026-03-09,12:05:44,25 - 34 Años,Femenino,Guatemala,Mixco,Ama De Casa,1 A 2 Veces Por Semana,Supermercado,Familia,Q51 - Q100,CrunchMax BBQ,Barbacoa,Para Compartir Entre 2 Personas,Q10 - Q15,Sí,Sí,Colombia,Probablemente sí,Francia,Lionel Messi; Julián Álvarez; Lamine Yamal,Premios y sorteos,Descuento directo,No,Edición Con Jugadores Famosos,Premium Alta,Casual,Adulto Joven (25-34)
210,2026-03-04,19:37:06,45 - 54 Años,Femenino,Guatemala,Mixco,Empleado Privado,1 A 2 Veces Por Semana,Kiosco escolar/universitario,Amigos,Menos De Q25,ChocoKick Bites; Mundialitos Queso Picante; Fan Chips Jalapeño,Queso,Para Compartir Entre 2 Personas,Q21 - Q30,No,Sí, FRANCIA ,Probablemente no,Colombia,Neymar Jr.; Vinícius Júnior,Premios y sorteos,Producto gratis,No,Edición Mundial Fifa 2026,Sensible Al Precio,Espectador Pasivo,Adulto Maduro (35-54)
211,2026-05-07,19:20:58,55 Años O Más,Masculino,Baja Verapaz,Cabecera municipal,Empresario,Varias Veces Al Mes,Gasolinera,Solo,Más De Q150,Mundialitos Queso Picante,Queso,Individual,Q10 - Q15,Sí,Sí,España,Definitivamente sí,Francia,Lionel Messi; Jude Bellingham; Lamine Yamal,Humor,Tarjetas coleccionables,Sí,Edición Argentina,Moderada,Casual,Adulto Mayor (55+)
212,2026-01-29,18:27:33,35 - 44 Años,Femenino,Guatemala,Santa Catarina Pinula,Estudiante,3 A 5 Veces Por Semana,Otro,Familia,Q25 - Q50,Energy Crunch Protein; Caramel Goal Popcorn; Gol Nachos Supreme,Chocolate,Individual,Q10 - Q15,No,No,Bosnia y Herzegovina,Tal vez,Francia,Kylian Mbappé; Lionel Messi,Premios y sorteos,2x1,Sí,Edición Brasil,Moderada,Espectador Pasivo,Adulto Maduro (35-54)
213,2026-03-07,12:38:58,25 - 34 Años,Masculino,Guatemala,Guatemala,Empleado Privado,3 A 5 Veces Por Semana,Otro,Familia,Más De Q150,Gol Nachos Supreme,Jalapeño,Para Compartir Entre 2 Personas,Q16 - Q20,Sí,Sí,Alemania,Definitivamente sí,Francia,Vinícius Júnior,Una selección nacional,2x1,No,Edición Con Jugadores Famosos,Moderada,Espectador Pasivo,Adulto Joven (25-34)
214,2026-01-22,10:33:29,25 - 34 Años,Masculino,Guatemala,Guatemala,Estudiante,1 A 2 Veces Por Semana,Supermercado,Familia,Q51 - Q100,Gol Nachos Supreme,Limón,Familiar,Q16 - Q20,Sí,Sí,España,Tal vez, BRASIL ,Jude Bellingham,Humor,Sorteo de camisetas,No,Edición Inglaterra,Premium Alta,Espectador Pasivo,Adulto Joven (25-34)
215,2026-04-01,16:21:47,45 - 54 Años,Masculino,Escuintla,Escuintla,Estudiante,1 A 2 Veces Por Semana,Tienda de barrio,Amigos,Q25 - Q50,Victory Pretzels; ChocoKick Bites,Salado Tradicional,Familiar,Q21 - Q30,Sí,Sí,México,Definitivamente sí,Croacia,Lionel Messi; Lamine Yamal; Christian Pulisic,Un jugador famoso,Descuento directo,No,Edición Inglaterra,Moderada,Espectador Pasivo,Adulto Maduro (35-54)
216,2026-04-03,10:39:57,18 - 24 Años,Femenino,Guatemala,Santa Catarina Pinula,Comerciante,1 A 2 Veces Por Semana,Aplicación de delivery,Familia,Q25 - Q50,ChocoKick Bites; Fan Chips Jalapeño; Hot Stadium Peanuts,Limón,Individual,Q10 - Q15,No,Sí,Estados Unidos,Probablemente sí,Francia,Cristiano Ronaldo; Lionel Messi; Kylian Mbappé,Premios y sorteos,Descuento directo,Sí,Edición Brasil,Moderada,Fanático Target (Alto),Jóvenes (<25)
217,2026-05-08,13:18:39,45 - 54 Años,Femenino,Escuintla,Escuintla,Empleado Privado,1 A 2 Veces Por Semana,Supermercado,Amigos,Q25 - Q50,CrunchMax BBQ; Gol Nachos Supreme,Jalapeño,Para Compartir Entre 2 Personas,Q16 - Q20,No,No,Brasil,Probablemente sí,Argentina,Vinícius Júnior; Cristiano Ronaldo,Premios y sorteos,Tarjetas coleccionables,No,Edición Argentina,Moderada,Espectador Pasivo,Adulto Maduro (35-54)
218,2026-04-26,22:52:59,45 - 54 Años,Masculino,Guatemala,Mixco,Estudiante,Rara Vez,Gasolinera,Familia,Q25 - Q50,Gol Nachos Supreme,Barbacoa,Para Compartir Entre 2 Personas,Q21 - Q30,No,Sí,México,Probablemente sí,Argentina,Cristiano Ronaldo,Una selección nacional,Descuento directo,No,Edición Mundial Fifa 2026,Moderada,Casual,Adulto Maduro (35-54)
219,2026-04-04,13:48:36,35 - 44 Años,Femenino,Chimaltenango,Chimaltenango,Empleado Privado,Todos Los Días,Supermercado,Amigos,Q101 - Q150,Fan Chips Jalapeño,Limón,Para Compartir Entre 2 Personas,Q16 - Q20,No,Sí,Francia,Definitivamente sí,Brasil,Lionel Messi; Neymar Jr.,Una selección nacional,Tarjetas coleccionables,Sí,Edición España,Sensible Al Precio,Casual,Adulto Maduro (35-54)
220,2026-02-15,07:12:56,18 - 24 Años,Femenino,Alta Verapaz,Otro municipio,Estudiante,Varias Veces Al Mes,Supermercado,Amigos,Q25 - Q50,CrunchMax BBQ,Queso,Familiar,Q10 - Q15,Sí,Sí,Argentina,Definitivamente sí,México,Cristiano Ronaldo; Lionel Messi,Un jugador famoso,Tarjetas coleccionables,No,Edición Con Jugadores Famosos,Moderada,Espectador Pasivo,Jóvenes (<25)
221,2026-01-19,21:42:28,18 - 24 Años,Femenino,Escuintla,Santa Lucía Cotzumalguapa,Empresario,3 A 5 Veces Por Semana,Tienda de barrio,Amigos,Q25 - Q50,Mundialitos Queso Picante; FutbolMix,Limón,Familiar,Q10 - Q15,Sí,Sí,Argentina,Probablemente no,Alemania,Lionel Messi; Christian Pulisic; Neymar Jr.,Una selección nacional,Tarjetas coleccionables,No,Edición Con Jugadores Famosos,Moderada,Espectador Pasivo,Jóvenes (<25)
222,2026-04-12,16:19:29,55 Años O Más,Masculino,Guatemala,San Miguel Petapa,Estudiante,1 A 2 Veces Por Semana,Aplicación de delivery,Familia,Q25 - Q50,Victory Pretzels; Mundialitos Queso Picante,Picante Chapín,Familiar,Q10 - Q15,Sí,Sí,Argentina,Definitivamente sí,Uruguay,Kylian Mbappé,Una selección nacional,Sorteo de viajes,No,Edición Francia,Moderada,Espectador Pasivo,Adulto Mayor (55+)
223,2026-02-15,18:38:08,Menos De 18 Años,Femenino,Guatemala,Mixco,Empleado Privado,3 A 5 Veces Por Semana,Supermercado,Amigos,Q101 - Q150,Gol Nachos Supreme,Barbacoa,Individual,Q10 - Q15,Sí,No,España,Probablemente sí,México,Jude Bellingham; Cristiano Ronaldo,Premios y sorteos,Tarjetas coleccionables,Sí,Edición Brasil,Moderada,Espectador Pasivo,Jóvenes (<25)
224,2026-02-16,16:26:46,35 - 44 Años,Masculino,Chimaltenango,Tecpán Guatemala,Empresario,Todos Los Días,Gasolinera,Solo,Q25 - Q50,Fan Chips Jalapeño; Mundialitos Queso Picante,Picante Chapín,Tamaño Fiesta O Reunión,Más De Q30,No,Sí,Argentina,Probablemente no,Brasil,Alphonso Davies; Lionel Messi,Un jugador famoso,Descuento directo,Sí,Edición Con Tarjetas Coleccionables,Moderada,Casual,Adulto Maduro (35-54)
225,2026-01-13,15:54:17,25 - 34 Años,Masculino,Guatemala,Santa Catarina Pinula,Estudiante,1 A 2 Veces Por Semana,Gasolinera,Familia,Menos De Q25,Mundialitos Queso Picante; Fan Chips Jalapeño; FutbolMix,Picante Chapín,Individual,Q16 - Q20,No,Sí,Francia,Definitivamente sí,Argentina,Cristiano Ronaldo,Premios y sorteos,2x1,No,Edición Inglaterra,Sensible Al Precio,Espectador Pasivo,Adulto Joven (25-34)
226,2026-03-22,08:04:44,35 - 44 Años,Femenino,Guatemala,San Miguel Petapa,Empleado Público,3 A 5 Veces Por Semana,Supermercado,Familia,Q51 - Q100,Gol Nachos Supreme; FutbolMix; Caramel Goal Popcorn,Salado Tradicional,Individual,Q16 - Q20,Sí,Sí, BRASIL ,Definitivamente sí,Argentina,Cristiano Ronaldo,Historias de aficionados,Producto gratis,Sí,Edición Argentina,Premium Alta,Casual,Adulto Maduro (35-54)
227,2026-01-13,18:51:18,35 - 44 Años,Masculino,Alta Verapaz,Cabecera municipal,Otro,Varias Veces Al Mes,Supermercado,Compañeros de trabajo,Q51 - Q100,Fan Chips Jalapeño,Salado Tradicional,Familiar,Menos De Q10,No,Sí,Inglaterra,Definitivamente sí,Brasil,Lionel Messi; Vinícius Júnior; Christian Pulisic,Una selección nacional,Descuento directo,Sí,Edición Con Tarjetas Coleccionables,Moderada,Casual,Adulto Maduro (35-54)
228,2026-04-06,18:31:24,35 - 44 Años,Femenino,Chimaltenango, CHIMALTENANGO ,Empleado Público,Todos Los Días,Tienda de barrio,Amigos,Menos De Q25,CrunchMax BBQ,Jalapeño,Tamaño Fiesta O Reunión,Q21 - Q30,Sí,Sí,Brasil,Probablemente sí,Argentina,Christian Pulisic; Harry Kane; Lamine Yamal,Un jugador famoso,Sorteo de viajes,Sí,Edición España,Moderada,Fanático Target (Alto),Adulto Maduro (35-54)
229,2026-02-03,22:11:50,45 - 54 Años,Femenino,Jalapa,Otro municipio,Profesional Independiente,1 A 2 Veces Por Semana,Supermercado,Familia,Q25 - Q50,Energy Crunch Protein,Barbacoa,Tamaño Fiesta O Reunión,Q21 - Q30,Sí,Sí,Argentina,Probablemente sí,Portugal,Lamine Yamal; Cristiano Ronaldo; Vinícius Júnior,Humor,2x1,No,Edición Con Tarjetas Coleccionables,Moderada,Casual,Adulto Maduro (35-54)
230,2026-01-18,19:53:36,Menos De 18 Años,Masculino,Guatemala,Villa Nueva,Ama De Casa,Todos Los Días,Supermercado,Familia,Q101 - Q150,Hot Stadium Peanuts; Gol Nachos Supreme,Chocolate,Tamaño Fiesta O Reunión,Q16 - Q20,Sí,Sí,Argentina,Probablemente sí,Francia,Christian Pulisic; Lionel Messi,Una selección nacional,Descuento directo,No,Edición Con Jugadores Famosos,Moderada,Casual,Jóvenes (<25)
231,2026-04-25,08:01:00,25 - 34 Años,Femenino,Guatemala,Santa Catarina Pinula,Empleado Privado,Todos Los Días,Kiosco escolar/universitario,Solo,Q25 - Q50,Energy Crunch Protein; Hot Stadium Peanuts; Gol Nachos Supreme,Picante Chapín,Individual,Q21 - Q30,No,Sí,Portugal,Definitivamente sí,Argentina,Christian Pulisic; Cristiano Ronaldo,Una selección nacional,2x1,Sí,Edición Inglaterra,Moderada,Casual,Adulto Joven (25-34)
232,2026-04-26,09:32:04,Menos De 18 Años,Prefiero No Indicarlo,Escuintla,Santa Lucía Cotzumalguapa,Empleado Privado,3 A 5 Veces Por Semana,Tienda de barrio,Familia,Q25 - Q50,Energy Crunch Protein; CrunchMax BBQ,Limón,Familiar,Más De Q30,No,Sí,México,Tal vez,Inglaterra,Jude Bellingham; Federico Valverde,Una selección nacional,Descuento directo,Sí,Edición Argentina,Moderada,Casual,Jóvenes (<25)
233,2026-02-11,09:21:39,18 - 24 Años,Masculino,Sacatepéquez,Ciudad Vieja,Estudiante,Varias Veces Al Mes,Supermercado,Familia,Q25 - Q50,Hot Stadium Peanuts; Mundialitos Queso Picante,Queso,Para Compartir Entre 2 Personas,Q16 - Q20,No,Sí,Alemania,Tal vez,Czechia,Ninguno; Lamine Yamal; Kylian Mbappé,Humor,2x1,No,Edición Brasil,Moderada,Espectador Pasivo,Jóvenes (<25)
234,2026-02-24,13:43:47,25 - 34 Años,Masculino,Chimaltenango,Patzún,Empleado Privado,1 A 2 Veces Por Semana,Tienda de barrio,Familia,Q25 - Q50,Energy Crunch Protein; Hot Stadium Peanuts,Jalapeño,Familiar,Q16 - Q20,Sí,Sí,Portugal,Tal vez,México,Cristiano Ronaldo,Humor,2x1,Sí,Edición Mundial Fifa 2026,Moderada,Casual,Adulto Joven (25-34)
235,2026-01-19,21:57:15,25 - 34 Años,Prefiero No Indicarlo,Guatemala,San Miguel Petapa,Profesional Independiente,Varias Veces Al Mes,Tienda de barrio,Amigos,Más De Q150,Fan Chips Jalapeño; Gol Nachos Supreme,Limón,Tamaño Fiesta O Reunión,Q21 - Q30,Sí,Sí,México,Tal vez,Alemania,Cristiano Ronaldo; Kylian Mbappé; Jude Bellingham,Premios y sorteos,Tarjetas coleccionables,No,Edición Con Tarjetas Coleccionables,Moderada,Espectador Pasivo,Adulto Joven (25-34)
236,2026-04-29,13:33:47,18 - 24 Años,Masculino,Guatemala,Guatemala,Comerciante,3 A 5 Veces Por Semana,Tienda de barrio,Familia,Q51 - Q100,Energy Crunch Protein,Picante Chapín,Familiar,Menos De Q10,Sí,Sí,Francia,Tal vez,España,Neymar Jr.; Alphonso Davies,Premios y sorteos,Sorteo de camisetas,Sí,Edición Con Jugadores Famosos,Premium Alta,Casual,Jóvenes (<25)
237,2026-03-06,14:37:13,45 - 54 Años,Masculino,Guatemala,Mixco,Profesional Independiente,Varias Veces Al Mes,Aplicación de delivery,Compañeros de trabajo,Q25 - Q50,Mundialitos Queso Picante; ChocoKick Bites,Dulce,Individual,Q21 - Q30,Sí,Sí, FRANCIA ,Tal vez,Portugal,Cristiano Ronaldo,Un jugador famoso,Producto gratis,Sí,Edición Francia,Moderada,Casual,Adulto Maduro (35-54)
238,2026-02-01,19:18:33,25 - 34 Años,Masculino,Guatemala,Guatemala,Ama De Casa,Varias Veces Al Mes,Aplicación de delivery,Compañeros de trabajo,Más De Q150,Fan Chips Jalapeño; Mundialitos Queso Picante; Energy Crunch Protein,Jalapeño,Individual,Q16 - Q20,No,Sí,México,Definitivamente sí,,Lionel Messi; Neymar Jr.,Una selección nacional,2x1,No,Edición Brasil,Sensible Al Precio,Espectador Pasivo,Adulto Joven (25-34)
239,2026-04-11,19:53:44,35 - 44 Años,Masculino,Guatemala,Villa Nueva,Profesional Independiente,Todos Los Días,Supermercado,Amigos,Q51 - Q100,CrunchMax BBQ; Mundialitos Queso Picante,Picante Chapín,Familiar,Q10 - Q15,No,Sí,Argentina,Tal vez,Inglaterra,Vinícius Júnior; Christian Pulisic,Premios y sorteos,Producto gratis,Sí,Edición Argentina,Moderada,Casual,Adulto Maduro (35-54)
240,2026-04-19,13:16:37,18 - 24 Años,Femenino,Guatemala,Mixco,Comerciante,3 A 5 Veces Por Semana,Tienda de barrio,Amigos,Q25 - Q50,CrunchMax BBQ; FutbolMix; Mundialitos Queso Picante,Queso,Individual,Más De Q30,Sí,Sí,Portugal,Definitivamente sí,España,Lionel Messi; Federico Valverde,Humor,2x1,Sí,Edición Con Tarjetas Coleccionables,Moderada,Casual,Jóvenes (<25)
241,2026-01-25,21:27:35,25 - 34 Años,Femenino,Guatemala,San Miguel Petapa,Empleado Privado,3 A 5 Veces Por Semana,Gasolinera,Otro,Q51 - Q100,Caramel Goal Popcorn; Victory Pretzels,Salado Tradicional,Familiar,Q16 - Q20,Sí,Sí,Haití,Probablemente sí,Portugal,Rodri; Christian Pulisic; Lamine Yamal,Premios y sorteos,Tarjetas coleccionables,No,Edición Francia,Premium Alta,Casual,Adulto Joven (25-34)
242,2026-02-03,19:55:53,18 - 24 Años,Masculino,Guatemala,Villa Nueva,Empleado Público,Todos Los Días,Supermercado,Amigos,Menos De Q25,Gol Nachos Supreme; Mundialitos Queso Picante; Energy Crunch Protein,Queso,Familiar,Q16 - Q20,No,Sí,España,Definitivamente sí,Francia,Christian Pulisic,Un jugador famoso,Producto gratis,No,Edición Argentina,Sensible Al Precio,Espectador Pasivo,Jóvenes (<25)
243,2026-04-12,21:11:00,25 - 34 Años,Femenino,Guatemala,Santa Catarina Pinula,Estudiante,3 A 5 Veces Por Semana,Aplicación de delivery,Familia,Q25 - Q50,ChocoKick Bites; Mundialitos Queso Picante,Picante Chapín,Familiar,Q16 - Q20,Sí,Sí, MÉXICO ,Probablemente no,Argentina,Kylian Mbappé; Federico Valverde,Una selección nacional,Sorteo de viajes,Sí,Edición España,Moderada,Casual,Adulto Joven (25-34)
244,2026-02-11,08:53:46,25 - 34 Años,Femenino,Guatemala,Santa Catarina Pinula,Empleado Privado,3 A 5 Veces Por Semana,Aplicación de delivery,Familia,Menos De Q25,FutbolMix; Fan Chips Jalapeño,Jalapeño,Para Compartir Entre 2 Personas,Q16 - Q20,No,Sí,Francia,Definitivamente sí,Inglaterra,Lionel Messi,Un jugador famoso,Descuento directo,No,Edición España,Sensible Al Precio,Espectador Pasivo,Adulto Joven (25-34)
245,2026-05-05,22:15:50,45 - 54 Años,Prefiero No Indicarlo,Quetzaltenango,Olintepeque,,Todos Los Días,Tienda de barrio,Compañeros de trabajo,Q51 - Q100,CrunchMax BBQ; Energy Crunch Protein; ChocoKick Bites,Limón,Para Compartir Entre 2 Personas,Q21 - Q30,No,Sí,Alemania,Definitivamente sí,Argentina,Lionel Messi,Premios y sorteos,Descuento directo,Sí,Edición Con Tarjetas Coleccionables,Moderada,Casual,Adulto Maduro (35-54)
246,2026-05-02,13:40:43,35 - 44 Años,Femenino,Guatemala,Santa Catarina Pinula,Comerciante,Varias Veces Al Mes,Otro,Familia,Q51 - Q100,ChocoKick Bites,Jalapeño,Familiar,Q21 - Q30,Sí,Sí,Portugal,Definitivamente sí,Argentina,Cristiano Ronaldo; Lionel Messi; Harry Kane,Un jugador famoso,Producto gratis,No,Edición Mundial Fifa 2026,Premium Alta,Espectador Pasivo,Adulto Maduro (35-54)
247,2026-05-06,20:15:14,25 - 34 Años,Femenino,Huehuetenango,Cabecera municipal,Empleado Público,3 A 5 Veces Por Semana,Tienda de barrio,Amigos,Q51 - Q100,Hot Stadium Peanuts; Victory Pretzels,Barbacoa,Familiar,Q16 - Q20,No,Sí,Argentina,Definitivamente sí,España,Neymar Jr.,Una selección nacional,Sorteo de balones,No,Edición Mundial Fifa 2026,Moderada,Espectador Pasivo,Adulto Joven (25-34)
248,2026-04-27,18:25:04,25 - 34 Años,Femenino,Guatemala,Guatemala,Empleado Privado,Todos Los Días,Supermercado,Familia,Q51 - Q100,Victory Pretzels,Jalapeño,Para Compartir Entre 2 Personas,Q10 - Q15,No,Sí,Brasil,Definitivamente sí,México,Cristiano Ronaldo; Federico Valverde,Historias de aficionados,Descuento directo,No,Edición Mundial Fifa 2026,Moderada,Espectador Pasivo,Adulto Joven (25-34)
249,2026-02-14,18:40:15,45 - 54 Años,Masculino,Quetzaltenango,Olintepeque,Empleado Privado,Varias Veces Al Mes,Tienda de barrio,Familia,Menos De Q25,Energy Crunch Protein,Chocolate,Para Compartir Entre 2 Personas,Q21 - Q30,Sí,Sí,Argentina,Probablemente no,México,Lionel Messi,Un jugador famoso,2x1,No,Edición Inglaterra,Moderada,Espectador Pasivo,Adulto Maduro (35-54)
250,2026-04-30,21:15:43,45 - 54 Años,Masculino,Quetzaltenango,Olintepeque,Profesional Independiente,1 A 2 Veces Por Semana,Gasolinera,Familia,Más De Q150,FutbolMix,Limón,Familiar,Q21 - Q30,No,Sí,Inglaterra,Definitivamente sí,Ecuador,Cristiano Ronaldo; Neymar Jr.,Un jugador famoso,Tarjetas coleccionables,No,Edición Francia,Sensible Al Precio,Espectador Pasivo,Adulto Maduro (35-54)
251,2026-01-26,19:04:37,25 - 34 Años,Femenino,Guatemala,Guatemala,Estudiante,1 A 2 Veces Por Semana,Gasolinera,Familia,Q51 - Q100,Mundialitos Queso Picante; FutbolMix; Gol Nachos Supreme,Picante Chapín,Individual,Q16 - Q20,Sí,Sí,Inglaterra,Tal vez,Alemania,Rodri; Lionel Messi; Neymar Jr.,Un jugador famoso,Descuento directo,No,Edición Mundial Fifa 2026,Premium Alta,Espectador Pasivo,Adulto Joven (25-34)
252,2026-02-15,21:18:52,55 Años O Más,Femenino,Guatemala,Santa Catarina Pinula,Empresario,3 A 5 Veces Por Semana,Tienda de barrio,Amigos,Menos De Q25,Victory Pretzels; CrunchMax BBQ,Dulce,Tamaño Fiesta O Reunión,Q10 - Q15,Sí,Sí,Uruguay,Tal vez,Argentina,Jude Bellingham; Lionel Messi; Kylian Mbappé,Humor,2x1,No,Edición Francia,Moderada,Espectador Pasivo,Adulto Mayor (55+)
253,2026-03-20,19:27:20,25 - 34 Años,Femenino,Chimaltenango,Tecpán Guatemala,Comerciante,3 A 5 Veces Por Semana,Supermercado,Amigos,Q25 - Q50,Hot Stadium Peanuts; Fan Chips Jalapeño,Jalapeño,Familiar,Q16 - Q20,Sí,Sí,España,Definitivamente no,Noruega,Vinícius Júnior; Cristiano Ronaldo; Jude Bellingham,Un jugador famoso,Tarjetas coleccionables,Sí,Edición España,Moderada,Casual,Adulto Joven (25-34)
254,2026-02-07,22:03:31,25 - 34 Años,Masculino,Guatemala,Santa Catarina Pinula,Comerciante,1 A 2 Veces Por Semana,Tienda de barrio,Compañeros de trabajo,Q101 - Q150,Gol Nachos Supreme; Mundialitos Queso Picante; Energy Crunch Protein,Caramelo,Individual,Q16 - Q20,Sí,Sí,Estados Unidos,Tal vez,México,Neymar Jr.; Lamine Yamal,Premios y sorteos,Descuento directo,No,Edición Brasil,Moderada,Espectador Pasivo,Adulto Joven (25-34)
255,2026-04-06,13:06:59,55 Años O Más,Masculino,Guatemala,San Miguel Petapa,Empleado Privado,1 A 2 Veces Por Semana,Otro,Otro,Q25 - Q50,Gol Nachos Supreme; Fan Chips Jalapeño,Queso,Tamaño Fiesta O Reunión,Q10 - Q15,No,Sí,Brasil,Tal vez,Argentina,Neymar Jr.,Premios y sorteos,2x1,No,Edición Con Tarjetas Coleccionables,Moderada,Espectador Pasivo,Adulto Mayor (55+)
256,2026-02-22,14:50:40,45 - 54 Años,Masculino,Santa Rosa,Cabecera municipal,Empleado Privado,1 A 2 Veces Por Semana,Gasolinera,Amigos,Menos De Q25,CrunchMax BBQ; Energy Crunch Protein,Queso,Individual,Más De Q30,No,Sí,Brasil,Probablemente sí,México,Kylian Mbappé; Lionel Messi; Neymar Jr.,Historias de aficionados,Descuento directo,No,Edición Con Tarjetas Coleccionables,Sensible Al Precio,Casual,Adulto Maduro (35-54)
257,2026-05-10,09:00:55,25 - 34 Años,Femenino,Guatemala,San Miguel Petapa,Empleado Privado,Todos Los Días,Tienda de barrio,Familia,Menos De Q25,Fan Chips Jalapeño; Caramel Goal Popcorn; FutbolMix,Limón,Para Compartir Entre 2 Personas,Q16 - Q20,Sí,Sí,Argentina,Tal vez,Brasil,Cristiano Ronaldo,Premios y sorteos,Producto gratis,Sí,Edición Inglaterra,Moderada,Casual,Adulto Joven (25-34)
258,2026-05-10,11:34:46,45 - 54 Años,Femenino,Zacapa,Otro municipio,Profesional Independiente,3 A 5 Veces Por Semana,Supermercado,Amigos,Q25 - Q50,Mundialitos Queso Picante; Caramel Goal Popcorn,Queso,Familiar,Q16 - Q20,No,Sí,Argentina,Tal vez,Portugal,Ninguno; Lamine Yamal,Un jugador famoso,Sorteo de camisetas,Sí,Edición Con Tarjetas Coleccionables,Moderada,Casual,Adulto Maduro (35-54)
259,2026-02-10,17:59:08,25 - 34 Años,Femenino,Guatemala,Mixco,Empleado Privado,Rara Vez,Supermercado,Amigos,Q51 - Q100,Fan Chips Jalapeño; Mundialitos Queso Picante; ChocoKick Bites,Limón,Individual,Q10 - Q15,No,No,Irak,Tal vez,Argentina,Lamine Yamal; Vinícius Júnior,Historias de aficionados,Tarjetas coleccionables,Sí,Edición Brasil,Moderada,Espectador Pasivo,Adulto Joven (25-34)
260,2026-03-22,12:07:06,45 - 54 Años,Masculino,Sacatepéquez,Jocotenango,Empleado Privado,Todos Los Días,Supermercado,Amigos,Q25 - Q50,FutbolMix,Barbacoa,Familiar,,Sí,Sí,Francia,Probablemente no,México,Vinícius Júnior; Lionel Messi,Una selección nacional,Sorteo de viajes,No,Edición Con Jugadores Famosos,Moderada,Espectador Pasivo,Adulto Maduro (35-54)
261,2026-05-06,10:42:23,55 Años O Más,Masculino,Chimaltenango,Tecpán Guatemala,Estudiante,1 A 2 Veces Por Semana,Gasolinera,Familia,Menos De Q25,ChocoKick Bites; Gol Nachos Supreme,Chocolate,Individual,Menos De Q10,No,No,Alemania,Tal vez,Argentina,Cristiano Ronaldo; Vinícius Júnior; Neymar Jr.,Un jugador famoso,Tarjetas coleccionables,Sí,Edición Con Jugadores Famosos,Sensible Al Precio,Espectador Pasivo,Adulto Mayor (55+)
262,2026-01-20,22:57:21,35 - 44 Años,Masculino,Quetzaltenango,Coatepeque,Empleado Privado,Varias Veces Al Mes,Tienda de barrio,Familia,Menos De Q25,Fan Chips Jalapeño; Hot Stadium Peanuts; Mundialitos Queso Picante,Chocolate,Para Compartir Entre 2 Personas,Q21 - Q30,Sí,Sí,Portugal,Tal vez,Francia,Lionel Messi; Christian Pulisic,Un jugador famoso,Descuento directo,No,Edición Con Jugadores Famosos,Moderada,Espectador Pasivo,Adulto Maduro (35-54)
263,2026-04-05,17:17:03,35 - 44 Años,Masculino,Chimaltenango,Chimaltenango,Estudiante,3 A 5 Veces Por Semana,Supermercado,Familia,Menos De Q25,CrunchMax BBQ; Mundialitos Queso Picante; Energy Crunch Protein,Limón,Para Compartir Entre 2 Personas,Menos De Q10,No,Sí,Argentina,Definitivamente sí,México,Kylian Mbappé,Un jugador famoso,Producto gratis,Sí,Edición Mundial Fifa 2026,Sensible Al Precio,Casual,Adulto Maduro (35-54)
264,2026-02-15,17:10:28,25 - 34 Años,Masculino,Guatemala,San Miguel Petapa,Jubilado,Todos Los Días,Kiosco escolar/universitario,Amigos,Q101 - Q150,Mundialitos Queso Picante; Gol Nachos Supreme; ChocoKick Bites,Chocolate,Tamaño Fiesta O Reunión,Q21 - Q30,No,No,Argentina,Tal vez,Francia,Neymar Jr.; Christian Pulisic; Cristiano Ronaldo,Premios y sorteos,Tarjetas coleccionables,Sí,Edición Con Tarjetas Coleccionables,Sensible Al Precio,Espectador Pasivo,Adulto Joven (25-34)
265,2026-03-15,15:52:47,35 - 44 Años,Masculino,Huehuetenango,Otro municipio,Profesional Independiente,Rara Vez,Tienda de barrio,Amigos,Q51 - Q100,Gol Nachos Supreme; Hot Stadium Peanuts; Caramel Goal Popcorn,Chocolate,Familiar,Q16 - Q20,Sí,No,Argentina,Definitivamente sí,Estados Unidos,Jude Bellingham,Premios y sorteos,Descuento directo,Sí,Edición Brasil,Premium Alta,Espectador Pasivo,Adulto Maduro (35-54)
266,2026-03-06,19:13:02,45 - 54 Años,Masculino,Sololá,Cabecera municipal,Empleado Público,Todos Los Días,Supermercado,Familia,Menos De Q25,Caramel Goal Popcorn; Mundialitos Queso Picante; Gol Nachos Supreme,Limón,Tamaño Fiesta O Reunión,Q10 - Q15,Sí,Sí,Egipto,Tal vez,Países Bajos,Neymar Jr.,Un jugador famoso,Sorteo de viajes,No,Edición Argentina,Moderada,Espectador Pasivo,Adulto Maduro (35-54)
267,2026-01-10,19:16:14,35 - 44 Años,Masculino,Jutiapa,Jutiapa,Empleado Privado,Varias Veces Al Mes,Gasolinera,Amigos,Q25 - Q50,ChocoKick Bites; Gol Nachos Supreme; FutbolMix,Dulce,Familiar,Q16 - Q20,Sí,Sí,Brasil,Probablemente sí,México,Jude Bellingham,Premios y sorteos,Sorteo de camisetas,Sí,Edición Mundial Fifa 2026,Moderada,Fanático Target (Alto),Adulto Maduro (35-54)
268,2026-01-26,21:22:34,25 - 34 Años,Femenino,Guatemala,Mixco,Empleado Privado,3 A 5 Veces Por Semana,Gasolinera,Familia,Q51 - Q100,FutbolMix,Chocolate,Para Compartir Entre 2 Personas,Q21 - Q30,Sí,Sí, FRANCIA ,Tal vez,México,Neymar Jr.,Una selección nacional,Sorteo de viajes,Sí,Edición Con Jugadores Famosos,Premium Alta,Casual,Adulto Joven (25-34)
269,2026-01-11,08:04:00,25 - 34 Años,Masculino,Guatemala,Guatemala,Ama De Casa,3 A 5 Veces Por Semana,Kiosco escolar/universitario,Familia,Q51 - Q100,CrunchMax BBQ; Energy Crunch Protein,Barbacoa,Para Compartir Entre 2 Personas,Q16 - Q20,Sí,Sí,México,Definitivamente sí,Inglaterra,Cristiano Ronaldo; Lionel Messi; Kylian Mbappé,Premios y sorteos,Descuento directo,No,Edición Con Tarjetas Coleccionables,Premium Alta,Espectador Pasivo,Adulto Joven (25-34)
270,2026-03-16,19:19:05,18 - 24 Años,Femenino,Huehuetenango,Otro municipio,Empleado Público,1 A 2 Veces Por Semana,Supermercado,Solo,Q25 - Q50,Energy Crunch Protein; Caramel Goal Popcorn,Picante Chapín,Tamaño Fiesta O Reunión,Q10 - Q15,Sí,Sí,Panamá,Tal vez,Argentina,Alphonso Davies; Federico Valverde; Cristiano Ronaldo,Un jugador famoso,Sorteo de viajes,Sí,Edición Con Jugadores Famosos,Moderada,Casual,Jóvenes (<25)
271,2026-02-26,15:55:08,35 - 44 Años,Femenino,Guatemala,San Miguel Petapa,Jubilado,Varias Veces Al Mes,Tienda de barrio,Otro,Q25 - Q50,ChocoKick Bites,Queso,Tamaño Fiesta O Reunión,Menos De Q10,No,No,Argentina,Probablemente sí,México,Lionel Messi; Neymar Jr.,Un jugador famoso,Descuento directo,No,Edición Argentina,Moderada,Espectador Pasivo,Adulto Maduro (35-54)
272,2026-03-28,09:41:22,25 - 34 Años,Femenino,Guatemala,Guatemala,Empleado Privado,Varias Veces Al Mes,Tienda de barrio,Compañeros de trabajo,Menos De Q25,Fan Chips Jalapeño; ChocoKick Bites,Salado Tradicional,Familiar,Q16 - Q20,Sí,Sí,Uruguay,Probablemente sí,Argentina,Vinícius Júnior; Lamine Yamal,Un jugador famoso,Producto gratis,Sí,Edición Mundial Fifa 2026,Moderada,Fanático Target (Alto),Adulto Joven (25-34)
273,2026-03-21,08:25:26,55 Años O Más,Femenino,Baja Verapaz,Baja Verapaz,Empresario,Varias Veces Al Mes,Aplicación de delivery,Otro,Q51 - Q100,Caramel Goal Popcorn; FutbolMix; Mundialitos Queso Picante,Chocolate,Para Compartir Entre 2 Personas,Q21 - Q30,Sí,Sí,Brasil,Probablemente sí,Inglaterra,Cristiano Ronaldo,Humor,Descuento directo,Sí,Edición Argentina,Premium Alta,Fanático Target (Alto),Adulto Mayor (55+)
274,2026-04-20,15:38:02,45 - 54 Años,Femenino,Escuintla,Escuintla,Profesional Independiente,Todos Los Días,Gasolinera,Amigos,Más De Q150,FutbolMix; CrunchMax BBQ; Mundialitos Queso Picante,Queso,Para Compartir Entre 2 Personas,Menos De Q10,No,Sí,Inglaterra,Definitivamente sí,España,Lionel Messi; Vinícius Júnior; Jude Bellingham,Un jugador famoso,Descuento directo,No,Edición Argentina,Sensible Al Precio,Espectador Pasivo,Adulto Maduro (35-54)
275,2026-01-19,19:15:32,55 Años O Más,Femenino,Guatemala,Santa Catarina Pinula,Jubilado,Rara Vez,Tienda de barrio,Familia,Q25 - Q50,Gol Nachos Supreme; CrunchMax BBQ; Caramel Goal Popcorn,Barbacoa,Familiar,Q21 - Q30,No,Sí,España,Definitivamente sí,Túnez,Cristiano Ronaldo; Lionel Messi; Federico Valverde,Un jugador famoso,Sorteo de camisetas,No,Edición Francia,Moderada,Espectador Pasivo,Adulto Mayor (55+)
276,2026-04-15,12:19:22,18 - 24 Años,Femenino,Escuintla,Santa Lucía Cotzumalguapa,Empleado Privado,Varias Veces Al Mes,Tienda de barrio,Familia,Q51 - Q100,Caramel Goal Popcorn; CrunchMax BBQ; Hot Stadium Peanuts,Picante Chapín,Individual,Q21 - Q30,Sí,No, BRASIL ,Tal vez,Suecia,Cristiano Ronaldo; Lionel Messi; Kylian Mbappé,Humor,2x1,No,Edición Inglaterra,Premium Alta,Espectador Pasivo,Jóvenes (<25)
277,2026-04-17,18:26:55,35 - 44 Años,Masculino,Guatemala,San Miguel Petapa,Empleado Privado,1 A 2 Veces Por Semana,Supermercado,Familia,Q25 - Q50,CrunchMax BBQ; ChocoKick Bites; Fan Chips Jalapeño,Barbacoa,Para Compartir Entre 2 Personas,Q16 - Q20,Sí,Sí,México,Tal vez,Croacia,Kylian Mbappé; Lionel Messi,Una selección nacional,Descuento directo,No,Edición Francia,Moderada,Espectador Pasivo,Adulto Maduro (35-54)
278,2026-04-08,08:11:12,18 - 24 Años,Femenino,Guatemala,Mixco,Estudiante,3 A 5 Veces Por Semana,Tienda de barrio,Familia,Q51 - Q100,Victory Pretzels; Gol Nachos Supreme,Queso,Para Compartir Entre 2 Personas,Q16 - Q20,Sí,Sí,Estados Unidos,Tal vez,Argentina,Kylian Mbappé; Cristiano Ronaldo; Jude Bellingham,Un jugador famoso,Tarjetas coleccionables,Sí,Edición Argentina,Premium Alta,Casual,Jóvenes (<25)
279,2026-03-10,16:02:10,Menos De 18 Años,Femenino,El Progreso,El Progreso,Empresario,Varias Veces Al Mes,Tienda de barrio,Amigos,Q101 - Q150,Caramel Goal Popcorn; Mundialitos Queso Picante,Salado Tradicional,Individual,Q16 - Q20,No,Sí,Estados Unidos,Definitivamente no,Argentina,Lionel Messi,Un jugador famoso,2x1,Sí,Edición Con Jugadores Famosos,Sensible Al Precio,Casual,Jóvenes (<25)
280,2026-04-21,20:41:09,35 - 44 Años,Masculino,Santa Rosa,Otro municipio,Estudiante,1 A 2 Veces Por Semana,Supermercado,Familia,Q51 - Q100,FutbolMix; CrunchMax BBQ; Mundialitos Queso Picante,Dulce,Para Compartir Entre 2 Personas,Q21 - Q30,No,No,Francia,Definitivamente no,Inglaterra,Cristiano Ronaldo,Un jugador famoso,Tarjetas coleccionables,Sí,Edición Inglaterra,Moderada,Espectador Pasivo,Adulto Maduro (35-54)
281,2026-03-03,17:54:10,45 - 54 Años,Masculino,Guatemala,Santa Catarina Pinula,Otro,Rara Vez,Gasolinera,Familia,Q25 - Q50,Hot Stadium Peanuts; Caramel Goal Popcorn; ChocoKick Bites,Picante Chapín,Tamaño Fiesta O Reunión,Q21 - Q30,No,Sí,Argentina,Probablemente sí,Brasil,Rodri; Cristiano Ronaldo,Un jugador famoso,Sorteo de camisetas,Sí,Edición Inglaterra,Moderada,Fanático Target (Alto),Adulto Maduro (35-54)
282,2026-02-23,18:21:03,18 - 24 Años,Femenino,Huehuetenango,Cabecera municipal,Empleado Privado,Todos Los Días,Gasolinera,Compañeros de trabajo,Más De Q150,Fan Chips Jalapeño; Energy Crunch Protein; Hot Stadium Peanuts,Queso,Tamaño Fiesta O Reunión,Menos De Q10,No,No,México,Definitivamente sí,Alemania,Lamine Yamal; Ninguno; Vinícius Júnior,Historias de aficionados,Descuento directo,No,Edición Con Jugadores Famosos,Sensible Al Precio,Espectador Pasivo,Jóvenes (<25)
283,2026-02-26,17:57:46,Menos De 18 Años,Masculino,Guatemala,Mixco,Otro,3 A 5 Veces Por Semana,Gasolinera,Familia,Q101 - Q150,Hot Stadium Peanuts,Caramelo,Para Compartir Entre 2 Personas,Menos De Q10,Sí,Sí,Argentina,Tal vez,Portugal,Lionel Messi; Neymar Jr.,Una selección nacional,Tarjetas coleccionables,Sí,Edición Francia,Moderada,Casual,Jóvenes (<25)
284,2026-02-14,20:59:00,45 - 54 Años,Femenino,Guatemala,Guatemala,Empleado Privado,Varias Veces Al Mes,Supermercado,Otro,Q25 - Q50,Hot Stadium Peanuts; Victory Pretzels; Mundialitos Queso Picante,Barbacoa,Familiar,Más De Q30,No,Sí,Portugal,Probablemente sí,España,Cristiano Ronaldo; Harry Kane,Historias de aficionados,Sorteo de balones,No,Edición Con Tarjetas Coleccionables,Moderada,Casual,Adulto Maduro (35-54)
285,2026-02-09,15:04:17,Menos De 18 Años,Femenino,Sololá,Otro municipio,Comerciante,Todos Los Días,Tienda de barrio,Familia,Q51 - Q100,CrunchMax BBQ,,Individual,Menos De Q10,No,Sí,Francia,Tal vez, INGLATERRA ,Cristiano Ronaldo,Un jugador famoso,Descuento directo,Sí,Edición España,Moderada,Casual,Jóvenes (<25)
286,2026-02-03,11:37:44,Menos De 18 Años,Femenino,Escuintla,Santa Lucía Cotzumalguapa,Empresario,Todos Los Días,Aplicación de delivery,Amigos,Más De Q150,CrunchMax BBQ; Fan Chips Jalapeño; Gol Nachos Supreme,Chocolate,Para Compartir Entre 2 Personas,Q10 - Q15,No,Sí,Argentina,Definitivamente sí,Inglaterra,Alphonso Davies,Una selección nacional,Sorteo de camisetas,No,Edición Con Jugadores Famosos,Sensible Al Precio,Espectador Pasivo,Jóvenes (<25)
287,2026-02-21,21:05:25,Menos De 18 Años,Masculino,Escuintla,Escuintla,Estudiante,3 A 5 Veces Por Semana,Supermercado,Familia,Q51 - Q100,Hot Stadium Peanuts; Fan Chips Jalapeño; Gol Nachos Supreme,Salado Tradicional,Para Compartir Entre 2 Personas,Q21 - Q30,Sí,Sí,México,Probablemente sí,Inglaterra,Lionel Messi; Alphonso Davies; Lamine Yamal,Historias de aficionados,2x1,Sí,Edición España,Premium Alta,Fanático Target (Alto),Jóvenes (<25)
288,2026-03-19,13:09:51,18 - 24 Años,Masculino,Guatemala,Guatemala,Jubilado,Varias Veces Al Mes,Supermercado,Familia,Menos De Q25,CrunchMax BBQ; Hot Stadium Peanuts,Jalapeño,Individual,Q21 - Q30,Sí,Sí,Inglaterra,Tal vez,Argelia,Neymar Jr.; Vinícius Júnior,Un jugador famoso,Descuento directo,Sí,Edición Con Jugadores Famosos,Moderada,Casual,Jóvenes (<25)
289,2026-01-16,17:43:08,35 - 44 Años,Masculino,Quetzaltenango, COATEPEQUE ,Ama De Casa,3 A 5 Veces Por Semana,Supermercado,Familia,Q51 - Q100,Mundialitos Queso Picante,Chocolate,Familiar,Q16 - Q20,Sí,Sí,Argentina,Probablemente sí,Brasil,Lionel Messi; Neymar Jr.,Una selección nacional,Sorteo de camisetas,Sí,Edición Con Jugadores Famosos,Premium Alta,Fanático Target (Alto),Adulto Maduro (35-54)
290,2026-05-07,15:25:33,Menos De 18 Años,Masculino,Guatemala,San Miguel Petapa,Ama De Casa,1 A 2 Veces Por Semana,Otro,Familia,Q51 - Q100,Fan Chips Jalapeño; Caramel Goal Popcorn; CrunchMax BBQ,Chocolate,Individual,Q21 - Q30,Sí,Sí,Francia,Tal vez,Brasil,Cristiano Ronaldo,Un jugador famoso,Sorteo de viajes,No,Edición Argentina,Premium Alta,Espectador Pasivo,Jóvenes (<25)
291,2026-03-20,10:51:22,35 - 44 Años,Masculino,Baja Verapaz,Cabecera municipal,Empresario,Todos Los Días,Gasolinera,Amigos,Q25 - Q50,Hot Stadium Peanuts; CrunchMax BBQ,,Familiar,Q10 - Q15,Sí,Sí,Argentina,Definitivamente sí,Brasil,Lamine Yamal; Neymar Jr.,Historias de aficionados,Sorteo de camisetas,Sí,Edición Mundial Fifa 2026,Moderada,Casual,Adulto Maduro (35-54)
1595,2026-04-27,16:44:15,55 Años O Más,Femenino,Guatemala,Villa Nueva,Empleado Privado,Varias Veces Al Mes,Gasolinera,Familia,Q51 - Q100,FutbolMix; ChocoKick Bites,Barbacoa,Familiar,Q21 - Q30,Sí,Sí,Estados Unidos,Probablemente sí,México,Lionel Messi; Harry Kane; Neymar Jr.,Una selección nacional,Sorteo de viajes,Sí,Edición Mundial Fifa 2026,Premium Alta,Fanático Target (Alto),Adulto Mayor (55+)
293,2026-01-10,12:00:32,35 - 44 Años,Masculino,Guatemala,Villa Nueva,Estudiante,3 A 5 Veces Por Semana,Otro,Familia,Q25 - Q50,Fan Chips Jalapeño; Gol Nachos Supreme; ChocoKick Bites,Chocolate,Familiar,Q16 - Q20,No,Sí,Colombia,Probablemente sí,Portugal,Vinícius Júnior,Un jugador famoso,Producto gratis,Sí,Edición Con Tarjetas Coleccionables,Moderada,Fanático Target (Alto),Adulto Maduro (35-54)
294,2026-02-20,09:22:52,35 - 44 Años,Prefiero No Indicarlo,Guatemala,Villa Nueva,Comerciante,Rara Vez,Supermercado,Familia,Q51 - Q100,Hot Stadium Peanuts; CrunchMax BBQ,Dulce,Individual,Q16 - Q20,Sí,Sí,Czechia,Probablemente sí,Brasil,Vinícius Júnior,Humor,Tarjetas coleccionables,No,Edición Con Tarjetas Coleccionables,Premium Alta,Casual,Adulto Maduro (35-54)
295,2026-04-29,07:29:33,Menos De 18 Años,Femenino,Guatemala,San Miguel Petapa,Empleado Público,Varias Veces Al Mes,Tienda de barrio,Familia,Q25 - Q50,Fan Chips Jalapeño,Barbacoa,Para Compartir Entre 2 Personas,Más De Q30,Sí,Sí,Brasil,Probablemente no,Brasil,Lionel Messi,Un jugador famoso,2x1,Sí,Edición Francia,Moderada,Casual,Jóvenes (<25)
296,2026-04-02,20:21:35,35 - 44 Años,Femenino,Quetzaltenango,Coatepeque,Empleado Público,Varias Veces Al Mes,Kiosco escolar/universitario,Otro,Q25 - Q50,Fan Chips Jalapeño; Gol Nachos Supreme,Dulce,Familiar,Q10 - Q15,No,No,Argentina,Definitivamente no,Portugal,Jude Bellingham; Cristiano Ronaldo; Lionel Messi,Humor,Descuento directo,Sí,Edición España,Moderada,Espectador Pasivo,Adulto Maduro (35-54)
297,2026-04-20,21:00:58,18 - 24 Años,Femenino,Guatemala,Santa Catarina Pinula,Ama De Casa,1 A 2 Veces Por Semana,Supermercado,Solo,Q25 - Q50,FutbolMix; CrunchMax BBQ; Energy Crunch Protein,Picante Chapín,Para Compartir Entre 2 Personas,Menos De Q10,No,Sí,Inglaterra,Probablemente sí,Colombia,Cristiano Ronaldo,Premios y sorteos,Descuento directo,Sí,Edición Argentina,Moderada,Fanático Target (Alto),Jóvenes (<25)
298,2026-04-09,10:09:32,18 - 24 Años,Masculino,El Progreso,Otro municipio,Empleado Privado,1 A 2 Veces Por Semana,Otro,Familia,Q25 - Q50,Caramel Goal Popcorn; Hot Stadium Peanuts; ChocoKick Bites,Picante Chapín,Tamaño Fiesta O Reunión,Q21 - Q30,Sí,Sí,Alemania,Probablemente sí,Brasil,Cristiano Ronaldo; Ninguno,Un jugador famoso,2x1,Sí,Edición Con Tarjetas Coleccionables,Moderada,Fanático Target (Alto),Jóvenes (<25)
299,2026-02-06,15:23:44,25 - 34 Años,Masculino,Guatemala,Guatemala,Empleado Privado,Todos Los Días,Aplicación de delivery,Amigos,Más De Q150,Caramel Goal Popcorn; Mundialitos Queso Picante; ChocoKick Bites,Jalapeño,Tamaño Fiesta O Reunión,Q10 - Q15,Sí,Sí,Francia,Tal vez,Francia,Lionel Messi,Historias de aficionados,Tarjetas coleccionables,No,Edición Argentina,Moderada,Espectador Pasivo,Adulto Joven (25-34)
300,2026-02-16,21:22:06,55 Años O Más,Masculino,Guatemala,San Miguel Petapa,Ama De Casa,Todos Los Días,Tienda de barrio,Familia,Q25 - Q50,Caramel Goal Popcorn,Limón,Individual,Q10 - Q15,Sí,Sí,Argelia,Probablemente no, BRASIL ,Neymar Jr.,Premios y sorteos,Tarjetas coleccionables,Sí,Edición Con Jugadores Famosos,Moderada,Casual,Adulto Mayor (55+)
301,2026-01-31,10:26:52,45 - 54 Años,Femenino,Chiquimula,Chiquimula,Profesional Independiente,Varias Veces Al Mes,Otro,Amigos,Q51 - Q100,ChocoKick Bites; Hot Stadium Peanuts,Barbacoa,Individual,Q10 - Q15,No,Sí,Argelia,Probablemente sí,Alemania,Lamine Yamal,Un jugador famoso,Sorteo de balones,No,Edición Brasil,Moderada,Casual,Adulto Maduro (35-54)
302,2026-04-28,15:06:40,45 - 54 Años,Femenino,Guatemala,San Miguel Petapa,Empleado Privado,1 A 2 Veces Por Semana,Supermercado,Amigos,Q25 - Q50,FutbolMix; Hot Stadium Peanuts; Caramel Goal Popcorn,Dulce,Para Compartir Entre 2 Personas,Q21 - Q30,No,No,Brasil,Definitivamente sí,España,Neymar Jr.,Premios y sorteos,Sorteo de viajes,No,Edición Argentina,Moderada,Espectador Pasivo,Adulto Maduro (35-54)
303,2026-01-15,11:03:19,25 - 34 Años,Femenino,Guatemala,Villa Nueva,Empleado Privado,3 A 5 Veces Por Semana,Supermercado,Amigos,Q51 - Q100,Victory Pretzels; Mundialitos Queso Picante; FutbolMix,Queso,Individual,Q16 - Q20,No,Sí,Francia,Definitivamente sí,México,Jude Bellingham,Un jugador famoso,Tarjetas coleccionables,Sí,Edición Brasil,Moderada,Casual,Adulto Joven (25-34)
304,2026-03-18,15:51:13,45 - 54 Años,Prefiero No Indicarlo,Guatemala,Guatemala,Empleado Privado,3 A 5 Veces Por Semana,Supermercado,Familia,Q25 - Q50,Hot Stadium Peanuts; Caramel Goal Popcorn,Jalapeño,Individual,Q16 - Q20,No,Sí,Argentina,Tal vez,España,Alphonso Davies; Vinícius Júnior; Kylian Mbappé,Una selección nacional,2x1,Sí,Edición Mundial Fifa 2026,Moderada,Casual,Adulto Maduro (35-54)
305,2026-04-19,09:23:45,18 - 24 Años,Masculino,Guatemala,Santa Catarina Pinula,Empleado Público,Rara Vez,Tienda de barrio,Solo,Q51 - Q100,ChocoKick Bites; Gol Nachos Supreme,Limón,Individual,Q10 - Q15,Sí,Sí,México,Tal vez,Panamá,Neymar Jr.,Historias de aficionados,Sorteo de viajes,Sí,Edición Con Tarjetas Coleccionables,Premium Alta,Casual,Jóvenes (<25)
306,2026-01-17,18:10:26,18 - 24 Años,Femenino,Chiquimula,Otro municipio,Empleado Público,3 A 5 Veces Por Semana,Supermercado,Familia,Q51 - Q100,Mundialitos Queso Picante; CrunchMax BBQ; Hot Stadium Peanuts,Picante Chapín,Para Compartir Entre 2 Personas,Menos De Q10,Sí,Sí,Argentina,Probablemente sí,Brasil,Harry Kane; Cristiano Ronaldo,Historias de aficionados,Tarjetas coleccionables,No,Edición Brasil,Premium Alta,Casual,Jóvenes (<25)
307,2026-01-31,12:04:25,35 - 44 Años,Masculino,Quetzaltenango,Quetzaltenango,Empleado Privado,1 A 2 Veces Por Semana,Supermercado,Solo,Q51 - Q100,Fan Chips Jalapeño; Energy Crunch Protein,Picante Chapín,Familiar,Q10 - Q15,Sí,No,Uruguay,Probablemente no,Francia,Cristiano Ronaldo,Un jugador famoso,2x1,Sí,Edición Brasil,Premium Alta,Espectador Pasivo,Adulto Maduro (35-54)
308,2026-02-01,09:38:12,Menos De 18 Años,Masculino,Guatemala,San Miguel Petapa,Jubilado,Todos Los Días,Gasolinera,Familia,Q51 - Q100,Mundialitos Queso Picante; ChocoKick Bites; Fan Chips Jalapeño,Picante Chapín,Para Compartir Entre 2 Personas,Menos De Q10,No,Sí,Uruguay,Definitivamente sí,México,Lamine Yamal; Vinícius Júnior,Humor,Tarjetas coleccionables,Sí,Edición Con Tarjetas Coleccionables,Moderada,Casual,Jóvenes (<25)
309,2026-04-23,12:59:56,18 - 24 Años,Femenino,Quetzaltenango,Olintepeque,Empleado Privado,3 A 5 Veces Por Semana,Tienda de barrio,Amigos,Q51 - Q100,FutbolMix; Caramel Goal Popcorn; Energy Crunch Protein,Dulce,Familiar,Q21 - Q30,Sí,Sí, BRASIL ,Tal vez,Portugal,Cristiano Ronaldo; Vinícius Júnior,Un jugador famoso,Descuento directo,Sí,Edición Inglaterra,Premium Alta,Casual,Jóvenes (<25)
310,2026-01-14,20:01:11,55 Años O Más,Femenino,Guatemala,Santa Catarina Pinula,Empleado Privado,Rara Vez,Supermercado,Solo,Q101 - Q150,Fan Chips Jalapeño,Dulce,Individual,Q16 - Q20,Sí,Sí,Estados Unidos,Probablemente sí,Brasil,Lionel Messi; Harry Kane,Premios y sorteos,Tarjetas coleccionables,Sí,Edición Argentina,Moderada,Fanático Target (Alto),Adulto Mayor (55+)
311,2026-04-01,22:00:29,Menos De 18 Años,Femenino,Baja Verapaz,Baja Verapaz,Empleado Privado,1 A 2 Veces Por Semana,Tienda de barrio,Amigos,Menos De Q25,Hot Stadium Peanuts; FutbolMix,Queso,Tamaño Fiesta O Reunión,Q10 - Q15,Sí,Sí,Uruguay,Probablemente sí,Argentina,Jude Bellingham,Una selección nacional,2x1,Sí,Edición España,Moderada,Fanático Target (Alto),Jóvenes (<25)
312,2026-01-29,18:28:33,Menos De 18 Años,Femenino,Guatemala,Guatemala,Comerciante,Varias Veces Al Mes,Gasolinera,Familia,Menos De Q25,ChocoKick Bites; Caramel Goal Popcorn,Barbacoa,Individual,Q10 - Q15,No,Sí,México,Tal vez,Portugal,Lionel Messi; Neymar Jr.,Premios y sorteos,2x1,Sí,Edición Argentina,Sensible Al Precio,Casual,Jóvenes (<25)
313,2026-02-05,08:27:57,18 - 24 Años,Femenino,Quiché,Cabecera municipal,Empleado Privado,Rara Vez,Kiosco escolar/universitario,Solo,Q51 - Q100,Gol Nachos Supreme; FutbolMix; CrunchMax BBQ,Barbacoa,Para Compartir Entre 2 Personas,Q21 - Q30,No,No,Brasil,Probablemente sí,Portugal,Vinícius Júnior,Humor,Producto gratis,Sí,Edición Con Tarjetas Coleccionables,Moderada,Espectador Pasivo,Jóvenes (<25)
314,2026-03-26,07:53:56,25 - 34 Años,Masculino,Jalapa,Cabecera municipal,Ama De Casa,Todos Los Días,Gasolinera,Familia,Q101 - Q150,Caramel Goal Popcorn; Hot Stadium Peanuts; Fan Chips Jalapeño,Picante Chapín,Familiar,Q10 - Q15,Sí,Sí,Francia,Probablemente sí,Francia,Neymar Jr.; Cristiano Ronaldo,Un jugador famoso,Tarjetas coleccionables,Sí,Edición Brasil,Moderada,Fanático Target (Alto),Adulto Joven (25-34)
315,2026-01-21,09:05:13,35 - 44 Años,Femenino,Guatemala,Santa Catarina Pinula,Comerciante,3 A 5 Veces Por Semana,Aplicación de delivery,Amigos,Q51 - Q100,FutbolMix; Fan Chips Jalapeño; CrunchMax BBQ,Picante Chapín,Tamaño Fiesta O Reunión,Q16 - Q20,Sí,Sí,Argentina,Probablemente no,Curaçao,Harry Kane; Vinícius Júnior; Lamine Yamal,Un jugador famoso,Descuento directo,Sí,Edición Con Jugadores Famosos,Premium Alta,Casual,Adulto Maduro (35-54)
316,2026-02-09,15:21:12,45 - 54 Años,Masculino,Guatemala,Guatemala,Empleado Público,Todos Los Días,Otro,Amigos,Q25 - Q50,Victory Pretzels; Fan Chips Jalapeño; Mundialitos Queso Picante,Picante Chapín,Para Compartir Entre 2 Personas,Q16 - Q20,No,Sí,México,Definitivamente sí,Francia,Lionel Messi; Kylian Mbappé,Premios y sorteos,2x1,No,Edición Con Tarjetas Coleccionables,Moderada,Espectador Pasivo,Adulto Maduro (35-54)
317,2026-03-08,17:47:33,25 - 34 Años,Masculino,Baja Verapaz,Baja Verapaz,Ama De Casa,Rara Vez,Tienda de barrio,Amigos,Q25 - Q50,Caramel Goal Popcorn; ChocoKick Bites,Salado Tradicional,Para Compartir Entre 2 Personas,Más De Q30,Sí,No,Croacia,Tal vez,,Lionel Messi; Kylian Mbappé,Una selección nacional,2x1,Sí,Edición Con Tarjetas Coleccionables,Moderada,Espectador Pasivo,Adulto Joven (25-34)
318,2026-04-16,13:05:41,18 - 24 Años,Femenino,Quetzaltenango,Quetzaltenango,Empleado Privado,1 A 2 Veces Por Semana,Supermercado,Amigos,Menos De Q25,Mundialitos Queso Picante,Queso,Para Compartir Entre 2 Personas,Q16 - Q20,Sí,No,Alemania,Definitivamente sí,Brasil,Lionel Messi; Jude Bellingham; Vinícius Júnior,Una selección nacional,Descuento directo,No,Edición Con Tarjetas Coleccionables,Moderada,Espectador Pasivo,Jóvenes (<25)
319,2026-01-29,11:47:46,25 - 34 Años,Femenino,Guatemala,Mixco,Empleado Privado,Varias Veces Al Mes,Tienda de barrio,Amigos,Q101 - Q150,Gol Nachos Supreme,Chocolate,Individual,Menos De Q10,No,Sí,México,Probablemente sí,Francia,Lionel Messi,Historias de aficionados,Sorteo de camisetas,Sí,Edición Brasil,Sensible Al Precio,Fanático Target (Alto),Adulto Joven (25-34)
320,2026-02-04,10:39:13,25 - 34 Años,Masculino,Totonicapán,Otro municipio,Ama De Casa,1 A 2 Veces Por Semana,Tienda de barrio,Amigos,Q25 - Q50,Caramel Goal Popcorn; Gol Nachos Supreme; ChocoKick Bites,Barbacoa,Familiar,Q16 - Q20,No,Sí,Argentina,Probablemente no,Brasil,Lionel Messi; Federico Valverde,Un jugador famoso,Descuento directo,No,Edición Mundial Fifa 2026,Moderada,Espectador Pasivo,Adulto Joven (25-34)
321,2026-02-08,22:49:57,25 - 34 Años,Masculino,Suchitepéquez,Cabecera municipal,Empleado Privado,3 A 5 Veces Por Semana,Supermercado,Amigos,Q101 - Q150,FutbolMix,Limón,Para Compartir Entre 2 Personas,Q10 - Q15,No,Sí,Francia,Probablemente sí,Francia,Lionel Messi; Cristiano Ronaldo,Historias de aficionados,Tarjetas coleccionables,No,Edición Con Tarjetas Coleccionables,Sensible Al Precio,Casual,Adulto Joven (25-34)
322,2026-04-09,12:40:23,Menos De 18 Años,Masculino,Guatemala,Villa Nueva,Empleado Público,3 A 5 Veces Por Semana,Gasolinera,Familia,Q101 - Q150,Energy Crunch Protein; Fan Chips Jalapeño,Picante Chapín,Tamaño Fiesta O Reunión,Q16 - Q20,Sí,Sí,Portugal,Probablemente sí,Argentina,Vinícius Júnior; Ninguno; Jude Bellingham,Historias de aficionados,Tarjetas coleccionables,Sí,Edición Brasil,Moderada,Fanático Target (Alto),Jóvenes (<25)
323,2026-04-12,22:02:54,35 - 44 Años,Femenino,Guatemala,Villa Nueva,Comerciante,1 A 2 Veces Por Semana,Aplicación de delivery,Solo,Q25 - Q50,Hot Stadium Peanuts; Caramel Goal Popcorn,Salado Tradicional,Para Compartir Entre 2 Personas,Más De Q30,No,No,Argentina,Definitivamente sí,Uzbekistán,Neymar Jr.; Harry Kane; Lamine Yamal,Un jugador famoso,Producto gratis,No,Edición España,Moderada,Espectador Pasivo,Adulto Maduro (35-54)
324,2026-02-09,07:16:47,45 - 54 Años,Femenino,Chimaltenango,Chimaltenango,,1 A 2 Veces Por Semana,Supermercado,Amigos,Q101 - Q150,Gol Nachos Supreme,Salado Tradicional,Individual,Q16 - Q20,Sí,Sí,Brasil,Probablemente sí,Argentina,Harry Kane,Un jugador famoso,Descuento directo,Sí,Edición Con Jugadores Famosos,Moderada,Fanático Target (Alto),Adulto Maduro (35-54)
325,2026-03-22,11:45:22,25 - 34 Años,Masculino,San Marcos,Otro municipio,Jubilado,3 A 5 Veces Por Semana,Otro,Familia,Q51 - Q100,Hot Stadium Peanuts; FutbolMix; Energy Crunch Protein,Jalapeño,Para Compartir Entre 2 Personas,Q16 - Q20,Sí,Sí,Argentina,Definitivamente sí,Uruguay,Cristiano Ronaldo; Lionel Messi,Premios y sorteos,Tarjetas coleccionables,Sí,Edición España,Premium Alta,Casual,Adulto Joven (25-34)
326,2026-05-10,22:11:45,25 - 34 Años,Masculino,Baja Verapaz,Cabecera municipal,Profesional Independiente,Varias Veces Al Mes,Gasolinera,Familia,Q51 - Q100,Energy Crunch Protein; Mundialitos Queso Picante; Caramel Goal Popcorn,Queso,Para Compartir Entre 2 Personas,Q16 - Q20,No,Sí,Alemania,Probablemente sí,Argentina,Vinícius Júnior; Cristiano Ronaldo; Christian Pulisic,Premios y sorteos,Producto gratis,Sí,Edición Brasil,Moderada,Fanático Target (Alto),Adulto Joven (25-34)
327,2026-02-24,14:37:04,25 - 34 Años,Masculino,Guatemala,San Miguel Petapa,Empleado Privado,1 A 2 Veces Por Semana,Kiosco escolar/universitario,Solo,Q25 - Q50,ChocoKick Bites,Caramelo,Tamaño Fiesta O Reunión,Q16 - Q20,Sí,No,Francia,Tal vez,Brasil,Neymar Jr.; Julián Álvarez; Lamine Yamal,Un jugador famoso,Sorteo de camisetas,Sí,Edición Con Tarjetas Coleccionables,Moderada,Espectador Pasivo,Adulto Joven (25-34)
328,2026-03-16,17:08:19,Menos De 18 Años,Masculino,Chimaltenango,Tecpán Guatemala,Estudiante,1 A 2 Veces Por Semana,Tienda de barrio,Familia,Q51 - Q100,Mundialitos Queso Picante; Fan Chips Jalapeño; ChocoKick Bites,Queso,Para Compartir Entre 2 Personas,Q21 - Q30,Sí,Sí,Brasil,Tal vez,Corea del Sur,Lionel Messi; Federico Valverde,Premios y sorteos,Tarjetas coleccionables,No,Edición Mundial Fifa 2026,Premium Alta,Espectador Pasivo,Jóvenes (<25)
329,2026-03-28,15:09:27,35 - 44 Años,Masculino,Petén,Poptún,Empleado Privado,Rara Vez,Aplicación de delivery,Amigos,Q25 - Q50,Energy Crunch Protein; Fan Chips Jalapeño,Picante Chapín,Familiar,Menos De Q10,Sí,Sí,Argentina,Definitivamente no,México,Vinícius Júnior; Harry Kane; Kylian Mbappé,Historias de aficionados,Sorteo de balones,Sí,Edición Mundial Fifa 2026,Moderada,Casual,Adulto Maduro (35-54)
330,2026-01-25,20:12:55,45 - 54 Años,Femenino,Guatemala,Villa Nueva,Empresario,Rara Vez,Gasolinera,Familia,Menos De Q25,CrunchMax BBQ; FutbolMix; Hot Stadium Peanuts,Jalapeño,Para Compartir Entre 2 Personas,Q21 - Q30,No,No,Curaçao,Definitivamente sí,México,Kylian Mbappé; Jude Bellingham,Premios y sorteos,Tarjetas coleccionables,Sí,Edición Brasil,Sensible Al Precio,Espectador Pasivo,Adulto Maduro (35-54)
331,2026-02-15,08:57:52,35 - 44 Años,Masculino,Quetzaltenango,Coatepeque,Ama De Casa,1 A 2 Veces Por Semana,Tienda de barrio,Familia,Menos De Q25,Mundialitos Queso Picante; Caramel Goal Popcorn; Gol Nachos Supreme,Salado Tradicional,Tamaño Fiesta O Reunión,Q10 - Q15,No,Sí,Portugal,Definitivamente sí,Estados Unidos,Kylian Mbappé,Historias de aficionados,Descuento directo,Sí,Edición Brasil,Sensible Al Precio,Casual,Adulto Maduro (35-54)
332,2026-02-05,12:55:02,25 - 34 Años,Femenino,Chimaltenango,Chimaltenango,Profesional Independiente,1 A 2 Veces Por Semana,Tienda de barrio,Familia,Q51 - Q100,FutbolMix; Mundialitos Queso Picante; Gol Nachos Supreme,Barbacoa,Individual,Q21 - Q30,Sí,Sí,España,Tal vez,Colombia,Lionel Messi; Cristiano Ronaldo,Un jugador famoso,2x1,Sí,Edición Con Jugadores Famosos,Premium Alta,Casual,Adulto Joven (25-34)
333,2026-02-17,21:56:37,18 - 24 Años,Masculino,Guatemala,Mixco,Empleado Público,Varias Veces Al Mes,Supermercado,Familia,Q25 - Q50,Mundialitos Queso Picante,Jalapeño,Tamaño Fiesta O Reunión,Q10 - Q15,Sí,Sí,México,Definitivamente sí,Alemania,Cristiano Ronaldo,Historias de aficionados,Sorteo de camisetas,No,Edición Mundial Fifa 2026,Moderada,Espectador Pasivo,Jóvenes (<25)
334,2026-05-01,18:54:05,45 - 54 Años,Femenino,Guatemala,Guatemala,Comerciante,Varias Veces Al Mes,Otro,Amigos,Q25 - Q50,Hot Stadium Peanuts; ChocoKick Bites,Dulce,Familiar,Q16 - Q20,Sí,Sí,Francia,Tal vez,Uruguay,Vinícius Júnior; Julián Álvarez,Historias de aficionados,Descuento directo,No,Edición Brasil,Moderada,Espectador Pasivo,Adulto Maduro (35-54)
335,2026-04-22,15:11:45,35 - 44 Años,Masculino,Petén,Flores,Empleado Privado,Todos Los Días,Kiosco escolar/universitario,Amigos,Q25 - Q50,ChocoKick Bites; Gol Nachos Supreme; Caramel Goal Popcorn,Queso,Para Compartir Entre 2 Personas,Q16 - Q20,Sí,Sí,México,Probablemente no,,Lamine Yamal; Jude Bellingham,Un jugador famoso,Tarjetas coleccionables,No,Edición Con Tarjetas Coleccionables,Moderada,Espectador Pasivo,Adulto Maduro (35-54)
336,2026-05-02,16:43:32,Menos De 18 Años,Femenino,Totonicapán,Totonicapán,Profesional Independiente,1 A 2 Veces Por Semana,Supermercado,Solo,Q25 - Q50,CrunchMax BBQ,Barbacoa,Individual,Q10 - Q15,No,Sí,Portugal,Definitivamente sí,Portugal,Lamine Yamal; Christian Pulisic,Una selección nacional,Sorteo de balones,No,Edición Mundial Fifa 2026,Moderada,Espectador Pasivo,Jóvenes (<25)
337,2026-01-17,12:01:06,55 Años O Más,Masculino,Escuintla,,Empleado Público,1 A 2 Veces Por Semana,Supermercado,Solo,Q25 - Q50,Fan Chips Jalapeño,Picante Chapín,Para Compartir Entre 2 Personas,Q16 - Q20,No,Sí,Colombia,Probablemente sí,Argentina,Neymar Jr.; Lionel Messi; Kylian Mbappé,Un jugador famoso,Descuento directo,Sí,Edición Mundial Fifa 2026,Moderada,Fanático Target (Alto),Adulto Mayor (55+)
338,2026-02-26,14:03:07,25 - 34 Años,Femenino,Alta Verapaz,Otro municipio,Empresario,1 A 2 Veces Por Semana,Supermercado,Familia,Q25 - Q50,Fan Chips Jalapeño,Queso,Familiar,Q10 - Q15,No,Sí,Argentina,Definitivamente sí,España,Vinícius Júnior; Cristiano Ronaldo,Historias de aficionados,Sorteo de balones,No,Edición Inglaterra,Moderada,Espectador Pasivo,Adulto Joven (25-34)
339,2026-04-02,18:18:16,25 - 34 Años,Masculino,Jalapa,Jalapa,Comerciante,Todos Los Días,Supermercado,Familia,Q25 - Q50,FutbolMix; CrunchMax BBQ; Hot Stadium Peanuts,Jalapeño,Familiar,Q16 - Q20,Sí,Sí,Brasil,Definitivamente no,España,Cristiano Ronaldo; Julián Álvarez; Kylian Mbappé,Una selección nacional,Producto gratis,Sí,Edición Con Jugadores Famosos,Moderada,Casual,Adulto Joven (25-34)
340,2026-02-04,17:50:17,25 - 34 Años,Masculino,Chimaltenango,Patzún,Empleado Público,3 A 5 Veces Por Semana,Kiosco escolar/universitario,Amigos,Q51 - Q100,Gol Nachos Supreme,Barbacoa,Tamaño Fiesta O Reunión,Q10 - Q15,Sí,No,Alemania,Tal vez,Estados Unidos,Cristiano Ronaldo,Un jugador famoso,2x1,Sí,Edición Argentina,Premium Alta,Espectador Pasivo,Adulto Joven (25-34)
341,2026-02-28,17:10:40,25 - 34 Años,Masculino,Baja Verapaz,,Empleado Privado,Rara Vez,Supermercado,Compañeros de trabajo,Más De Q150,Mundialitos Queso Picante; Gol Nachos Supreme,Picante Chapín,Individual,Q21 - Q30,Sí,Sí,Argentina,Probablemente sí,España,Lionel Messi; Ninguno,Una selección nacional,2x1,No,Edición Francia,Moderada,Casual,Adulto Joven (25-34)
342,2026-02-16,16:17:44,35 - 44 Años,Masculino,Sololá,Cabecera municipal,Profesional Independiente,3 A 5 Veces Por Semana,Supermercado,Amigos,Q51 - Q100,FutbolMix,Picante Chapín,Individual,Q21 - Q30,Sí,Sí,Argentina,Tal vez,Argentina,Cristiano Ronaldo,Una selección nacional,Sorteo de camisetas,Sí,Edición Con Jugadores Famosos,Premium Alta,Casual,Adulto Maduro (35-54)
343,2026-04-07,15:50:10,45 - 54 Años,Masculino,Santa Rosa,Santa Rosa,Empleado Privado,Todos Los Días,Tienda de barrio,Familia,Q51 - Q100,Victory Pretzels; CrunchMax BBQ,Jalapeño,Familiar,Q10 - Q15,Sí,No,Alemania,Definitivamente sí,España,Kylian Mbappé; Cristiano Ronaldo; Vinícius Júnior,Una selección nacional,Descuento directo,Sí,Edición Con Tarjetas Coleccionables,Premium Alta,Espectador Pasivo,Adulto Maduro (35-54)
344,2026-04-07,09:09:14,25 - 34 Años,Femenino,Sacatepéquez,Antigua Guatemala,Profesional Independiente,Varias Veces Al Mes,Tienda de barrio,Amigos,Q51 - Q100,FutbolMix,Dulce,Familiar,,No,Sí,México,Probablemente sí,Brasil,Kylian Mbappé,Historias de aficionados,Tarjetas coleccionables,No,Edición Brasil,Moderada,Casual,Adulto Joven (25-34)
345,2026-03-04,13:58:34,18 - 24 Años,Femenino,Guatemala,Guatemala,Comerciante,Todos Los Días,Gasolinera,Familia,Q25 - Q50,Gol Nachos Supreme; Caramel Goal Popcorn,Jalapeño,Para Compartir Entre 2 Personas,Menos De Q10,Sí,Sí,Brasil,Definitivamente sí,España,Rodri; Alphonso Davies,Una selección nacional,Tarjetas coleccionables,Sí,Edición Argentina,Moderada,Casual,Jóvenes (<25)
346,2026-02-09,17:18:20,45 - 54 Años,Femenino,Sololá,Cabecera municipal,Profesional Independiente,Todos Los Días,Supermercado,Compañeros de trabajo,Menos De Q25,Hot Stadium Peanuts; Mundialitos Queso Picante; Victory Pretzels,Barbacoa,Individual,Q10 - Q15,Sí,Sí,Inglaterra,Probablemente sí,Argentina,Lionel Messi,Historias de aficionados,2x1,Sí,Edición Brasil,Moderada,Fanático Target (Alto),Adulto Maduro (35-54)
347,2026-01-28,07:31:10,18 - 24 Años,Femenino,Guatemala,San Miguel Petapa,Empleado Privado,Varias Veces Al Mes,Tienda de barrio,Familia,Menos De Q25,Mundialitos Queso Picante; CrunchMax BBQ; Fan Chips Jalapeño,Picante Chapín,Individual,Q16 - Q20,Sí,Sí,Argentina,Tal vez,Brasil,Christian Pulisic,Una selección nacional,Descuento directo,Sí,Edición Argentina,Moderada,Casual,Jóvenes (<25)
348,2026-03-13,12:32:12,18 - 24 Años,Masculino,Guatemala,Mixco,Empleado Privado,Todos Los Días,Tienda de barrio,Familia,Menos De Q25,Fan Chips Jalapeño,Queso,Para Compartir Entre 2 Personas,Q21 - Q30,Sí,Sí,Estados Unidos,Probablemente no,Estados Unidos,Cristiano Ronaldo,Una selección nacional,Tarjetas coleccionables,Sí,Edición Brasil,Moderada,Casual,Jóvenes (<25)
1960,2026-01-19,13:17:45,18 - 24 Años,Femenino,Guatemala,Villa Nueva,Empleado Privado,3 A 5 Veces Por Semana,Supermercado,Familia,Más De Q150,FutbolMix; Gol Nachos Supreme; Energy Crunch Protein,Jalapeño,Tamaño Fiesta O Reunión,Más De Q30,No,Sí,Brasil,Probablemente sí,Cabo Verde,Julián Álvarez,Una selección nacional,2x1,No,Edición Mundial Fifa 2026,Sensible Al Precio,Casual,Jóvenes (<25)
350,2026-03-28,18:34:11,35 - 44 Años,Femenino,Santa Rosa,Cabecera municipal,Empleado Privado,1 A 2 Veces Por Semana,Gasolinera,Amigos,Q51 - Q100,Caramel Goal Popcorn; Gol Nachos Supreme; FutbolMix,Barbacoa,Familiar,Q10 - Q15,Sí,Sí,Argentina,Tal vez,Colombia,Cristiano Ronaldo; Neymar Jr.; Lionel Messi,Humor,Producto gratis,Sí,Edición Brasil,Premium Alta,Casual,Adulto Maduro (35-54)
351,2026-05-08,14:04:00,18 - 24 Años,Femenino,Guatemala,Santa Catarina Pinula,Empleado Privado,1 A 2 Veces Por Semana,Gasolinera,Amigos,Q51 - Q100,Fan Chips Jalapeño; ChocoKick Bites,Limón,Familiar,Q16 - Q20,Sí,Sí,Japón,Tal vez,Argentina,Lamine Yamal; Cristiano Ronaldo; Julián Álvarez,Una selección nacional,2x1,No,Edición Mundial Fifa 2026,Premium Alta,Espectador Pasivo,Jóvenes (<25)
352,2026-03-29,12:26:42,25 - 34 Años,Masculino,Guatemala,Mixco,Empleado Privado,1 A 2 Veces Por Semana,Gasolinera,Familia,Q101 - Q150,Mundialitos Queso Picante; FutbolMix,Limón,Familiar,Q21 - Q30,No,Sí,Portugal,Tal vez,Francia,Alphonso Davies; Christian Pulisic; Cristiano Ronaldo,Un jugador famoso,Producto gratis,No,Edición Mundial Fifa 2026,Sensible Al Precio,Espectador Pasivo,Adulto Joven (25-34)
353,2026-02-01,13:07:06,18 - 24 Años,Masculino,San Marcos,Otro municipio,Profesional Independiente,1 A 2 Veces Por Semana,Tienda de barrio,Amigos,Q101 - Q150,ChocoKick Bites; FutbolMix,Jalapeño,Para Compartir Entre 2 Personas,Q10 - Q15,Sí,Sí,Brasil,Probablemente sí, ARGENTINA ,Harry Kane; Lionel Messi; Lamine Yamal,Un jugador famoso,Descuento directo,Sí,Edición Con Jugadores Famosos,Moderada,Fanático Target (Alto),Jóvenes (<25)
354,2026-05-10,20:10:19,18 - 24 Años,Femenino,Escuintla,Palín,Ama De Casa,Todos Los Días,Tienda de barrio,Familia,Q25 - Q50,Mundialitos Queso Picante; Gol Nachos Supreme; Caramel Goal Popcorn,Barbacoa,Para Compartir Entre 2 Personas,Q16 - Q20,Sí,Sí,España,Definitivamente sí,Brasil,Cristiano Ronaldo,Historias de aficionados,2x1,No,Edición Con Jugadores Famosos,Moderada,Espectador Pasivo,Jóvenes (<25)
355,2026-04-22,15:08:38,35 - 44 Años,Masculino,Guatemala,Guatemala,Otro,3 A 5 Veces Por Semana,Tienda de barrio,Familia,Q51 - Q100,ChocoKick Bites; FutbolMix,Limón,Tamaño Fiesta O Reunión,Q21 - Q30,Sí,Sí,Brasil,Definitivamente sí,Francia,Neymar Jr.; Lionel Messi; Vinícius Júnior,Historias de aficionados,Tarjetas coleccionables,Sí,Edición Francia,Premium Alta,Casual,Adulto Maduro (35-54)
356,2026-05-03,08:38:29,25 - 34 Años,Masculino,Sacatepéquez,Jocotenango,Estudiante,Varias Veces Al Mes,Tienda de barrio,Familia,Q25 - Q50,Hot Stadium Peanuts; Victory Pretzels; Fan Chips Jalapeño,Chocolate,Tamaño Fiesta O Reunión,Q10 - Q15,No,Sí,Brasil,Probablemente sí,Francia,Neymar Jr.; Vinícius Júnior; Cristiano Ronaldo,Premios y sorteos,2x1,No,Edición España,Moderada,Casual,Adulto Joven (25-34)
357,2026-03-21,10:30:37,18 - 24 Años,Femenino,Sacatepéquez,Antigua Guatemala,Empleado Privado,Varias Veces Al Mes,Gasolinera,Solo,Q101 - Q150,Gol Nachos Supreme,Queso,Para Compartir Entre 2 Personas,Q16 - Q20,Sí,Sí,España,Definitivamente sí,Argentina,Cristiano Ronaldo; Federico Valverde,Un jugador famoso,2x1,No,Edición Con Tarjetas Coleccionables,Moderada,Espectador Pasivo,Jóvenes (<25)
358,2026-01-23,22:32:30,25 - 34 Años,Femenino,Izabal,Izabal,Estudiante,3 A 5 Veces Por Semana,Supermercado,Amigos,Q51 - Q100,Caramel Goal Popcorn; FutbolMix; Mundialitos Queso Picante,Jalapeño,Individual,Q21 - Q30,Sí,Sí,Brasil,Probablemente sí,Brasil,Kylian Mbappé; Lionel Messi; Cristiano Ronaldo,Una selección nacional,Tarjetas coleccionables,No,Edición Inglaterra,Premium Alta,Casual,Adulto Joven (25-34)
359,2026-04-10,20:21:01,25 - 34 Años,Femenino,Guatemala,Villa Nueva,Otro,Todos Los Días,Gasolinera,Amigos,Más De Q150,Fan Chips Jalapeño; CrunchMax BBQ,Queso,Familiar,Q10 - Q15,Sí,Sí,Czechia,Definitivamente sí,Portugal,Lionel Messi; Julián Álvarez; Cristiano Ronaldo,Un jugador famoso,2x1,Sí,Edición Mundial Fifa 2026,Moderada,Casual,Adulto Joven (25-34)
360,2026-04-19,19:22:39,55 Años O Más,Prefiero No Indicarlo,Sacatepéquez,Ciudad Vieja,Estudiante,Varias Veces Al Mes,Supermercado,Amigos,Menos De Q25,ChocoKick Bites; CrunchMax BBQ; Caramel Goal Popcorn,Dulce,Para Compartir Entre 2 Personas,Q16 - Q20,No,Sí,España,Probablemente sí,México,Lionel Messi; Jude Bellingham; Vinícius Júnior,Historias de aficionados,Tarjetas coleccionables,No,Edición Mundial Fifa 2026,Sensible Al Precio,Casual,Adulto Mayor (55+)
361,2026-04-05,15:49:15,45 - 54 Años,Femenino,Guatemala,Santa Catarina Pinula,Empleado Público,1 A 2 Veces Por Semana,Otro,Familia,Q25 - Q50,Fan Chips Jalapeño,Queso,Para Compartir Entre 2 Personas,Q21 - Q30,Sí,Sí,Francia,Definitivamente sí,México,Lamine Yamal,Un jugador famoso,Sorteo de camisetas,No,Edición Con Jugadores Famosos,Moderada,Espectador Pasivo,Adulto Maduro (35-54)
362,2026-02-16,10:25:29,Menos De 18 Años,Masculino,Escuintla,Escuintla,Ama De Casa,3 A 5 Veces Por Semana,Aplicación de delivery,Amigos,Q51 - Q100,Mundialitos Queso Picante; Fan Chips Jalapeño,Picante Chapín,Individual,Q10 - Q15,Sí,Sí,Brasil,Probablemente sí,Argentina,Vinícius Júnior; Harry Kane,Premios y sorteos,Tarjetas coleccionables,No,Edición España,Premium Alta,Casual,Jóvenes (<25)
363,2026-03-18,10:55:43,18 - 24 Años,Femenino,Guatemala,Santa Catarina Pinula,Empleado Privado,3 A 5 Veces Por Semana,Tienda de barrio,Amigos,Menos De Q25,Gol Nachos Supreme,Salado Tradicional,Familiar,Q10 - Q15,Sí,Sí,Francia,Probablemente no,Argentina,Federico Valverde; Lionel Messi,Premios y sorteos,2x1,Sí,Edición España,Moderada,Casual,Jóvenes (<25)
364,2026-01-20,07:59:54,18 - 24 Años,Masculino,Guatemala,Villa Nueva,Empleado Privado,1 A 2 Veces Por Semana,Supermercado,Familia,Q25 - Q50,Fan Chips Jalapeño; Mundialitos Queso Picante,Jalapeño,Individual,Q10 - Q15,Sí,Sí,Alemania,Definitivamente no,Argentina,Julián Álvarez; Lionel Messi; Vinícius Júnior,Un jugador famoso,Sorteo de camisetas,Sí,Edición Mundial Fifa 2026,Moderada,Casual,Jóvenes (<25)
365,2026-03-01,18:45:25,18 - 24 Años,Masculino,Petén,San Benito,Empresario,3 A 5 Veces Por Semana,Aplicación de delivery,Amigos,Q51 - Q100,ChocoKick Bites; Energy Crunch Protein; Caramel Goal Popcorn,Salado Tradicional,Tamaño Fiesta O Reunión,Más De Q30,No,No,Czechia,Tal vez,Argentina,Federico Valverde,Un jugador famoso,Producto gratis,Sí,Edición Con Jugadores Famosos,Moderada,Espectador Pasivo,Jóvenes (<25)
366,2026-03-26,16:36:27,25 - 34 Años,Femenino,Guatemala,Villa Nueva,Ama De Casa,3 A 5 Veces Por Semana,Tienda de barrio,Solo,Menos De Q25,FutbolMix; CrunchMax BBQ,Queso,Familiar,Q10 - Q15,Sí,Sí,España,Definitivamente sí,Alemania,Kylian Mbappé; Lionel Messi; Alphonso Davies,Una selección nacional,Descuento directo,Sí,Edición España,Moderada,Casual,Adulto Joven (25-34)
367,2026-02-28,15:16:12,35 - 44 Años,Masculino,Escuintla,Escuintla,Empleado Privado,3 A 5 Veces Por Semana,Supermercado,Familia,Q51 - Q100,Fan Chips Jalapeño; Gol Nachos Supreme; Victory Pretzels,Jalapeño,Tamaño Fiesta O Reunión,Q16 - Q20,Sí,Sí,España,Definitivamente no,Brasil,Christian Pulisic; Cristiano Ronaldo; Rodri,Un jugador famoso,Descuento directo,Sí,Edición Brasil,Premium Alta,Casual,Adulto Maduro (35-54)
368,2026-02-17,12:08:52,35 - 44 Años,Masculino,Escuintla,Escuintla,Empleado Privado,3 A 5 Veces Por Semana,Supermercado,Amigos,Q25 - Q50,FutbolMix,Picante Chapín,Para Compartir Entre 2 Personas,Q16 - Q20,No,Sí,Argentina,Definitivamente sí,Colombia,Kylian Mbappé,Historias de aficionados,Descuento directo,Sí,Edición Con Tarjetas Coleccionables,Moderada,Casual,Adulto Maduro (35-54)
369,2026-04-26,14:12:47,25 - 34 Años,Femenino,Guatemala,Guatemala,Ama De Casa,Todos Los Días,Supermercado,Familia,Q51 - Q100,Energy Crunch Protein,Barbacoa,Familiar,Menos De Q10,Sí,No,Alemania,Definitivamente sí,España,Cristiano Ronaldo; Vinícius Júnior; Neymar Jr.,Una selección nacional,Sorteo de camisetas,Sí,Edición Francia,Premium Alta,Espectador Pasivo,Adulto Joven (25-34)
370,2026-04-14,20:46:28,18 - 24 Años,Femenino,Quetzaltenango,,Empleado Privado,1 A 2 Veces Por Semana,Supermercado,Familia,Q101 - Q150,CrunchMax BBQ,Jalapeño,Individual,Q21 - Q30,No,Sí,Suecia,Probablemente no,Inglaterra,Rodri; Kylian Mbappé,Una selección nacional,Descuento directo,Sí,Edición Mundial Fifa 2026,Sensible Al Precio,Casual,Jóvenes (<25)
371,2026-02-17,19:54:47,45 - 54 Años,Masculino,Guatemala,Santa Catarina Pinula,Empleado Privado,1 A 2 Veces Por Semana,Gasolinera,Amigos,Más De Q150,Fan Chips Jalapeño; ChocoKick Bites,Barbacoa,Familiar,Q21 - Q30,Sí,Sí,España,Definitivamente sí,Alemania,Vinícius Júnior; Cristiano Ronaldo; Neymar Jr.,Un jugador famoso,Descuento directo,Sí,Edición Argentina,Moderada,Casual,Adulto Maduro (35-54)
372,2026-03-01,20:11:48,35 - 44 Años,Masculino,Guatemala,Santa Catarina Pinula,Empleado Privado,1 A 2 Veces Por Semana,Tienda de barrio,Familia,Q51 - Q100,ChocoKick Bites; Energy Crunch Protein; CrunchMax BBQ,Picante Chapín,Tamaño Fiesta O Reunión,Q16 - Q20,Sí,Sí,Portugal,Definitivamente sí,Brasil,Kylian Mbappé; Ninguno; Neymar Jr.,Una selección nacional,Sorteo de viajes,No,Edición Argentina,Premium Alta,Espectador Pasivo,Adulto Maduro (35-54)
373,2026-04-04,10:10:53,25 - 34 Años,Femenino,Guatemala,Mixco,Comerciante,1 A 2 Veces Por Semana,Tienda de barrio,Otro,Menos De Q25,ChocoKick Bites; Gol Nachos Supreme; FutbolMix,Dulce,Individual,Q16 - Q20,Sí,Sí,Francia,Probablemente sí,Argentina,Federico Valverde; Lionel Messi; Cristiano Ronaldo,Una selección nacional,Sorteo de viajes,Sí,Edición Con Jugadores Famosos,Moderada,Fanático Target (Alto),Adulto Joven (25-34)
374,2026-03-04,10:06:32,55 Años O Más,Femenino,Guatemala,Santa Catarina Pinula,Profesional Independiente,Rara Vez,Supermercado,Amigos,Q51 - Q100,FutbolMix; Gol Nachos Supreme,Picante Chapín,Individual,Menos De Q10,No,Sí,Túnez,Probablemente sí,Uruguay,Federico Valverde; Neymar Jr.,Premios y sorteos,Sorteo de camisetas,No,Edición Con Jugadores Famosos,Moderada,Casual,Adulto Mayor (55+)
375,2026-04-18,10:51:42,18 - 24 Años,Masculino,Quetzaltenango,Quetzaltenango,Profesional Independiente,Todos Los Días,Tienda de barrio,Solo,Q51 - Q100,FutbolMix; Mundialitos Queso Picante; Gol Nachos Supreme,Barbacoa,Familiar,Q16 - Q20,Sí,Sí,México,Definitivamente sí,Argentina,Cristiano Ronaldo,Premios y sorteos,Sorteo de viajes,No,Edición Mundial Fifa 2026,Premium Alta,Espectador Pasivo,Jóvenes (<25)
376,2026-04-03,17:52:33,Menos De 18 Años,Masculino,Sacatepéquez,Antigua Guatemala,Comerciante,Varias Veces Al Mes,Supermercado,Amigos,Q25 - Q50,ChocoKick Bites; Mundialitos Queso Picante,Salado Tradicional,Familiar,Q16 - Q20,Sí,Sí,Argentina,Definitivamente sí,Argentina,Lionel Messi; Alphonso Davies,Un jugador famoso,Producto gratis,No,Edición Argentina,Moderada,Espectador Pasivo,Jóvenes (<25)
377,2026-03-20,14:30:28,18 - 24 Años,Masculino,Escuintla,Escuintla,Empresario,1 A 2 Veces Por Semana,Tienda de barrio,Amigos,Q51 - Q100,Hot Stadium Peanuts; Mundialitos Queso Picante; Victory Pretzels,Limón,Individual,Q10 - Q15,No,Sí,España,Probablemente sí,Uruguay,Lionel Messi,Historias de aficionados,Tarjetas coleccionables,No,Edición Mundial Fifa 2026,Moderada,Casual,Jóvenes (<25)
378,2026-02-01,20:22:09,55 Años O Más,Femenino,Izabal,Izabal,Empresario,1 A 2 Veces Por Semana,Tienda de barrio,Solo,Q101 - Q150,Energy Crunch Protein; CrunchMax BBQ,Barbacoa,Para Compartir Entre 2 Personas,Q10 - Q15,Sí,No,Brasil,Definitivamente sí,México,Kylian Mbappé; Lionel Messi; Alphonso Davies,Una selección nacional,Sorteo de viajes,No,Edición Con Tarjetas Coleccionables,Moderada,Espectador Pasivo,Adulto Mayor (55+)
379,2026-03-28,20:22:42,25 - 34 Años,Femenino,Quetzaltenango,Olintepeque,Estudiante,3 A 5 Veces Por Semana,Supermercado,Amigos,Q25 - Q50,FutbolMix,Picante Chapín,Para Compartir Entre 2 Personas,Menos De Q10,No,Sí,Brasil,Probablemente sí,Argentina,Cristiano Ronaldo; Neymar Jr.,Una selección nacional,Producto gratis,Sí,Edición Inglaterra,Moderada,Fanático Target (Alto),Adulto Joven (25-34)
380,2026-02-19,11:01:07,18 - 24 Años,Femenino,Escuintla,Santa Lucía Cotzumalguapa,Ama De Casa,Varias Veces Al Mes,Tienda de barrio,Solo,Q51 - Q100,Fan Chips Jalapeño,Barbacoa,Tamaño Fiesta O Reunión,Q21 - Q30,Sí,Sí,Estados Unidos,Definitivamente sí, FRANCIA ,Lamine Yamal; Kylian Mbappé,Un jugador famoso,Sorteo de balones,Sí,Edición España,Premium Alta,Casual,Jóvenes (<25)
381,2026-05-02,22:26:59,55 Años O Más,Femenino,Guatemala,Villa Nueva,Empleado Privado,3 A 5 Veces Por Semana,Kiosco escolar/universitario,Familia,Q51 - Q100,Mundialitos Queso Picante; Caramel Goal Popcorn; Gol Nachos Supreme,Jalapeño,Familiar,Q21 - Q30,Sí,Sí,Panamá,Definitivamente sí,Argentina,Lionel Messi; Jude Bellingham,Una selección nacional,Descuento directo,Sí,Edición Argentina,Premium Alta,Casual,Adulto Mayor (55+)
382,2026-03-03,15:29:46,25 - 34 Años,Masculino,Huehuetenango,Otro municipio,Comerciante,1 A 2 Veces Por Semana,Tienda de barrio,Amigos,Q51 - Q100,Fan Chips Jalapeño,Chocolate,Familiar,Q10 - Q15,Sí,No,Argentina,Definitivamente sí,Brasil,Kylian Mbappé; Cristiano Ronaldo; Ninguno,Una selección nacional,Tarjetas coleccionables,Sí,Edición Francia,Premium Alta,Espectador Pasivo,Adulto Joven (25-34)
383,2026-04-27,18:26:39,35 - 44 Años,Femenino,Guatemala,Mixco,Empleado Privado,1 A 2 Veces Por Semana,Otro,Amigos,Q25 - Q50,ChocoKick Bites,Barbacoa,Para Compartir Entre 2 Personas,Q16 - Q20,Sí,Sí,Francia,Definitivamente sí,Brasil,Kylian Mbappé; Alphonso Davies,Historias de aficionados,Tarjetas coleccionables,No,Edición Francia,Moderada,Espectador Pasivo,Adulto Maduro (35-54)
384,2026-04-02,17:03:40,25 - 34 Años,Masculino,Guatemala,San Miguel Petapa,Comerciante,1 A 2 Veces Por Semana,Gasolinera,Amigos,Q51 - Q100,Hot Stadium Peanuts,Picante Chapín,Individual,Q10 - Q15,Sí,Sí,México,Definitivamente no,Portugal,Cristiano Ronaldo; Alphonso Davies; Jude Bellingham,Una selección nacional,Sorteo de balones,No,Edición Brasil,Premium Alta,Espectador Pasivo,Adulto Joven (25-34)
385,2026-01-16,10:41:02,35 - 44 Años,Masculino,Guatemala,San Miguel Petapa,Empleado Privado,3 A 5 Veces Por Semana,Supermercado,Amigos,Q25 - Q50,CrunchMax BBQ; Fan Chips Jalapeño; Hot Stadium Peanuts,Picante Chapín,Familiar,Q16 - Q20,Sí,Sí,Argentina,Probablemente sí,Inglaterra,Lionel Messi,Premios y sorteos,Tarjetas coleccionables,No,Edición España,Moderada,Casual,Adulto Maduro (35-54)
386,2026-04-03,10:13:26,18 - 24 Años,Masculino,Guatemala,,Empleado Privado,Varias Veces Al Mes,Gasolinera,Familia,Q51 - Q100,Gol Nachos Supreme; Victory Pretzels; CrunchMax BBQ,Chocolate,Individual,Q10 - Q15,No,Sí,Uzbekistán,Probablemente no,Francia,Lionel Messi; Vinícius Júnior; Alphonso Davies,Un jugador famoso,Producto gratis,Sí,Edición Argentina,Moderada,Casual,Jóvenes (<25)
387,2026-02-01,11:54:06,25 - 34 Años,Masculino,Guatemala,Guatemala,Estudiante,Todos Los Días,Supermercado,Amigos,Q25 - Q50,Mundialitos Queso Picante; FutbolMix; CrunchMax BBQ,Barbacoa,Individual,Menos De Q10,Sí,Sí,Japón,Tal vez,España,Cristiano Ronaldo; Lionel Messi; Kylian Mbappé,Un jugador famoso,Descuento directo,Sí,Edición Francia,Moderada,Casual,Adulto Joven (25-34)
388,2026-01-10,13:57:39,25 - 34 Años,Femenino,Guatemala,Santa Catarina Pinula,Empleado Público,3 A 5 Veces Por Semana,Gasolinera,Amigos,Q51 - Q100,ChocoKick Bites,Limón,Individual,Q10 - Q15,No,Sí,Brasil,Probablemente no,México,Julián Álvarez,Una selección nacional,Tarjetas coleccionables,Sí,Edición Con Tarjetas Coleccionables,Moderada,Casual,Adulto Joven (25-34)
389,2026-04-09,16:45:17,Menos De 18 Años,Masculino,Escuintla,Escuintla,Empresario,Varias Veces Al Mes,Tienda de barrio,Familia,Q25 - Q50,Caramel Goal Popcorn; Gol Nachos Supreme; ChocoKick Bites,Picante Chapín,Individual,Más De Q30,No,Sí,Brasil,Tal vez,Inglaterra,Jude Bellingham; Rodri,Un jugador famoso,Sorteo de balones,No,Edición Mundial Fifa 2026,Moderada,Espectador Pasivo,Jóvenes (<25)
390,2026-01-18,21:22:48,Menos De 18 Años,Femenino,Guatemala,Mixco,Estudiante,Varias Veces Al Mes,Supermercado,Amigos,Q25 - Q50,Mundialitos Queso Picante; CrunchMax BBQ; Fan Chips Jalapeño,Picante Chapín,Para Compartir Entre 2 Personas,Q16 - Q20,Sí,No,Suiza,Probablemente sí,Argentina,Lamine Yamal,Historias de aficionados,Producto gratis,Sí,Edición Mundial Fifa 2026,Moderada,Espectador Pasivo,Jóvenes (<25)
391,2026-03-06,19:29:00,35 - 44 Años,Femenino,Guatemala, SANTA CATARINA PINULA ,Empleado Privado,Varias Veces Al Mes,Supermercado,Familia,Q25 - Q50,Gol Nachos Supreme,Caramelo,Individual,Q16 - Q20,No,Sí,Argentina,Definitivamente sí,Inglaterra,Cristiano Ronaldo,Una selección nacional,Sorteo de balones,Sí,Edición Argentina,Moderada,Casual,Adulto Maduro (35-54)
392,2026-04-06,10:11:06,45 - 54 Años,Masculino,Guatemala,Villa Nueva,Profesional Independiente,Todos Los Días,Supermercado,Familia,Q51 - Q100,Gol Nachos Supreme; Victory Pretzels; Mundialitos Queso Picante,Chocolate,Para Compartir Entre 2 Personas,Q10 - Q15,No,Sí,Brasil,Definitivamente sí,Cabo Verde,Christian Pulisic; Kylian Mbappé; Vinícius Júnior,Premios y sorteos,Descuento directo,Sí,Edición Argentina,Moderada,Casual,Adulto Maduro (35-54)
393,2026-04-02,20:42:05,18 - 24 Años,Masculino,Guatemala,Guatemala,Empleado Privado,Varias Veces Al Mes,Supermercado,Compañeros de trabajo,Q25 - Q50,CrunchMax BBQ; Fan Chips Jalapeño; Energy Crunch Protein,Picante Chapín,Individual,Q16 - Q20,Sí,Sí,Argentina,Probablemente sí,México,Neymar Jr.,Premios y sorteos,Tarjetas coleccionables,Sí,Edición Francia,Moderada,Fanático Target (Alto),Jóvenes (<25)
394,2026-01-17,15:35:31,18 - 24 Años,Masculino,Escuintla,Santa Lucía Cotzumalguapa,Empresario,1 A 2 Veces Por Semana,Tienda de barrio,Familia,Q51 - Q100,Fan Chips Jalapeño; Gol Nachos Supreme,Limón,Individual,Q16 - Q20,Sí,Sí,México,Definitivamente sí,Francia,Kylian Mbappé; Lionel Messi,Humor,Descuento directo,Sí,Edición Brasil,Premium Alta,Casual,Jóvenes (<25)
395,2026-03-27,07:56:18,25 - 34 Años,Femenino,Alta Verapaz,Cabecera municipal,Ama De Casa,Todos Los Días,Supermercado,Familia,Q25 - Q50,CrunchMax BBQ; Gol Nachos Supreme; Energy Crunch Protein,Caramelo,Familiar,Q21 - Q30,Sí,No,Portugal,Probablemente sí,Portugal,Neymar Jr.,Humor,Sorteo de viajes,Sí,Edición Brasil,Moderada,Espectador Pasivo,Adulto Joven (25-34)
396,2026-03-26,11:17:26,18 - 24 Años,Femenino,Chimaltenango,Patzún,Estudiante,3 A 5 Veces Por Semana,Tienda de barrio,Familia,Q101 - Q150,ChocoKick Bites; FutbolMix,Caramelo,Familiar,Q16 - Q20,Sí,Sí,Argentina,Definitivamente sí,Francia,Julián Álvarez; Jude Bellingham,Premios y sorteos,Descuento directo,No,Edición Mundial Fifa 2026,Moderada,Espectador Pasivo,Jóvenes (<25)
397,2026-03-13,16:34:44,55 Años O Más,Femenino,Guatemala,Santa Catarina Pinula,Empleado Privado,3 A 5 Veces Por Semana,Tienda de barrio,Familia,Más De Q150,Victory Pretzels; Gol Nachos Supreme,Queso,Individual,Q16 - Q20,No,Sí,México,Definitivamente sí,Argentina,Cristiano Ronaldo,Historias de aficionados,Descuento directo,Sí,Edición Mundial Fifa 2026,Sensible Al Precio,Casual,Adulto Mayor (55+)
398,2026-03-04,17:27:55,35 - 44 Años,Femenino,Sacatepéquez,Ciudad Vieja,Comerciante,Todos Los Días,Tienda de barrio,Amigos,Menos De Q25,Victory Pretzels; FutbolMix,Picante Chapín,Para Compartir Entre 2 Personas,Q16 - Q20,No,Sí,México,Definitivamente sí,Portugal,Lionel Messi; Cristiano Ronaldo,Una selección nacional,Sorteo de balones,No,Edición Con Tarjetas Coleccionables,Sensible Al Precio,Espectador Pasivo,Adulto Maduro (35-54)
399,2026-02-09,11:57:43,Menos De 18 Años,Masculino,Totonicapán,Totonicapán,Profesional Independiente,1 A 2 Veces Por Semana,Gasolinera,Familia,Q51 - Q100,Gol Nachos Supreme,Barbacoa,Para Compartir Entre 2 Personas,Más De Q30,Sí,Sí,Francia,Probablemente sí,Portugal,Jude Bellingham,Un jugador famoso,2x1,Sí,Edición España,Premium Alta,Fanático Target (Alto),Jóvenes (<25)
400,2026-05-10,18:33:36,18 - 24 Años,Masculino,Quetzaltenango,Olintepeque,Empleado Privado,Varias Veces Al Mes,Gasolinera,Familia,Menos De Q25,CrunchMax BBQ,Barbacoa,Para Compartir Entre 2 Personas,Q16 - Q20,Sí,Sí,Francia,Definitivamente sí,Brasil,Neymar Jr.,Historias de aficionados,Descuento directo,No,Edición Con Tarjetas Coleccionables,Moderada,Espectador Pasivo,Jóvenes (<25)
401,2026-04-08,18:22:34,18 - 24 Años,Masculino,Sacatepéquez,Jocotenango,Estudiante,1 A 2 Veces Por Semana,Aplicación de delivery,Amigos,Q51 - Q100,Victory Pretzels; Mundialitos Queso Picante; Fan Chips Jalapeño,Salado Tradicional,Familiar,Q16 - Q20,Sí,Sí,Austria,Definitivamente sí,Argentina,Cristiano Ronaldo; Alphonso Davies,Una selección nacional,Descuento directo,No,Edición Brasil,Premium Alta,Espectador Pasivo,Jóvenes (<25)
402,2026-01-26,07:50:09,55 Años O Más,Femenino,Guatemala,Villa Nueva,Empleado Privado,Varias Veces Al Mes,Aplicación de delivery,Compañeros de trabajo,Q101 - Q150,Fan Chips Jalapeño; FutbolMix,Queso,Familiar,Q10 - Q15,Sí,Sí,México,Definitivamente sí,Portugal,Lamine Yamal; Lionel Messi,Un jugador famoso,Tarjetas coleccionables,Sí,Edición Argentina,Moderada,Casual,Adulto Mayor (55+)
403,2026-02-14,16:25:50,25 - 34 Años,Masculino,Quetzaltenango,Coatepeque,Otro,3 A 5 Veces Por Semana,Tienda de barrio,Familia,Q51 - Q100,CrunchMax BBQ; Mundialitos Queso Picante,Salado Tradicional,Tamaño Fiesta O Reunión,Q21 - Q30,No,Sí,Portugal,Probablemente sí,Portugal,Vinícius Júnior; Cristiano Ronaldo; Lionel Messi,Humor,Producto gratis,Sí,Edición Con Jugadores Famosos,Moderada,Fanático Target (Alto),Adulto Joven (25-34)
404,2026-02-01,07:47:08,Menos De 18 Años,Femenino,Chimaltenango,Patzún,Comerciante,Rara Vez,Supermercado,Amigos,Q51 - Q100,Gol Nachos Supreme,Jalapeño,Para Compartir Entre 2 Personas,Q16 - Q20,Sí,Sí,Argentina,Definitivamente sí,Estados Unidos,Vinícius Júnior; Cristiano Ronaldo,Una selección nacional,Producto gratis,Sí,Edición Con Tarjetas Coleccionables,Premium Alta,Casual,Jóvenes (<25)
405,2026-01-29,17:47:06,45 - 54 Años,Femenino,Guatemala,Villa Nueva,Empresario,1 A 2 Veces Por Semana,Otro,Familia,Menos De Q25,Gol Nachos Supreme; FutbolMix,Barbacoa,Para Compartir Entre 2 Personas,Q21 - Q30,Sí,Sí,Estados Unidos,Probablemente sí,México,Lamine Yamal; Christian Pulisic; Lionel Messi,Historias de aficionados,Tarjetas coleccionables,Sí,Edición Inglaterra,Moderada,Fanático Target (Alto),Adulto Maduro (35-54)
406,2026-03-17,08:32:04,25 - 34 Años,Masculino,Guatemala,Santa Catarina Pinula,Empleado Privado,Todos Los Días,Gasolinera,Amigos,Q51 - Q100,ChocoKick Bites; FutbolMix; Fan Chips Jalapeño,Jalapeño,Para Compartir Entre 2 Personas,Q16 - Q20,Sí,Sí,Inglaterra,Definitivamente sí, ALEMANIA ,Alphonso Davies,Un jugador famoso,Descuento directo,No,Edición Con Tarjetas Coleccionables,Premium Alta,Espectador Pasivo,Adulto Joven (25-34)
407,2026-03-26,10:55:43,25 - 34 Años,Prefiero No Indicarlo,Chiquimula,Chiquimula,Empresario,Varias Veces Al Mes,Tienda de barrio,Familia,Q51 - Q100,Fan Chips Jalapeño,Dulce,Familiar,Q16 - Q20,Sí,No,Brasil,Probablemente sí,Argentina,Lamine Yamal,Una selección nacional,Producto gratis,No,Edición Argentina,Premium Alta,Espectador Pasivo,Adulto Joven (25-34)
408,2026-01-26,20:08:59,25 - 34 Años,Femenino,Guatemala,San Miguel Petapa,Profesional Independiente,3 A 5 Veces Por Semana,Supermercado,Compañeros de trabajo,Q101 - Q150,Gol Nachos Supreme,Queso,Para Compartir Entre 2 Personas,Q16 - Q20,Sí,Sí,Brasil,Definitivamente sí,Brasil,Cristiano Ronaldo,Una selección nacional,Sorteo de balones,Sí,Edición Con Tarjetas Coleccionables,Moderada,Casual,Adulto Joven (25-34)
409,2026-05-06,17:20:42,25 - 34 Años,Femenino,Petén,Poptún,Comerciante,Rara Vez,Aplicación de delivery,Familia,Q25 - Q50,FutbolMix,Picante Chapín,Tamaño Fiesta O Reunión,Q16 - Q20,Sí,Sí,Brasil,Definitivamente no,México,Kylian Mbappé,Historias de aficionados,Tarjetas coleccionables,Sí,Edición Francia,Moderada,Casual,Adulto Joven (25-34)
410,2026-02-27,20:18:06,18 - 24 Años,Masculino,Guatemala,Guatemala,Empleado Privado,3 A 5 Veces Por Semana,Tienda de barrio,Familia,Q51 - Q100,Energy Crunch Protein,Jalapeño,Individual,Q10 - Q15,No,Sí,México,Probablemente sí,Brasil,Kylian Mbappé; Jude Bellingham,Una selección nacional,2x1,Sí,Edición España,Moderada,Fanático Target (Alto),Jóvenes (<25)
411,2026-03-06,20:09:57,18 - 24 Años,Masculino,Guatemala,Guatemala,Empleado Privado,Varias Veces Al Mes,Aplicación de delivery,Familia,Q51 - Q100,Mundialitos Queso Picante; CrunchMax BBQ,Jalapeño,Para Compartir Entre 2 Personas,Q10 - Q15,Sí,Sí,Brasil,Probablemente no,Francia,Vinícius Júnior; Julián Álvarez,Una selección nacional,2x1,Sí,Edición Mundial Fifa 2026,Premium Alta,Casual,Jóvenes (<25)
412,2026-01-27,15:10:17,25 - 34 Años,Femenino,Quiché,Quiché,Empleado Privado,Rara Vez,Supermercado,Familia,Q25 - Q50,Mundialitos Queso Picante; FutbolMix; Fan Chips Jalapeño,Chocolate,Familiar,Q10 - Q15,No,Sí,Brasil,Tal vez,Alemania,Cristiano Ronaldo,Humor,Descuento directo,Sí,Edición Francia,Moderada,Casual,Adulto Joven (25-34)
413,2026-03-17,20:06:42,45 - 54 Años,Femenino,Zacapa,Cabecera municipal,Empleado Privado,Rara Vez,Aplicación de delivery,Familia,Q25 - Q50,ChocoKick Bites; Gol Nachos Supreme; Caramel Goal Popcorn,Barbacoa,Individual,Q16 - Q20,No,Sí,Estados Unidos,Definitivamente no,México,Vinícius Júnior; Kylian Mbappé,Una selección nacional,Producto gratis,Sí,Edición Con Tarjetas Coleccionables,Moderada,Casual,Adulto Maduro (35-54)
414,2026-04-01,21:38:42,55 Años O Más,Femenino,Guatemala,Mixco,Empleado Público,3 A 5 Veces Por Semana,Tienda de barrio,Familia,Q101 - Q150,Energy Crunch Protein,Barbacoa,Individual,Q10 - Q15,No,Sí,Uruguay,Probablemente sí,Türkiye,Rodri,Historias de aficionados,Sorteo de balones,Sí,Edición Argentina,Sensible Al Precio,Fanático Target (Alto),Adulto Mayor (55+)
415,2026-04-13,22:59:04,18 - 24 Años,Femenino,Sacatepéquez,Antigua Guatemala,Empleado Privado,Varias Veces Al Mes,Supermercado,Compañeros de trabajo,Q25 - Q50,Gol Nachos Supreme,Barbacoa,Para Compartir Entre 2 Personas,Q16 - Q20,No,Sí,Francia,Probablemente sí,Argentina,Lionel Messi,Una selección nacional,Descuento directo,No,Edición Con Jugadores Famosos,Moderada,Casual,Jóvenes (<25)
416,2026-01-22,12:05:55,25 - 34 Años,Masculino,Quetzaltenango,Quetzaltenango,Empleado Público,1 A 2 Veces Por Semana,Aplicación de delivery,Amigos,Menos De Q25,Mundialitos Queso Picante; Caramel Goal Popcorn; Fan Chips Jalapeño,Queso,Tamaño Fiesta O Reunión,Q16 - Q20,No,Sí,Brasil,Probablemente sí,Brasil,Julián Álvarez,Historias de aficionados,Descuento directo,Sí,Edición Argentina,Sensible Al Precio,Fanático Target (Alto),Adulto Joven (25-34)
417,2026-03-10,18:21:05,45 - 54 Años,Masculino,Jalapa,Jalapa,Estudiante,1 A 2 Veces Por Semana,Supermercado,Amigos,Q51 - Q100,Gol Nachos Supreme; Victory Pretzels,Picante Chapín,Individual,Q16 - Q20,No,Sí,Estados Unidos,Definitivamente no,Argentina,Jude Bellingham; Lionel Messi; Cristiano Ronaldo,Una selección nacional,Tarjetas coleccionables,Sí,Edición Con Tarjetas Coleccionables,Moderada,Casual,Adulto Maduro (35-54)
418,2026-05-04,08:34:43,55 Años O Más,Femenino,Guate,Guatemala,Empleado Privado,Todos Los Días,Tienda de barrio,Familia,Menos De Q25,FutbolMix,Jalapeño,Individual,Q21 - Q30,Sí,Sí,México,Probablemente sí,Argentina,Lionel Messi; Julián Álvarez; Kylian Mbappé,Una selección nacional,Descuento directo,No,Edición Argentina,Moderada,Casual,Adulto Mayor (55+)
420,2026-05-01,19:09:13,25 - 34 Años,Femenino,Quetzaltenango,Quetzaltenango,Empleado Privado,1 A 2 Veces Por Semana,Tienda de barrio,Familia,Q51 - Q100,Fan Chips Jalapeño,Jalapeño,Para Compartir Entre 2 Personas,Q10 - Q15,Sí,Sí,Portugal,Probablemente sí,Brasil,Vinícius Júnior; Cristiano Ronaldo; Harry Kane,Una selección nacional,Descuento directo,Sí,Edición Argentina,Premium Alta,Fanático Target (Alto),Adulto Joven (25-34)
421,2026-02-09,10:47:40,18 - 24 Años,Femenino,Guatemala,San Miguel Petapa,Empleado Privado,3 A 5 Veces Por Semana,Supermercado,Familia,Menos De Q25,Gol Nachos Supreme; Energy Crunch Protein,Barbacoa,Individual,Q16 - Q20,Sí,Sí,Alemania,Probablemente sí,Nueva Zelanda,Lamine Yamal; Lionel Messi,Un jugador famoso,2x1,No,Edición Mundial Fifa 2026,Moderada,Casual,Jóvenes (<25)
422,2026-03-13,17:28:42,18 - 24 Años,Masculino,Guatemala,Guatemala,Profesional Independiente,Varias Veces Al Mes,Aplicación de delivery,Amigos,Q51 - Q100,Gol Nachos Supreme,Salado Tradicional,Para Compartir Entre 2 Personas,Q16 - Q20,Sí,Sí,México,Tal vez,Argentina,Neymar Jr.,Un jugador famoso,2x1,No,Edición Argentina,Premium Alta,Espectador Pasivo,Jóvenes (<25)
423,2026-04-30,16:37:50,25 - 34 Años,Masculino,Guatemala,Santa Catarina Pinula,Comerciante,3 A 5 Veces Por Semana,,Otro,Menos De Q25,CrunchMax BBQ; Caramel Goal Popcorn,Queso,Individual,Menos De Q10,No,Sí,Portugal,Probablemente sí,Inglaterra,Jude Bellingham,Una selección nacional,Producto gratis,No,Edición Con Jugadores Famosos,Sensible Al Precio,Casual,Adulto Joven (25-34)
424,2026-04-14,07:34:59,25 - 34 Años,Femenino,Sololá,Sololá,Ama De Casa,Todos Los Días,Tienda de barrio,Amigos,Q51 - Q100,ChocoKick Bites; CrunchMax BBQ; Caramel Goal Popcorn,Chocolate,Familiar,Q16 - Q20,No,Sí,Francia,Tal vez,Portugal,Lamine Yamal; Vinícius Júnior,Premios y sorteos,Tarjetas coleccionables,Sí,Edición Francia,Moderada,Casual,Adulto Joven (25-34)
425,2026-03-21,14:51:07,45 - 54 Años,Masculino,Chimaltenango,Chimaltenango,Comerciante,3 A 5 Veces Por Semana,Gasolinera,Amigos,Más De Q150,CrunchMax BBQ,Picante Chapín,Familiar,Q21 - Q30,No,Sí,Argentina,Probablemente sí,España,Julián Álvarez,Una selección nacional,Tarjetas coleccionables,Sí,Edición España,Sensible Al Precio,Fanático Target (Alto),Adulto Maduro (35-54)
426,2026-04-10,17:18:33,25 - 34 Años,Femenino,Huehuetenango,Cabecera municipal,Ama De Casa,Todos Los Días,Kiosco escolar/universitario,Amigos,Q51 - Q100,Fan Chips Jalapeño; Gol Nachos Supreme,Queso,Familiar,Q16 - Q20,No,Sí,Colombia,Tal vez,Brasil,Vinícius Júnior,Un jugador famoso,Descuento directo,No,Edición Mundial Fifa 2026,Moderada,Espectador Pasivo,Adulto Joven (25-34)
427,2026-03-22,21:29:09,25 - 34 Años,Masculino,Guatemala,Mixco,Empleado Privado,1 A 2 Veces Por Semana,Kiosco escolar/universitario,Familia,Q51 - Q100,CrunchMax BBQ; Mundialitos Queso Picante,Picante Chapín,Para Compartir Entre 2 Personas,Q21 - Q30,Sí,Sí,Estados Unidos,Probablemente sí,Brasil,Cristiano Ronaldo; Jude Bellingham,Un jugador famoso,Sorteo de camisetas,Sí,Edición Mundial Fifa 2026,Premium Alta,Fanático Target (Alto),Adulto Joven (25-34)
428,2026-03-28,07:49:23,Menos De 18 Años,Masculino,Guatemala,Mixco,Otro,3 A 5 Veces Por Semana,Gasolinera,Familia,Q25 - Q50,Gol Nachos Supreme; Mundialitos Queso Picante,Salado Tradicional,Individual,Q10 - Q15,No,Sí,Argentina,Tal vez,México,Lionel Messi; Rodri; Lamine Yamal,Premios y sorteos,Tarjetas coleccionables,Sí,Edición Con Tarjetas Coleccionables,Moderada,Casual,Jóvenes (<25)
429,2026-04-12,08:58:56,25 - 34 Años,Femenino,Chimaltenango,Chimaltenango,Estudiante,Varias Veces Al Mes,Aplicación de delivery,Familia,Q51 - Q100,CrunchMax BBQ,Barbacoa,Individual,Q16 - Q20,Sí,Sí,Brasil,Probablemente sí,Argentina,Cristiano Ronaldo,Humor,Sorteo de camisetas,No,Edición Brasil,Premium Alta,Casual,Adulto Joven (25-34)
430,2026-01-20,08:05:12,35 - 44 Años,Femenino,Guatemala,Mixco,,1 A 2 Veces Por Semana,Supermercado,Familia,Q51 - Q100,Caramel Goal Popcorn; Hot Stadium Peanuts; Mundialitos Queso Picante,Caramelo,Para Compartir Entre 2 Personas,Q16 - Q20,Sí,Sí,Francia,Definitivamente sí,España,Lamine Yamal,Humor,Sorteo de viajes,No,Edición Mundial Fifa 2026,Premium Alta,Espectador Pasivo,Adulto Maduro (35-54)
431,2026-04-11,18:22:25,45 - 54 Años,Masculino,Guatemala,Villa Nueva,Otro,Todos Los Días,Kiosco escolar/universitario,Familia,Q25 - Q50,CrunchMax BBQ; Mundialitos Queso Picante; FutbolMix,Jalapeño,Tamaño Fiesta O Reunión,Q16 - Q20,No,Sí,Argentina,Probablemente no,Uruguay,Lionel Messi; Lamine Yamal; Christian Pulisic,Premios y sorteos,Sorteo de viajes,Sí,Edición España,Moderada,Casual,Adulto Maduro (35-54)
432,2026-01-23,17:42:31,18 - 24 Años,Masculino,Jalapa,Cabecera municipal,Comerciante,3 A 5 Veces Por Semana,Aplicación de delivery,Amigos,Q51 - Q100,Hot Stadium Peanuts,Jalapeño,Familiar,Q10 - Q15,No,No,Brasil,Definitivamente sí,Francia,Federico Valverde; Cristiano Ronaldo; Kylian Mbappé,Una selección nacional,Descuento directo,Sí,Edición Con Jugadores Famosos,Moderada,Espectador Pasivo,Jóvenes (<25)
433,2026-03-18,22:48:02,55 Años O Más,Femenino,Escuintla,Santa Lucía Cotzumalguapa,Empleado Público,1 A 2 Veces Por Semana,Supermercado,Familia,Q25 - Q50,CrunchMax BBQ,Queso,Para Compartir Entre 2 Personas,Q21 - Q30,Sí,Sí,México,Tal vez,México,Harry Kane,Un jugador famoso,Tarjetas coleccionables,Sí,Edición Con Tarjetas Coleccionables,Moderada,Casual,Adulto Mayor (55+)
434,2026-03-30,15:07:11,18 - 24 Años,Femenino,Chimaltenango,Patzún,Empleado Público,Rara Vez,Gasolinera,Otro,Menos De Q25,Energy Crunch Protein; Gol Nachos Supreme,Picante Chapín,Para Compartir Entre 2 Personas,Q10 - Q15,Sí,Sí,Argentina,Tal vez,Francia,Vinícius Júnior; Lamine Yamal; Rodri,Historias de aficionados,2x1,Sí,Edición Brasil,Moderada,Casual,Jóvenes (<25)
435,2026-01-12,13:42:23,25 - 34 Años,Masculino,Guatemala,Mixco,Empleado Privado,1 A 2 Veces Por Semana,Supermercado,Compañeros de trabajo,Menos De Q25,Victory Pretzels; Fan Chips Jalapeño,Picante Chapín,Familiar,Menos De Q10,No,Sí,Colombia,Definitivamente sí,Brasil,Vinícius Júnior,Premios y sorteos,2x1,Sí,Edición Francia,Sensible Al Precio,Casual,Adulto Joven (25-34)
436,2026-02-14,11:55:50,55 Años O Más,Femenino,Quetzaltenango,Olintepeque,Empleado Privado,Todos Los Días,Tienda de barrio,Familia,Q25 - Q50,Fan Chips Jalapeño; Mundialitos Queso Picante,Dulce,Familiar,Q10 - Q15,No,Sí,México,Tal vez,México,Cristiano Ronaldo; Lionel Messi; Kylian Mbappé,Una selección nacional,2x1,Sí,Edición Mundial Fifa 2026,Moderada,Casual,Adulto Mayor (55+)
437,2026-04-21,19:49:26,55 Años O Más,Masculino,Baja Verapaz,Cabecera municipal,Comerciante,1 A 2 Veces Por Semana,Tienda de barrio,Familia,Q25 - Q50,CrunchMax BBQ; Energy Crunch Protein,Queso,Familiar,Q16 - Q20,No,Sí,Estados Unidos,Definitivamente no,Brasil,Jude Bellingham; Lionel Messi,Historias de aficionados,Tarjetas coleccionables,Sí,Edición Con Jugadores Famosos,Moderada,Casual,Adulto Mayor (55+)
438,2026-02-03,17:53:46,55 Años O Más,Masculino,Guatemala,San Miguel Petapa,Empleado Privado,3 A 5 Veces Por Semana,Kiosco escolar/universitario,Familia,Q51 - Q100,Caramel Goal Popcorn,Jalapeño,Familiar,Q10 - Q15,No,Sí,Colombia,Probablemente sí,Brasil,Lionel Messi; Vinícius Júnior,Un jugador famoso,Descuento directo,No,Edición Brasil,Moderada,Casual,Adulto Mayor (55+)
439,2026-04-24,19:40:32,18 - 24 Años,Femenino,Escuintla,Santa Lucía Cotzumalguapa,Empresario,1 A 2 Veces Por Semana,Tienda de barrio,Solo,Q51 - Q100,Gol Nachos Supreme,Dulce,Familiar,Q21 - Q30,Sí,Sí,México,Definitivamente no,Portugal,Neymar Jr.; Jude Bellingham; Christian Pulisic,Premios y sorteos,Sorteo de balones,Sí,Edición Francia,Premium Alta,Casual,Jóvenes (<25)
440,2026-01-22,10:58:02,18 - 24 Años,Masculino,Guatemala,San Miguel Petapa,Empleado Privado,Varias Veces Al Mes,Tienda de barrio,Amigos,Q25 - Q50,Gol Nachos Supreme; Caramel Goal Popcorn,Jalapeño,Individual,Q21 - Q30,No,No,Inglaterra,Probablemente sí,Portugal,Lamine Yamal; Neymar Jr.,Premios y sorteos,2x1,Sí,Edición Argentina,Moderada,Espectador Pasivo,Jóvenes (<25)
441,2026-02-03,12:16:19,25 - 34 Años,Masculino,Baja Verapaz,Otro municipio,Ama De Casa,1 A 2 Veces Por Semana,Tienda de barrio,Familia,Q101 - Q150,CrunchMax BBQ; Fan Chips Jalapeño,Limón,Tamaño Fiesta O Reunión,Q21 - Q30,Sí,Sí,España,Probablemente sí,México,Rodri; Jude Bellingham,Premios y sorteos,Producto gratis,Sí,Edición Argentina,Moderada,Fanático Target (Alto),Adulto Joven (25-34)
442,2026-01-23,13:04:23,25 - 34 Años,Femenino,Guatemala,San Miguel Petapa,Empleado Privado,3 A 5 Veces Por Semana,Gasolinera,Familia,Menos De Q25,Energy Crunch Protein; Gol Nachos Supreme; Caramel Goal Popcorn,Jalapeño,Familiar,Q16 - Q20,No,Sí,Portugal,Probablemente sí,México,Cristiano Ronaldo; Lionel Messi,Premios y sorteos,Producto gratis,No,Edición Mundial Fifa 2026,Sensible Al Precio,Casual,Adulto Joven (25-34)
443,2026-03-27,13:39:41,25 - 34 Años,Masculino,Jalapa,Otro municipio,Estudiante,Rara Vez,Tienda de barrio,Amigos,Q25 - Q50,Energy Crunch Protein; CrunchMax BBQ; Gol Nachos Supreme,Barbacoa,Familiar,Q10 - Q15,Sí,Sí,México,Tal vez,Colombia,Neymar Jr.; Kylian Mbappé,Una selección nacional,Tarjetas coleccionables,Sí,Edición Con Jugadores Famosos,Moderada,Casual,Adulto Joven (25-34)
444,2026-03-21,15:23:49,25 - 34 Años,Femenino,San Marcos,San Marcos,Empleado Privado,3 A 5 Veces Por Semana,Supermercado,Familia,Menos De Q25,FutbolMix,Barbacoa,Para Compartir Entre 2 Personas,Q21 - Q30,No,Sí,España,Definitivamente no, ARGENTINA ,Christian Pulisic; Lionel Messi; Lamine Yamal,Un jugador famoso,Tarjetas coleccionables,No,Edición Francia,Sensible Al Precio,Espectador Pasivo,Adulto Joven (25-34)
445,2026-03-26,10:56:09,25 - 34 Años,Femenino,Escuintla,Palín,Empleado Privado,Rara Vez,Tienda de barrio,Otro,Q25 - Q50,CrunchMax BBQ; Gol Nachos Supreme,Barbacoa,Tamaño Fiesta O Reunión,Q21 - Q30,No,Sí,Brasil,Tal vez,Argentina,Kylian Mbappé,Humor,Descuento directo,No,Edición Brasil,Moderada,Espectador Pasivo,Adulto Joven (25-34)
446,2026-05-01,15:55:51,45 - 54 Años,Femenino,Escuintla,Palín,Ama De Casa,Rara Vez,Otro,Amigos,Q51 - Q100,CrunchMax BBQ,Dulce,Familiar,Q10 - Q15,Sí,Sí,México,Probablemente no, ARGENTINA ,Lionel Messi; Kylian Mbappé,Un jugador famoso,Sorteo de camisetas,Sí,Edición Mundial Fifa 2026,Premium Alta,Casual,Adulto Maduro (35-54)
447,2026-04-16,17:52:38,25 - 34 Años,Masculino,Guatemala,Santa Catarina Pinula,Empleado Público,Todos Los Días,Tienda de barrio,Familia,Menos De Q25,CrunchMax BBQ; Gol Nachos Supreme,Dulce,Individual,Más De Q30,Sí,Sí,Argentina,Definitivamente sí,South Africa,Neymar Jr.; Kylian Mbappé,Premios y sorteos,Sorteo de balones,Sí,Edición Argentina,Moderada,Casual,Adulto Joven (25-34)
448,2026-01-31,07:37:22,25 - 34 Años,Femenino,Escuintla,Escuintla,Empleado Privado,Todos Los Días,Otro,Familia,Q25 - Q50,Mundialitos Queso Picante,Jalapeño,Para Compartir Entre 2 Personas,Q10 - Q15,No,Sí,Francia,Definitivamente sí, BRASIL ,Cristiano Ronaldo; Lionel Messi,Un jugador famoso,Sorteo de balones,No,Edición Brasil,Moderada,Espectador Pasivo,Adulto Joven (25-34)
449,2026-03-14,18:45:18,25 - 34 Años,Femenino,Alta Verapaz,Cabecera municipal,Empleado Privado,3 A 5 Veces Por Semana,Kiosco escolar/universitario,Amigos,Q51 - Q100,FutbolMix; Fan Chips Jalapeño,Queso,Para Compartir Entre 2 Personas,Q16 - Q20,Sí,Sí,Argentina,Definitivamente sí,México,Lionel Messi,Un jugador famoso,Sorteo de viajes,Sí,Edición Argentina,Premium Alta,Casual,Adulto Joven (25-34)
1193,2026-04-04,22:35:00,25 - 34 Años,Masculino,Sacatepéquez,Sumpango,Empleado Privado,Todos Los Días,Supermercado,Familia,Q25 - Q50,Mundialitos Queso Picante; Caramel Goal Popcorn,Jalapeño,Individual,Menos De Q10,Sí,Sí,Suecia,Tal vez,Francia,Vinícius Júnior; Cristiano Ronaldo,Historias de aficionados,Producto gratis,No,Edición España,Moderada,Espectador Pasivo,Adulto Joven (25-34)
451,2026-04-22,09:07:08,18 - 24 Años,Masculino,Guatemala,Guatemala,,Todos Los Días,Kiosco escolar/universitario,Otro,Q51 - Q100,Gol Nachos Supreme; Victory Pretzels; CrunchMax BBQ,Chocolate,Tamaño Fiesta O Reunión,Q10 - Q15,Sí,Sí,España,Probablemente sí,España,Lionel Messi,Historias de aficionados,Producto gratis,Sí,Edición España,Premium Alta,Fanático Target (Alto),Jóvenes (<25)
452,2026-02-23,22:42:06,18 - 24 Años,Masculino,Suchitepéquez,Otro municipio,Comerciante,3 A 5 Veces Por Semana,Gasolinera,Familia,Q51 - Q100,FutbolMix,Salado Tradicional,Familiar,Q10 - Q15,Sí,Sí,México,Definitivamente sí,México,Jude Bellingham; Lamine Yamal,Una selección nacional,Descuento directo,Sí,Edición Francia,Premium Alta,Casual,Jóvenes (<25)
453,2026-03-24,22:39:48,25 - 34 Años,Masculino,Quiché,Cabecera municipal,Comerciante,Rara Vez,Supermercado,Familia,Q25 - Q50,CrunchMax BBQ; Gol Nachos Supreme; Fan Chips Jalapeño,Caramelo,Individual,Q16 - Q20,Sí,Sí,México,Tal vez,Argentina,Lamine Yamal; Cristiano Ronaldo,Una selección nacional,Descuento directo,No,Edición Francia,Moderada,Espectador Pasivo,Adulto Joven (25-34)
454,2026-03-29,22:02:16,45 - 54 Años,Femenino,Petén,San Benito,Empleado Privado,Rara Vez,Supermercado,Amigos,Q101 - Q150,Hot Stadium Peanuts; ChocoKick Bites,Queso,Familiar,Q10 - Q15,Sí,Sí,Estados Unidos,Probablemente sí,Estados Unidos,Neymar Jr.; Vinícius Júnior,Una selección nacional,Sorteo de viajes,No,Edición Mundial Fifa 2026,Moderada,Casual,Adulto Maduro (35-54)
455,2026-03-21,21:14:00,25 - 34 Años,Femenino,Guatemala,Mixco,Estudiante,Varias Veces Al Mes,Supermercado,Familia,Q51 - Q100,Mundialitos Queso Picante,Limón,Individual,Q21 - Q30,No,Sí,Portugal,Probablemente sí,Suiza,Vinícius Júnior,Un jugador famoso,2x1,Sí,Edición Francia,Moderada,Fanático Target (Alto),Adulto Joven (25-34)
456,2026-02-15,21:46:33,25 - 34 Años,Femenino,Guatemala,Santa Catarina Pinula,Empleado Público,1 A 2 Veces Por Semana,Tienda de barrio,Amigos,Q101 - Q150,FutbolMix; Caramel Goal Popcorn; CrunchMax BBQ,Queso,Para Compartir Entre 2 Personas,Menos De Q10,No,Sí,Brasil,Tal vez,México,Cristiano Ronaldo,Un jugador famoso,2x1,Sí,Edición Mundial Fifa 2026,Sensible Al Precio,Casual,Adulto Joven (25-34)
457,2026-03-26,18:44:31,55 Años O Más,Masculino,Guatemala, GUATEMALA ,Jubilado,Varias Veces Al Mes,Tienda de barrio,Amigos,Q101 - Q150,CrunchMax BBQ; Hot Stadium Peanuts,Queso,Para Compartir Entre 2 Personas,Q21 - Q30,No,Sí,Escocia,Definitivamente sí,Uruguay,Federico Valverde; Cristiano Ronaldo; Christian Pulisic,Humor,Sorteo de viajes,No,Edición Argentina,Sensible Al Precio,Espectador Pasivo,Adulto Mayor (55+)
458,2026-05-03,15:01:57,25 - 34 Años,Femenino,Guatemala,Santa Catarina Pinula,Estudiante,Varias Veces Al Mes,Otro,Amigos,Q101 - Q150,ChocoKick Bites,Salado Tradicional,Familiar,Q10 - Q15,Sí,Sí, MÉXICO ,Definitivamente sí,Argentina,Vinícius Júnior; Lionel Messi; Cristiano Ronaldo,Un jugador famoso,Sorteo de balones,No,Edición Argentina,Moderada,Espectador Pasivo,Adulto Joven (25-34)
459,2026-01-12,10:55:11,35 - 44 Años,Masculino,Quetzaltenango, QUETZALTENANGO ,Empleado Público,Todos Los Días,Gasolinera,Amigos,Q101 - Q150,Victory Pretzels; Mundialitos Queso Picante; Gol Nachos Supreme,Chocolate,Familiar,Q16 - Q20,No,Sí,Alemania,Probablemente sí,Francia,Vinícius Júnior,Un jugador famoso,Sorteo de viajes,Sí,Edición Mundial Fifa 2026,Sensible Al Precio,Fanático Target (Alto),Adulto Maduro (35-54)
460,2026-02-05,11:35:44,25 - 34 Años,Femenino,Quiché,Cabecera municipal,Otro,Todos Los Días,Tienda de barrio,Familia,Q101 - Q150,FutbolMix,Picante Chapín,Para Compartir Entre 2 Personas,Q21 - Q30,No,Sí,Alemania,Definitivamente sí,Brasil,Julián Álvarez; Cristiano Ronaldo,Un jugador famoso,Descuento directo,No,Edición Mundial Fifa 2026,Sensible Al Precio,Espectador Pasivo,Adulto Joven (25-34)
461,2026-01-13,13:08:47,Menos De 18 Años,Femenino,Retalhuleu,Otro municipio,Estudiante,Todos Los Días,Tienda de barrio,Amigos,Q25 - Q50,Mundialitos Queso Picante; Gol Nachos Supreme,Barbacoa,Para Compartir Entre 2 Personas,Q16 - Q20,Sí,Sí,Brasil,Tal vez,Canadá,Cristiano Ronaldo,Historias de aficionados,Producto gratis,Sí,Edición Con Tarjetas Coleccionables,Moderada,Casual,Jóvenes (<25)
462,2026-05-07,14:33:50,25 - 34 Años,Femenino,Sacatepéquez,Jocotenango,Ama De Casa,3 A 5 Veces Por Semana,Tienda de barrio,Otro,Menos De Q25,Mundialitos Queso Picante; Gol Nachos Supreme; CrunchMax BBQ,Queso,Individual,Q10 - Q15,No,Sí,Inglaterra,Tal vez,México,Cristiano Ronaldo,Historias de aficionados,Descuento directo,Sí,Edición Argentina,Sensible Al Precio,Casual,Adulto Joven (25-34)
463,2026-04-15,09:59:57,25 - 34 Años,Masculino,Guatemala,San Miguel Petapa,Comerciante,1 A 2 Veces Por Semana,Supermercado,Familia,Menos De Q25,ChocoKick Bites,Chocolate,Familiar,Q10 - Q15,Sí,Sí,Estados Unidos,Probablemente sí,España,Neymar Jr.; Julián Álvarez,Un jugador famoso,Sorteo de viajes,Sí,Edición Brasil,Moderada,Fanático Target (Alto),Adulto Joven (25-34)
1049,2026-02-06,22:38:59,25 - 34 Años,Masculino,Sacatepéquez,Antigua Guatemala,Empleado Privado,3 A 5 Veces Por Semana,Supermercado,Familia,Q25 - Q50,ChocoKick Bites; Caramel Goal Popcorn,Picante Chapín,Tamaño Fiesta O Reunión,Q21 - Q30,Sí,Sí,Brasil,Definitivamente sí,Japón,Neymar Jr.,Humor,Sorteo de balones,No,Edición Francia,Moderada,Espectador Pasivo,Adulto Joven (25-34)
465,2026-02-23,13:46:56,18 - 24 Años,Femenino,Jutiapa,Otro municipio,Comerciante,Varias Veces Al Mes,Aplicación de delivery,Amigos,Q25 - Q50,ChocoKick Bites; Mundialitos Queso Picante; CrunchMax BBQ,Queso,Tamaño Fiesta O Reunión,Q10 - Q15,Sí,Sí,México,Definitivamente sí,Francia,Neymar Jr.; Cristiano Ronaldo; Lionel Messi,Un jugador famoso,Descuento directo,No,Edición Mundial Fifa 2026,Moderada,Espectador Pasivo,Jóvenes (<25)
466,2026-01-14,17:10:29,35 - 44 Años,Femenino,Escuintla,Palín,Empleado Privado,Rara Vez,Supermercado,Amigos,Q101 - Q150,Fan Chips Jalapeño; CrunchMax BBQ; Gol Nachos Supreme,Picante Chapín,Para Compartir Entre 2 Personas,Q10 - Q15,Sí,No,México,Definitivamente sí,Brasil,Vinícius Júnior; Lamine Yamal; Cristiano Ronaldo,Un jugador famoso,2x1,Sí,Edición Brasil,Moderada,Espectador Pasivo,Adulto Maduro (35-54)
467,2026-04-25,08:35:40,18 - 24 Años,Femenino,Guatemala,Santa Catarina Pinula,Empleado Privado,1 A 2 Veces Por Semana,Tienda de barrio,Amigos,Q25 - Q50,Gol Nachos Supreme; Fan Chips Jalapeño,Salado Tradicional,Individual,Menos De Q10,Sí,Sí,Argentina,Probablemente sí,Brasil,Neymar Jr.,Una selección nacional,Tarjetas coleccionables,Sí,Edición Brasil,Moderada,Fanático Target (Alto),Jóvenes (<25)
468,2026-04-11,13:20:29,45 - 54 Años,Masculino,Quetzaltenango,Coatepeque,Otro,Varias Veces Al Mes,Tienda de barrio,Amigos,Q25 - Q50,Mundialitos Queso Picante; Energy Crunch Protein,Barbacoa,Familiar,Q21 - Q30,Sí,Sí,Argentina,Tal vez,Colombia,Lamine Yamal; Lionel Messi; Cristiano Ronaldo,Un jugador famoso,2x1,Sí,Edición Con Jugadores Famosos,Moderada,Casual,Adulto Maduro (35-54)
469,2026-01-10,08:09:02,25 - 34 Años,Femenino,Chimaltenango,Tecpán Guatemala,Otro,3 A 5 Veces Por Semana,Aplicación de delivery,Amigos,Menos De Q25,Victory Pretzels; CrunchMax BBQ; FutbolMix,Barbacoa,Individual,Q16 - Q20,Sí,Sí,España,Definitivamente no,Argentina,Kylian Mbappé; Lionel Messi,Premios y sorteos,Sorteo de viajes,No,Edición Con Jugadores Famosos,Moderada,Espectador Pasivo,Adulto Joven (25-34)
470,2026-04-23,09:33:19,18 - 24 Años,Masculino,Chimaltenango,Chimaltenango,Ama De Casa,Varias Veces Al Mes,Kiosco escolar/universitario,Amigos,Q25 - Q50,ChocoKick Bites; Caramel Goal Popcorn; Hot Stadium Peanuts,Picante Chapín,Para Compartir Entre 2 Personas,Q21 - Q30,No,Sí,Inglaterra,Probablemente sí,México,Kylian Mbappé,Historias de aficionados,Producto gratis,Sí,Edición Brasil,Moderada,Fanático Target (Alto),Jóvenes (<25)
471,2026-03-20,13:55:07,25 - 34 Años,Femenino,Guatemala,Mixco,Estudiante,Todos Los Días,Tienda de barrio,Familia,Q51 - Q100,Mundialitos Queso Picante; ChocoKick Bites,Queso,Individual,Q10 - Q15,Sí,No,Portugal,Definitivamente no,México,Alphonso Davies,Un jugador famoso,Descuento directo,Sí,Edición Mundial Fifa 2026,Premium Alta,Espectador Pasivo,Adulto Joven (25-34)
472,2026-01-23,07:17:00,18 - 24 Años,Masculino,Guatemala,Mixco,Estudiante,Varias Veces Al Mes,Tienda de barrio,Familia,Q25 - Q50,Hot Stadium Peanuts,Jalapeño,Familiar,Menos De Q10,No,Sí,Argentina,Definitivamente no,Argentina,Jude Bellingham,Un jugador famoso,2x1,No,Edición Con Tarjetas Coleccionables,Moderada,Espectador Pasivo,Jóvenes (<25)
473,2026-02-17,08:12:17,25 - 34 Años,Femenino,Zacapa,Otro municipio,Comerciante,1 A 2 Veces Por Semana,Tienda de barrio,Amigos,Q25 - Q50,Fan Chips Jalapeño,Jalapeño,Familiar,Q10 - Q15,No,Sí,Francia,Probablemente sí,Argentina,Julián Álvarez; Christian Pulisic,Premios y sorteos,Sorteo de balones,Sí,Edición Mundial Fifa 2026,Moderada,Fanático Target (Alto),Adulto Joven (25-34)
2439,2026-02-17,19:27:22,18 - 24 Años,Femenino,Guatemala,Mixco,Estudiante,3 A 5 Veces Por Semana,Otro,Familia,Más De Q150,CrunchMax BBQ; Hot Stadium Peanuts,Dulce,Familiar,Q16 - Q20,Sí,Sí,México,Probablemente sí,Brasil,Kylian Mbappé,Una selección nacional,Sorteo de balones,Sí,Edición Francia,Moderada,Fanático Target (Alto),Jóvenes (<25)
475,2026-04-21,09:50:56,Menos De 18 Años,Masculino,Quetzaltenango,Coatepeque,Empleado Privado,3 A 5 Veces Por Semana,Aplicación de delivery,Amigos,Q51 - Q100,FutbolMix,Chocolate,Tamaño Fiesta O Reunión,Q16 - Q20,No,Sí,Portugal,Tal vez,Francia,Harry Kane; Lionel Messi,Un jugador famoso,Descuento directo,Sí,Edición España,Moderada,Casual,Jóvenes (<25)
476,2026-01-26,17:08:02,25 - 34 Años,Masculino,Guatemala,Santa Catarina Pinula,Estudiante,1 A 2 Veces Por Semana,Kiosco escolar/universitario,Familia,Q51 - Q100,Gol Nachos Supreme; Fan Chips Jalapeño; CrunchMax BBQ,Queso,Tamaño Fiesta O Reunión,Q10 - Q15,Sí,Sí,Portugal,Probablemente sí,Uruguay,Vinícius Júnior,Una selección nacional,Descuento directo,No,Edición Mundial Fifa 2026,Premium Alta,Casual,Adulto Joven (25-34)
477,2026-03-22,07:59:50,35 - 44 Años,Femenino,Guatemala,Guatemala,Profesional Independiente,1 A 2 Veces Por Semana,Supermercado,Amigos,Q25 - Q50,FutbolMix,Salado Tradicional,Individual,Q16 - Q20,Sí,No,Brasil,Probablemente no, INGLATERRA ,Kylian Mbappé; Neymar Jr.,Premios y sorteos,Descuento directo,Sí,Edición Con Tarjetas Coleccionables,Moderada,Espectador Pasivo,Adulto Maduro (35-54)
478,2026-01-23,14:40:00,35 - 44 Años,Femenino,Guatemala,Santa Catarina Pinula,Estudiante,Varias Veces Al Mes,Supermercado,Amigos,Q101 - Q150,FutbolMix; Energy Crunch Protein,Salado Tradicional,Familiar,Q16 - Q20,No,Sí,Brasil,Tal vez,Francia,Neymar Jr.; Lionel Messi,Historias de aficionados,Tarjetas coleccionables,Sí,Edición Mundial Fifa 2026,Sensible Al Precio,Casual,Adulto Maduro (35-54)
479,2026-04-25,10:23:41,35 - 44 Años,Masculino,Totonicapán,Cabecera municipal,Profesional Independiente,Todos Los Días,Supermercado,Compañeros de trabajo,Q51 - Q100,ChocoKick Bites; Fan Chips Jalapeño; Mundialitos Queso Picante,Picante Chapín,Familiar,Q21 - Q30,Sí,Sí,Haití,Probablemente no,Argentina,Rodri,Premios y sorteos,Producto gratis,No,Edición Con Tarjetas Coleccionables,Premium Alta,Espectador Pasivo,Adulto Maduro (35-54)
480,2026-05-03,14:50:39,18 - 24 Años,Femenino,Santa Rosa,Santa Rosa,Empleado Público,Varias Veces Al Mes,Tienda de barrio,Amigos,Menos De Q25,Caramel Goal Popcorn; ChocoKick Bites; Gol Nachos Supreme,Limón,Individual,Q16 - Q20,No,Sí,Argentina,Definitivamente sí,Portugal,Kylian Mbappé; Julián Álvarez; Cristiano Ronaldo,Un jugador famoso,Sorteo de camisetas,Sí,Edición Con Tarjetas Coleccionables,Sensible Al Precio,Casual,Jóvenes (<25)
481,2026-05-02,20:31:44,25 - 34 Años,Masculino,Guatemala,Santa Catarina Pinula,Empresario,1 A 2 Veces Por Semana,Supermercado,Solo,Menos De Q25,Fan Chips Jalapeño; CrunchMax BBQ,Jalapeño,Individual,Q10 - Q15,Sí,Sí,Alemania,Probablemente sí, MÉXICO ,Kylian Mbappé; Cristiano Ronaldo,Premios y sorteos,Tarjetas coleccionables,Sí,Edición Con Tarjetas Coleccionables,Moderada,Fanático Target (Alto),Adulto Joven (25-34)
482,2026-03-18,17:23:19,25 - 34 Años,Masculino,Guatemala,Santa Catarina Pinula,Empleado Privado,3 A 5 Veces Por Semana,Gasolinera,Solo,Q25 - Q50,ChocoKick Bites; Caramel Goal Popcorn,Queso,Familiar,Q21 - Q30,Sí,No,Argentina,Definitivamente sí,Francia,Vinícius Júnior; Alphonso Davies; Neymar Jr.,Historias de aficionados,Producto gratis,Sí,Edición Argentina,Moderada,Espectador Pasivo,Adulto Joven (25-34)
483,2026-03-15,19:15:36,25 - 34 Años,Femenino,Izabal,Izabal,Empleado Privado,3 A 5 Veces Por Semana,Aplicación de delivery,Solo,Menos De Q25,Fan Chips Jalapeño; CrunchMax BBQ; Victory Pretzels,Salado Tradicional,Para Compartir Entre 2 Personas,Q16 - Q20,Sí,Sí, BRASIL ,Tal vez,España,Neymar Jr.; Cristiano Ronaldo,Historias de aficionados,Sorteo de balones,Sí,Edición Mundial Fifa 2026,Moderada,Casual,Adulto Joven (25-34)
484,2026-01-23,18:05:31,55 Años O Más,Femenino,El Progreso,Otro municipio,Empleado Privado,1 A 2 Veces Por Semana,Gasolinera,Solo,Menos De Q25,CrunchMax BBQ; Hot Stadium Peanuts; Mundialitos Queso Picante,Chocolate,Tamaño Fiesta O Reunión,Q21 - Q30,Sí,Sí,Argentina,Probablemente sí,Brasil,Cristiano Ronaldo,Una selección nacional,2x1,No,Edición Con Tarjetas Coleccionables,Moderada,Casual,Adulto Mayor (55+)
485,2026-05-02,22:13:49,45 - 54 Años,Femenino,Guatemala,Mixco,Empleado Privado,1 A 2 Veces Por Semana,Tienda de barrio,Amigos,Q51 - Q100,Gol Nachos Supreme; FutbolMix,Limón,Individual,Q21 - Q30,Sí,Sí,Alemania,Tal vez,Egipto,Lionel Messi,Premios y sorteos,2x1,Sí,Edición España,Premium Alta,Casual,Adulto Maduro (35-54)
486,2026-04-17,09:12:57,25 - 34 Años,Masculino,Guatemala,Guatemala,Estudiante,Rara Vez,Tienda de barrio,Compañeros de trabajo,Q25 - Q50,Gol Nachos Supreme; Caramel Goal Popcorn; ChocoKick Bites,Limón,Individual,Q21 - Q30,No,Sí,Francia,Definitivamente sí,Francia,Kylian Mbappé,Humor,Descuento directo,No,Edición Con Jugadores Famosos,Moderada,Espectador Pasivo,Adulto Joven (25-34)
487,2026-05-03,07:17:26,18 - 24 Años,Masculino,Jalapa,Jalapa,Empleado Privado,1 A 2 Veces Por Semana,Supermercado,Familia,Q51 - Q100,CrunchMax BBQ; Mundialitos Queso Picante; ChocoKick Bites,Dulce,Para Compartir Entre 2 Personas,Menos De Q10,Sí,Sí,Brasil,Probablemente sí,Congo DR,Lionel Messi; Cristiano Ronaldo; Vinícius Júnior,Un jugador famoso,Sorteo de camisetas,No,Edición Mundial Fifa 2026,Premium Alta,Casual,Jóvenes (<25)
488,2026-05-09,09:50:21,45 - 54 Años,Femenino,Guatemala,San Miguel Petapa,Estudiante,Todos Los Días,Tienda de barrio,Familia,Q101 - Q150,FutbolMix; Mundialitos Queso Picante,Picante Chapín,Familiar,Q10 - Q15,No,Sí,Alemania,Probablemente sí,Brasil,Vinícius Júnior,Humor,Sorteo de viajes,Sí,Edición Argentina,Sensible Al Precio,Fanático Target (Alto),Adulto Maduro (35-54)
489,2026-05-02,19:13:14,18 - 24 Años,Masculino,Jalapa,Cabecera municipal,Empleado Privado,3 A 5 Veces Por Semana,Tienda de barrio,Familia,Más De Q150,Energy Crunch Protein; Caramel Goal Popcorn,Chocolate,Tamaño Fiesta O Reunión,Q21 - Q30,No,Sí,Inglaterra,Probablemente sí,México,Vinícius Júnior,Humor,Sorteo de camisetas,Sí,Edición Con Tarjetas Coleccionables,Sensible Al Precio,Fanático Target (Alto),Jóvenes (<25)
490,2026-03-04,15:42:53,55 Años O Más,Prefiero No Indicarlo,Chimaltenango,Patzún,Empleado Privado,3 A 5 Veces Por Semana,Gasolinera,Familia,Menos De Q25,Caramel Goal Popcorn; ChocoKick Bites; FutbolMix,Queso,Familiar,Q21 - Q30,Sí,Sí,Brasil,Tal vez,Brasil,Lamine Yamal; Harry Kane,Un jugador famoso,Descuento directo,Sí,Edición Francia,Moderada,Casual,Adulto Mayor (55+)
491,2026-02-17,13:56:41,18 - 24 Años,Femenino,Guatemala,Villa Nueva,Profesional Independiente,Rara Vez,Supermercado,Familia,Q101 - Q150,Victory Pretzels; Fan Chips Jalapeño,Chocolate,Individual,Q10 - Q15,Sí,Sí,Inglaterra,Definitivamente sí,Argentina,Cristiano Ronaldo,Una selección nacional,2x1,Sí,Edición Francia,Moderada,Casual,Jóvenes (<25)
492,2026-02-15,14:10:54,45 - 54 Años,Masculino,Guatemala,Guatemala,Empleado Privado,1 A 2 Veces Por Semana,Aplicación de delivery,Amigos,Más De Q150,FutbolMix; CrunchMax BBQ,Picante Chapín,Familiar,Q16 - Q20,Sí,Sí,Estados Unidos,Definitivamente sí,Argentina,Julián Álvarez; Ninguno,Una selección nacional,Sorteo de viajes,Sí,Edición Con Jugadores Famosos,Moderada,Casual,Adulto Maduro (35-54)
493,2026-05-02,19:00:58,45 - 54 Años,Femenino,Chimaltenango,Patzún,Estudiante,3 A 5 Veces Por Semana,Gasolinera,Familia,Menos De Q25,Fan Chips Jalapeño,Chocolate,Individual,Más De Q30,No,Sí,Inglaterra,Probablemente sí,Portugal,Neymar Jr.,Una selección nacional,Sorteo de balones,Sí,Edición Mundial Fifa 2026,Sensible Al Precio,Fanático Target (Alto),Adulto Maduro (35-54)
494,2026-05-06,21:17:45,25 - 34 Años,Masculino,Guatemala,San Miguel Petapa,Empleado Privado,Varias Veces Al Mes,Kiosco escolar/universitario,Familia,Q25 - Q50,Mundialitos Queso Picante; CrunchMax BBQ; FutbolMix,Salado Tradicional,Individual,Q16 - Q20,Sí,Sí,Argentina,Probablemente sí,Argentina,Kylian Mbappé,Historias de aficionados,Tarjetas coleccionables,Sí,Edición España,Moderada,Fanático Target (Alto),Adulto Joven (25-34)
495,2026-04-15,22:15:40,35 - 44 Años,Masculino,Huehuetenango,Cabecera municipal,Empleado Privado,1 A 2 Veces Por Semana,Aplicación de delivery,Familia,Q101 - Q150,ChocoKick Bites; Mundialitos Queso Picante,Barbacoa,Para Compartir Entre 2 Personas,Q16 - Q20,No,Sí,Estados Unidos,Tal vez,Brasil,Lamine Yamal; Lionel Messi,Premios y sorteos,Sorteo de camisetas,Sí,Edición Brasil,Sensible Al Precio,Casual,Adulto Maduro (35-54)
496,2026-03-21,14:34:20,18 - 24 Años,Masculino,Chimaltenango,Chimaltenango,Estudiante,Todos Los Días,Tienda de barrio,Familia,Q25 - Q50,FutbolMix; Gol Nachos Supreme,Queso,Familiar,Q16 - Q20,Sí,Sí,México,Probablemente sí,España,Lionel Messi; Vinícius Júnior,Un jugador famoso,2x1,No,Edición Brasil,Moderada,Casual,Jóvenes (<25)
497,2026-01-29,13:03:35,18 - 24 Años,Masculino,Chimaltenango,Tecpán Guatemala,Profesional Independiente,1 A 2 Veces Por Semana,Aplicación de delivery,Familia,Q51 - Q100,Mundialitos Queso Picante,Picante Chapín,Familiar,Q16 - Q20,No,Sí,Paraguay,Tal vez,España,Lamine Yamal,Un jugador famoso,2x1,No,Edición Mundial Fifa 2026,Moderada,Espectador Pasivo,Jóvenes (<25)
498,2026-04-22,16:18:28,Menos De 18 Años,Masculino,Escuintla,Palín,Estudiante,1 A 2 Veces Por Semana,Gasolinera,Familia,Menos De Q25,Caramel Goal Popcorn; Mundialitos Queso Picante; Gol Nachos Supreme,Chocolate,Tamaño Fiesta O Reunión,Q10 - Q15,Sí,Sí,Argentina,Probablemente sí,Estados Unidos,Neymar Jr.; Vinícius Júnior,Historias de aficionados,Descuento directo,Sí,Edición Brasil,Moderada,Fanático Target (Alto),Jóvenes (<25)
499,2026-03-24,20:22:32,25 - 34 Años,Masculino,El Progreso,El Progreso,Empleado Privado,3 A 5 Veces Por Semana,Supermercado,Solo,Q101 - Q150,ChocoKick Bites; Hot Stadium Peanuts,Dulce,Familiar,Más De Q30,Sí,Sí,Argentina,Probablemente sí,México,Cristiano Ronaldo,Un jugador famoso,Tarjetas coleccionables,Sí,Edición Mundial Fifa 2026,Moderada,Fanático Target (Alto),Adulto Joven (25-34)
500,2026-04-08,09:00:03,35 - 44 Años,Masculino,San Marcos,San Marcos,Empleado Privado,Todos Los Días,Tienda de barrio,Familia,Q51 - Q100,ChocoKick Bites; Caramel Goal Popcorn; FutbolMix,,Tamaño Fiesta O Reunión,Menos De Q10,Sí,Sí,Brasil,Definitivamente no,Portugal,Julián Álvarez; Neymar Jr.,Un jugador famoso,Sorteo de balones,No,Edición Francia,Premium Alta,Espectador Pasivo,Adulto Maduro (35-54)
501,2026-02-05,12:23:20,18 - 24 Años,Masculino,Chimaltenango,Patzún,Empleado Privado,Varias Veces Al Mes,Supermercado,Familia,Q51 - Q100,Victory Pretzels,Queso,Familiar,Q10 - Q15,No,Sí,México,Definitivamente sí,Alemania,Cristiano Ronaldo; Vinícius Júnior,Una selección nacional,Tarjetas coleccionables,Sí,Edición Argentina,Moderada,Casual,Jóvenes (<25)
502,2026-02-08,22:26:11,25 - 34 Años,Masculino,Suchitepéquez,Otro municipio,Empresario,Varias Veces Al Mes,Tienda de barrio,Solo,Q25 - Q50,CrunchMax BBQ,Salado Tradicional,Tamaño Fiesta O Reunión,Q16 - Q20,Sí,Sí,Colombia,Tal vez,España,Lionel Messi,Historias de aficionados,Producto gratis,Sí,Edición Argentina,Moderada,Casual,Adulto Joven (25-34)
503,2026-01-16,16:30:47,25 - 34 Años,Femenino,Quetzaltenango,Coatepeque,Ama De Casa,1 A 2 Veces Por Semana,Gasolinera,Familia,Q51 - Q100,Gol Nachos Supreme; Mundialitos Queso Picante,Queso,Tamaño Fiesta O Reunión,Q10 - Q15,Sí,Sí,Brasil,Probablemente no,Portugal,Lionel Messi; Julián Álvarez,Premios y sorteos,Descuento directo,Sí,Edición Argentina,Premium Alta,Casual,Adulto Joven (25-34)
504,2026-02-03,21:43:55,25 - 34 Años,Masculino,Quetzaltenango,Quetzaltenango,Profesional Independiente,3 A 5 Veces Por Semana,Supermercado,Familia,Menos De Q25,Mundialitos Queso Picante; Fan Chips Jalapeño; FutbolMix,Picante Chapín,Familiar,Q21 - Q30,Sí,Sí,Francia,Probablemente no,Argentina,Cristiano Ronaldo,Premios y sorteos,Sorteo de camisetas,Sí,Edición Brasil,Moderada,Casual,Adulto Joven (25-34)
505,2026-02-22,07:34:26,45 - 54 Años,Masculino,Guatemala,Santa Catarina Pinula,Estudiante,Varias Veces Al Mes,Tienda de barrio,Amigos,Q51 - Q100,Victory Pretzels,Picante Chapín,Para Compartir Entre 2 Personas,Q10 - Q15,Sí,Sí,Argentina,Definitivamente sí,Argentina,Cristiano Ronaldo; Julián Álvarez,Un jugador famoso,Sorteo de viajes,No,Edición Con Jugadores Famosos,Premium Alta,Espectador Pasivo,Adulto Maduro (35-54)
506,2026-05-10,21:45:43,Menos De 18 Años,Femenino,Guatemala,Guatemala,Empleado Privado,Varias Veces Al Mes,Aplicación de delivery,Amigos,Menos De Q25,Gol Nachos Supreme; Caramel Goal Popcorn; FutbolMix,Barbacoa,Familiar,Q21 - Q30,No,Sí,Paraguay,Definitivamente sí,México,Christian Pulisic; Rodri,Humor,Sorteo de viajes,No,Edición Francia,Sensible Al Precio,Espectador Pasivo,Jóvenes (<25)
507,2026-02-18,17:48:40,55 Años O Más,Masculino,Petén,San Benito,Empleado Privado,1 A 2 Veces Por Semana,Aplicación de delivery,Amigos,Q101 - Q150,Hot Stadium Peanuts; Caramel Goal Popcorn; Mundialitos Queso Picante,Barbacoa,Para Compartir Entre 2 Personas,Q10 - Q15,Sí,Sí,México,Tal vez,Argentina,Christian Pulisic; Jude Bellingham,Premios y sorteos,2x1,Sí,Edición Con Tarjetas Coleccionables,Moderada,Casual,Adulto Mayor (55+)
508,2026-03-23,20:23:11,35 - 44 Años,Femenino,Guatemala,Mixco,Ama De Casa,3 A 5 Veces Por Semana,Gasolinera,Amigos,Q25 - Q50,FutbolMix; Hot Stadium Peanuts,Jalapeño,Familiar,Q10 - Q15,No,Sí,Francia,Probablemente sí,Argentina,Cristiano Ronaldo,Una selección nacional,Tarjetas coleccionables,Sí,Edición Mundial Fifa 2026,Moderada,Fanático Target (Alto),Adulto Maduro (35-54)
509,2026-04-18,15:41:33,35 - 44 Años,Masculino,Guatemala,Guatemala,Jubilado,3 A 5 Veces Por Semana,Otro,Amigos,Más De Q150,ChocoKick Bites; Gol Nachos Supreme,Barbacoa,Tamaño Fiesta O Reunión,Q16 - Q20,Sí,Sí,Francia,Tal vez,Noruega,Cristiano Ronaldo; Alphonso Davies; Lionel Messi,Humor,Producto gratis,Sí,Edición Argentina,Moderada,Casual,Adulto Maduro (35-54)
510,2026-02-12,11:03:20,18 - 24 Años,Masculino,Guatemala,Villa Nueva,Estudiante,Varias Veces Al Mes,Supermercado,Amigos,Menos De Q25,Mundialitos Queso Picante; Caramel Goal Popcorn; Hot Stadium Peanuts,Salado Tradicional,Individual,Q21 - Q30,Sí,Sí, BRASIL ,Tal vez,México,Lamine Yamal; Lionel Messi,Un jugador famoso,2x1,Sí,Edición Mundial Fifa 2026,Moderada,Casual,Jóvenes (<25)
511,2026-02-27,07:15:00,35 - 44 Años,Masculino,Guatemala,Guatemala,,1 A 2 Veces Por Semana,Supermercado,Compañeros de trabajo,Q51 - Q100,Hot Stadium Peanuts,Salado Tradicional,Individual,Menos De Q10,Sí,No,Francia,Probablemente no,Uruguay,Lionel Messi; Neymar Jr.; Ninguno,Humor,Producto gratis,Sí,Edición España,Premium Alta,Espectador Pasivo,Adulto Maduro (35-54)
512,2026-04-11,11:41:44,55 Años O Más,Femenino,Suchitepéquez,,Empleado Público,Varias Veces Al Mes,Tienda de barrio,Compañeros de trabajo,Q25 - Q50,FutbolMix; Energy Crunch Protein; Victory Pretzels,Chocolate,Individual,Q10 - Q15,Sí,Sí,Argentina,Tal vez,Argentina,Kylian Mbappé,Una selección nacional,Tarjetas coleccionables,Sí,Edición Inglaterra,Moderada,Casual,Adulto Mayor (55+)
513,2026-01-21,14:32:09,35 - 44 Años,Masculino,Sacatepéquez,Antigua Guatemala,Otro,3 A 5 Veces Por Semana,Otro,Amigos,Q25 - Q50,CrunchMax BBQ; Fan Chips Jalapeño,Limón,Tamaño Fiesta O Reunión,Q16 - Q20,Sí,Sí,Haití,Probablemente sí,Francia,Neymar Jr.; Cristiano Ronaldo; Julián Álvarez,Un jugador famoso,Descuento directo,Sí,Edición Argentina,Moderada,Fanático Target (Alto),Adulto Maduro (35-54)
514,2026-05-04,16:54:52,35 - 44 Años,Prefiero No Indicarlo,Guatemala,Mixco,Comerciante,1 A 2 Veces Por Semana,Supermercado,Familia,Q25 - Q50,Hot Stadium Peanuts; Fan Chips Jalapeño,,Para Compartir Entre 2 Personas,Q10 - Q15,No,No,Argentina,Tal vez,Portugal,Cristiano Ronaldo,Un jugador famoso,Sorteo de viajes,No,Edición Francia,Moderada,Espectador Pasivo,Adulto Maduro (35-54)
515,2026-03-26,21:26:52,18 - 24 Años,Masculino,Guatemala,Mixco,Empleado Privado,Varias Veces Al Mes,Kiosco escolar/universitario,Familia,Q25 - Q50,CrunchMax BBQ; Hot Stadium Peanuts; Caramel Goal Popcorn,Queso,Para Compartir Entre 2 Personas,Q10 - Q15,Sí,No,Estados Unidos,Probablemente sí,México,Cristiano Ronaldo; Vinícius Júnior,Una selección nacional,Sorteo de balones,Sí,Edición Brasil,Moderada,Espectador Pasivo,Jóvenes (<25)
516,2026-01-14,08:55:22,35 - 44 Años,Masculino,Sacatepéquez,Sumpango,Profesional Independiente,1 A 2 Veces Por Semana,Supermercado,Compañeros de trabajo,Q51 - Q100,ChocoKick Bites; CrunchMax BBQ; Hot Stadium Peanuts,Caramelo,Tamaño Fiesta O Reunión,Q16 - Q20,Sí,Sí,España,Probablemente sí,México,Lionel Messi; Cristiano Ronaldo,Premios y sorteos,Producto gratis,Sí,Edición Brasil,Premium Alta,Fanático Target (Alto),Adulto Maduro (35-54)
517,2026-03-11,08:05:18,18 - 24 Años,Masculino,Chimaltenango,Tecpán Guatemala,Profesional Independiente,Varias Veces Al Mes,Tienda de barrio,Otro,Q25 - Q50,Victory Pretzels,Salado Tradicional,Para Compartir Entre 2 Personas,Q10 - Q15,No,Sí,Colombia,Probablemente sí,Portugal,Lionel Messi,Una selección nacional,Producto gratis,Sí,Edición Con Jugadores Famosos,Moderada,Fanático Target (Alto),Jóvenes (<25)
518,2026-02-18,17:21:16,Menos De 18 Años,Femenino,Sacatepéquez,Sumpango,Otro,1 A 2 Veces Por Semana,Supermercado,Amigos,Menos De Q25,Energy Crunch Protein; Hot Stadium Peanuts; CrunchMax BBQ,Queso,Tamaño Fiesta O Reunión,Menos De Q10,No,Sí,Francia,Probablemente sí,México,Jude Bellingham; Cristiano Ronaldo,Premios y sorteos,Sorteo de balones,No,Edición Con Tarjetas Coleccionables,Sensible Al Precio,Casual,Jóvenes (<25)
519,2026-05-08,22:08:52,25 - 34 Años,Femenino,Escuintla,Palín,Comerciante,1 A 2 Veces Por Semana,Supermercado,Familia,Q101 - Q150,CrunchMax BBQ; ChocoKick Bites; Fan Chips Jalapeño,Queso,Individual,Q10 - Q15,Sí,Sí,Uruguay,Tal vez,Costa de Marfil,Lionel Messi,Una selección nacional,2x1,No,Edición Brasil,Moderada,Espectador Pasivo,Adulto Joven (25-34)
520,2026-01-22,20:58:11,55 Años O Más,Masculino,Guatemala,San Miguel Petapa,Empleado Público,3 A 5 Veces Por Semana,Kiosco escolar/universitario,Familia,Q51 - Q100,CrunchMax BBQ,Limón,Para Compartir Entre 2 Personas,Q10 - Q15,No,Sí,Uruguay,Definitivamente sí,Inglaterra,Harry Kane; Lionel Messi,Historias de aficionados,Sorteo de viajes,Sí,Edición Con Tarjetas Coleccionables,Moderada,Casual,Adulto Mayor (55+)
521,2026-01-21,12:45:32,45 - 54 Años,Masculino,Sacatepéquez,Jocotenango,Empleado Privado,3 A 5 Veces Por Semana,Supermercado,Amigos,Q101 - Q150,Mundialitos Queso Picante,Jalapeño,Para Compartir Entre 2 Personas,Q10 - Q15,No,No,Japón,Probablemente sí,Argentina,Julián Álvarez; Federico Valverde; Neymar Jr.,Un jugador famoso,Descuento directo,No,Edición Brasil,Sensible Al Precio,Espectador Pasivo,Adulto Maduro (35-54)
522,2026-04-18,14:15:17,25 - 34 Años,Femenino,Zacapa,Cabecera municipal,Jubilado,1 A 2 Veces Por Semana,Supermercado,Solo,Q51 - Q100,Hot Stadium Peanuts; Energy Crunch Protein; Mundialitos Queso Picante,Queso,Familiar,Q21 - Q30,No,Sí,Alemania,Definitivamente sí,Brasil,Neymar Jr.; Cristiano Ronaldo; Kylian Mbappé,Una selección nacional,Tarjetas coleccionables,Sí,Edición Con Tarjetas Coleccionables,Moderada,Casual,Adulto Joven (25-34)
523,2026-02-02,11:11:46,25 - 34 Años,Masculino,Quetzaltenango,Coatepeque,Empleado Privado,3 A 5 Veces Por Semana,Tienda de barrio,Amigos,Menos De Q25,Caramel Goal Popcorn; CrunchMax BBQ; Fan Chips Jalapeño,Barbacoa,Familiar,Q10 - Q15,No,Sí,Estados Unidos,Probablemente sí,Uruguay,Cristiano Ronaldo; Vinícius Júnior; Neymar Jr.,Una selección nacional,Sorteo de camisetas,No,Edición Argentina,Sensible Al Precio,Casual,Adulto Joven (25-34)
524,2026-04-18,16:07:32,35 - 44 Años,Masculino,Guatemala,Villa Nueva,Estudiante,3 A 5 Veces Por Semana,Aplicación de delivery,Amigos,Más De Q150,Energy Crunch Protein; CrunchMax BBQ,Queso,Para Compartir Entre 2 Personas,Q21 - Q30,Sí,No,Senegal,Probablemente sí,Francia,Vinícius Júnior,Historias de aficionados,Tarjetas coleccionables,Sí,Edición Con Jugadores Famosos,Moderada,Espectador Pasivo,Adulto Maduro (35-54)
525,2026-04-17,16:48:39,25 - 34 Años,Masculino,Guatemala,Mixco,Empresario,Rara Vez,Kiosco escolar/universitario,Amigos,Q51 - Q100,FutbolMix; Hot Stadium Peanuts; Fan Chips Jalapeño,Salado Tradicional,Individual,Menos De Q10,No,No,Uruguay,Tal vez,Argentina,Christian Pulisic; Neymar Jr.,Una selección nacional,Sorteo de viajes,Sí,Edición Brasil,Moderada,Espectador Pasivo,Adulto Joven (25-34)
526,2026-01-21,19:35:23,Menos De 18 Años,Femenino,Guatemala,Santa Catarina Pinula,Comerciante,1 A 2 Veces Por Semana,Aplicación de delivery,Solo,Menos De Q25,FutbolMix; Gol Nachos Supreme,Limón,Familiar,Q16 - Q20,Sí,Sí,Brasil,Definitivamente sí,Marruecos,Lionel Messi; Jude Bellingham; Federico Valverde,Un jugador famoso,Sorteo de camisetas,Sí,Edición Inglaterra,Moderada,Casual,Jóvenes (<25)
527,2026-02-18,18:48:17,18 - 24 Años,Masculino,Jutiapa,Jutiapa,Empleado Privado,Varias Veces Al Mes,Aplicación de delivery,Amigos,Más De Q150,Hot Stadium Peanuts; FutbolMix,Picante Chapín,Individual,Q16 - Q20,Sí,Sí,Uruguay,Probablemente sí,Costa de Marfil,Julián Álvarez,Premios y sorteos,Producto gratis,Sí,Edición Con Tarjetas Coleccionables,Moderada,Fanático Target (Alto),Jóvenes (<25)
528,2026-01-28,16:15:35,18 - 24 Años,Masculino,Sololá,Otro municipio,Comerciante,3 A 5 Veces Por Semana,Supermercado,Amigos,Más De Q150,Gol Nachos Supreme,Caramelo,Familiar,Q21 - Q30,Sí,Sí,Portugal,Probablemente sí,México,Lionel Messi; Harry Kane; Rodri,Historias de aficionados,Sorteo de balones,No,Edición Con Jugadores Famosos,Moderada,Casual,Jóvenes (<25)
529,2026-02-13,08:43:04,25 - 34 Años,Femenino,Guatemala,Villa Nueva,Estudiante,1 A 2 Veces Por Semana,Otro,Amigos,Q25 - Q50,FutbolMix; CrunchMax BBQ,Limón,Familiar,Q16 - Q20,No,Sí,Inglaterra,Definitivamente sí,Argentina,Vinícius Júnior; Cristiano Ronaldo,Humor,Descuento directo,Sí,Edición Mundial Fifa 2026,Moderada,Casual,Adulto Joven (25-34)
530,2026-03-28,09:50:25,25 - 34 Años,Masculino,Retalhuleu, CABECERA MUNICIPAL ,Profesional Independiente,Todos Los Días,,Familia,Q25 - Q50,FutbolMix,Chocolate,Individual,Q10 - Q15,Sí,No,Portugal,Definitivamente sí,México,Lionel Messi,Premios y sorteos,Tarjetas coleccionables,No,Edición España,Moderada,Espectador Pasivo,Adulto Joven (25-34)
531,2026-04-04,21:32:48,18 - 24 Años,Femenino,Jalapa,Otro municipio,Empresario,1 A 2 Veces Por Semana,Aplicación de delivery,Amigos,Q51 - Q100,Hot Stadium Peanuts; Mundialitos Queso Picante; Fan Chips Jalapeño,Queso,Familiar,Q21 - Q30,No,Sí,Francia,Definitivamente sí,Portugal,Lamine Yamal,Una selección nacional,2x1,No,Edición Francia,Moderada,Espectador Pasivo,Jóvenes (<25)
532,2026-03-20,11:13:25,35 - 44 Años,Femenino,Guatemala,San Miguel Petapa,Estudiante,Todos Los Días,Supermercado,Familia,Q51 - Q100,Gol Nachos Supreme; Caramel Goal Popcorn,Barbacoa,Tamaño Fiesta O Reunión,Q10 - Q15,Sí,Sí, BRASIL ,Definitivamente no,Francia,Federico Valverde,Premios y sorteos,2x1,No,Edición Argentina,Premium Alta,Espectador Pasivo,Adulto Maduro (35-54)
533,2026-04-06,13:10:44,55 Años O Más,Femenino,Guatemala,Villa Nueva,,Rara Vez,Tienda de barrio,Amigos,Q25 - Q50,Gol Nachos Supreme,Queso,Individual,Q16 - Q20,No,Sí,Argentina,Probablemente sí,Argentina,Vinícius Júnior,Una selección nacional,Descuento directo,No,Edición Brasil,Moderada,Casual,Adulto Mayor (55+)
534,2026-04-30,09:54:28,55 Años O Más,Masculino,Guatemala,San Miguel Petapa,Estudiante,Rara Vez,Gasolinera,Amigos,Más De Q150,Victory Pretzels,Picante Chapín,Familiar,Q10 - Q15,No,Sí,Bélgica,Tal vez,Argentina,Vinícius Júnior; Lionel Messi; Harry Kane,Una selección nacional,Descuento directo,Sí,Edición Con Jugadores Famosos,Sensible Al Precio,Casual,Adulto Mayor (55+)
535,2026-02-28,16:11:41,25 - 34 Años,Masculino,Sacatepéquez,Antigua Guatemala,Otro,3 A 5 Veces Por Semana,Aplicación de delivery,Familia,Menos De Q25,CrunchMax BBQ,Salado Tradicional,Individual,Q21 - Q30,Sí,No,Brasil,Probablemente sí,Argentina,Vinícius Júnior; Jude Bellingham; Neymar Jr.,Una selección nacional,Sorteo de camisetas,No,Edición España,Moderada,Espectador Pasivo,Adulto Joven (25-34)
536,2026-01-22,22:38:24,25 - 34 Años,Femenino,Chimaltenango,Chimaltenango,Profesional Independiente,Todos Los Días,Tienda de barrio,Compañeros de trabajo,Q25 - Q50,Fan Chips Jalapeño; CrunchMax BBQ,Caramelo,Familiar,Q16 - Q20,Sí,Sí,Francia,Definitivamente sí,Estados Unidos,Federico Valverde; Kylian Mbappé; Lamine Yamal,Historias de aficionados,Sorteo de viajes,Sí,Edición Brasil,Moderada,Casual,Adulto Joven (25-34)
537,2026-03-18,15:11:14,25 - 34 Años,Masculino,Escuintla,Santa Lucía Cotzumalguapa,Empleado Privado,1 A 2 Veces Por Semana,Supermercado,Familia,Más De Q150,Mundialitos Queso Picante; FutbolMix; Caramel Goal Popcorn,Limón,Para Compartir Entre 2 Personas,Q16 - Q20,No,Sí,Colombia,Tal vez,Uruguay,Federico Valverde; Christian Pulisic,Un jugador famoso,Tarjetas coleccionables,Sí,Edición Mundial Fifa 2026,Sensible Al Precio,Casual,Adulto Joven (25-34)
538,2026-03-10,10:06:14,35 - 44 Años,Femenino,Guatemala,San Miguel Petapa,Empresario,Rara Vez,Gasolinera,Amigos,Q101 - Q150,FutbolMix,Chocolate,Familiar,Q10 - Q15,Sí,Sí,Senegal,Definitivamente sí, MÉXICO ,Cristiano Ronaldo; Lionel Messi,Premios y sorteos,Producto gratis,Sí,Edición Con Tarjetas Coleccionables,Moderada,Casual,Adulto Maduro (35-54)
539,2026-04-09,17:29:50,18 - 24 Años,Masculino,Guatemala, VILLA NUEVA ,Ama De Casa,Todos Los Días,Tienda de barrio,Familia,Q25 - Q50,FutbolMix; Energy Crunch Protein,Dulce,Tamaño Fiesta O Reunión,Q10 - Q15,Sí,Sí,México,Definitivamente no,Brasil,Ninguno; Neymar Jr.; Jude Bellingham,Una selección nacional,Sorteo de balones,No,Edición España,Moderada,Espectador Pasivo,Jóvenes (<25)
540,2026-04-10,07:12:18,35 - 44 Años,Femenino,San Marcos,Cabecera municipal,Comerciante,3 A 5 Veces Por Semana,Supermercado,Solo,Q51 - Q100,CrunchMax BBQ; Energy Crunch Protein,Chocolate,Tamaño Fiesta O Reunión,Q10 - Q15,Sí,No,México,Probablemente sí,Brasil,Neymar Jr.; Cristiano Ronaldo,Historias de aficionados,Descuento directo,Sí,Edición Con Jugadores Famosos,Premium Alta,Espectador Pasivo,Adulto Maduro (35-54)
541,2026-01-28,21:49:28,18 - 24 Años,Masculino,Guatemala,San Miguel Petapa,Comerciante,Todos Los Días,Tienda de barrio,Familia,Más De Q150,Hot Stadium Peanuts,Picante Chapín,Familiar,Q10 - Q15,Sí,Sí,México,Probablemente no,Irak,Cristiano Ronaldo; Lionel Messi,Un jugador famoso,Descuento directo,No,Edición Con Tarjetas Coleccionables,Moderada,Espectador Pasivo,Jóvenes (<25)
542,2026-01-27,18:16:57,Menos De 18 Años,Femenino,Guatemala,San Miguel Petapa,Ama De Casa,1 A 2 Veces Por Semana,,Amigos,Q25 - Q50,Victory Pretzels,Barbacoa,Familiar,Más De Q30,Sí,Sí,Estados Unidos,Definitivamente sí,México,Cristiano Ronaldo; Christian Pulisic,Humor,Descuento directo,No,Edición Con Tarjetas Coleccionables,Moderada,Espectador Pasivo,Jóvenes (<25)
543,2026-03-21,14:08:25,18 - 24 Años,Masculino,Guatemala,San Miguel Petapa,Profesional Independiente,1 A 2 Veces Por Semana,Gasolinera,Familia,Q25 - Q50,Victory Pretzels; Hot Stadium Peanuts; ChocoKick Bites,Dulce,Individual,Q21 - Q30,Sí,Sí,Portugal,Definitivamente sí,Alemania,Lionel Messi; Harry Kane,Una selección nacional,Descuento directo,Sí,Edición Con Tarjetas Coleccionables,Moderada,Casual,Jóvenes (<25)
544,2026-05-06,07:20:58,25 - 34 Años,Femenino,Quetzaltenango,,Comerciante,1 A 2 Veces Por Semana,Otro,Amigos,Q25 - Q50,CrunchMax BBQ,Limón,Para Compartir Entre 2 Personas,Q21 - Q30,Sí,Sí,Argentina,Definitivamente sí,Portugal,Cristiano Ronaldo; Lionel Messi; Neymar Jr.,Un jugador famoso,2x1,Sí,Edición Brasil,Moderada,Casual,Adulto Joven (25-34)
545,2026-03-20,11:10:15,25 - 34 Años,Femenino,Quetzaltenango,Quetzaltenango,Empleado Privado,Rara Vez,Kiosco escolar/universitario,Compañeros de trabajo,Menos De Q25,Mundialitos Queso Picante; Caramel Goal Popcorn,Barbacoa,Familiar,Q10 - Q15,Sí,Sí,Brasil,Probablemente sí,Brasil,Vinícius Júnior; Cristiano Ronaldo,Historias de aficionados,Sorteo de balones,Sí,Edición Mundial Fifa 2026,Moderada,Fanático Target (Alto),Adulto Joven (25-34)
546,2026-04-01,10:15:29,45 - 54 Años,Femenino,Guatemala,Villa Nueva,Empresario,1 A 2 Veces Por Semana,Supermercado,Familia,Q51 - Q100,CrunchMax BBQ,Chocolate,Familiar,Q21 - Q30,No,Sí,Colombia,Definitivamente sí,Argentina,Jude Bellingham; Neymar Jr.; Vinícius Júnior,Un jugador famoso,Sorteo de camisetas,No,Edición Con Jugadores Famosos,Moderada,Espectador Pasivo,Adulto Maduro (35-54)
547,2026-05-03,16:40:33,18 - 24 Años,Masculino,Guatemala,Santa Catarina Pinula,Empresario,3 A 5 Veces Por Semana,Gasolinera,Solo,Q51 - Q100,Mundialitos Queso Picante; Fan Chips Jalapeño; Gol Nachos Supreme,Barbacoa,Individual,Q21 - Q30,Sí,Sí,Argentina,Definitivamente sí,Francia,Federico Valverde,Una selección nacional,Sorteo de camisetas,Sí,Edición Inglaterra,Premium Alta,Casual,Jóvenes (<25)
548,2026-02-04,15:45:00,18 - 24 Años,Femenino,Sacatepéquez,Jocotenango,Ama De Casa,Todos Los Días,Gasolinera,Otro,Q25 - Q50,ChocoKick Bites; CrunchMax BBQ,Jalapeño,Para Compartir Entre 2 Personas,Más De Q30,Sí,Sí,Brasil,Tal vez,Uruguay,Vinícius Júnior,Premios y sorteos,Tarjetas coleccionables,No,Edición Con Jugadores Famosos,Moderada,Espectador Pasivo,Jóvenes (<25)
549,2026-02-28,15:18:23,35 - 44 Años,Masculino,Guatemala,Santa Catarina Pinula,Empleado Privado,1 A 2 Veces Por Semana,Kiosco escolar/universitario,Familia,Menos De Q25,FutbolMix; Mundialitos Queso Picante,Barbacoa,Individual,Más De Q30,Sí,Sí,Inglaterra,Definitivamente no,Argentina,Cristiano Ronaldo,Premios y sorteos,Producto gratis,Sí,Edición Con Tarjetas Coleccionables,Moderada,Casual,Adulto Maduro (35-54)
550,2026-03-03,13:59:18,25 - 34 Años,Masculino,Guatemala,San Miguel Petapa,Empleado Público,3 A 5 Veces Por Semana,Tienda de barrio,Amigos,Q25 - Q50,CrunchMax BBQ; Mundialitos Queso Picante; Fan Chips Jalapeño,Jalapeño,Para Compartir Entre 2 Personas,Q16 - Q20,No,Sí,Argentina,Definitivamente no,Brasil,Lamine Yamal; Alphonso Davies; Cristiano Ronaldo,Una selección nacional,Sorteo de camisetas,Sí,Edición Argentina,Moderada,Casual,Adulto Joven (25-34)
551,2026-03-29,08:30:44,55 Años O Más,Masculino,Izabal,Izabal,Empleado Público,3 A 5 Veces Por Semana,Tienda de barrio,Familia,Q25 - Q50,CrunchMax BBQ; Fan Chips Jalapeño; ChocoKick Bites,Picante Chapín,Familiar,Q10 - Q15,Sí,Sí,Brasil,Tal vez, ESTADOS UNIDOS ,Federico Valverde,Un jugador famoso,2x1,Sí,Edición Con Jugadores Famosos,Moderada,Casual,Adulto Mayor (55+)
552,2026-04-19,09:54:37,18 - 24 Años,Masculino,Quetzaltenango,Coatepeque,Empleado Privado,Todos Los Días,Otro,Familia,Q25 - Q50,ChocoKick Bites,Jalapeño,Familiar,Q10 - Q15,No,Sí,Francia,Definitivamente no,Inglaterra,Lamine Yamal; Kylian Mbappé; Lionel Messi,Un jugador famoso,Descuento directo,Sí,Edición Francia,Moderada,Casual,Jóvenes (<25)
553,2026-04-28,15:10:56,45 - 54 Años,Prefiero No Indicarlo,El Progreso,Cabecera municipal,Estudiante,3 A 5 Veces Por Semana,Tienda de barrio,Amigos,Q25 - Q50,Mundialitos Queso Picante; Fan Chips Jalapeño; CrunchMax BBQ,Chocolate,Familiar,Más De Q30,Sí,Sí,Brasil,Probablemente sí,Inglaterra,Jude Bellingham,Un jugador famoso,Descuento directo,Sí,Edición Con Tarjetas Coleccionables,Moderada,Fanático Target (Alto),Adulto Maduro (35-54)
554,2026-01-18,19:02:07,18 - 24 Años,Masculino,Guatemala,San Miguel Petapa,Empresario,1 A 2 Veces Por Semana,Tienda de barrio,Amigos,Q25 - Q50,FutbolMix; Mundialitos Queso Picante; Hot Stadium Peanuts,Barbacoa,Familiar,Q10 - Q15,No,Sí,Argentina,Probablemente sí,Portugal,Lionel Messi,Premios y sorteos,Sorteo de viajes,No,Edición España,Moderada,Casual,Jóvenes (<25)
555,2026-04-23,14:35:17,18 - 24 Años,Femenino,Baja Verapaz,Baja Verapaz,Comerciante,3 A 5 Veces Por Semana,Tienda de barrio,Compañeros de trabajo,Q25 - Q50,CrunchMax BBQ,Queso,Familiar,Q16 - Q20,No,Sí,Francia,Definitivamente sí,España,Lionel Messi,Historias de aficionados,Tarjetas coleccionables,Sí,Edición Con Jugadores Famosos,Moderada,Casual,Jóvenes (<25)
556,2026-03-05,07:18:42,Menos De 18 Años,Femenino,Suchitepéquez,Suchitepéquez,Profesional Independiente,Rara Vez,Gasolinera,Familia,Menos De Q25,FutbolMix; CrunchMax BBQ; Mundialitos Queso Picante,Salado Tradicional,Individual,Q16 - Q20,Sí,Sí,Francia,Probablemente no,México,Neymar Jr.,Un jugador famoso,Sorteo de viajes,No,Edición España,Moderada,Espectador Pasivo,Jóvenes (<25)
557,2026-04-06,07:52:52,55 Años O Más,Femenino,Sacatepéquez,Antigua Guatemala,Empleado Público,Varias Veces Al Mes,Tienda de barrio,Familia,Menos De Q25,Victory Pretzels; ChocoKick Bites; CrunchMax BBQ,Barbacoa,Para Compartir Entre 2 Personas,Q16 - Q20,Sí,Sí,Inglaterra,Definitivamente sí,España,Federico Valverde,Historias de aficionados,2x1,No,Edición Con Tarjetas Coleccionables,Moderada,Espectador Pasivo,Adulto Mayor (55+)
558,2026-03-06,13:14:08,18 - 24 Años,Femenino,Jutiapa,Otro municipio,Empleado Privado,3 A 5 Veces Por Semana,Supermercado,Amigos,Q51 - Q100,Gol Nachos Supreme,Queso,Para Compartir Entre 2 Personas,Q16 - Q20,Sí,Sí,Portugal,Probablemente sí,Francia,Kylian Mbappé; Lionel Messi; Vinícius Júnior,Un jugador famoso,Sorteo de viajes,No,Edición Argentina,Premium Alta,Casual,Jóvenes (<25)
559,2026-03-01,13:55:31,45 - 54 Años,Masculino,Escuintla,Palín,Empleado Privado,Todos Los Días,Supermercado,Familia,Q101 - Q150,ChocoKick Bites,Queso,Para Compartir Entre 2 Personas,Q10 - Q15,Sí,Sí,Brasil,Probablemente no,Argentina,Vinícius Júnior,Premios y sorteos,Descuento directo,Sí,Edición Inglaterra,Moderada,Casual,Adulto Maduro (35-54)
560,2026-01-29,22:55:12,Menos De 18 Años,Femenino,Guatemala,Villa Nueva,Estudiante,1 A 2 Veces Por Semana,Tienda de barrio,Compañeros de trabajo,Q25 - Q50,ChocoKick Bites; Hot Stadium Peanuts,Chocolate,Familiar,Q10 - Q15,Sí,Sí,Francia,Definitivamente sí,,Lionel Messi; Christian Pulisic; Cristiano Ronaldo,Premios y sorteos,Tarjetas coleccionables,Sí,Edición Inglaterra,Moderada,Casual,Jóvenes (<25)
561,2026-04-13,11:43:57,45 - 54 Años,Femenino,Guatemala,Guatemala,Empleado Público,3 A 5 Veces Por Semana,Supermercado,Familia,Más De Q150,Mundialitos Queso Picante; Caramel Goal Popcorn; FutbolMix,Queso,Familiar,Q10 - Q15,No,No,México,Tal vez,Francia,Vinícius Júnior; Jude Bellingham,Un jugador famoso,Sorteo de camisetas,Sí,Edición Mundial Fifa 2026,Sensible Al Precio,Espectador Pasivo,Adulto Maduro (35-54)
562,2026-01-20,11:32:37,55 Años O Más,Femenino,Sacatepéquez,Ciudad Vieja,Empleado Público,Varias Veces Al Mes,Tienda de barrio,Amigos,Q51 - Q100,Mundialitos Queso Picante; Caramel Goal Popcorn,Picante Chapín,Individual,Q21 - Q30,No,Sí,Argentina,Tal vez,Estados Unidos,Kylian Mbappé; Jude Bellingham; Lionel Messi,Una selección nacional,Tarjetas coleccionables,No,Edición Con Jugadores Famosos,Moderada,Espectador Pasivo,Adulto Mayor (55+)
563,2026-03-04,17:11:13,45 - 54 Años,Femenino,Quetzaltenango,Olintepeque,Estudiante,Todos Los Días,Tienda de barrio,Amigos,Q25 - Q50,Fan Chips Jalapeño; ChocoKick Bites; CrunchMax BBQ,Limón,Tamaño Fiesta O Reunión,Q21 - Q30,No,Sí,Portugal,Probablemente sí,Brasil,Neymar Jr.; Cristiano Ronaldo,Historias de aficionados,Producto gratis,Sí,Edición Con Jugadores Famosos,Moderada,Fanático Target (Alto),Adulto Maduro (35-54)
564,2026-01-20,19:54:11,55 Años O Más,Femenino,Chimaltenango,Chimaltenango,Empleado Privado,Todos Los Días,Tienda de barrio,Familia,Q51 - Q100,FutbolMix; Energy Crunch Protein,Barbacoa,Para Compartir Entre 2 Personas,Q10 - Q15,No,Sí,Argentina,Definitivamente sí,España,Vinícius Júnior; Lamine Yamal; Lionel Messi,Una selección nacional,2x1,Sí,Edición Inglaterra,Moderada,Casual,Adulto Mayor (55+)
565,2026-04-03,11:23:14,Menos De 18 Años,Femenino,Guatemala,Villa Nueva,Estudiante,Todos Los Días,Supermercado,Amigos,Menos De Q25,CrunchMax BBQ,Queso,Individual,Q16 - Q20,No,Sí,Francia,Definitivamente sí,Francia,Neymar Jr.,Premios y sorteos,Sorteo de camisetas,No,Edición Argentina,Sensible Al Precio,Espectador Pasivo,Jóvenes (<25)
566,2026-03-13,17:30:29,35 - 44 Años,Femenino,Huehuetenango,Otro municipio,Empleado Privado,1 A 2 Veces Por Semana,Supermercado,Compañeros de trabajo,Q25 - Q50,CrunchMax BBQ; ChocoKick Bites; Mundialitos Queso Picante,Caramelo,Individual,Q16 - Q20,No,Sí,Uruguay,Definitivamente sí,Uruguay,Lionel Messi; Alphonso Davies; Cristiano Ronaldo,Un jugador famoso,2x1,Sí,Edición Con Tarjetas Coleccionables,Moderada,Casual,Adulto Maduro (35-54)
567,2026-01-23,17:58:44,35 - 44 Años,Femenino,Guatemala,San Miguel Petapa,Empleado Privado,Rara Vez,Aplicación de delivery,Familia,Q25 - Q50,Energy Crunch Protein,Salado Tradicional,Para Compartir Entre 2 Personas,Q16 - Q20,Sí,Sí,Argentina,Definitivamente sí,Brasil,Cristiano Ronaldo,Premios y sorteos,Descuento directo,Sí,Edición Inglaterra,Moderada,Casual,Adulto Maduro (35-54)
568,2026-02-11,07:55:44,45 - 54 Años,Masculino,Guatemala, VILLA NUEVA ,Empleado Público,1 A 2 Veces Por Semana,Supermercado,Amigos,Q25 - Q50,CrunchMax BBQ; Fan Chips Jalapeño; Mundialitos Queso Picante,Barbacoa,Individual,Menos De Q10,No,Sí,México,Probablemente sí,Alemania,Jude Bellingham; Vinícius Júnior; Alphonso Davies,Una selección nacional,Tarjetas coleccionables,Sí,Edición Argentina,Moderada,Fanático Target (Alto),Adulto Maduro (35-54)
569,2026-02-01,14:47:08,35 - 44 Años,Femenino,Guatemala,Villa Nueva,Profesional Independiente,Varias Veces Al Mes,Tienda de barrio,Amigos,Q51 - Q100,CrunchMax BBQ,Picante Chapín,Familiar,Q21 - Q30,Sí,Sí,Estados Unidos,Tal vez,Suecia,Kylian Mbappé,Un jugador famoso,Sorteo de balones,Sí,Edición Argentina,Premium Alta,Casual,Adulto Maduro (35-54)
570,2026-03-20,11:06:11,35 - 44 Años,Masculino,Guatemala,San Miguel Petapa,Ama De Casa,Varias Veces Al Mes,Tienda de barrio,Familia,Q25 - Q50,Victory Pretzels; Mundialitos Queso Picante,Queso,Tamaño Fiesta O Reunión,,No,Sí,México,Tal vez,Brasil,Cristiano Ronaldo; Lionel Messi; Kylian Mbappé,Premios y sorteos,2x1,Sí,Edición Con Tarjetas Coleccionables,Moderada,Casual,Adulto Maduro (35-54)
571,2026-01-30,22:40:33,25 - 34 Años,Femenino,Guatemala,San Miguel Petapa,Estudiante,Varias Veces Al Mes,Supermercado,Amigos,Más De Q150,Hot Stadium Peanuts,Barbacoa,Para Compartir Entre 2 Personas,Más De Q30,Sí,Sí,Portugal,Tal vez,Francia,Alphonso Davies; Ninguno,Una selección nacional,Sorteo de camisetas,No,Edición Argentina,Moderada,Espectador Pasivo,Adulto Joven (25-34)
572,2026-03-10,08:51:12,18 - 24 Años,Femenino,Chimaltenango,Tecpán Guatemala,Estudiante,Todos Los Días,Tienda de barrio,Compañeros de trabajo,Q25 - Q50,Caramel Goal Popcorn,Chocolate,Para Compartir Entre 2 Personas,Q16 - Q20,Sí,Sí,Brasil,Probablemente sí,Francia,Lamine Yamal,Humor,2x1,No,Edición Mundial Fifa 2026,Moderada,Casual,Jóvenes (<25)
573,2026-03-15,22:48:19,18 - 24 Años,Masculino,Escuintla,Palín,Otro,1 A 2 Veces Por Semana,Supermercado,Familia,Menos De Q25,Fan Chips Jalapeño,Queso,Familiar,Q21 - Q30,Sí,Sí,Panamá,Definitivamente sí,España,Lionel Messi; Ninguno,Premios y sorteos,Descuento directo,No,Edición Argentina,Moderada,Espectador Pasivo,Jóvenes (<25)
574,2026-01-30,11:46:07,18 - 24 Años,Femenino,Guatemala,Mixco,Empleado Público,1 A 2 Veces Por Semana,Kiosco escolar/universitario,Solo,Q51 - Q100,FutbolMix; Victory Pretzels,Queso,Familiar,Q10 - Q15,Sí,Sí,Colombia,Tal vez,Argentina,Neymar Jr.,Humor,Sorteo de camisetas,No,Edición Con Jugadores Famosos,Premium Alta,Espectador Pasivo,Jóvenes (<25)
575,2026-05-01,22:56:45,18 - 24 Años,Masculino,Izabal,Otro municipio,Empleado Público,Todos Los Días,Tienda de barrio,Compañeros de trabajo,Q101 - Q150,Energy Crunch Protein; Victory Pretzels,Picante Chapín,Familiar,Q16 - Q20,Sí,Sí,Argentina,Definitivamente no,Alemania,Lionel Messi; Cristiano Ronaldo,Historias de aficionados,Producto gratis,Sí,Edición Con Tarjetas Coleccionables,Moderada,Casual,Jóvenes (<25)
576,2026-04-07,17:23:52,18 - 24 Años,Masculino,El Progreso,Cabecera municipal,Empleado Privado,Rara Vez,Tienda de barrio,Familia,Q25 - Q50,Caramel Goal Popcorn; Energy Crunch Protein,Barbacoa,Familiar,Menos De Q10,No,Sí,Arabia Saudita,Definitivamente no,Inglaterra,Neymar Jr.; Lionel Messi,Un jugador famoso,Tarjetas coleccionables,Sí,Edición Mundial Fifa 2026,Moderada,Casual,Jóvenes (<25)
577,2026-03-18,22:55:18,Menos De 18 Años,Masculino,Guatemala,Mixco,Estudiante,3 A 5 Veces Por Semana,Gasolinera,Amigos,Q25 - Q50,CrunchMax BBQ; Fan Chips Jalapeño; Energy Crunch Protein,Chocolate,Individual,Q16 - Q20,Sí,Sí, ESTADOS UNIDOS ,Probablemente sí,Brasil,Alphonso Davies,Premios y sorteos,2x1,Sí,Edición Con Jugadores Famosos,Moderada,Fanático Target (Alto),Jóvenes (<25)
578,2026-04-01,13:41:52,18 - 24 Años,Prefiero No Indicarlo,Jalapa,Cabecera municipal,Estudiante,1 A 2 Veces Por Semana,Gasolinera,Compañeros de trabajo,Q25 - Q50,FutbolMix,Chocolate,Familiar,Q10 - Q15,Sí,Sí,Argentina,Tal vez,,Cristiano Ronaldo; Harry Kane,Un jugador famoso,Producto gratis,Sí,Edición Argentina,Moderada,Casual,Jóvenes (<25)
579,2026-04-27,22:25:44,25 - 34 Años,Masculino,Guatemala,Guatemala,Estudiante,3 A 5 Veces Por Semana,Tienda de barrio,Familia,Menos De Q25,Mundialitos Queso Picante; Energy Crunch Protein,Limón,Individual,Q16 - Q20,Sí,Sí,Argentina,Definitivamente sí,Estados Unidos,Kylian Mbappé,Humor,Tarjetas coleccionables,Sí,Edición España,Moderada,Casual,Adulto Joven (25-34)
580,2026-02-02,09:21:37,Menos De 18 Años,Femenino,Guatemala,San Miguel Petapa,Estudiante,Todos Los Días,Supermercado,Familia,Menos De Q25,ChocoKick Bites; Hot Stadium Peanuts; FutbolMix,Limón,Para Compartir Entre 2 Personas,Q16 - Q20,Sí,Sí,México,Definitivamente sí,Argentina,Rodri; Neymar Jr.; Jude Bellingham,Historias de aficionados,Descuento directo,No,Edición Con Tarjetas Coleccionables,Moderada,Espectador Pasivo,Jóvenes (<25)
581,2026-01-28,12:34:27,18 - 24 Años,Femenino,Guatemala,,Empresario,Todos Los Días,Tienda de barrio,Familia,Q51 - Q100,Gol Nachos Supreme; ChocoKick Bites,Salado Tradicional,Familiar,Q16 - Q20,Sí,Sí,Portugal,Probablemente sí,Francia,Vinícius Júnior,Una selección nacional,Descuento directo,No,Edición Brasil,Premium Alta,Casual,Jóvenes (<25)
582,2026-02-21,21:45:27,35 - 44 Años,Masculino,Suchitepéquez,Suchitepéquez,Profesional Independiente,3 A 5 Veces Por Semana,Aplicación de delivery,Familia,Q25 - Q50,FutbolMix,Jalapeño,Tamaño Fiesta O Reunión,Q21 - Q30,No,Sí,Estados Unidos,Definitivamente sí,México,Kylian Mbappé; Cristiano Ronaldo; Neymar Jr.,Una selección nacional,Sorteo de camisetas,No,Edición Con Jugadores Famosos,Moderada,Espectador Pasivo,Adulto Maduro (35-54)
583,2026-03-10,21:30:57,25 - 34 Años,Masculino,Guatemala,Mixco,Empleado Privado,Rara Vez,Gasolinera,Familia,Q25 - Q50,Caramel Goal Popcorn; Gol Nachos Supreme,Dulce,Para Compartir Entre 2 Personas,Más De Q30,No,Sí,Escocia,Probablemente no,Argentina,Kylian Mbappé; Neymar Jr.,Una selección nacional,2x1,No,Edición Argentina,Moderada,Espectador Pasivo,Adulto Joven (25-34)
584,2026-01-24,12:15:58,55 Años O Más,Masculino,Chimaltenango,Patzún,Empleado Privado,1 A 2 Veces Por Semana,Tienda de barrio,Familia,Menos De Q25,ChocoKick Bites; Hot Stadium Peanuts; Gol Nachos Supreme,Barbacoa,Familiar,Menos De Q10,Sí,Sí,Inglaterra,Definitivamente sí,México,Lionel Messi,Una selección nacional,Descuento directo,Sí,Edición Mundial Fifa 2026,Moderada,Casual,Adulto Mayor (55+)
585,2026-02-05,22:11:01,25 - 34 Años,Masculino,Sacatepéquez,Jocotenango,Profesional Independiente,Varias Veces Al Mes,Gasolinera,Amigos,Q101 - Q150,Gol Nachos Supreme,Queso,Tamaño Fiesta O Reunión,Q16 - Q20,Sí,Sí,Portugal,Definitivamente sí,Argentina,Neymar Jr.,Una selección nacional,Descuento directo,Sí,Edición Mundial Fifa 2026,Moderada,Casual,Adulto Joven (25-34)
586,2026-02-09,11:59:45,45 - 54 Años,Masculino,Jutiapa,Jutiapa,Empleado Privado,1 A 2 Veces Por Semana,Gasolinera,Familia,Q25 - Q50,Fan Chips Jalapeño; CrunchMax BBQ,Queso,Familiar,Q16 - Q20,No,Sí,Portugal,Tal vez,Argentina,Alphonso Davies,Historias de aficionados,Descuento directo,No,Edición Con Jugadores Famosos,Moderada,Espectador Pasivo,Adulto Maduro (35-54)
587,2026-02-11,21:29:01,35 - 44 Años,Femenino,Zacapa,Cabecera municipal,Comerciante,1 A 2 Veces Por Semana,Tienda de barrio,Familia,Q51 - Q100,Mundialitos Queso Picante; CrunchMax BBQ,Picante Chapín,Para Compartir Entre 2 Personas,Q16 - Q20,No,Sí,Inglaterra,Definitivamente sí,Inglaterra,Cristiano Ronaldo; Lionel Messi,Una selección nacional,2x1,No,Edición Argentina,Moderada,Espectador Pasivo,Adulto Maduro (35-54)
588,2026-02-06,22:21:18,18 - 24 Años,Masculino,Escuintla,Escuintla,Comerciante,1 A 2 Veces Por Semana,Supermercado,Amigos,Q25 - Q50,Caramel Goal Popcorn,Picante Chapín,Individual,Q10 - Q15,Sí,Sí,México,Definitivamente no,Portugal,Lionel Messi,Premios y sorteos,Descuento directo,Sí,Edición España,Moderada,Casual,Jóvenes (<25)
589,2026-04-11,17:53:58,25 - 34 Años,Femenino,Huehuetenango,Huehuetenango,Empleado Privado,Varias Veces Al Mes,Gasolinera,Amigos,Q25 - Q50,Hot Stadium Peanuts,Chocolate,Tamaño Fiesta O Reunión,Q16 - Q20,No,Sí,México,Tal vez,Estados Unidos,Alphonso Davies; Vinícius Júnior,Premios y sorteos,Sorteo de camisetas,No,Edición Mundial Fifa 2026,Moderada,Espectador Pasivo,Adulto Joven (25-34)
590,2026-02-04,10:49:40,18 - 24 Años,Masculino,Quetzaltenango,Coatepeque,Ama De Casa,Varias Veces Al Mes,Gasolinera,Amigos,Más De Q150,CrunchMax BBQ; Caramel Goal Popcorn,Salado Tradicional,Individual,Q21 - Q30,Sí,Sí,Argentina,Definitivamente sí,Brasil,Harry Kane,Historias de aficionados,Sorteo de camisetas,Sí,Edición España,Moderada,Casual,Jóvenes (<25)
591,2026-03-25,14:55:48,25 - 34 Años,Femenino,Guatemala,Santa Catarina Pinula,Jubilado,1 A 2 Veces Por Semana,Kiosco escolar/universitario,Familia,Menos De Q25,Victory Pretzels; ChocoKick Bites,Picante Chapín,Individual,Q21 - Q30,Sí,Sí,Uruguay,Definitivamente sí,Francia,Lamine Yamal,Premios y sorteos,Sorteo de camisetas,Sí,Edición Argentina,Moderada,Casual,Adulto Joven (25-34)
592,2026-03-22,07:59:54,18 - 24 Años,Masculino,Quetzaltenango,Olintepeque,Comerciante,Todos Los Días,Supermercado,Familia,Q51 - Q100,ChocoKick Bites,Queso,Familiar,Q16 - Q20,Sí,No,Argentina,Probablemente no,Brasil,Vinícius Júnior; Lamine Yamal; Harry Kane,Premios y sorteos,Sorteo de viajes,Sí,Edición España,Premium Alta,Espectador Pasivo,Jóvenes (<25)
593,2026-03-27,08:44:45,Menos De 18 Años,Femenino,Guatemala,Mixco,Empleado Privado,Rara Vez,Tienda de barrio,Familia,Q51 - Q100,Gol Nachos Supreme; ChocoKick Bites; Caramel Goal Popcorn,Jalapeño,Para Compartir Entre 2 Personas,Más De Q30,No,Sí,España,Probablemente sí,Portugal,Kylian Mbappé; Cristiano Ronaldo; Lionel Messi,Una selección nacional,2x1,Sí,Edición Inglaterra,Moderada,Fanático Target (Alto),Jóvenes (<25)
594,2026-04-22,19:08:54,35 - 44 Años,Masculino,Guatemala,Mixco,Empresario,Todos Los Días,Supermercado,Compañeros de trabajo,Q51 - Q100,FutbolMix; ChocoKick Bites,Barbacoa,Familiar,Q16 - Q20,Sí,Sí,México,Tal vez,Brasil,Cristiano Ronaldo,Una selección nacional,Tarjetas coleccionables,Sí,Edición Brasil,Premium Alta,Casual,Adulto Maduro (35-54)
595,2026-01-25,19:27:05,45 - 54 Años,Femenino,Guatemala,San Miguel Petapa,,1 A 2 Veces Por Semana,Tienda de barrio,Familia,Q25 - Q50,Caramel Goal Popcorn; ChocoKick Bites; Hot Stadium Peanuts,Jalapeño,Familiar,Q16 - Q20,Sí,Sí,Inglaterra,Definitivamente sí,Argentina,Neymar Jr.; Lionel Messi; Julián Álvarez,Humor,2x1,Sí,Edición Brasil,Moderada,Casual,Adulto Maduro (35-54)
596,2026-01-30,09:32:19,25 - 34 Años,Masculino,Quetzaltenango,Coatepeque,Estudiante,3 A 5 Veces Por Semana,Aplicación de delivery,Amigos,Menos De Q25,Fan Chips Jalapeño; Mundialitos Queso Picante; FutbolMix,Queso,Para Compartir Entre 2 Personas,Q10 - Q15,Sí,Sí,Colombia,Probablemente no,Brasil,Lionel Messi,Un jugador famoso,Tarjetas coleccionables,Sí,Edición España,Moderada,Casual,Adulto Joven (25-34)
597,2026-01-24,10:03:36,Menos De 18 Años,Femenino,Chimaltenango,Chimaltenango,Comerciante,3 A 5 Veces Por Semana,Gasolinera,Compañeros de trabajo,Q51 - Q100,FutbolMix,Picante Chapín,Para Compartir Entre 2 Personas,Q10 - Q15,Sí,No,Estados Unidos,Tal vez,México,Cristiano Ronaldo; Vinícius Júnior; Kylian Mbappé,Una selección nacional,Descuento directo,Sí,Edición Con Tarjetas Coleccionables,Premium Alta,Espectador Pasivo,Jóvenes (<25)
598,2026-01-18,15:11:43,Menos De 18 Años,Masculino,Sacatepéquez,Antigua Guatemala,Empleado Privado,3 A 5 Veces Por Semana,Tienda de barrio,Familia,Q25 - Q50,FutbolMix; Mundialitos Queso Picante,Jalapeño,Familiar,Q16 - Q20,No,Sí,Argentina,Probablemente sí,Francia,Neymar Jr.; Cristiano Ronaldo; Jude Bellingham,Humor,2x1,Sí,Edición España,Moderada,Fanático Target (Alto),Jóvenes (<25)
599,2026-02-16,10:35:22,25 - 34 Años,Femenino,Guatemala,Villa Nueva,Empleado Privado,3 A 5 Veces Por Semana,Tienda de barrio,Amigos,Q25 - Q50,Gol Nachos Supreme; Mundialitos Queso Picante; Energy Crunch Protein,Salado Tradicional,Individual,Q10 - Q15,No,Sí,Portugal,Definitivamente no,Colombia,Vinícius Júnior; Jude Bellingham,Un jugador famoso,2x1,No,Edición Argentina,Moderada,Espectador Pasivo,Adulto Joven (25-34)
600,2026-02-15,15:39:28,45 - 54 Años,Femenino,Guatemala,Santa Catarina Pinula,Ama De Casa,1 A 2 Veces Por Semana,Gasolinera,Solo,Más De Q150,Fan Chips Jalapeño; Gol Nachos Supreme; Caramel Goal Popcorn,Picante Chapín,Tamaño Fiesta O Reunión,Q21 - Q30,Sí,Sí,Francia,Probablemente sí,,Jude Bellingham; Neymar Jr.,Humor,Sorteo de viajes,Sí,Edición Con Jugadores Famosos,Moderada,Fanático Target (Alto),Adulto Maduro (35-54)
601,2026-02-27,09:25:22,18 - 24 Años,Masculino,Suchitepéquez,Otro municipio,Comerciante,3 A 5 Veces Por Semana,Aplicación de delivery,Familia,Q51 - Q100,Victory Pretzels,Picante Chapín,Familiar,Q16 - Q20,Sí,Sí,Inglaterra,Probablemente sí,Brasil,Harry Kane; Cristiano Ronaldo; Lionel Messi,Humor,2x1,Sí,Edición Francia,Premium Alta,Fanático Target (Alto),Jóvenes (<25)
602,2026-03-26,10:04:16,45 - 54 Años,Masculino,Chimaltenango,Tecpán Guatemala,Empleado Privado,1 A 2 Veces Por Semana,Gasolinera,Solo,Q25 - Q50,Energy Crunch Protein,Jalapeño,Familiar,Q21 - Q30,No,Sí,Argentina,Definitivamente sí,Brasil,Cristiano Ronaldo; Neymar Jr.; Lionel Messi,Premios y sorteos,Tarjetas coleccionables,Sí,Edición Mundial Fifa 2026,Moderada,Casual,Adulto Maduro (35-54)
603,2026-03-07,14:53:55,35 - 44 Años,Femenino,Guatemala,San Miguel Petapa,Empresario,Varias Veces Al Mes,Tienda de barrio,Familia,Menos De Q25,Caramel Goal Popcorn,Barbacoa,Familiar,Q16 - Q20,Sí,Sí,Portugal,Probablemente sí,Alemania,Lionel Messi; Jude Bellingham; Kylian Mbappé,Un jugador famoso,Descuento directo,No,Edición Con Jugadores Famosos,Moderada,Casual,Adulto Maduro (35-54)
604,2026-02-20,22:36:49,Menos De 18 Años,Femenino,Chimaltenango,Patzún,Estudiante,3 A 5 Veces Por Semana,Aplicación de delivery,Familia,Q51 - Q100,FutbolMix; Fan Chips Jalapeño; CrunchMax BBQ,Queso,Familiar,Q16 - Q20,Sí,Sí,Portugal,Probablemente sí,España,Vinícius Júnior,Una selección nacional,Descuento directo,Sí,Edición Con Tarjetas Coleccionables,Premium Alta,Fanático Target (Alto),Jóvenes (<25)
605,2026-03-01,11:23:35,25 - 34 Años,Femenino,Chimaltenango,Tecpán Guatemala,Estudiante,3 A 5 Veces Por Semana,Supermercado,Familia,Menos De Q25,CrunchMax BBQ; Caramel Goal Popcorn; FutbolMix,Barbacoa,Individual,Q16 - Q20,Sí,Sí,España,Definitivamente sí,Argentina,Neymar Jr.,Premios y sorteos,Producto gratis,No,Edición Brasil,Moderada,Espectador Pasivo,Adulto Joven (25-34)
606,2026-03-02,22:21:48,25 - 34 Años,Femenino,Quetzaltenango,Coatepeque,Empleado Privado,3 A 5 Veces Por Semana,Supermercado,Compañeros de trabajo,Q51 - Q100,Hot Stadium Peanuts; FutbolMix,Jalapeño,Tamaño Fiesta O Reunión,Q16 - Q20,Sí,Sí,Portugal,Probablemente sí,Francia,Jude Bellingham,Una selección nacional,Sorteo de balones,Sí,Edición Mundial Fifa 2026,Premium Alta,Fanático Target (Alto),Adulto Joven (25-34)
607,2026-03-08,08:30:20,Menos De 18 Años,Masculino,Huehuetenango,Huehuetenango,Empleado Privado,1 A 2 Veces Por Semana,Tienda de barrio,Familia,Q51 - Q100,Fan Chips Jalapeño; Mundialitos Queso Picante,Queso,Para Compartir Entre 2 Personas,Q16 - Q20,Sí,Sí,Estados Unidos,Tal vez,Brasil,Christian Pulisic; Lionel Messi; Harry Kane,Un jugador famoso,Descuento directo,Sí,Edición Francia,Premium Alta,Casual,Jóvenes (<25)
608,2026-05-05,11:33:44,25 - 34 Años,Masculino,Guatemala,Mixco,Ama De Casa,Todos Los Días,Gasolinera,Familia,Q25 - Q50,CrunchMax BBQ; Mundialitos Queso Picante; Fan Chips Jalapeño,Caramelo,Familiar,Q10 - Q15,Sí,No,Brasil,Probablemente sí,Argentina,Christian Pulisic,Una selección nacional,Descuento directo,Sí,Edición Inglaterra,Moderada,Espectador Pasivo,Adulto Joven (25-34)
609,2026-01-22,17:55:43,18 - 24 Años,Femenino,Quetzaltenango,Olintepeque,Empleado Privado,1 A 2 Veces Por Semana,Tienda de barrio,Amigos,Q51 - Q100,Caramel Goal Popcorn,Barbacoa,Tamaño Fiesta O Reunión,Q21 - Q30,No,Sí,Argentina,Probablemente no,México,Lionel Messi; Julián Álvarez; Neymar Jr.,Una selección nacional,Sorteo de camisetas,Sí,Edición Con Jugadores Famosos,Moderada,Casual,Jóvenes (<25)
1416,2026-04-28,12:47:56,45 - 54 Años,Masculino,Huehuetenango,Otro municipio,Empleado Privado,3 A 5 Veces Por Semana,Supermercado,Compañeros de trabajo,Q25 - Q50,FutbolMix; Mundialitos Queso Picante; Victory Pretzels,Dulce,Tamaño Fiesta O Reunión,Q21 - Q30,Sí,Sí,México,Definitivamente sí,Argentina,Federico Valverde,Un jugador famoso,Producto gratis,No,Edición Con Tarjetas Coleccionables,Moderada,Espectador Pasivo,Adulto Maduro (35-54)
611,2026-04-17,07:45:49,45 - 54 Años,Femenino,Jalapa,Otro municipio,Profesional Independiente,Varias Veces Al Mes,Gasolinera,Familia,Q51 - Q100,Fan Chips Jalapeño,Chocolate,Familiar,Q16 - Q20,No,Sí,Arabia Saudita,Tal vez,Argentina,Cristiano Ronaldo,Una selección nacional,Descuento directo,Sí,Edición Brasil,Moderada,Casual,Adulto Maduro (35-54)
612,2026-03-15,09:13:15,35 - 44 Años,Femenino,Guatemala,Villa Nueva,Profesional Independiente,1 A 2 Veces Por Semana,Aplicación de delivery,Familia,Q51 - Q100,Hot Stadium Peanuts,Limón,Tamaño Fiesta O Reunión,Q16 - Q20,No,Sí,Brasil,Definitivamente sí,México,Cristiano Ronaldo,Un jugador famoso,Sorteo de camisetas,Sí,Edición Brasil,Moderada,Casual,Adulto Maduro (35-54)
613,2026-03-12,13:32:07,25 - 34 Años,Masculino,Escuintla,Palín,Comerciante,1 A 2 Veces Por Semana,Tienda de barrio,Amigos,Q51 - Q100,Energy Crunch Protein; Gol Nachos Supreme; Hot Stadium Peanuts,Chocolate,Individual,Q21 - Q30,No,No,Estados Unidos,Tal vez,Brasil,Vinícius Júnior; Cristiano Ronaldo; Lionel Messi,Premios y sorteos,Descuento directo,No,Edición Con Jugadores Famosos,Moderada,Espectador Pasivo,Adulto Joven (25-34)
614,2026-01-14,07:26:44,45 - 54 Años,Femenino,Guatemala, SANTA CATARINA PINULA ,Ama De Casa,1 A 2 Veces Por Semana,Supermercado,Familia,Q25 - Q50,ChocoKick Bites; Caramel Goal Popcorn; CrunchMax BBQ,Jalapeño,Familiar,Q21 - Q30,Sí,Sí,Brasil,Definitivamente sí,México,Cristiano Ronaldo,Una selección nacional,Sorteo de viajes,Sí,Edición Inglaterra,Moderada,Casual,Adulto Maduro (35-54)
615,2026-04-24,22:49:38,18 - 24 Años,Masculino,Guatemala,Villa Nueva,Jubilado,1 A 2 Veces Por Semana,Kiosco escolar/universitario,Familia,Q25 - Q50,CrunchMax BBQ; Victory Pretzels,Salado Tradicional,Familiar,Q10 - Q15,Sí,Sí,Brasil,Tal vez,Argentina,Lionel Messi; Vinícius Júnior,Una selección nacional,Descuento directo,No,Edición Inglaterra,Moderada,Espectador Pasivo,Jóvenes (<25)
1472,2026-04-15,16:49:55,45 - 54 Años,Femenino,Chimaltenango,Chimaltenango,Empleado Público,Todos Los Días,Supermercado,Familia,Menos De Q25,Mundialitos Queso Picante; Caramel Goal Popcorn,Picante Chapín,Individual,Q10 - Q15,Sí,Sí,Francia,Probablemente sí,Portugal,Neymar Jr.; Cristiano Ronaldo,Una selección nacional,Producto gratis,No,Edición Con Jugadores Famosos,Moderada,Casual,Adulto Maduro (35-54)
617,2026-05-06,11:53:11,35 - 44 Años,Femenino,Jutiapa,Otro municipio,Empleado Privado,1 A 2 Veces Por Semana,Tienda de barrio,Familia,Q51 - Q100,Mundialitos Queso Picante; CrunchMax BBQ,Limón,Para Compartir Entre 2 Personas,Q16 - Q20,Sí,Sí, BRASIL ,Tal vez,México,Neymar Jr.,Premios y sorteos,Sorteo de viajes,Sí,Edición Inglaterra,Premium Alta,Casual,Adulto Maduro (35-54)
618,2026-02-28,16:39:19,18 - 24 Años,Femenino,Sololá,Sololá,Empleado Privado,Varias Veces Al Mes,Gasolinera,Amigos,Menos De Q25,CrunchMax BBQ; Fan Chips Jalapeño; Mundialitos Queso Picante,Limón,Tamaño Fiesta O Reunión,Q16 - Q20,No,Sí, PORTUGAL ,Definitivamente sí,Brasil,Kylian Mbappé,Historias de aficionados,Descuento directo,No,Edición España,Sensible Al Precio,Espectador Pasivo,Jóvenes (<25)
619,2026-02-06,16:59:44,35 - 44 Años,Masculino,Sacatepéquez,Jocotenango,Empleado Privado,1 A 2 Veces Por Semana,Gasolinera,Amigos,Q25 - Q50,Fan Chips Jalapeño; CrunchMax BBQ,Dulce,Familiar,Q10 - Q15,No,No,España,Definitivamente sí,Argentina,Neymar Jr.; Lionel Messi; Vinícius Júnior,Un jugador famoso,Producto gratis,No,Edición Con Tarjetas Coleccionables,Moderada,Espectador Pasivo,Adulto Maduro (35-54)
620,2026-03-30,11:01:38,25 - 34 Años,Masculino,San Marcos,Cabecera municipal,Jubilado,Rara Vez,Tienda de barrio,Amigos,Q51 - Q100,Hot Stadium Peanuts,Chocolate,Familiar,Q10 - Q15,Sí,Sí,Argentina,Definitivamente sí,Argentina,Alphonso Davies; Kylian Mbappé; Vinícius Júnior,Historias de aficionados,Sorteo de camisetas,No,Edición Francia,Premium Alta,Espectador Pasivo,Adulto Joven (25-34)
621,2026-02-15,20:45:06,Menos De 18 Años,Femenino,Escuintla,Escuintla,Estudiante,1 A 2 Veces Por Semana,Gasolinera,Compañeros de trabajo,Q25 - Q50,Mundialitos Queso Picante,Picante Chapín,Para Compartir Entre 2 Personas,Más De Q30,Sí,Sí,Arabia Saudita,Definitivamente no,Alemania,Jude Bellingham; Julián Álvarez; Kylian Mbappé,Una selección nacional,Descuento directo,No,Edición Con Tarjetas Coleccionables,Moderada,Espectador Pasivo,Jóvenes (<25)
622,2026-03-17,09:20:00,35 - 44 Años,Femenino,Guatemala,Villa Nueva,Empleado Privado,3 A 5 Veces Por Semana,Tienda de barrio,Compañeros de trabajo,Q51 - Q100,FutbolMix,Dulce,Familiar,Q16 - Q20,Sí,No,Brasil,Definitivamente sí,España,Neymar Jr.,Historias de aficionados,2x1,No,Edición Francia,Premium Alta,Espectador Pasivo,Adulto Maduro (35-54)
623,2026-01-12,20:29:24,18 - 24 Años,Masculino,Guatemala,Villa Nueva,Empleado Privado,Varias Veces Al Mes,Tienda de barrio,Familia,Menos De Q25,Energy Crunch Protein; CrunchMax BBQ; Fan Chips Jalapeño,Queso,Familiar,Q16 - Q20,Sí,Sí,Brasil,Tal vez,Portugal,Federico Valverde; Lionel Messi; Rodri,Un jugador famoso,Descuento directo,Sí,Edición España,Moderada,Casual,Jóvenes (<25)
624,2026-04-12,20:28:17,Menos De 18 Años,Masculino,Petén,Poptún,Estudiante,Varias Veces Al Mes,Tienda de barrio,Familia,Q51 - Q100,Gol Nachos Supreme; Caramel Goal Popcorn,Queso,Tamaño Fiesta O Reunión,Q21 - Q30,No,Sí,Inglaterra,Definitivamente sí,Estados Unidos,Jude Bellingham; Vinícius Júnior,Una selección nacional,Sorteo de viajes,Sí,Edición Con Jugadores Famosos,Moderada,Casual,Jóvenes (<25)
625,2026-01-11,18:53:52,18 - 24 Años,Femenino,Izabal,Otro municipio,Estudiante,Todos Los Días,Tienda de barrio,Amigos,Q25 - Q50,Gol Nachos Supreme; Mundialitos Queso Picante; FutbolMix,Salado Tradicional,Familiar,Q10 - Q15,Sí,Sí,Portugal,Probablemente sí,Inglaterra,Ninguno; Christian Pulisic; Jude Bellingham,Humor,Producto gratis,Sí,Edición Con Jugadores Famosos,Moderada,Fanático Target (Alto),Jóvenes (<25)
626,2026-04-27,22:25:04,18 - 24 Años,Masculino,Guatemala,Mixco,Empleado Privado,3 A 5 Veces Por Semana,Gasolinera,Compañeros de trabajo,Q25 - Q50,Gol Nachos Supreme; Victory Pretzels; Caramel Goal Popcorn,Jalapeño,Tamaño Fiesta O Reunión,Q16 - Q20,Sí,Sí,Francia,Probablemente sí,Portugal,Cristiano Ronaldo; Julián Álvarez,Una selección nacional,2x1,Sí,Edición Con Tarjetas Coleccionables,Moderada,Fanático Target (Alto),Jóvenes (<25)
627,2026-03-05,20:18:25,25 - 34 Años,Masculino,Guatemala,Mixco,Estudiante,3 A 5 Veces Por Semana,Tienda de barrio,Amigos,Q51 - Q100,Fan Chips Jalapeño,Picante Chapín,Individual,Q10 - Q15,No,Sí,Estados Unidos,Tal vez,Uruguay,Lionel Messi; Neymar Jr.,Historias de aficionados,Sorteo de viajes,No,Edición Inglaterra,Moderada,Espectador Pasivo,Adulto Joven (25-34)
628,2026-05-08,08:23:38,25 - 34 Años,Masculino,Guatemala,Mixco,Empleado Privado,3 A 5 Veces Por Semana,Tienda de barrio,Familia,Menos De Q25,Mundialitos Queso Picante,Picante Chapín,Tamaño Fiesta O Reunión,Q10 - Q15,No,Sí,Brasil,Tal vez,España,Christian Pulisic; Federico Valverde,Un jugador famoso,Descuento directo,Sí,Edición Mundial Fifa 2026,Sensible Al Precio,Casual,Adulto Joven (25-34)
629,2026-02-02,12:03:03,18 - 24 Años,Masculino,Izabal,Cabecera municipal,Empleado Privado,Todos Los Días,Tienda de barrio,Familia,Q51 - Q100,Caramel Goal Popcorn,Queso,Para Compartir Entre 2 Personas,Q21 - Q30,No,No,Argentina,Probablemente sí,Argentina,Lamine Yamal; Harry Kane,Una selección nacional,Tarjetas coleccionables,Sí,Edición Mundial Fifa 2026,Moderada,Espectador Pasivo,Jóvenes (<25)
630,2026-04-24,18:20:03,55 Años O Más,Masculino,Baja Verapaz,Baja Verapaz,Comerciante,Rara Vez,Supermercado,Amigos,Q51 - Q100,FutbolMix; CrunchMax BBQ; Energy Crunch Protein,Jalapeño,Para Compartir Entre 2 Personas,Q10 - Q15,No,Sí,Colombia,Probablemente no,Brasil,Christian Pulisic; Neymar Jr.; Alphonso Davies,Un jugador famoso,Descuento directo,Sí,Edición Con Jugadores Famosos,Moderada,Casual,Adulto Mayor (55+)
631,2026-02-05,10:34:02,18 - 24 Años,Masculino,Guatemala,Guatemala,Profesional Independiente,Rara Vez,Gasolinera,Solo,Q25 - Q50,Energy Crunch Protein; ChocoKick Bites; Gol Nachos Supreme,Queso,Para Compartir Entre 2 Personas,Q10 - Q15,No,Sí,México,Definitivamente sí,Francia,Rodri; Alphonso Davies; Julián Álvarez,Un jugador famoso,Sorteo de camisetas,Sí,Edición Con Jugadores Famosos,Moderada,Casual,Jóvenes (<25)
632,2026-04-10,10:09:37,25 - 34 Años,Femenino,Guatemala,Mixco,Empleado Privado,Todos Los Días,Aplicación de delivery,Compañeros de trabajo,Q25 - Q50,ChocoKick Bites,Salado Tradicional,Familiar,Q16 - Q20,Sí,No,México,Probablemente no,Argentina,Christian Pulisic; Ninguno,Historias de aficionados,Producto gratis,Sí,Edición Con Jugadores Famosos,Moderada,Espectador Pasivo,Adulto Joven (25-34)
633,2026-04-11,18:02:16,45 - 54 Años,Masculino,Sacatepéquez,Jocotenango,Ama De Casa,Todos Los Días,Aplicación de delivery,Familia,Menos De Q25,CrunchMax BBQ,Picante Chapín,Familiar,Más De Q30,No,Sí,Brasil,Probablemente no,Uruguay,Lionel Messi,Un jugador famoso,Tarjetas coleccionables,Sí,Edición Argentina,Sensible Al Precio,Casual,Adulto Maduro (35-54)
634,2026-02-23,16:27:04,35 - 44 Años,Masculino,Chimaltenango,Chimaltenango,Empleado Privado,3 A 5 Veces Por Semana,Kiosco escolar/universitario,Amigos,Q25 - Q50,Mundialitos Queso Picante; Hot Stadium Peanuts; Fan Chips Jalapeño,Limón,Familiar,Q10 - Q15,No,Sí,Argelia,Probablemente sí, MÉXICO ,Lamine Yamal; Ninguno,Una selección nacional,Descuento directo,No,Edición Mundial Fifa 2026,Moderada,Casual,Adulto Maduro (35-54)
635,2026-04-27,20:03:20,35 - 44 Años,Masculino,Guatemala,Villa Nueva,Empleado Público,Varias Veces Al Mes,Kiosco escolar/universitario,Amigos,Q51 - Q100,Mundialitos Queso Picante; Caramel Goal Popcorn; Hot Stadium Peanuts,Dulce,Individual,Q16 - Q20,Sí,Sí,España,Probablemente sí,Argentina,Lionel Messi,Un jugador famoso,Descuento directo,Sí,Edición Mundial Fifa 2026,Premium Alta,Fanático Target (Alto),Adulto Maduro (35-54)
636,2026-02-01,18:14:00,55 Años O Más,Masculino,Jutiapa,Jutiapa,Estudiante,Todos Los Días,Tienda de barrio,Familia,Q25 - Q50,CrunchMax BBQ,Caramelo,Para Compartir Entre 2 Personas,Q10 - Q15,Sí,Sí,España,Probablemente no,Argentina,Lionel Messi,Una selección nacional,2x1,Sí,Edición Brasil,Moderada,Casual,Adulto Mayor (55+)
637,2026-04-13,10:04:16,18 - 24 Años,Femenino,Escuintla,Santa Lucía Cotzumalguapa,Empleado Privado,Todos Los Días,Tienda de barrio,Familia,Q51 - Q100,Gol Nachos Supreme; Mundialitos Queso Picante; FutbolMix,Chocolate,Tamaño Fiesta O Reunión,Q16 - Q20,Sí,Sí,Brasil,Definitivamente no,Francia,Federico Valverde,Un jugador famoso,Sorteo de balones,Sí,Edición Con Tarjetas Coleccionables,Premium Alta,Casual,Jóvenes (<25)
638,2026-03-02,11:12:39,18 - 24 Años,Masculino,Sacatepéquez,Antigua Guatemala,Empleado Privado,3 A 5 Veces Por Semana,Tienda de barrio,Familia,Q101 - Q150,CrunchMax BBQ; Gol Nachos Supreme,Picante Chapín,Familiar,Q16 - Q20,Sí,Sí,Portugal,Definitivamente no,Portugal,Cristiano Ronaldo; Neymar Jr.; Kylian Mbappé,Una selección nacional,Producto gratis,Sí,Edición Mundial Fifa 2026,Moderada,Casual,Jóvenes (<25)
639,2026-01-24,07:35:19,25 - 34 Años,Femenino,Guatemala,Villa Nueva,Estudiante,3 A 5 Veces Por Semana,Aplicación de delivery,Familia,Q101 - Q150,CrunchMax BBQ; Victory Pretzels; Caramel Goal Popcorn,Barbacoa,Familiar,Q10 - Q15,Sí,Sí,Brasil,Tal vez,México,Lionel Messi; Cristiano Ronaldo,Un jugador famoso,Tarjetas coleccionables,No,Edición Con Tarjetas Coleccionables,Moderada,Espectador Pasivo,Adulto Joven (25-34)
640,2026-05-09,08:31:02,45 - 54 Años,Femenino,El Progreso,Otro municipio,Estudiante,Varias Veces Al Mes,Aplicación de delivery,Familia,Q101 - Q150,Mundialitos Queso Picante,Chocolate,Para Compartir Entre 2 Personas,Q16 - Q20,No,Sí,Curaçao,Probablemente no,Brasil,Kylian Mbappé; Vinícius Júnior,Un jugador famoso,2x1,No,Edición Argentina,Sensible Al Precio,Espectador Pasivo,Adulto Maduro (35-54)
641,2026-04-04,16:35:46,18 - 24 Años,Masculino,Jutiapa,Cabecera municipal,Estudiante,Varias Veces Al Mes,Tienda de barrio,Amigos,Q25 - Q50,Fan Chips Jalapeño; Gol Nachos Supreme; Mundialitos Queso Picante,Queso,Para Compartir Entre 2 Personas,Q16 - Q20,Sí,Sí,Brasil,Definitivamente sí,Inglaterra,Vinícius Júnior; Cristiano Ronaldo; Julián Álvarez,Premios y sorteos,Descuento directo,Sí,Edición Con Jugadores Famosos,Moderada,Casual,Jóvenes (<25)
642,2026-04-01,17:00:38,Menos De 18 Años,Femenino,San Marcos,San Marcos,Empleado Público,Varias Veces Al Mes,Tienda de barrio,Amigos,Q51 - Q100,Energy Crunch Protein; Hot Stadium Peanuts,Limón,Familiar,Menos De Q10,No,Sí,Francia,Probablemente no,Senegal,Lamine Yamal; Neymar Jr.,Un jugador famoso,Sorteo de viajes,Sí,Edición Argentina,Moderada,Casual,Jóvenes (<25)
643,2026-04-22,20:14:17,55 Años O Más,Femenino,Baja Verapaz,Cabecera municipal,Ama De Casa,1 A 2 Veces Por Semana,Tienda de barrio,Familia,Q25 - Q50,Caramel Goal Popcorn,Limón,Tamaño Fiesta O Reunión,Q10 - Q15,No,No,Portugal,Definitivamente sí,Inglaterra,Lionel Messi; Cristiano Ronaldo,Premios y sorteos,Sorteo de camisetas,Sí,Edición Brasil,Moderada,Espectador Pasivo,Adulto Mayor (55+)
644,2026-01-15,07:53:27,25 - 34 Años,Masculino,Guatemala,Mixco,Empleado Privado,1 A 2 Veces Por Semana,Supermercado,Familia,Q51 - Q100,Fan Chips Jalapeño; ChocoKick Bites,Barbacoa,Individual,Menos De Q10,Sí,Sí,Francia,Probablemente sí,Brasil,Cristiano Ronaldo,Historias de aficionados,2x1,Sí,Edición Argentina,Premium Alta,Fanático Target (Alto),Adulto Joven (25-34)
645,2026-04-12,16:14:43,18 - 24 Años,Masculino,Quetzaltenango,Olintepeque,Otro,Varias Veces Al Mes,Supermercado,Familia,Q51 - Q100,FutbolMix,Limón,Individual,Q16 - Q20,Sí,Sí,Francia,Definitivamente sí,Panamá,Lamine Yamal,Un jugador famoso,Tarjetas coleccionables,Sí,Edición Con Jugadores Famosos,Premium Alta,Casual,Jóvenes (<25)
646,2026-03-25,13:30:28,18 - 24 Años,Femenino,Quetzaltenango,Coatepeque,Estudiante,Varias Veces Al Mes,Supermercado,Familia,Menos De Q25,Hot Stadium Peanuts; Caramel Goal Popcorn,Picante Chapín,Familiar,Q10 - Q15,Sí,Sí,España,Definitivamente no,Portugal,Lionel Messi,Humor,Descuento directo,Sí,Edición España,Moderada,Casual,Jóvenes (<25)
647,2026-02-10,22:35:56,25 - 34 Años,Femenino,Escuintla,Escuintla,Comerciante,3 A 5 Veces Por Semana,Gasolinera,Familia,Q101 - Q150,Fan Chips Jalapeño; FutbolMix,Picante Chapín,Tamaño Fiesta O Reunión,Q16 - Q20,Sí,Sí,Portugal,Definitivamente sí,Portugal,Christian Pulisic,Un jugador famoso,Sorteo de balones,Sí,Edición Con Tarjetas Coleccionables,Moderada,Casual,Adulto Joven (25-34)
648,2026-04-15,13:49:57,Menos De 18 Años,Femenino,Guatemala,Santa Catarina Pinula,Empleado Privado,Todos Los Días,Gasolinera,Amigos,Q51 - Q100,Caramel Goal Popcorn,Barbacoa,Tamaño Fiesta O Reunión,Q16 - Q20,No,Sí,Alemania,Definitivamente no,España,Kylian Mbappé; Vinícius Júnior,Historias de aficionados,Tarjetas coleccionables,No,Edición Francia,Moderada,Espectador Pasivo,Jóvenes (<25)
649,2026-04-12,11:38:29,55 Años O Más,Femenino,Guatemala,Villa Nueva,Estudiante,Rara Vez,Supermercado,Familia,Q51 - Q100,Gol Nachos Supreme; CrunchMax BBQ; Mundialitos Queso Picante,Picante Chapín,Tamaño Fiesta O Reunión,Q16 - Q20,Sí,Sí,Alemania,Tal vez,Brasil,Lionel Messi; Alphonso Davies,Historias de aficionados,2x1,Sí,Edición Brasil,Premium Alta,Casual,Adulto Mayor (55+)
650,2026-03-20,11:03:16,18 - 24 Años,Masculino,Suchitepéquez,Otro municipio,Comerciante,1 A 2 Veces Por Semana,Supermercado,Otro,Más De Q150,Mundialitos Queso Picante,Chocolate,Familiar,Q21 - Q30,No,Sí,Portugal,Tal vez,México,Lionel Messi; Kylian Mbappé; Jude Bellingham,Un jugador famoso,2x1,Sí,Edición Con Jugadores Famosos,Sensible Al Precio,Casual,Jóvenes (<25)
651,2026-01-30,17:41:50,25 - 34 Años,Femenino,Guatemala,Villa Nueva,Ama De Casa,3 A 5 Veces Por Semana,Tienda de barrio,Amigos,Q101 - Q150,FutbolMix,Barbacoa,Tamaño Fiesta O Reunión,Q16 - Q20,No,Sí,Argentina,Tal vez,México,Kylian Mbappé; Cristiano Ronaldo,Un jugador famoso,Sorteo de camisetas,Sí,Edición Argentina,Sensible Al Precio,Casual,Adulto Joven (25-34)
652,2026-01-25,13:00:51,35 - 44 Años,Femenino,Chimaltenango,Tecpán Guatemala,Empresario,Rara Vez,Gasolinera,Solo,Q25 - Q50,FutbolMix; ChocoKick Bites; Gol Nachos Supreme,Picante Chapín,Familiar,Q10 - Q15,Sí,No,Ghana,Definitivamente no,Argentina,Ninguno; Federico Valverde; Neymar Jr.,Un jugador famoso,Descuento directo,No,Edición Con Tarjetas Coleccionables,Moderada,Espectador Pasivo,Adulto Maduro (35-54)
653,2026-01-29,09:46:17,55 Años O Más,Femenino,Alta Verapaz,Otro municipio,Comerciante,Todos Los Días,Tienda de barrio,Amigos,Q101 - Q150,Fan Chips Jalapeño,Limón,Individual,Q10 - Q15,Sí,Sí,Brasil,Tal vez,México,Harry Kane; Federico Valverde; Kylian Mbappé,Una selección nacional,2x1,Sí,Edición Brasil,Moderada,Casual,Adulto Mayor (55+)
654,2026-04-30,11:44:54,35 - 44 Años,Masculino,Chimaltenango,Tecpán Guatemala,Profesional Independiente,1 A 2 Veces Por Semana,Supermercado,Amigos,Q51 - Q100,ChocoKick Bites; Gol Nachos Supreme,Barbacoa,Para Compartir Entre 2 Personas,Q16 - Q20,No,No,España,Definitivamente sí,Argentina,Harry Kane; Cristiano Ronaldo,Un jugador famoso,Tarjetas coleccionables,Sí,Edición España,Moderada,Espectador Pasivo,Adulto Maduro (35-54)
655,2026-04-14,12:56:32,45 - 54 Años,Femenino,Guatemala,,Comerciante,1 A 2 Veces Por Semana,Supermercado,Familia,Menos De Q25,Hot Stadium Peanuts; ChocoKick Bites,Jalapeño,Familiar,Q10 - Q15,No,Sí,Inglaterra,Definitivamente sí,Corea del Sur,Julián Álvarez; Neymar Jr.,Una selección nacional,Tarjetas coleccionables,Sí,Edición Argentina,Sensible Al Precio,Casual,Adulto Maduro (35-54)
656,2026-04-13,21:14:26,Menos De 18 Años,Masculino,Xela,Olintepeque,Estudiante,Todos Los Días,Supermercado,Familia,Q51 - Q100,CrunchMax BBQ; Hot Stadium Peanuts; ChocoKick Bites,Chocolate,Individual,Q16 - Q20,Sí,Sí,México,Probablemente sí,Portugal,Lionel Messi,Una selección nacional,Sorteo de camisetas,Sí,Edición Argentina,Premium Alta,Fanático Target (Alto),Jóvenes (<25)
657,2026-03-21,20:19:15,25 - 34 Años,Masculino,Guatemala,Santa Catarina Pinula,Estudiante,1 A 2 Veces Por Semana,Gasolinera,Familia,Q25 - Q50,CrunchMax BBQ; ChocoKick Bites,Picante Chapín,Para Compartir Entre 2 Personas,Q16 - Q20,No,Sí,Uzbekistán,Definitivamente sí,Portugal,Kylian Mbappé; Lionel Messi; Lamine Yamal,Historias de aficionados,2x1,Sí,Edición Con Tarjetas Coleccionables,Moderada,Casual,Adulto Joven (25-34)
658,2026-02-16,19:26:37,45 - 54 Años,Masculino,Chimaltenango,Tecpán Guatemala,Ama De Casa,3 A 5 Veces Por Semana,Aplicación de delivery,Familia,Q51 - Q100,FutbolMix; CrunchMax BBQ; Hot Stadium Peanuts,Barbacoa,Para Compartir Entre 2 Personas,Q16 - Q20,No,Sí,España,Tal vez,Portugal,Lionel Messi,Premios y sorteos,Sorteo de balones,No,Edición Francia,Moderada,Espectador Pasivo,Adulto Maduro (35-54)
659,2026-04-08,14:06:44,25 - 34 Años,Femenino,Quiché,,Comerciante,Todos Los Días,Tienda de barrio,Familia,Menos De Q25,Victory Pretzels,Barbacoa,Tamaño Fiesta O Reunión,Q10 - Q15,Sí,Sí,Portugal,Definitivamente sí,,Kylian Mbappé; Julián Álvarez,Un jugador famoso,Producto gratis,Sí,Edición Mundial Fifa 2026,Moderada,Casual,Adulto Joven (25-34)
660,2026-01-12,18:28:45,35 - 44 Años,Femenino,Guatemala,Guatemala,Estudiante,1 A 2 Veces Por Semana,Supermercado,Familia,Más De Q150,ChocoKick Bites; Gol Nachos Supreme; FutbolMix,Queso,Individual,Más De Q30,No,Sí,Francia,Definitivamente sí,Argentina,Rodri; Cristiano Ronaldo,Humor,Tarjetas coleccionables,No,Edición Con Jugadores Famosos,Sensible Al Precio,Espectador Pasivo,Adulto Maduro (35-54)
661,2026-03-01,14:13:26,45 - 54 Años,Femenino,Zacapa,Cabecera municipal,Empleado Privado,3 A 5 Veces Por Semana,Supermercado,Familia,Q51 - Q100,Caramel Goal Popcorn; Fan Chips Jalapeño,Limón,Familiar,Menos De Q10,Sí,Sí,México,Definitivamente no,Argentina,Kylian Mbappé; Vinícius Júnior; Cristiano Ronaldo,Historias de aficionados,Descuento directo,No,Edición Mundial Fifa 2026,Premium Alta,Espectador Pasivo,Adulto Maduro (35-54)
662,2026-03-04,21:35:11,25 - 34 Años,Masculino,Guatemala,San Miguel Petapa,Estudiante,Rara Vez,Tienda de barrio,Amigos,Más De Q150,Fan Chips Jalapeño; Hot Stadium Peanuts; CrunchMax BBQ,Jalapeño,Familiar,Q21 - Q30,Sí,Sí,Inglaterra,Probablemente no,Inglaterra,Jude Bellingham,Premios y sorteos,Descuento directo,No,Edición Mundial Fifa 2026,Moderada,Espectador Pasivo,Adulto Joven (25-34)
663,2026-02-13,10:58:19,25 - 34 Años,Masculino,Chimaltenango,Chimaltenango,Estudiante,Varias Veces Al Mes,Tienda de barrio,Amigos,Q51 - Q100,Gol Nachos Supreme,Picante Chapín,Para Compartir Entre 2 Personas,Q21 - Q30,Sí,Sí,Uruguay,Definitivamente sí,Uruguay,Neymar Jr.,Un jugador famoso,2x1,No,Edición Con Jugadores Famosos,Premium Alta,Espectador Pasivo,Adulto Joven (25-34)
664,2026-04-27,09:39:42,35 - 44 Años,Masculino,Sacatepéquez,Antigua Guatemala,Jubilado,Varias Veces Al Mes,Supermercado,Amigos,Q25 - Q50,FutbolMix; Mundialitos Queso Picante; Fan Chips Jalapeño,,Familiar,Menos De Q10,Sí,Sí,Colombia,Probablemente sí,Portugal,Alphonso Davies; Neymar Jr.; Julián Álvarez,Premios y sorteos,Tarjetas coleccionables,Sí,Edición Brasil,Moderada,Fanático Target (Alto),Adulto Maduro (35-54)
665,2026-03-28,20:40:00,25 - 34 Años,Masculino,Chimaltenango,Tecpán Guatemala,Empresario,Todos Los Días,Gasolinera,Familia,Q25 - Q50,Gol Nachos Supreme; ChocoKick Bites,Barbacoa,Individual,Q10 - Q15,Sí,Sí,Brasil,Tal vez,Francia,Cristiano Ronaldo; Jude Bellingham,Un jugador famoso,Descuento directo,Sí,Edición Con Jugadores Famosos,Moderada,Casual,Adulto Joven (25-34)
666,2026-03-26,22:53:01,Menos De 18 Años,Femenino,Guatemala,Mixco,Comerciante,Todos Los Días,Supermercado,Solo,Q25 - Q50,FutbolMix; Gol Nachos Supreme,Chocolate,Individual,Q21 - Q30,Sí,Sí,Portugal,Probablemente no,Brasil,Lionel Messi,Premios y sorteos,Sorteo de balones,Sí,Edición Francia,Moderada,Casual,Jóvenes (<25)
667,2026-01-10,13:48:40,35 - 44 Años,Femenino,Chimaltenango, PATZÚN ,Empleado Privado,Todos Los Días,Supermercado,Familia,Q101 - Q150,Hot Stadium Peanuts; Mundialitos Queso Picante; CrunchMax BBQ,Jalapeño,Familiar,Q21 - Q30,Sí,Sí,Curaçao,Definitivamente sí,Portugal,Ninguno,Historias de aficionados,Producto gratis,No,Edición Brasil,Moderada,Espectador Pasivo,Adulto Maduro (35-54)
668,2026-03-27,17:01:02,35 - 44 Años,Masculino,Baja Verapaz,Baja Verapaz,Empleado Privado,3 A 5 Veces Por Semana,Kiosco escolar/universitario,Compañeros de trabajo,Q51 - Q100,ChocoKick Bites,Barbacoa,Para Compartir Entre 2 Personas,Q21 - Q30,Sí,Sí,España,Probablemente sí,España,Federico Valverde; Cristiano Ronaldo,Premios y sorteos,Descuento directo,Sí,Edición Con Tarjetas Coleccionables,Premium Alta,Fanático Target (Alto),Adulto Maduro (35-54)
669,2026-04-11,09:23:49,35 - 44 Años,Prefiero No Indicarlo,Guatemala,San Miguel Petapa,Empresario,1 A 2 Veces Por Semana,Supermercado,Amigos,Q101 - Q150,Energy Crunch Protein; ChocoKick Bites,Barbacoa,Familiar,Q16 - Q20,Sí,Sí,Argentina,Probablemente sí,Brasil,Kylian Mbappé; Julián Álvarez,Una selección nacional,Sorteo de viajes,No,Edición Argentina,Moderada,Casual,Adulto Maduro (35-54)
670,2026-01-23,14:02:40,18 - 24 Años,Masculino,Guatemala,Guatemala,Estudiante,1 A 2 Veces Por Semana,Gasolinera,Otro,Q25 - Q50,FutbolMix; Mundialitos Queso Picante; Victory Pretzels,Caramelo,Individual,Q16 - Q20,Sí,Sí,México,Probablemente sí,Portugal,Lamine Yamal,Una selección nacional,Sorteo de balones,Sí,Edición Con Jugadores Famosos,Moderada,Fanático Target (Alto),Jóvenes (<25)
671,2026-03-10,21:28:05,18 - 24 Años,Masculino,Chimaltenango,Patzún,Empleado Público,Todos Los Días,Gasolinera,Solo,Q51 - Q100,FutbolMix,Queso,Para Compartir Entre 2 Personas,Q21 - Q30,Sí,Sí,Brasil,Tal vez,México,Rodri; Federico Valverde; Neymar Jr.,Premios y sorteos,Descuento directo,Sí,Edición Brasil,Premium Alta,Casual,Jóvenes (<25)
672,2026-03-01,17:47:44,25 - 34 Años,Femenino,Alta Verapaz,Alta Verapaz,Empleado Privado,Todos Los Días,Kiosco escolar/universitario,Amigos,Q51 - Q100,CrunchMax BBQ; Caramel Goal Popcorn; Hot Stadium Peanuts,Dulce,Familiar,Q10 - Q15,No,Sí,Argentina,Definitivamente sí, ARGENTINA ,Rodri; Jude Bellingham,Historias de aficionados,Producto gratis,Sí,Edición Argentina,Moderada,Casual,Adulto Joven (25-34)
673,2026-01-14,14:31:05,35 - 44 Años,Masculino,Guatemala,Santa Catarina Pinula,Empleado Privado,Varias Veces Al Mes,Gasolinera,Compañeros de trabajo,Q25 - Q50,Fan Chips Jalapeño,Barbacoa,Tamaño Fiesta O Reunión,Menos De Q10,Sí,Sí,Francia,Tal vez,Portugal,Neymar Jr.,Un jugador famoso,Producto gratis,Sí,Edición Con Tarjetas Coleccionables,Moderada,Casual,Adulto Maduro (35-54)
674,2026-02-09,18:11:30,25 - 34 Años,Masculino,El Progreso,El Progreso,Otro,1 A 2 Veces Por Semana,Tienda de barrio,Familia,Menos De Q25,Gol Nachos Supreme; Hot Stadium Peanuts,Picante Chapín,Individual,Q10 - Q15,No,No,Alemania,Tal vez,Argentina,Ninguno,Premios y sorteos,Tarjetas coleccionables,No,Edición Inglaterra,Sensible Al Precio,Espectador Pasivo,Adulto Joven (25-34)
675,2026-03-28,22:21:52,25 - 34 Años,Femenino,Escuintla,Palín,Estudiante,3 A 5 Veces Por Semana,Tienda de barrio,Otro,Q101 - Q150,FutbolMix,Limón,Para Compartir Entre 2 Personas,Más De Q30,Sí,Sí,Argentina,Definitivamente sí,Brasil,Lamine Yamal; Lionel Messi; Cristiano Ronaldo,Un jugador famoso,Descuento directo,Sí,Edición Con Jugadores Famosos,Moderada,Casual,Adulto Joven (25-34)
676,2026-04-21,22:31:16,45 - 54 Años,Masculino,Retalhuleu,Retalhuleu,Empleado Privado,3 A 5 Veces Por Semana,Tienda de barrio,Familia,Menos De Q25,Fan Chips Jalapeño; Caramel Goal Popcorn,Barbacoa,Familiar,Q10 - Q15,No,Sí,España,Probablemente sí,Argentina,Lionel Messi; Cristiano Ronaldo,Un jugador famoso,Tarjetas coleccionables,Sí,Edición Argentina,Sensible Al Precio,Fanático Target (Alto),Adulto Maduro (35-54)
677,2026-02-05,08:52:34,55 Años O Más,Femenino,Suchitepéquez,Cabecera municipal,Empleado Privado,Varias Veces Al Mes,Supermercado,Solo,Q25 - Q50,Caramel Goal Popcorn,Barbacoa,Tamaño Fiesta O Reunión,Q10 - Q15,Sí,Sí,Argentina,Tal vez,México,Cristiano Ronaldo; Jude Bellingham,Humor,2x1,Sí,Edición España,Moderada,Casual,Adulto Mayor (55+)
678,2026-01-29,10:48:22,45 - 54 Años,Femenino,Guatemala,Santa Catarina Pinula,Ama De Casa,3 A 5 Veces Por Semana,Supermercado,Familia,Q25 - Q50,Fan Chips Jalapeño; Mundialitos Queso Picante,Queso,Tamaño Fiesta O Reunión,Q16 - Q20,Sí,Sí,Inglaterra,Probablemente no,Argentina,Christian Pulisic,Historias de aficionados,2x1,Sí,Edición Argentina,Moderada,Casual,Adulto Maduro (35-54)
679,2026-04-04,22:43:33,Menos De 18 Años,Masculino,Sacatepéquez,Ciudad Vieja,,1 A 2 Veces Por Semana,Kiosco escolar/universitario,Amigos,Q51 - Q100,CrunchMax BBQ,Queso,Para Compartir Entre 2 Personas,Q10 - Q15,Sí,Sí,Portugal,Definitivamente sí,Colombia,Cristiano Ronaldo; Vinícius Júnior,Premios y sorteos,2x1,Sí,Edición Argentina,Premium Alta,Casual,Jóvenes (<25)
680,2026-02-28,11:25:37,55 Años O Más,Masculino,Escuintla,Palín,Ama De Casa,3 A 5 Veces Por Semana,Tienda de barrio,Familia,Q25 - Q50,ChocoKick Bites,Barbacoa,Individual,Q21 - Q30,No,Sí,Francia,Probablemente sí,España,Rodri; Federico Valverde; Lionel Messi,Premios y sorteos,Sorteo de camisetas,No,Edición Brasil,Moderada,Casual,Adulto Mayor (55+)
681,2026-02-23,19:37:18,18 - 24 Años,Masculino,Retalhuleu,Retalhuleu,Otro,3 A 5 Veces Por Semana,Supermercado,Familia,Q101 - Q150,Mundialitos Queso Picante; Gol Nachos Supreme; CrunchMax BBQ,Picante Chapín,Familiar,Q16 - Q20,No,Sí,España,Definitivamente sí,Brasil,Neymar Jr.; Lionel Messi,Historias de aficionados,Descuento directo,Sí,Edición Mundial Fifa 2026,Sensible Al Precio,Casual,Jóvenes (<25)
682,2026-04-10,16:56:54,25 - 34 Años,Femenino,Guatemala,Santa Catarina Pinula,Empleado Privado,Todos Los Días,Tienda de barrio,Amigos,Menos De Q25,Fan Chips Jalapeño,Picante Chapín,Individual,Q16 - Q20,Sí,Sí,Portugal,Probablemente sí,Argentina,Ninguno,Premios y sorteos,Descuento directo,Sí,Edición Con Tarjetas Coleccionables,Moderada,Fanático Target (Alto),Adulto Joven (25-34)
683,2026-02-13,15:15:20,35 - 44 Años,Femenino,Sololá,Cabecera municipal,Empleado Privado,3 A 5 Veces Por Semana,Aplicación de delivery,Amigos,Q25 - Q50,FutbolMix; Caramel Goal Popcorn; Mundialitos Queso Picante,Limón,Para Compartir Entre 2 Personas,Q21 - Q30,Sí,Sí,Inglaterra,Probablemente no,Brasil,Neymar Jr.; Lionel Messi,Una selección nacional,Tarjetas coleccionables,No,Edición Argentina,Moderada,Espectador Pasivo,Adulto Maduro (35-54)
684,2026-02-10,07:53:26,18 - 24 Años,Femenino,Suchitepéquez,Otro municipio,Empleado Privado,3 A 5 Veces Por Semana,Supermercado,Familia,Q25 - Q50,Mundialitos Queso Picante; Victory Pretzels; Hot Stadium Peanuts,Barbacoa,Para Compartir Entre 2 Personas,Q10 - Q15,No,Sí,Argentina,Probablemente sí,España,Kylian Mbappé,Un jugador famoso,Descuento directo,Sí,Edición Mundial Fifa 2026,Moderada,Fanático Target (Alto),Jóvenes (<25)
685,2026-05-02,21:45:28,35 - 44 Años,Femenino,Jutiapa,Otro municipio,Jubilado,1 A 2 Veces Por Semana,Aplicación de delivery,Otro,Q51 - Q100,FutbolMix; Mundialitos Queso Picante,Barbacoa,Familiar,Q21 - Q30,No,Sí,Portugal,Probablemente sí,Francia,Lamine Yamal,Un jugador famoso,Descuento directo,Sí,Edición Inglaterra,Moderada,Fanático Target (Alto),Adulto Maduro (35-54)
686,2026-03-10,11:06:24,25 - 34 Años,Masculino,Escuintla,Santa Lucía Cotzumalguapa,Empleado Privado,Todos Los Días,Gasolinera,Familia,Q25 - Q50,Hot Stadium Peanuts; CrunchMax BBQ,Queso,Individual,Q16 - Q20,Sí,Sí,México,Probablemente sí,Brasil,Cristiano Ronaldo; Vinícius Júnior; Neymar Jr.,Un jugador famoso,Tarjetas coleccionables,Sí,Edición Mundial Fifa 2026,Moderada,Fanático Target (Alto),Adulto Joven (25-34)
687,2026-05-05,16:38:16,25 - 34 Años,Masculino,Sacatepéquez,Jocotenango,Otro,1 A 2 Veces Por Semana,Kiosco escolar/universitario,Otro,Más De Q150,Gol Nachos Supreme,Jalapeño,Para Compartir Entre 2 Personas,Q10 - Q15,Sí,No,México,Definitivamente sí,Brasil,Lamine Yamal,Historias de aficionados,Sorteo de camisetas,No,Edición Con Jugadores Famosos,Moderada,Espectador Pasivo,Adulto Joven (25-34)
688,2026-05-09,07:00:03,25 - 34 Años,Masculino,Guatemala,San Miguel Petapa,Estudiante,1 A 2 Veces Por Semana,Aplicación de delivery,Amigos,Menos De Q25,CrunchMax BBQ; Energy Crunch Protein,Salado Tradicional,Para Compartir Entre 2 Personas,Q10 - Q15,Sí,Sí,México,Tal vez,Argentina,Christian Pulisic; Jude Bellingham,Una selección nacional,Descuento directo,Sí,Edición Con Tarjetas Coleccionables,Moderada,Casual,Adulto Joven (25-34)
689,2026-02-25,09:55:43,18 - 24 Años,Femenino,Suchitepéquez,Cabecera municipal,Profesional Independiente,1 A 2 Veces Por Semana,Tienda de barrio,Familia,Menos De Q25,ChocoKick Bites,Queso,Para Compartir Entre 2 Personas,Q21 - Q30,Sí,Sí,Francia,Tal vez,Suiza,Neymar Jr.,Un jugador famoso,Descuento directo,Sí,Edición Con Tarjetas Coleccionables,Moderada,Casual,Jóvenes (<25)
1961,2026-05-09,11:19:23,18 - 24 Años,Masculino,Guatemala,Guatemala,Empleado Privado,Varias Veces Al Mes,Tienda de barrio,Otro,Q25 - Q50,Caramel Goal Popcorn; Fan Chips Jalapeño,Queso,Para Compartir Entre 2 Personas,Q21 - Q30,Sí,No,Brasil,Probablemente no,Estados Unidos,Julián Álvarez,Un jugador famoso,Tarjetas coleccionables,No,Edición España,Moderada,Espectador Pasivo,Jóvenes (<25)
691,2026-04-20,10:08:47,25 - 34 Años,Femenino,Huehuetenango,,Profesional Independiente,1 A 2 Veces Por Semana,Supermercado,Familia,Q101 - Q150,Hot Stadium Peanuts; Gol Nachos Supreme,Queso,Tamaño Fiesta O Reunión,Q10 - Q15,Sí,Sí,Argentina,Definitivamente sí,México,Lionel Messi; Christian Pulisic; Lamine Yamal,Una selección nacional,Sorteo de balones,Sí,Edición Brasil,Moderada,Casual,Adulto Joven (25-34)
692,2026-03-31,20:22:59,25 - 34 Años,Femenino,Sololá,Sololá,Empleado Privado,3 A 5 Veces Por Semana,Aplicación de delivery,Amigos,Q101 - Q150,CrunchMax BBQ,Dulce,Individual,Q10 - Q15,No,Sí,Estados Unidos,Probablemente sí,Alemania,Lamine Yamal; Kylian Mbappé,Un jugador famoso,Sorteo de viajes,No,Edición España,Sensible Al Precio,Casual,Adulto Joven (25-34)
693,2026-04-28,10:22:41,Menos De 18 Años,Femenino,Guatemala,Villa Nueva,Comerciante,Varias Veces Al Mes,Gasolinera,Amigos,Menos De Q25,FutbolMix; Mundialitos Queso Picante,Chocolate,Familiar,Q16 - Q20,No,Sí,Argentina,Definitivamente sí,Francia,Kylian Mbappé,Humor,Sorteo de viajes,Sí,Edición Argentina,Sensible Al Precio,Casual,Jóvenes (<25)
694,2026-04-18,20:42:05,45 - 54 Años,Masculino,Guatemala,Villa Nueva,Empleado Privado,1 A 2 Veces Por Semana,Supermercado,Amigos,Q25 - Q50,Mundialitos Queso Picante,Chocolate,Individual,Q21 - Q30,No,Sí,Argentina,Tal vez,Francia,Kylian Mbappé; Vinícius Júnior; Harry Kane,Una selección nacional,Sorteo de balones,Sí,Edición Mundial Fifa 2026,Moderada,Casual,Adulto Maduro (35-54)
695,2026-04-01,07:38:53,Menos De 18 Años,Masculino,El Progreso,Cabecera municipal,Empresario,3 A 5 Veces Por Semana,Tienda de barrio,Amigos,Q25 - Q50,ChocoKick Bites; Mundialitos Queso Picante; Gol Nachos Supreme,Limón,Familiar,Q21 - Q30,No,Sí,Francia,Definitivamente sí,Francia,Cristiano Ronaldo; Vinícius Júnior,Una selección nacional,Producto gratis,Sí,Edición Brasil,Moderada,Casual,Jóvenes (<25)
696,2026-04-19,14:10:58,35 - 44 Años,Masculino,Guatemala,Mixco,Profesional Independiente,1 A 2 Veces Por Semana,Supermercado,Familia,Menos De Q25,Mundialitos Queso Picante,Chocolate,Para Compartir Entre 2 Personas,Q16 - Q20,Sí,Sí,España,Probablemente sí,Uruguay,Cristiano Ronaldo,Un jugador famoso,Sorteo de camisetas,No,Edición Mundial Fifa 2026,Moderada,Casual,Adulto Maduro (35-54)
697,2026-05-06,09:14:01,18 - 24 Años,Femenino,Santa Rosa,Cabecera municipal,Empleado Público,3 A 5 Veces Por Semana,Supermercado,Familia,Q101 - Q150,FutbolMix,Barbacoa,Individual,Q10 - Q15,No,Sí,Argentina,Definitivamente sí,Brasil,Neymar Jr.; Lionel Messi,Historias de aficionados,Producto gratis,Sí,Edición Inglaterra,Sensible Al Precio,Casual,Jóvenes (<25)
698,2026-01-16,16:14:05,18 - 24 Años,Masculino,Chimaltenango,Patzún,Empleado Privado,Todos Los Días,Gasolinera,Amigos,Q25 - Q50,FutbolMix,Jalapeño,Para Compartir Entre 2 Personas,Q21 - Q30,No,Sí, PORTUGAL ,Probablemente sí,Brasil,Cristiano Ronaldo; Kylian Mbappé,Una selección nacional,2x1,Sí,Edición Inglaterra,Moderada,Fanático Target (Alto),Jóvenes (<25)
699,2026-01-17,07:19:34,18 - 24 Años,Masculino,Alta Verapaz,Cabecera municipal,Empleado Privado,Todos Los Días,Tienda de barrio,Amigos,Q51 - Q100,Gol Nachos Supreme; Victory Pretzels,Picante Chapín,Familiar,Q10 - Q15,Sí,Sí,Croacia,Definitivamente sí,Alemania,Julián Álvarez; Lionel Messi,Un jugador famoso,Descuento directo,No,Edición Con Tarjetas Coleccionables,Premium Alta,Espectador Pasivo,Jóvenes (<25)
700,2026-02-06,14:06:25,35 - 44 Años,Femenino,Guatemala,Guatemala,Profesional Independiente,1 A 2 Veces Por Semana,Aplicación de delivery,Otro,Menos De Q25,Gol Nachos Supreme; Hot Stadium Peanuts,Barbacoa,Familiar,Q16 - Q20,No,No,México,Probablemente sí,Argentina,Lionel Messi,Un jugador famoso,Producto gratis,No,Edición Con Jugadores Famosos,Sensible Al Precio,Espectador Pasivo,Adulto Maduro (35-54)
701,2026-03-12,14:57:18,45 - 54 Años,Masculino,Totonicapán,Otro municipio,Comerciante,3 A 5 Veces Por Semana,Otro,Familia,Q25 - Q50,CrunchMax BBQ,Limón,Familiar,Q16 - Q20,Sí,Sí,México,Tal vez,Brasil,Harry Kane,Una selección nacional,2x1,Sí,Edición Argentina,Moderada,Casual,Adulto Maduro (35-54)
702,2026-02-09,21:07:24,25 - 34 Años,Femenino,Guatemala,Mixco,Empleado Privado,1 A 2 Veces Por Semana,Tienda de barrio,Amigos,Q25 - Q50,Hot Stadium Peanuts; ChocoKick Bites; Mundialitos Queso Picante,Queso,Individual,Q10 - Q15,Sí,Sí,Argentina,Definitivamente sí,Alemania,Cristiano Ronaldo,Una selección nacional,Sorteo de balones,Sí,Edición Francia,Moderada,Casual,Adulto Joven (25-34)
703,2026-03-09,16:17:12,18 - 24 Años,Masculino,Guatemala,San Miguel Petapa,Comerciante,3 A 5 Veces Por Semana,Tienda de barrio,Solo,Q101 - Q150,Mundialitos Queso Picante,Queso,Familiar,Q10 - Q15,No,Sí,México,Tal vez,Francia,Christian Pulisic; Vinícius Júnior,Humor,Producto gratis,Sí,Edición España,Sensible Al Precio,Casual,Jóvenes (<25)
704,2026-01-28,19:02:29,25 - 34 Años,Femenino,Guatemala,Guatemala,Empleado Privado,1 A 2 Veces Por Semana,Gasolinera,Compañeros de trabajo,Q25 - Q50,Hot Stadium Peanuts; Gol Nachos Supreme,Picante Chapín,Tamaño Fiesta O Reunión,Q10 - Q15,Sí,Sí,Alemania,Definitivamente sí,Argentina,Cristiano Ronaldo,Humor,Producto gratis,No,Edición Mundial Fifa 2026,Moderada,Espectador Pasivo,Adulto Joven (25-34)
705,2026-03-01,20:19:19,18 - 24 Años,Masculino,Sacatepéquez,Ciudad Vieja,Empleado Privado,1 A 2 Veces Por Semana,Aplicación de delivery,Familia,Q101 - Q150,Caramel Goal Popcorn; Gol Nachos Supreme; Fan Chips Jalapeño,Picante Chapín,Individual,Q10 - Q15,No,No,Egipto,Probablemente sí,Francia,Julián Álvarez; Kylian Mbappé; Lionel Messi,Un jugador famoso,2x1,No,Edición Con Jugadores Famosos,Sensible Al Precio,Espectador Pasivo,Jóvenes (<25)
706,2026-04-02,17:56:57,45 - 54 Años,Masculino,Guatemala,Guatemala,Otro,Varias Veces Al Mes,Kiosco escolar/universitario,Familia,Menos De Q25,Gol Nachos Supreme,Jalapeño,Tamaño Fiesta O Reunión,Q21 - Q30,Sí,Sí,Argentina,Tal vez,Francia,Lionel Messi; Neymar Jr.,Historias de aficionados,Descuento directo,Sí,Edición Mundial Fifa 2026,Moderada,Casual,Adulto Maduro (35-54)
707,2026-01-21,14:59:40,25 - 34 Años,Masculino,Guatemala,Guatemala,Ama De Casa,3 A 5 Veces Por Semana,Supermercado,Amigos,Más De Q150,Caramel Goal Popcorn; CrunchMax BBQ; Victory Pretzels,Queso,Tamaño Fiesta O Reunión,Q21 - Q30,Sí,No,Japón,Tal vez,México,Cristiano Ronaldo,Una selección nacional,2x1,Sí,Edición Argentina,Moderada,Espectador Pasivo,Adulto Joven (25-34)
708,2026-01-19,07:58:53,18 - 24 Años,Femenino,Guatemala,,Estudiante,Varias Veces Al Mes,Supermercado,Familia,Q25 - Q50,CrunchMax BBQ; Energy Crunch Protein; FutbolMix,Caramelo,Familiar,Q16 - Q20,No,Sí,México,Probablemente sí,Uruguay,Kylian Mbappé; Lamine Yamal,Una selección nacional,Descuento directo,No,Edición Brasil,Moderada,Casual,Jóvenes (<25)
709,2026-02-01,20:03:38,25 - 34 Años,Femenino,El Progreso,Cabecera municipal,Otro,Varias Veces Al Mes,Supermercado,Solo,Q51 - Q100,CrunchMax BBQ; Hot Stadium Peanuts,Jalapeño,Familiar,Menos De Q10,No,Sí,Argentina,Definitivamente sí,México,Cristiano Ronaldo; Jude Bellingham,Historias de aficionados,2x1,No,Edición Argentina,Moderada,Espectador Pasivo,Adulto Joven (25-34)
710,2026-01-28,21:17:27,25 - 34 Años,Femenino,Chimaltenango,Chimaltenango,Empleado Privado,3 A 5 Veces Por Semana,Supermercado,Amigos,Q25 - Q50,Hot Stadium Peanuts; FutbolMix; Mundialitos Queso Picante,Caramelo,Familiar,Q21 - Q30,Sí,Sí,Argentina,Definitivamente sí,España,Kylian Mbappé; Neymar Jr.,Una selección nacional,Descuento directo,No,Edición Francia,Moderada,Espectador Pasivo,Adulto Joven (25-34)
711,2026-01-27,21:12:04,55 Años O Más,Femenino,Sacatepéquez,Antigua Guatemala,Profesional Independiente,3 A 5 Veces Por Semana,Supermercado,Amigos,Q51 - Q100,FutbolMix; Energy Crunch Protein,Jalapeño,Familiar,Q21 - Q30,No,Sí,Portugal,Probablemente sí,Argentina,Christian Pulisic,Premios y sorteos,Sorteo de viajes,No,Edición Francia,Moderada,Casual,Adulto Mayor (55+)
712,2026-01-24,22:29:06,Menos De 18 Años,Femenino,Sacatepéquez,Antigua Guatemala,Empleado Privado,Varias Veces Al Mes,Kiosco escolar/universitario,Familia,Q25 - Q50,Mundialitos Queso Picante; ChocoKick Bites,Barbacoa,Para Compartir Entre 2 Personas,Menos De Q10,No,Sí,Argentina,Definitivamente no,Portugal,Lamine Yamal,Historias de aficionados,2x1,Sí,Edición Argentina,Moderada,Casual,Jóvenes (<25)
713,2026-01-21,11:01:38,35 - 44 Años,Masculino,Guatemala,San Miguel Petapa,Estudiante,3 A 5 Veces Por Semana,Tienda de barrio,Amigos,Q101 - Q150,ChocoKick Bites; Mundialitos Queso Picante; CrunchMax BBQ,Picante Chapín,Tamaño Fiesta O Reunión,Q16 - Q20,Sí,Sí,Brasil,Definitivamente sí,Brasil,Harry Kane; Rodri; Vinícius Júnior,Un jugador famoso,Tarjetas coleccionables,Sí,Edición Mundial Fifa 2026,Moderada,Casual,Adulto Maduro (35-54)
714,2026-01-30,19:40:13,Menos De 18 Años,Masculino,Guatemala,Villa Nueva,,1 A 2 Veces Por Semana,Tienda de barrio,Amigos,Q25 - Q50,Fan Chips Jalapeño,Queso,Individual,Q21 - Q30,Sí,Sí,España,Probablemente sí,Congo DR,Kylian Mbappé,Humor,Descuento directo,Sí,Edición Con Jugadores Famosos,Moderada,Fanático Target (Alto),Jóvenes (<25)
715,2026-04-29,10:22:01,25 - 34 Años,Masculino,Escuintla,Palín,Estudiante,1 A 2 Veces Por Semana,Supermercado,Familia,Q51 - Q100,Mundialitos Queso Picante,Dulce,Familiar,Q16 - Q20,Sí,No,Brasil,Probablemente sí,Inglaterra,Neymar Jr.,Premios y sorteos,Descuento directo,Sí,Edición Con Jugadores Famosos,Premium Alta,Espectador Pasivo,Adulto Joven (25-34)
716,2026-01-26,15:03:45,35 - 44 Años,Masculino,Escuintla,Escuintla,Comerciante,3 A 5 Veces Por Semana,Tienda de barrio,Compañeros de trabajo,Q25 - Q50,Caramel Goal Popcorn,Queso,Familiar,Q21 - Q30,Sí,Sí,España,Tal vez,México,Lionel Messi; Cristiano Ronaldo; Alphonso Davies,Premios y sorteos,Descuento directo,Sí,Edición Mundial Fifa 2026,Moderada,Casual,Adulto Maduro (35-54)
717,2026-01-21,21:51:27,18 - 24 Años,Masculino,Petén,San Benito,Empleado Privado,Todos Los Días,Tienda de barrio,Amigos,Más De Q150,ChocoKick Bites,Jalapeño,Para Compartir Entre 2 Personas,Q10 - Q15,Sí,Sí,Brasil,Definitivamente sí,Colombia,Jude Bellingham,Un jugador famoso,2x1,Sí,Edición Francia,Moderada,Casual,Jóvenes (<25)
718,2026-04-28,15:31:41,Menos De 18 Años,Femenino,Guatemala,San Miguel Petapa,Empresario,3 A 5 Veces Por Semana,Tienda de barrio,Solo,Q51 - Q100,Hot Stadium Peanuts; CrunchMax BBQ,Picante Chapín,Para Compartir Entre 2 Personas,Q21 - Q30,Sí,Sí,Argentina,Probablemente sí,Estados Unidos,Alphonso Davies; Neymar Jr.,Humor,Descuento directo,Sí,Edición Argentina,Premium Alta,Fanático Target (Alto),Jóvenes (<25)
719,2026-02-09,08:24:19,Menos De 18 Años,Femenino,Guatemala,,Estudiante,1 A 2 Veces Por Semana,Supermercado,Familia,Q101 - Q150,FutbolMix; Fan Chips Jalapeño,Jalapeño,Familiar,Q16 - Q20,Sí,No,Colombia,Tal vez,Portugal,Lamine Yamal; Jude Bellingham; Neymar Jr.,Una selección nacional,Descuento directo,Sí,Edición Argentina,Moderada,Espectador Pasivo,Jóvenes (<25)
720,2026-03-18,22:17:57,45 - 54 Años,Masculino,Jalapa,Cabecera municipal,Empleado Público,3 A 5 Veces Por Semana,Otro,Amigos,Q51 - Q100,Mundialitos Queso Picante,Barbacoa,Para Compartir Entre 2 Personas,Q16 - Q20,No,Sí,España,Probablemente sí,Francia,Neymar Jr.; Lionel Messi; Harry Kane,Premios y sorteos,Sorteo de balones,Sí,Edición Con Tarjetas Coleccionables,Moderada,Fanático Target (Alto),Adulto Maduro (35-54)
721,2026-05-01,14:36:42,45 - 54 Años,Masculino,Escuintla,Santa Lucía Cotzumalguapa,Comerciante,Varias Veces Al Mes,Kiosco escolar/universitario,Familia,Menos De Q25,Mundialitos Queso Picante; CrunchMax BBQ,Barbacoa,Familiar,Q16 - Q20,No,Sí,Brasil,Tal vez,Argentina,Cristiano Ronaldo; Rodri,Humor,2x1,Sí,Edición España,Sensible Al Precio,Casual,Adulto Maduro (35-54)
722,2026-04-13,20:37:56,18 - 24 Años,Femenino,Guatemala,Santa Catarina Pinula,Estudiante,1 A 2 Veces Por Semana,Tienda de barrio,Amigos,Menos De Q25,FutbolMix; ChocoKick Bites; Gol Nachos Supreme,Caramelo,Para Compartir Entre 2 Personas,Q21 - Q30,Sí,Sí,Brasil,Definitivamente sí,España,Cristiano Ronaldo,Humor,Descuento directo,No,Edición Mundial Fifa 2026,Moderada,Espectador Pasivo,Jóvenes (<25)
723,2026-02-15,17:22:22,45 - 54 Años,Femenino,Sacatepéquez,Sumpango,Comerciante,Varias Veces Al Mes,Tienda de barrio,Familia,Q101 - Q150,Mundialitos Queso Picante; FutbolMix,Picante Chapín,Para Compartir Entre 2 Personas,Q10 - Q15,Sí,Sí,Brasil,Probablemente no,Brasil,Alphonso Davies; Lionel Messi; Kylian Mbappé,Una selección nacional,Producto gratis,Sí,Edición Con Tarjetas Coleccionables,Moderada,Casual,Adulto Maduro (35-54)
724,2026-04-04,21:22:10,Menos De 18 Años,Masculino,Guatemala,Villa Nueva,Empleado Privado,3 A 5 Veces Por Semana,Supermercado,Familia,Q25 - Q50,Mundialitos Queso Picante; Hot Stadium Peanuts; FutbolMix,Chocolate,Tamaño Fiesta O Reunión,Q21 - Q30,Sí,Sí,Argentina,Probablemente sí,México,Lionel Messi; Lamine Yamal; Cristiano Ronaldo,Un jugador famoso,Producto gratis,No,Edición Con Tarjetas Coleccionables,Moderada,Casual,Jóvenes (<25)
725,2026-04-23,21:55:06,45 - 54 Años,Masculino,Guatemala,Villa Nueva,Estudiante,Rara Vez,Gasolinera,Familia,Menos De Q25,Mundialitos Queso Picante; ChocoKick Bites,Jalapeño,Familiar,Más De Q30,Sí,Sí,Portugal,Tal vez,España,Vinícius Júnior; Cristiano Ronaldo; Alphonso Davies,Historias de aficionados,Tarjetas coleccionables,No,Edición Brasil,Moderada,Espectador Pasivo,Adulto Maduro (35-54)
726,2026-01-26,14:12:20,35 - 44 Años,Femenino,Huehuetenango,Otro municipio,Comerciante,3 A 5 Veces Por Semana,Aplicación de delivery,Familia,Q25 - Q50,ChocoKick Bites; CrunchMax BBQ; Gol Nachos Supreme,Limón,Individual,Q10 - Q15,No,Sí,Argentina,Probablemente sí,Jordania,Jude Bellingham; Harry Kane,Humor,Tarjetas coleccionables,Sí,Edición Con Jugadores Famosos,Moderada,Fanático Target (Alto),Adulto Maduro (35-54)
727,2026-04-21,22:34:09,45 - 54 Años,Masculino,Guatemala,Guatemala,Estudiante,Todos Los Días,Tienda de barrio,Familia,Q101 - Q150,FutbolMix; Gol Nachos Supreme; Mundialitos Queso Picante,Barbacoa,Individual,Q10 - Q15,Sí,Sí,Portugal,Probablemente no,España,Julián Álvarez; Neymar Jr.,Un jugador famoso,Descuento directo,Sí,Edición Brasil,Moderada,Casual,Adulto Maduro (35-54)
728,2026-01-13,19:34:11,35 - 44 Años,Masculino,Guatemala,San Miguel Petapa,Empleado Privado,3 A 5 Veces Por Semana,Tienda de barrio,Familia,Q25 - Q50,Caramel Goal Popcorn; CrunchMax BBQ,Queso,Para Compartir Entre 2 Personas,Menos De Q10,No,Sí,Estados Unidos,Definitivamente sí,Portugal,Harry Kane; Neymar Jr.,Historias de aficionados,2x1,No,Edición Con Jugadores Famosos,Moderada,Espectador Pasivo,Adulto Maduro (35-54)
729,2026-02-21,15:17:31,18 - 24 Años,Masculino,Quetzaltenango,Coatepeque,Empleado Privado,3 A 5 Veces Por Semana,Kiosco escolar/universitario,Familia,Más De Q150,Fan Chips Jalapeño; Gol Nachos Supreme; Caramel Goal Popcorn,Jalapeño,Tamaño Fiesta O Reunión,Q16 - Q20,Sí,Sí,Brasil,Definitivamente sí,Argentina,Julián Álvarez; Kylian Mbappé; Neymar Jr.,Un jugador famoso,Descuento directo,Sí,Edición Argentina,Moderada,Casual,Jóvenes (<25)
730,2026-01-22,07:49:22,25 - 34 Años,Femenino,Totonicapán,Cabecera municipal,Comerciante,Todos Los Días,Otro,Familia,Q101 - Q150,Fan Chips Jalapeño; Caramel Goal Popcorn; Gol Nachos Supreme,Dulce,Para Compartir Entre 2 Personas,Menos De Q10,No,Sí,Brasil,Probablemente no,México,Neymar Jr.,Premios y sorteos,Sorteo de balones,No,Edición Francia,Sensible Al Precio,Espectador Pasivo,Adulto Joven (25-34)
731,2026-03-02,11:27:47,35 - 44 Años,Femenino,Sacatepéquez,Sumpango,Profesional Independiente,3 A 5 Veces Por Semana,Tienda de barrio,Amigos,Q25 - Q50,Caramel Goal Popcorn; CrunchMax BBQ,Barbacoa,Familiar,Más De Q30,Sí,Sí,Francia,Probablemente sí,Argentina,Lionel Messi,Una selección nacional,Descuento directo,Sí,Edición Con Jugadores Famosos,Moderada,Fanático Target (Alto),Adulto Maduro (35-54)
732,2026-01-25,20:44:51,25 - 34 Años,Femenino,Quetzaltenango,Coatepeque,Empleado Privado,3 A 5 Veces Por Semana,Supermercado,Amigos,Q51 - Q100,CrunchMax BBQ,Queso,Familiar,Q10 - Q15,Sí,Sí,Brasil,Probablemente sí,España,Lionel Messi; Neymar Jr.,Premios y sorteos,2x1,Sí,Edición España,Premium Alta,Fanático Target (Alto),Adulto Joven (25-34)
733,2026-05-01,20:39:10,25 - 34 Años,Masculino,Guatemala,Santa Catarina Pinula,Otro,1 A 2 Veces Por Semana,Tienda de barrio,Familia,Q51 - Q100,FutbolMix; Mundialitos Queso Picante,Dulce,Familiar,Q10 - Q15,Sí,Sí,Portugal,Probablemente sí,España,Jude Bellingham; Vinícius Júnior; Cristiano Ronaldo,Un jugador famoso,Tarjetas coleccionables,No,Edición Brasil,Premium Alta,Casual,Adulto Joven (25-34)
734,2026-03-04,12:22:10,35 - 44 Años,Masculino,Guatemala,San Miguel Petapa,Comerciante,1 A 2 Veces Por Semana,Tienda de barrio,Amigos,Menos De Q25,Mundialitos Queso Picante; CrunchMax BBQ; Energy Crunch Protein,Queso,Familiar,Q16 - Q20,No,Sí,España,Tal vez,Colombia,Neymar Jr.; Lionel Messi; Kylian Mbappé,Humor,Sorteo de camisetas,No,Edición Mundial Fifa 2026,Sensible Al Precio,Espectador Pasivo,Adulto Maduro (35-54)
735,2026-02-02,16:07:42,18 - 24 Años,Masculino,Sacatepéquez,Sumpango,Comerciante,3 A 5 Veces Por Semana,Aplicación de delivery,Familia,Q25 - Q50,Energy Crunch Protein; Gol Nachos Supreme; Mundialitos Queso Picante,Limón,Para Compartir Entre 2 Personas,Q16 - Q20,Sí,Sí,Argentina,Probablemente sí,México,Alphonso Davies,Humor,Tarjetas coleccionables,No,Edición Inglaterra,Moderada,Casual,Jóvenes (<25)
736,2026-02-07,16:11:24,25 - 34 Años,Masculino,Guatemala,San Miguel Petapa,Estudiante,3 A 5 Veces Por Semana,Supermercado,Compañeros de trabajo,Q51 - Q100,CrunchMax BBQ; Gol Nachos Supreme; Caramel Goal Popcorn,Picante Chapín,Familiar,Q10 - Q15,No,Sí, ARGENTINA ,Probablemente no,Brasil,Neymar Jr.; Lamine Yamal,Una selección nacional,Tarjetas coleccionables,Sí,Edición Argentina,Moderada,Casual,Adulto Joven (25-34)
737,2026-01-20,18:43:52,25 - 34 Años,Masculino,San Marcos,Cabecera municipal,Estudiante,3 A 5 Veces Por Semana,Supermercado,Familia,Menos De Q25,Gol Nachos Supreme; ChocoKick Bites; FutbolMix,Limón,Para Compartir Entre 2 Personas,Menos De Q10,No,Sí,España,Definitivamente sí,Francia,Kylian Mbappé; Neymar Jr.; Jude Bellingham,Premios y sorteos,Descuento directo,Sí,Edición Mundial Fifa 2026,Sensible Al Precio,Casual,Adulto Joven (25-34)
738,2026-04-04,12:39:52,Menos De 18 Años,Masculino,Chimaltenango,Patzún,Estudiante,1 A 2 Veces Por Semana,Tienda de barrio,Amigos,Q25 - Q50,ChocoKick Bites; Gol Nachos Supreme; Caramel Goal Popcorn,Dulce,Familiar,Menos De Q10,Sí,Sí,Brasil,Tal vez,España,Neymar Jr.,Premios y sorteos,Sorteo de camisetas,Sí,Edición Con Tarjetas Coleccionables,Moderada,Casual,Jóvenes (<25)
739,2026-01-20,20:09:04,35 - 44 Años,Femenino,Sacatepéquez,Jocotenango,Empleado Privado,Todos Los Días,Tienda de barrio,Familia,Q51 - Q100,ChocoKick Bites,Salado Tradicional,Individual,Q16 - Q20,No,Sí,Brasil,Probablemente sí,Colombia,Cristiano Ronaldo,Un jugador famoso,Sorteo de camisetas,No,Edición Con Tarjetas Coleccionables,Moderada,Casual,Adulto Maduro (35-54)
740,2026-03-22,20:21:43,25 - 34 Años,Femenino,Quetzaltenango,Coatepeque,Comerciante,3 A 5 Veces Por Semana,Tienda de barrio,Otro,Q25 - Q50,Hot Stadium Peanuts; Energy Crunch Protein; Gol Nachos Supreme,Salado Tradicional,Tamaño Fiesta O Reunión,Más De Q30,No,No,España,Tal vez,Colombia,Christian Pulisic; Lionel Messi,Historias de aficionados,Descuento directo,Sí,Edición Brasil,Moderada,Espectador Pasivo,Adulto Joven (25-34)
741,2026-02-20,14:17:49,45 - 54 Años,Masculino,Sacatepéquez,Sumpango,Empleado Privado,Varias Veces Al Mes,Tienda de barrio,Amigos,Más De Q150,Gol Nachos Supreme; CrunchMax BBQ; FutbolMix,Picante Chapín,Familiar,Q16 - Q20,Sí,Sí,Argentina,Tal vez,Brasil,Lamine Yamal; Neymar Jr.; Vinícius Júnior,Un jugador famoso,Sorteo de balones,Sí,Edición Argentina,Moderada,Casual,Adulto Maduro (35-54)
742,2026-02-13,08:59:00,45 - 54 Años,Femenino,Escuintla, PALÍN ,Empleado Público,Todos Los Días,Tienda de barrio,Familia,Menos De Q25,Gol Nachos Supreme; Mundialitos Queso Picante,Dulce,Familiar,Q10 - Q15,Sí,Sí,Alemania,Probablemente sí,Alemania,Cristiano Ronaldo,Un jugador famoso,2x1,Sí,Edición Brasil,Moderada,Fanático Target (Alto),Adulto Maduro (35-54)
743,2026-03-13,12:25:59,35 - 44 Años,Femenino,Guatemala,Guatemala,Empleado Privado,1 A 2 Veces Por Semana,Gasolinera,Solo,Q25 - Q50,FutbolMix,Queso,Individual,Q10 - Q15,Sí,Sí,Argentina,Tal vez,Argentina,Lionel Messi; Rodri; Neymar Jr.,Una selección nacional,Descuento directo,Sí,Edición Con Tarjetas Coleccionables,Moderada,Casual,Adulto Maduro (35-54)
744,2026-02-17,10:28:31,35 - 44 Años,Masculino,Guatemala,Villa Nueva,Empleado Privado,3 A 5 Veces Por Semana,Kiosco escolar/universitario,Compañeros de trabajo,Q51 - Q100,CrunchMax BBQ; ChocoKick Bites; Caramel Goal Popcorn,Queso,Tamaño Fiesta O Reunión,Q16 - Q20,Sí,Sí,Brasil,Definitivamente sí,Portugal,Kylian Mbappé; Neymar Jr.,Premios y sorteos,Tarjetas coleccionables,No,Edición Brasil,Premium Alta,Espectador Pasivo,Adulto Maduro (35-54)
745,2026-03-06,20:57:48,18 - 24 Años,Masculino,Xela,Coatepeque,Empleado Privado,1 A 2 Veces Por Semana,Tienda de barrio,Solo,Q25 - Q50,Mundialitos Queso Picante; Gol Nachos Supreme; CrunchMax BBQ,Limón,Tamaño Fiesta O Reunión,Q16 - Q20,Sí,Sí,Colombia,Probablemente no,Alemania,Cristiano Ronaldo; Harry Kane; Kylian Mbappé,Un jugador famoso,Descuento directo,Sí,Edición Francia,Moderada,Casual,Jóvenes (<25)
746,2026-05-09,15:16:47,18 - 24 Años,Femenino,Guatemala,Villa Nueva,Empleado Privado,Varias Veces Al Mes,Tienda de barrio,Amigos,Q25 - Q50,Mundialitos Queso Picante; Hot Stadium Peanuts; FutbolMix,Jalapeño,Familiar,Q16 - Q20,No,Sí,Brasil,Tal vez,Estados Unidos,Harry Kane,Una selección nacional,Sorteo de balones,No,Edición Con Tarjetas Coleccionables,Moderada,Espectador Pasivo,Jóvenes (<25)
747,2026-05-02,10:58:58,18 - 24 Años,Masculino,El Progreso,Otro municipio,Empleado Público,3 A 5 Veces Por Semana,Tienda de barrio,Familia,Q101 - Q150,Gol Nachos Supreme,Picante Chapín,Individual,Q16 - Q20,No,Sí,Ghana,Probablemente sí,Canadá,Rodri,Premios y sorteos,Sorteo de viajes,No,Edición Con Jugadores Famosos,Sensible Al Precio,Casual,Jóvenes (<25)
748,2026-04-15,22:39:07,25 - 34 Años,Prefiero No Indicarlo,Quetzaltenango,Olintepeque,Empleado Privado,1 A 2 Veces Por Semana,Supermercado,Amigos,Q25 - Q50,Mundialitos Queso Picante; Fan Chips Jalapeño,Chocolate,Individual,Q16 - Q20,Sí,No,Estados Unidos,Probablemente sí,Portugal,Vinícius Júnior,Un jugador famoso,Sorteo de viajes,Sí,Edición Brasil,Moderada,Espectador Pasivo,Adulto Joven (25-34)
749,2026-01-29,22:37:10,25 - 34 Años,Femenino,Suchitepéquez,Suchitepéquez,Empresario,3 A 5 Veces Por Semana,Supermercado,Familia,Q51 - Q100,Fan Chips Jalapeño; Gol Nachos Supreme; Mundialitos Queso Picante,Jalapeño,Individual,Q21 - Q30,Sí,Sí,Paraguay,Probablemente sí,Francia,Lamine Yamal; Vinícius Júnior,Humor,Sorteo de viajes,No,Edición Con Jugadores Famosos,Premium Alta,Casual,Adulto Joven (25-34)
750,2026-03-27,07:36:40,25 - 34 Años,Femenino,Sacatepéquez,Ciudad Vieja,Empleado Público,Varias Veces Al Mes,Supermercado,Familia,Más De Q150,Mundialitos Queso Picante; CrunchMax BBQ,Barbacoa,Tamaño Fiesta O Reunión,Q16 - Q20,Sí,Sí,España,Probablemente sí,Francia,Lionel Messi,Una selección nacional,Tarjetas coleccionables,No,Edición Con Tarjetas Coleccionables,Moderada,Casual,Adulto Joven (25-34)
751,2026-02-20,15:26:18,18 - 24 Años,Femenino,Santa Rosa,Santa Rosa,Empleado Público,Rara Vez,Gasolinera,Compañeros de trabajo,Q25 - Q50,CrunchMax BBQ; Gol Nachos Supreme,Salado Tradicional,Para Compartir Entre 2 Personas,Q16 - Q20,Sí,Sí,Argentina,Definitivamente no,España,Jude Bellingham; Lionel Messi; Neymar Jr.,Una selección nacional,Producto gratis,No,Edición Mundial Fifa 2026,Moderada,Espectador Pasivo,Jóvenes (<25)
752,2026-02-03,09:50:36,35 - 44 Años,Masculino,Chimaltenango,Chimaltenango,Estudiante,3 A 5 Veces Por Semana,Supermercado,Compañeros de trabajo,Q51 - Q100,Hot Stadium Peanuts; CrunchMax BBQ,Salado Tradicional,Familiar,Q16 - Q20,Sí,Sí,Uruguay,Tal vez,España,Neymar Jr.,Humor,Producto gratis,Sí,Edición Mundial Fifa 2026,Premium Alta,Casual,Adulto Maduro (35-54)
753,2026-02-25,17:02:12,18 - 24 Años,Femenino,Escuintla,Escuintla,Comerciante,Todos Los Días,Gasolinera,Amigos,Q101 - Q150,CrunchMax BBQ; Gol Nachos Supreme,Barbacoa,Individual,Q16 - Q20,No,Sí,Francia,Probablemente sí,Inglaterra,Lionel Messi,Historias de aficionados,2x1,No,Edición Inglaterra,Sensible Al Precio,Casual,Jóvenes (<25)
754,2026-03-28,07:40:22,25 - 34 Años,Femenino,Guatemala,Villa Nueva,Estudiante,3 A 5 Veces Por Semana,Tienda de barrio,Amigos,Q25 - Q50,Hot Stadium Peanuts; CrunchMax BBQ,Chocolate,Familiar,Q16 - Q20,No,Sí,España,Tal vez,Argentina,Julián Álvarez; Neymar Jr.; Vinícius Júnior,Historias de aficionados,2x1,No,Edición Con Tarjetas Coleccionables,Moderada,Espectador Pasivo,Adulto Joven (25-34)
755,2026-04-02,07:03:06,55 Años O Más,Masculino,Guatemala,Mixco,Empresario,1 A 2 Veces Por Semana,Supermercado,Familia,Q51 - Q100,CrunchMax BBQ; Gol Nachos Supreme; Mundialitos Queso Picante,Salado Tradicional,Tamaño Fiesta O Reunión,Q16 - Q20,Sí,Sí,España,Tal vez,Portugal,Lionel Messi,Premios y sorteos,Tarjetas coleccionables,Sí,Edición Mundial Fifa 2026,Premium Alta,Casual,Adulto Mayor (55+)
756,2026-03-18,17:26:10,25 - 34 Años,Masculino,Suchitepéquez,Cabecera municipal,Empleado Privado,1 A 2 Veces Por Semana,Tienda de barrio,Solo,Q25 - Q50,CrunchMax BBQ,Picante Chapín,Familiar,Más De Q30,No,Sí,Argentina,Definitivamente sí, ARGENTINA ,Cristiano Ronaldo,Historias de aficionados,2x1,Sí,Edición Argentina,Moderada,Casual,Adulto Joven (25-34)
757,2026-04-16,08:49:08,18 - 24 Años,Femenino,Chimaltenango,Patzún,Empleado Público,3 A 5 Veces Por Semana,Otro,Familia,Menos De Q25,Gol Nachos Supreme; Fan Chips Jalapeño; ChocoKick Bites,Chocolate,Para Compartir Entre 2 Personas,Q21 - Q30,No,Sí,Brasil,Definitivamente sí,Francia,Neymar Jr.; Cristiano Ronaldo; Kylian Mbappé,Historias de aficionados,Sorteo de camisetas,Sí,Edición Francia,Sensible Al Precio,Casual,Jóvenes (<25)
758,2026-03-20,21:12:21,35 - 44 Años,Femenino,Guatemala,Guatemala,Empleado Privado,Varias Veces Al Mes,Gasolinera,Familia,Q25 - Q50,ChocoKick Bites; Gol Nachos Supreme,Chocolate,Tamaño Fiesta O Reunión,Q10 - Q15,Sí,Sí,Inglaterra,Definitivamente sí,Francia,Neymar Jr.,Un jugador famoso,Sorteo de camisetas,Sí,Edición España,Moderada,Casual,Adulto Maduro (35-54)
759,2026-01-21,11:31:05,55 Años O Más,Femenino,Escuintla, SANTA LUCÍA COTZUMALGUAPA ,Estudiante,Varias Veces Al Mes,Supermercado,Amigos,Más De Q150,CrunchMax BBQ; Gol Nachos Supreme; FutbolMix,Jalapeño,Para Compartir Entre 2 Personas,Q16 - Q20,No,Sí,México,Probablemente sí,España,Rodri; Cristiano Ronaldo,Una selección nacional,Descuento directo,Sí,Edición Mundial Fifa 2026,Sensible Al Precio,Fanático Target (Alto),Adulto Mayor (55+)
760,2026-02-03,12:07:01,18 - 24 Años,Femenino,Guatemala,Mixco,Profesional Independiente,3 A 5 Veces Por Semana,Supermercado,Familia,Menos De Q25,Hot Stadium Peanuts; FutbolMix; Mundialitos Queso Picante,Queso,Individual,Q16 - Q20,Sí,Sí,Brasil,Definitivamente sí,Inglaterra,Federico Valverde,Una selección nacional,Producto gratis,Sí,Edición Con Jugadores Famosos,Moderada,Casual,Jóvenes (<25)
761,2026-02-09,17:22:12,35 - 44 Años,Masculino,Huehuetenango,Otro municipio,Empleado Privado,1 A 2 Veces Por Semana,Tienda de barrio,Compañeros de trabajo,Q25 - Q50,Gol Nachos Supreme,Salado Tradicional,Para Compartir Entre 2 Personas,Q21 - Q30,No,Sí,España,Probablemente no,Inglaterra,Julián Álvarez; Lionel Messi; Neymar Jr.,Premios y sorteos,2x1,Sí,Edición Con Jugadores Famosos,Moderada,Casual,Adulto Maduro (35-54)
762,2026-03-14,10:50:16,45 - 54 Años,Masculino,Guatemala,Guatemala,Empresario,Todos Los Días,Tienda de barrio,Amigos,Q101 - Q150,Gol Nachos Supreme; CrunchMax BBQ; Hot Stadium Peanuts,Caramelo,Para Compartir Entre 2 Personas,Más De Q30,Sí,Sí,Argentina,Probablemente sí,México,Ninguno; Lamine Yamal,Historias de aficionados,Producto gratis,Sí,Edición Mundial Fifa 2026,Moderada,Fanático Target (Alto),Adulto Maduro (35-54)
763,2026-04-28,15:25:01,18 - 24 Años,Masculino,Guatemala, GUATEMALA ,Empleado Privado,1 A 2 Veces Por Semana,Supermercado,Amigos,Q25 - Q50,FutbolMix; Gol Nachos Supreme; ChocoKick Bites,Jalapeño,Familiar,Q10 - Q15,Sí,Sí,Francia,Definitivamente sí,Brasil,Lionel Messi; Harry Kane,Premios y sorteos,2x1,No,Edición Brasil,Moderada,Espectador Pasivo,Jóvenes (<25)
764,2026-02-20,20:17:43,25 - 34 Años,Femenino,Quetzaltenango,Coatepeque,Empleado Público,Todos Los Días,Kiosco escolar/universitario,Amigos,Q25 - Q50,Fan Chips Jalapeño; Energy Crunch Protein,Barbacoa,Familiar,Q10 - Q15,Sí,Sí,Estados Unidos,Probablemente sí, ESTADOS UNIDOS ,Lionel Messi; Vinícius Júnior; Cristiano Ronaldo,Un jugador famoso,Sorteo de balones,No,Edición Brasil,Moderada,Casual,Adulto Joven (25-34)
765,2026-01-31,13:55:06,35 - 44 Años,Masculino,Guatemala,San Miguel Petapa,Empleado Privado,1 A 2 Veces Por Semana,Tienda de barrio,Familia,Más De Q150,Fan Chips Jalapeño,Queso,Familiar,Q16 - Q20,Sí,Sí,Brasil,Tal vez,Brasil,Kylian Mbappé; Federico Valverde,Un jugador famoso,Descuento directo,No,Edición España,Moderada,Espectador Pasivo,Adulto Maduro (35-54)
766,2026-01-13,11:39:07,18 - 24 Años,Femenino,Alta Verapaz, CABECERA MUNICIPAL ,Empresario,Varias Veces Al Mes,Gasolinera,Amigos,Q25 - Q50,Victory Pretzels,Picante Chapín,Tamaño Fiesta O Reunión,Q16 - Q20,Sí,Sí,Estados Unidos,Tal vez,México,Lamine Yamal,Una selección nacional,Sorteo de balones,Sí,Edición Argentina,Moderada,Casual,Jóvenes (<25)
767,2026-02-20,19:21:10,18 - 24 Años,Masculino,Jalapa,,Empleado Público,Varias Veces Al Mes,Aplicación de delivery,Compañeros de trabajo,Q101 - Q150,Hot Stadium Peanuts; Gol Nachos Supreme,Queso,Para Compartir Entre 2 Personas,Q16 - Q20,No,Sí,Francia,Definitivamente sí,México,Kylian Mbappé; Cristiano Ronaldo; Jude Bellingham,Un jugador famoso,Sorteo de camisetas,Sí,Edición Con Tarjetas Coleccionables,Sensible Al Precio,Casual,Jóvenes (<25)
768,2026-04-30,07:37:36,35 - 44 Años,Femenino,Chimaltenango,Patzún,,1 A 2 Veces Por Semana,Supermercado,Familia,Q51 - Q100,Caramel Goal Popcorn,Queso,Familiar,Más De Q30,Sí,No,Paraguay,Probablemente sí,Argentina,Kylian Mbappé; Cristiano Ronaldo,Humor,Descuento directo,Sí,Edición Francia,Premium Alta,Espectador Pasivo,Adulto Maduro (35-54)
769,2026-03-14,07:38:16,25 - 34 Años,Femenino,Guatemala,San Miguel Petapa,Empleado Privado,3 A 5 Veces Por Semana,Aplicación de delivery,Compañeros de trabajo,Más De Q150,ChocoKick Bites; FutbolMix; Gol Nachos Supreme,Jalapeño,Para Compartir Entre 2 Personas,Q10 - Q15,Sí,Sí,Portugal,Probablemente no,Portugal,Cristiano Ronaldo,Premios y sorteos,Descuento directo,Sí,Edición Argentina,Moderada,Casual,Adulto Joven (25-34)
770,2026-01-19,10:40:41,25 - 34 Años,Masculino,Sacatepéquez,Ciudad Vieja,Empleado Privado,1 A 2 Veces Por Semana,Supermercado,Amigos,Q25 - Q50,Gol Nachos Supreme; Hot Stadium Peanuts; Mundialitos Queso Picante,Barbacoa,Para Compartir Entre 2 Personas,Q21 - Q30,No,Sí,Argentina,Tal vez,México,Rodri,Historias de aficionados,Producto gratis,Sí,Edición Con Jugadores Famosos,Moderada,Casual,Adulto Joven (25-34)
771,2026-04-01,22:05:39,35 - 44 Años,Masculino,Guatemala,San Miguel Petapa,Comerciante,3 A 5 Veces Por Semana,Aplicación de delivery,Familia,Q101 - Q150,Hot Stadium Peanuts; Fan Chips Jalapeño; Mundialitos Queso Picante,Limón,Familiar,Q21 - Q30,No,Sí,Brasil,Definitivamente sí,Canadá,Lionel Messi,Un jugador famoso,2x1,Sí,Edición Con Jugadores Famosos,Sensible Al Precio,Casual,Adulto Maduro (35-54)
772,2026-05-10,17:20:41,18 - 24 Años,Femenino,Guatemala,San Miguel Petapa,Empleado Privado,3 A 5 Veces Por Semana,Aplicación de delivery,Familia,Menos De Q25,Mundialitos Queso Picante,Queso,Familiar,Menos De Q10,Sí,Sí,Jordania,Tal vez,Estados Unidos,Lionel Messi; Christian Pulisic; Kylian Mbappé,Un jugador famoso,2x1,Sí,Edición Francia,Moderada,Casual,Jóvenes (<25)
773,2026-02-18,18:27:09,Menos De 18 Años,Masculino,Jutiapa,Cabecera municipal,Profesional Independiente,Todos Los Días,Kiosco escolar/universitario,Amigos,Q25 - Q50,Gol Nachos Supreme,Dulce,Familiar,Q16 - Q20,Sí,Sí,Brasil,Tal vez,Argentina,Neymar Jr.,Una selección nacional,Sorteo de camisetas,Sí,Edición Con Tarjetas Coleccionables,Moderada,Casual,Jóvenes (<25)
774,2026-02-23,21:15:41,35 - 44 Años,Masculino,Guatemala,Santa Catarina Pinula,Profesional Independiente,1 A 2 Veces Por Semana,Tienda de barrio,Amigos,Q25 - Q50,Mundialitos Queso Picante; Gol Nachos Supreme; Caramel Goal Popcorn,Limón,Individual,Q16 - Q20,Sí,Sí,Inglaterra,Tal vez,México,Neymar Jr.,Un jugador famoso,Producto gratis,Sí,Edición España,Moderada,Casual,Adulto Maduro (35-54)
775,2026-02-23,16:09:35,25 - 34 Años,Masculino,Baja Verapaz,Otro municipio,Empleado Público,3 A 5 Veces Por Semana,Supermercado,Compañeros de trabajo,Menos De Q25,Mundialitos Queso Picante,Limón,Para Compartir Entre 2 Personas,Q21 - Q30,Sí,Sí,México,Probablemente sí,Brasil,Kylian Mbappé,Un jugador famoso,Sorteo de viajes,Sí,Edición Mundial Fifa 2026,Moderada,Fanático Target (Alto),Adulto Joven (25-34)
776,2026-01-14,14:35:22,25 - 34 Años,Masculino,Jutiapa,Otro municipio,Comerciante,Todos Los Días,Tienda de barrio,Amigos,Q25 - Q50,FutbolMix; Fan Chips Jalapeño; CrunchMax BBQ,Barbacoa,Familiar,Q21 - Q30,Sí,Sí,Brasil,Definitivamente sí,Colombia,Neymar Jr.; Lionel Messi; Kylian Mbappé,Premios y sorteos,2x1,Sí,Edición Con Jugadores Famosos,Moderada,Casual,Adulto Joven (25-34)
777,2026-05-06,17:04:38,18 - 24 Años,Femenino,Guatemala,San Miguel Petapa,Estudiante,Rara Vez,Aplicación de delivery,Familia,Q51 - Q100,CrunchMax BBQ,Jalapeño,Familiar,Q10 - Q15,Sí,Sí,Jordania,Definitivamente sí,Argentina,Neymar Jr.; Jude Bellingham,Un jugador famoso,2x1,Sí,Edición Mundial Fifa 2026,Premium Alta,Casual,Jóvenes (<25)
778,2026-01-24,10:25:46,18 - 24 Años,Femenino,Guatemala,Guatemala,Empleado Privado,Rara Vez,Tienda de barrio,Familia,Q51 - Q100,FutbolMix; Mundialitos Queso Picante,Limón,Tamaño Fiesta O Reunión,Menos De Q10,Sí,No,Francia,Definitivamente sí,Brasil,Kylian Mbappé; Neymar Jr.; Federico Valverde,Un jugador famoso,Sorteo de camisetas,Sí,Edición Con Jugadores Famosos,Premium Alta,Espectador Pasivo,Jóvenes (<25)
779,2026-04-29,22:05:19,18 - 24 Años,Masculino,Quetzaltenango,Olintepeque,Empleado Privado,1 A 2 Veces Por Semana,Supermercado,Compañeros de trabajo,Q25 - Q50,FutbolMix; CrunchMax BBQ; ChocoKick Bites,Dulce,Tamaño Fiesta O Reunión,Q10 - Q15,No,Sí,Portugal,Probablemente no,Colombia,Lionel Messi; Vinícius Júnior; Alphonso Davies,Un jugador famoso,Descuento directo,Sí,Edición Brasil,Moderada,Casual,Jóvenes (<25)
780,2026-05-05,14:34:31,18 - 24 Años,Masculino,Guatemala,Guatemala,Empleado Privado,Todos Los Días,Kiosco escolar/universitario,Otro,Menos De Q25,Hot Stadium Peanuts; Fan Chips Jalapeño; FutbolMix,Picante Chapín,Tamaño Fiesta O Reunión,Menos De Q10,No,Sí,Argentina,Probablemente sí,Brasil,Cristiano Ronaldo,Una selección nacional,Sorteo de camisetas,Sí,Edición Brasil,Sensible Al Precio,Fanático Target (Alto),Jóvenes (<25)
781,2026-04-16,20:08:28,25 - 34 Años,Femenino,Guatemala,San Miguel Petapa,Ama De Casa,3 A 5 Veces Por Semana,Supermercado,Amigos,Q25 - Q50,ChocoKick Bites; Hot Stadium Peanuts,Jalapeño,Familiar,Q16 - Q20,Sí,Sí,México,Definitivamente sí,España,Neymar Jr.,Humor,Descuento directo,Sí,Edición Argentina,Moderada,Casual,Adulto Joven (25-34)
782,2026-02-06,18:30:07,35 - 44 Años,Masculino,Retalhuleu,Otro municipio,Empleado Privado,1 A 2 Veces Por Semana,Supermercado,Amigos,Q51 - Q100,Mundialitos Queso Picante,Jalapeño,Individual,Q10 - Q15,No,Sí, FRANCIA ,Definitivamente sí,México,Lionel Messi; Jude Bellingham; Vinícius Júnior,Historias de aficionados,2x1,Sí,Edición Inglaterra,Moderada,Casual,Adulto Maduro (35-54)
783,2026-03-04,09:23:38,35 - 44 Años,Masculino,Guatemala,Guatemala,Empleado Privado,Todos Los Días,Tienda de barrio,Solo,Q25 - Q50,FutbolMix; Hot Stadium Peanuts,Picante Chapín,Individual,Q10 - Q15,Sí,Sí,Brasil,Probablemente sí,España,Neymar Jr.,Un jugador famoso,Descuento directo,Sí,Edición Francia,Moderada,Fanático Target (Alto),Adulto Maduro (35-54)
784,2026-04-22,12:41:30,18 - 24 Años,Masculino,Izabal,Izabal,Profesional Independiente,1 A 2 Veces Por Semana,,Familia,Q25 - Q50,Energy Crunch Protein; Fan Chips Jalapeño,Queso,Individual,Menos De Q10,Sí,Sí,Francia,Probablemente sí,Francia,Kylian Mbappé; Neymar Jr.; Vinícius Júnior,Una selección nacional,2x1,No,Edición Con Tarjetas Coleccionables,Moderada,Casual,Jóvenes (<25)
785,2026-02-17,22:52:08,25 - 34 Años,Masculino,Sacatepéquez,Sumpango,Estudiante,1 A 2 Veces Por Semana,Gasolinera,Amigos,Menos De Q25,Victory Pretzels,Queso,Para Compartir Entre 2 Personas,Q16 - Q20,No,Sí, BRASIL ,Tal vez,Argentina,Harry Kane; Jude Bellingham,Un jugador famoso,Sorteo de balones,No,Edición Mundial Fifa 2026,Sensible Al Precio,Espectador Pasivo,Adulto Joven (25-34)
786,2026-02-08,15:44:55,25 - 34 Años,Masculino,Baja Verapaz,Baja Verapaz,Empleado Privado,Todos Los Días,Aplicación de delivery,Familia,Q25 - Q50,CrunchMax BBQ; Gol Nachos Supreme; Fan Chips Jalapeño,Jalapeño,Familiar,Q16 - Q20,Sí,Sí,Brasil,Definitivamente no,Colombia,Lionel Messi; Alphonso Davies; Cristiano Ronaldo,Una selección nacional,2x1,No,Edición Con Tarjetas Coleccionables,Moderada,Espectador Pasivo,Adulto Joven (25-34)
787,2026-01-18,22:58:29,25 - 34 Años,Masculino,Sacatepéquez,Ciudad Vieja,Profesional Independiente,3 A 5 Veces Por Semana,Gasolinera,Amigos,Q25 - Q50,Victory Pretzels,Queso,Familiar,Q16 - Q20,No,Sí,Argentina,Definitivamente sí,Croacia,Christian Pulisic; Cristiano Ronaldo,Un jugador famoso,Descuento directo,Sí,Edición Mundial Fifa 2026,Moderada,Casual,Adulto Joven (25-34)
788,2026-02-25,17:15:11,18 - 24 Años,Femenino,Guatemala,Santa Catarina Pinula,Ama De Casa,1 A 2 Veces Por Semana,Tienda de barrio,Solo,Q25 - Q50,Gol Nachos Supreme; Mundialitos Queso Picante; Energy Crunch Protein,Barbacoa,Familiar,Q21 - Q30,Sí,Sí,Inglaterra,Definitivamente sí,Argentina,Neymar Jr.; Alphonso Davies; Lionel Messi,Premios y sorteos,Descuento directo,No,Edición Argentina,Moderada,Espectador Pasivo,Jóvenes (<25)
789,2026-03-01,13:37:09,Menos De 18 Años,Femenino,Sacatepéquez,Ciudad Vieja,Empleado Privado,Todos Los Días,Kiosco escolar/universitario,Compañeros de trabajo,Más De Q150,Mundialitos Queso Picante; ChocoKick Bites; FutbolMix,Barbacoa,Familiar,Más De Q30,No,Sí,Portugal,Tal vez,Argentina,Harry Kane,Humor,2x1,No,Edición Brasil,Sensible Al Precio,Espectador Pasivo,Jóvenes (<25)
790,2026-03-24,17:36:29,18 - 24 Años,Masculino,Santa Rosa,Santa Rosa,Estudiante,3 A 5 Veces Por Semana,Kiosco escolar/universitario,Familia,Q51 - Q100,Gol Nachos Supreme; FutbolMix,Queso,Individual,Q21 - Q30,No,Sí,Colombia,Probablemente sí,Estados Unidos,Harry Kane,Un jugador famoso,Sorteo de balones,Sí,Edición España,Moderada,Fanático Target (Alto),Jóvenes (<25)
791,2026-02-14,09:13:04,25 - 34 Años,Masculino,Guatemala,Mixco,Profesional Independiente,Todos Los Días,Tienda de barrio,Familia,Q25 - Q50,Mundialitos Queso Picante; Energy Crunch Protein,Picante Chapín,Individual,Q10 - Q15,Sí,Sí,México,Probablemente sí,Estados Unidos,Cristiano Ronaldo; Ninguno,Un jugador famoso,Sorteo de balones,No,Edición Francia,Moderada,Casual,Adulto Joven (25-34)
792,2026-04-09,21:34:59,35 - 44 Años,Femenino,Chimaltenango,Patzún,Comerciante,1 A 2 Veces Por Semana,Kiosco escolar/universitario,Compañeros de trabajo,Q51 - Q100,Gol Nachos Supreme; Fan Chips Jalapeño,Caramelo,Familiar,Q21 - Q30,Sí,Sí,Alemania,Probablemente no,Alemania,Lionel Messi,Premios y sorteos,Sorteo de balones,No,Edición Francia,Premium Alta,Espectador Pasivo,Adulto Maduro (35-54)
793,2026-05-02,16:28:21,Menos De 18 Años,Masculino,Sacatepéquez,Sumpango,Empleado Privado,Todos Los Días,Tienda de barrio,Familia,Q25 - Q50,Victory Pretzels; Caramel Goal Popcorn; Fan Chips Jalapeño,Queso,Tamaño Fiesta O Reunión,Q21 - Q30,No,No,México,Tal vez,Portugal,Julián Álvarez; Lamine Yamal,Premios y sorteos,Descuento directo,Sí,Edición Con Jugadores Famosos,Moderada,Espectador Pasivo,Jóvenes (<25)
794,2026-03-09,16:31:52,25 - 34 Años,Femenino,Guatemala,Santa Catarina Pinula,Empleado Privado,3 A 5 Veces Por Semana,Tienda de barrio,Amigos,Menos De Q25,Fan Chips Jalapeño; Gol Nachos Supreme,Chocolate,Familiar,Q21 - Q30,Sí,Sí,Portugal,Probablemente sí,Francia,Kylian Mbappé; Ninguno,Un jugador famoso,Descuento directo,Sí,Edición Con Jugadores Famosos,Moderada,Fanático Target (Alto),Adulto Joven (25-34)
795,2026-02-20,09:40:26,35 - 44 Años,Masculino,Chimaltenango,Patzún,Comerciante,1 A 2 Veces Por Semana,Supermercado,Solo,Q25 - Q50,Hot Stadium Peanuts,Limón,Individual,Q10 - Q15,No,No,Francia,Tal vez,Congo DR,Cristiano Ronaldo; Neymar Jr.; Lamine Yamal,Historias de aficionados,Sorteo de camisetas,No,Edición Francia,Moderada,Espectador Pasivo,Adulto Maduro (35-54)
796,2026-01-30,07:52:15,25 - 34 Años,Masculino,Quetzaltenango,Quetzaltenango,Comerciante,1 A 2 Veces Por Semana,Gasolinera,Compañeros de trabajo,Q51 - Q100,Mundialitos Queso Picante,Picante Chapín,Individual,Q10 - Q15,Sí,No,México,Probablemente sí,Estados Unidos,Neymar Jr.; Lamine Yamal,Un jugador famoso,Descuento directo,No,Edición Con Jugadores Famosos,Premium Alta,Espectador Pasivo,Adulto Joven (25-34)
797,2026-02-18,07:29:11,25 - 34 Años,Masculino,Quiché,Cabecera municipal,Estudiante,3 A 5 Veces Por Semana,Tienda de barrio,Amigos,Q51 - Q100,Gol Nachos Supreme,Barbacoa,Tamaño Fiesta O Reunión,Q16 - Q20,Sí,No,Canadá,Definitivamente sí,Argentina,Kylian Mbappé,Un jugador famoso,Sorteo de viajes,Sí,Edición Mundial Fifa 2026,Premium Alta,Espectador Pasivo,Adulto Joven (25-34)
798,2026-03-14,14:00:28,45 - 54 Años,Masculino,Guatemala,Santa Catarina Pinula,Estudiante,1 A 2 Veces Por Semana,Otro,Compañeros de trabajo,Q101 - Q150,Gol Nachos Supreme; Fan Chips Jalapeño,Salado Tradicional,Tamaño Fiesta O Reunión,Menos De Q10,Sí,Sí,México,Probablemente sí,Argentina,Julián Álvarez,Premios y sorteos,Sorteo de viajes,Sí,Edición Inglaterra,Moderada,Fanático Target (Alto),Adulto Maduro (35-54)
799,2026-04-25,20:01:17,Menos De 18 Años,Femenino,Guatemala,Mixco,Empleado Privado,3 A 5 Veces Por Semana,Otro,Amigos,Q25 - Q50,Caramel Goal Popcorn,Jalapeño,Familiar,Más De Q30,Sí,Sí,Portugal,Definitivamente sí,Brasil,Lamine Yamal,Premios y sorteos,2x1,Sí,Edición Con Jugadores Famosos,Moderada,Casual,Jóvenes (<25)
800,2026-05-01,18:31:27,25 - 34 Años,Masculino,Guatemala,Guatemala,Empleado Privado,Todos Los Días,Supermercado,Familia,Menos De Q25,Fan Chips Jalapeño; Gol Nachos Supreme,Limón,Tamaño Fiesta O Reunión,Menos De Q10,Sí,Sí,Brasil,Definitivamente sí,Argentina,Jude Bellingham; Lionel Messi,Premios y sorteos,Sorteo de camisetas,Sí,Edición Inglaterra,Moderada,Casual,Adulto Joven (25-34)
801,2026-02-25,22:58:59,18 - 24 Años,Femenino,Sacatepéquez,Ciudad Vieja,Profesional Independiente,Varias Veces Al Mes,Kiosco escolar/universitario,Compañeros de trabajo,Q51 - Q100,CrunchMax BBQ; Mundialitos Queso Picante; Caramel Goal Popcorn,Barbacoa,Familiar,Q21 - Q30,Sí,Sí,México,Tal vez,Brasil,Kylian Mbappé; Alphonso Davies; Rodri,Una selección nacional,Producto gratis,Sí,Edición Argentina,Premium Alta,Casual,Jóvenes (<25)
802,2026-03-10,10:29:50,Menos De 18 Años,Femenino,Sacatepéquez,Sumpango,Estudiante,Varias Veces Al Mes,Kiosco escolar/universitario,Amigos,Más De Q150,Mundialitos Queso Picante; Victory Pretzels; CrunchMax BBQ,Queso,Para Compartir Entre 2 Personas,Q16 - Q20,Sí,Sí,Estados Unidos,Definitivamente sí,Uruguay,Lionel Messi; Jude Bellingham,Un jugador famoso,Sorteo de balones,Sí,Edición Con Jugadores Famosos,Moderada,Casual,Jóvenes (<25)
803,2026-01-27,14:53:53,18 - 24 Años,Masculino,Escuintla,Santa Lucía Cotzumalguapa,Empleado Privado,Todos Los Días,Gasolinera,Amigos,Menos De Q25,Energy Crunch Protein; Mundialitos Queso Picante,Picante Chapín,Para Compartir Entre 2 Personas,Q10 - Q15,No,Sí,Argentina,Probablemente no,México,Julián Álvarez,Historias de aficionados,Descuento directo,No,Edición Argentina,Sensible Al Precio,Espectador Pasivo,Jóvenes (<25)
804,2026-02-03,13:19:45,45 - 54 Años,Masculino,Quetzaltenango,Coatepeque,Empresario,3 A 5 Veces Por Semana,Otro,Familia,Q51 - Q100,CrunchMax BBQ,Queso,Para Compartir Entre 2 Personas,Q16 - Q20,Sí,Sí,Francia,Probablemente sí,Argentina,Neymar Jr.; Cristiano Ronaldo,Humor,Sorteo de camisetas,Sí,Edición Brasil,Premium Alta,Fanático Target (Alto),Adulto Maduro (35-54)
805,2026-01-27,19:42:11,25 - 34 Años,Femenino,Escuintla,Palín,Otro,1 A 2 Veces Por Semana,Supermercado,Familia,Q51 - Q100,Mundialitos Queso Picante,Picante Chapín,Familiar,Q21 - Q30,Sí,Sí,México,Definitivamente sí,Francia,Kylian Mbappé; Alphonso Davies,Humor,Sorteo de camisetas,No,Edición Francia,Premium Alta,Espectador Pasivo,Adulto Joven (25-34)
806,2026-01-11,21:05:14,25 - 34 Años,Masculino,Huehuetenango,Cabecera municipal,Empleado Privado,Todos Los Días,Gasolinera,Familia,Q25 - Q50,Fan Chips Jalapeño; ChocoKick Bites; Mundialitos Queso Picante,Chocolate,Individual,Q16 - Q20,Sí,Sí,Argentina,Tal vez,Argentina,Cristiano Ronaldo; Kylian Mbappé; Neymar Jr.,Un jugador famoso,Tarjetas coleccionables,Sí,Edición Brasil,Moderada,Casual,Adulto Joven (25-34)
807,2026-04-16,20:18:43,18 - 24 Años,Femenino,Sacatepéquez,Ciudad Vieja,Profesional Independiente,3 A 5 Veces Por Semana,Supermercado,Amigos,Menos De Q25,FutbolMix; Gol Nachos Supreme; Caramel Goal Popcorn,Jalapeño,Individual,Q10 - Q15,Sí,Sí,Brasil,Probablemente sí,España,Lionel Messi,Historias de aficionados,Sorteo de camisetas,Sí,Edición Con Jugadores Famosos,Moderada,Fanático Target (Alto),Jóvenes (<25)
808,2026-03-26,07:32:04,35 - 44 Años,Masculino,Baja Verapaz,Otro municipio,Comerciante,Todos Los Días,Gasolinera,Solo,Más De Q150,FutbolMix,Queso,Familiar,Q10 - Q15,No,No,Brasil,Definitivamente sí,México,Lionel Messi,Premios y sorteos,Descuento directo,No,Edición Brasil,Sensible Al Precio,Espectador Pasivo,Adulto Maduro (35-54)
809,2026-04-10,17:59:55,25 - 34 Años,Femenino,Guatemala,San Miguel Petapa,Ama De Casa,Rara Vez,Supermercado,Otro,Q51 - Q100,ChocoKick Bites; Energy Crunch Protein,Caramelo,Familiar,Q16 - Q20,Sí,Sí,Uruguay,Tal vez,Francia,Jude Bellingham; Kylian Mbappé; Lionel Messi,Un jugador famoso,2x1,Sí,Edición Con Jugadores Famosos,Premium Alta,Casual,Adulto Joven (25-34)
810,2026-03-20,20:05:29,18 - 24 Años,Femenino,Quetzaltenango,Coatepeque,,1 A 2 Veces Por Semana,Tienda de barrio,Amigos,Q25 - Q50,CrunchMax BBQ; Hot Stadium Peanuts,Picante Chapín,Familiar,Más De Q30,No,Sí,Irán,Probablemente sí,Irak,Christian Pulisic; Vinícius Júnior; Neymar Jr.,Un jugador famoso,Tarjetas coleccionables,No,Edición Argentina,Moderada,Casual,Jóvenes (<25)
811,2026-03-07,17:09:49,18 - 24 Años,Masculino,Sacatepéquez,Sumpango,Empleado Privado,3 A 5 Veces Por Semana,Tienda de barrio,Familia,Q25 - Q50,Caramel Goal Popcorn; Gol Nachos Supreme,Limón,Individual,Q21 - Q30,Sí,Sí,México,Tal vez,Portugal,Alphonso Davies; Vinícius Júnior; Rodri,Un jugador famoso,Descuento directo,Sí,Edición Brasil,Moderada,Casual,Jóvenes (<25)
812,2026-01-19,13:25:05,55 Años O Más,Masculino,Guatemala,San Miguel Petapa,Estudiante,3 A 5 Veces Por Semana,Supermercado,Otro,Menos De Q25,ChocoKick Bites; Caramel Goal Popcorn; FutbolMix,Limón,Familiar,Q10 - Q15,No,Sí,Brasil,Tal vez,Argentina,Cristiano Ronaldo,Premios y sorteos,Descuento directo,Sí,Edición Argentina,Sensible Al Precio,Casual,Adulto Mayor (55+)
813,2026-04-07,09:33:44,18 - 24 Años,Masculino,Suchitepéquez,Cabecera municipal,Empresario,Todos Los Días,Tienda de barrio,Amigos,Q25 - Q50,CrunchMax BBQ; ChocoKick Bites,Chocolate,Familiar,Q21 - Q30,Sí,Sí,México,Probablemente no,Argentina,Cristiano Ronaldo; Vinícius Júnior,Un jugador famoso,Sorteo de camisetas,No,Edición Con Jugadores Famosos,Moderada,Espectador Pasivo,Jóvenes (<25)
814,2026-02-11,08:36:14,18 - 24 Años,Masculino,Huehuetenango,Huehuetenango,Profesional Independiente,1 A 2 Veces Por Semana,Tienda de barrio,Compañeros de trabajo,Menos De Q25,Fan Chips Jalapeño; ChocoKick Bites; FutbolMix,Chocolate,Tamaño Fiesta O Reunión,Q21 - Q30,Sí,Sí, TÜRKIYE ,Definitivamente sí,España,Cristiano Ronaldo,Premios y sorteos,Descuento directo,Sí,Edición Con Tarjetas Coleccionables,Moderada,Casual,Jóvenes (<25)
815,2026-03-03,16:59:45,25 - 34 Años,Masculino,Escuintla,Santa Lucía Cotzumalguapa,Comerciante,3 A 5 Veces Por Semana,Supermercado,Amigos,Q25 - Q50,ChocoKick Bites,Barbacoa,Familiar,Q16 - Q20,Sí,Sí,México,Tal vez,Argentina,Cristiano Ronaldo; Lionel Messi; Christian Pulisic,Una selección nacional,2x1,No,Edición Mundial Fifa 2026,Moderada,Espectador Pasivo,Adulto Joven (25-34)
816,2026-03-25,09:03:50,18 - 24 Años,Prefiero No Indicarlo,Guatemala,Santa Catarina Pinula,Otro,1 A 2 Veces Por Semana,Gasolinera,Familia,Q101 - Q150,CrunchMax BBQ; Mundialitos Queso Picante,Queso,Tamaño Fiesta O Reunión,Q16 - Q20,Sí,Sí,Brasil,Probablemente no,Curaçao,Vinícius Júnior; Cristiano Ronaldo,Premios y sorteos,Producto gratis,Sí,Edición Con Tarjetas Coleccionables,Moderada,Casual,Jóvenes (<25)
817,2026-05-03,11:57:28,25 - 34 Años,Femenino,El Progreso,Cabecera municipal,Empresario,1 A 2 Veces Por Semana,Otro,Amigos,Q51 - Q100,Energy Crunch Protein; Fan Chips Jalapeño; FutbolMix,Salado Tradicional,Para Compartir Entre 2 Personas,Q10 - Q15,Sí,Sí,México,Tal vez,Brasil,Lionel Messi,Premios y sorteos,Descuento directo,Sí,Edición Con Jugadores Famosos,Premium Alta,Casual,Adulto Joven (25-34)
818,2026-02-25,07:49:42,25 - 34 Años,Femenino,Guatemala,San Miguel Petapa,Profesional Independiente,1 A 2 Veces Por Semana,Supermercado,Amigos,Q25 - Q50,ChocoKick Bites; Mundialitos Queso Picante; Fan Chips Jalapeño,Picante Chapín,Tamaño Fiesta O Reunión,Q16 - Q20,No,Sí,Estados Unidos,Tal vez,Estados Unidos,Jude Bellingham,Un jugador famoso,2x1,No,Edición Con Jugadores Famosos,Moderada,Espectador Pasivo,Adulto Joven (25-34)
819,2026-03-08,07:11:58,25 - 34 Años,Femenino,Sacatepéquez, CIUDAD VIEJA ,Comerciante,Varias Veces Al Mes,Tienda de barrio,Amigos,Q25 - Q50,Fan Chips Jalapeño; CrunchMax BBQ; Caramel Goal Popcorn,Barbacoa,Tamaño Fiesta O Reunión,Q16 - Q20,Sí,Sí,Portugal,Probablemente sí,Argentina,Cristiano Ronaldo,Una selección nacional,2x1,Sí,Edición Francia,Moderada,Fanático Target (Alto),Adulto Joven (25-34)
820,2026-02-12,17:05:00,25 - 34 Años,Femenino,Baja Verapaz,Baja Verapaz,Profesional Independiente,3 A 5 Veces Por Semana,Aplicación de delivery,Solo,Q101 - Q150,Mundialitos Queso Picante,Jalapeño,Para Compartir Entre 2 Personas,Q16 - Q20,No,Sí,Francia,Probablemente sí,Portugal,Lamine Yamal,Un jugador famoso,Sorteo de balones,Sí,Edición Argentina,Sensible Al Precio,Fanático Target (Alto),Adulto Joven (25-34)
821,2026-01-21,10:14:21,45 - 54 Años,Masculino,Chimaltenango,Chimaltenango,Empleado Privado,Todos Los Días,Tienda de barrio,Amigos,Q25 - Q50,Fan Chips Jalapeño,Queso,Tamaño Fiesta O Reunión,Q10 - Q15,No,Sí,Portugal,Definitivamente sí,México,Vinícius Júnior; Lionel Messi; Neymar Jr.,Premios y sorteos,Sorteo de viajes,No,Edición Mundial Fifa 2026,Moderada,Espectador Pasivo,Adulto Maduro (35-54)
822,2026-01-14,22:23:59,18 - 24 Años,Masculino,Chimaltenango,Patzún,Empleado Privado,Varias Veces Al Mes,Otro,Amigos,Q25 - Q50,Hot Stadium Peanuts; CrunchMax BBQ; Fan Chips Jalapeño,Chocolate,Familiar,Q16 - Q20,Sí,Sí,Suecia,Definitivamente sí,Brasil,Lionel Messi; Rodri; Jude Bellingham,Humor,2x1,Sí,Edición Argentina,Moderada,Casual,Jóvenes (<25)
823,2026-03-30,13:28:34,25 - 34 Años,Masculino,Guatemala,Mixco,Profesional Independiente,Varias Veces Al Mes,Aplicación de delivery,Otro,Q51 - Q100,Mundialitos Queso Picante,Picante Chapín,Tamaño Fiesta O Reunión,Q16 - Q20,No,Sí,Argentina,Definitivamente sí,Argentina,Federico Valverde; Neymar Jr.,Historias de aficionados,Tarjetas coleccionables,No,Edición Mundial Fifa 2026,Moderada,Espectador Pasivo,Adulto Joven (25-34)
824,2026-01-18,08:38:47,45 - 54 Años,Femenino,Quetzaltenango,Olintepeque,Empleado Privado,Todos Los Días,Supermercado,Familia,Q25 - Q50,Caramel Goal Popcorn,Barbacoa,Tamaño Fiesta O Reunión,Q16 - Q20,Sí,Sí,Francia,Definitivamente sí,Argentina,Cristiano Ronaldo; Christian Pulisic; Lionel Messi,Historias de aficionados,Descuento directo,Sí,Edición España,Moderada,Casual,Adulto Maduro (35-54)
825,2026-04-13,13:33:04,25 - 34 Años,Femenino,Guatemala,Guatemala,Estudiante,Rara Vez,Aplicación de delivery,Amigos,Menos De Q25,Victory Pretzels,Limón,Individual,Q21 - Q30,Sí,Sí,España,Probablemente no,España,Christian Pulisic; Julián Álvarez,Un jugador famoso,Tarjetas coleccionables,No,Edición España,Moderada,Espectador Pasivo,Adulto Joven (25-34)
826,2026-01-19,16:08:42,25 - 34 Años,Masculino,Suchitepéquez, CABECERA MUNICIPAL ,Empleado Privado,3 A 5 Veces Por Semana,Supermercado,Amigos,Q51 - Q100,Gol Nachos Supreme,Queso,Tamaño Fiesta O Reunión,Q21 - Q30,Sí,Sí,Francia,Definitivamente sí,México,Neymar Jr.; Federico Valverde,Una selección nacional,Descuento directo,Sí,Edición Francia,Premium Alta,Casual,Adulto Joven (25-34)
827,2026-03-30,22:08:24,35 - 44 Años,Femenino,Jalapa,Cabecera municipal,Empleado Privado,1 A 2 Veces Por Semana,Supermercado,Amigos,Menos De Q25,Energy Crunch Protein; ChocoKick Bites,Barbacoa,Tamaño Fiesta O Reunión,Q10 - Q15,No,Sí,Francia,Probablemente sí,Nueva Zelanda,Lionel Messi,Un jugador famoso,Descuento directo,Sí,Edición Argentina,Sensible Al Precio,Fanático Target (Alto),Adulto Maduro (35-54)
828,2026-03-18,18:48:24,35 - 44 Años,Masculino,Zacapa,Cabecera municipal,Empleado Privado,3 A 5 Veces Por Semana,Supermercado,Familia,Menos De Q25,Hot Stadium Peanuts; Mundialitos Queso Picante; FutbolMix,Picante Chapín,Familiar,Q10 - Q15,Sí,Sí,Argentina,Tal vez,España,Julián Álvarez,Un jugador famoso,Sorteo de balones,Sí,Edición Francia,Moderada,Casual,Adulto Maduro (35-54)
829,2026-02-08,08:05:40,25 - 34 Años,Masculino,Santa Rosa,Cabecera municipal,Empleado Privado,3 A 5 Veces Por Semana,Tienda de barrio,Solo,Q25 - Q50,Caramel Goal Popcorn,Barbacoa,Para Compartir Entre 2 Personas,Más De Q30,Sí,Sí,Portugal,Probablemente sí,México,Lionel Messi,Un jugador famoso,Descuento directo,No,Edición Mundial Fifa 2026,Moderada,Casual,Adulto Joven (25-34)
830,2026-04-14,14:42:48,18 - 24 Años,Femenino,Izabal,Cabecera municipal,Jubilado,Varias Veces Al Mes,Supermercado,Solo,Q101 - Q150,ChocoKick Bites; Victory Pretzels; Fan Chips Jalapeño,Picante Chapín,Individual,Q10 - Q15,Sí,Sí,España,Definitivamente sí,Panamá,Christian Pulisic; Lionel Messi,Premios y sorteos,2x1,No,Edición Inglaterra,Moderada,Espectador Pasivo,Jóvenes (<25)
831,2026-05-08,12:52:07,Menos De 18 Años,Femenino,Chiquimula,Cabecera municipal,Empleado Privado,3 A 5 Veces Por Semana,Supermercado,Familia,Q101 - Q150,Gol Nachos Supreme; Victory Pretzels,Barbacoa,Individual,Q10 - Q15,Sí,Sí,México,Probablemente no,Argentina,Federico Valverde; Lamine Yamal; Kylian Mbappé,Un jugador famoso,Sorteo de viajes,Sí,Edición Argentina,Moderada,Casual,Jóvenes (<25)
832,2026-04-30,22:04:36,35 - 44 Años,Femenino,Sololá,Cabecera municipal,Empresario,1 A 2 Veces Por Semana,Aplicación de delivery,Compañeros de trabajo,Menos De Q25,FutbolMix; Victory Pretzels,Chocolate,Para Compartir Entre 2 Personas,Q21 - Q30,No,Sí,Uruguay,Tal vez,Argentina,Vinícius Júnior,Una selección nacional,Sorteo de balones,No,Edición Con Jugadores Famosos,Sensible Al Precio,Espectador Pasivo,Adulto Maduro (35-54)
833,2026-03-29,09:42:23,25 - 34 Años,Masculino,Guatemala,Guatemala,Comerciante,3 A 5 Veces Por Semana,Gasolinera,Familia,Q51 - Q100,Fan Chips Jalapeño; CrunchMax BBQ; Mundialitos Queso Picante,Queso,Familiar,Q16 - Q20,Sí,Sí,Haití,Definitivamente sí,España,Lionel Messi; Neymar Jr.,Historias de aficionados,Producto gratis,Sí,Edición Con Tarjetas Coleccionables,Premium Alta,Casual,Adulto Joven (25-34)
834,2026-02-25,08:23:27,45 - 54 Años,Masculino,Chiquimula,Chiquimula,Jubilado,3 A 5 Veces Por Semana,Gasolinera,Familia,Q25 - Q50,Mundialitos Queso Picante; ChocoKick Bites; Hot Stadium Peanuts,Barbacoa,Familiar,Menos De Q10,Sí,Sí,Argentina,Definitivamente no,México,Neymar Jr.,Humor,Descuento directo,Sí,Edición Inglaterra,Moderada,Casual,Adulto Maduro (35-54)
835,2026-03-08,16:36:55,35 - 44 Años,Femenino,Chimaltenango,Patzún,Empleado Privado,1 A 2 Veces Por Semana,Supermercado,Familia,Menos De Q25,FutbolMix; Fan Chips Jalapeño,Queso,Tamaño Fiesta O Reunión,Q10 - Q15,Sí,Sí,México,Probablemente sí,Portugal,Lionel Messi; Vinícius Júnior; Neymar Jr.,Una selección nacional,Tarjetas coleccionables,No,Edición Brasil,Moderada,Casual,Adulto Maduro (35-54)
836,2026-02-02,07:54:33,35 - 44 Años,Masculino,Sacatepéquez,Sumpango,Comerciante,Todos Los Días,Aplicación de delivery,Familia,Q25 - Q50,ChocoKick Bites; Gol Nachos Supreme,Barbacoa,Tamaño Fiesta O Reunión,Q10 - Q15,Sí,Sí,Estados Unidos,Probablemente no,Argentina,Lamine Yamal; Vinícius Júnior,Un jugador famoso,2x1,Sí,Edición Francia,Moderada,Casual,Adulto Maduro (35-54)
837,2026-04-12,11:19:08,25 - 34 Años,Femenino,Guatemala,Santa Catarina Pinula,Empleado Privado,Varias Veces Al Mes,Tienda de barrio,Familia,Q25 - Q50,Fan Chips Jalapeño; Energy Crunch Protein; Gol Nachos Supreme,Barbacoa,Para Compartir Entre 2 Personas,Q16 - Q20,Sí,Sí,España,Probablemente sí,Francia,Jude Bellingham; Lionel Messi,Historias de aficionados,Sorteo de balones,Sí,Edición Mundial Fifa 2026,Moderada,Fanático Target (Alto),Adulto Joven (25-34)
838,2026-01-26,13:18:53,35 - 44 Años,Masculino,Guatemala,San Miguel Petapa,Comerciante,Todos Los Días,Tienda de barrio,Amigos,Q51 - Q100,Energy Crunch Protein; Mundialitos Queso Picante,Queso,Familiar,Q10 - Q15,Sí,Sí,Brasil,Probablemente sí, FRANCIA ,Neymar Jr.,Humor,2x1,No,Edición Mundial Fifa 2026,Premium Alta,Casual,Adulto Maduro (35-54)
839,2026-02-04,07:06:18,25 - 34 Años,Femenino,Jutiapa,Cabecera municipal,Empleado Privado,3 A 5 Veces Por Semana,Tienda de barrio,Familia,Q51 - Q100,ChocoKick Bites; Gol Nachos Supreme; Mundialitos Queso Picante,Barbacoa,Tamaño Fiesta O Reunión,Menos De Q10,Sí,Sí,Brasil,Tal vez,Inglaterra,Cristiano Ronaldo; Federico Valverde; Lamine Yamal,Premios y sorteos,Tarjetas coleccionables,Sí,Edición Brasil,Premium Alta,Casual,Adulto Joven (25-34)
840,2026-01-23,22:47:21,18 - 24 Años,Femenino,Guatemala,San Miguel Petapa,Comerciante,1 A 2 Veces Por Semana,Supermercado,Otro,Q25 - Q50,ChocoKick Bites; Fan Chips Jalapeño; Gol Nachos Supreme,Chocolate,Individual,Q16 - Q20,No,Sí,Francia,Probablemente sí,Brasil,Lionel Messi; Cristiano Ronaldo; Jude Bellingham,Una selección nacional,Descuento directo,No,Edición Brasil,Moderada,Casual,Jóvenes (<25)
841,2026-05-10,22:29:52,35 - 44 Años,Masculino,Guatemala,Santa Catarina Pinula,Profesional Independiente,1 A 2 Veces Por Semana,Gasolinera,Amigos,Q101 - Q150,FutbolMix; Mundialitos Queso Picante; Hot Stadium Peanuts,Limón,Tamaño Fiesta O Reunión,Q21 - Q30,No,Sí,Portugal,Definitivamente no,Inglaterra,Federico Valverde,Humor,Sorteo de balones,No,Edición España,Sensible Al Precio,Espectador Pasivo,Adulto Maduro (35-54)
842,2026-01-21,10:31:11,25 - 34 Años,Femenino,Chimaltenango,Chimaltenango,Profesional Independiente,1 A 2 Veces Por Semana,Tienda de barrio,Otro,Menos De Q25,CrunchMax BBQ,Queso,Tamaño Fiesta O Reunión,Q10 - Q15,No,Sí,España,Definitivamente sí,Inglaterra,Lamine Yamal; Cristiano Ronaldo,Una selección nacional,Tarjetas coleccionables,Sí,Edición Con Tarjetas Coleccionables,Sensible Al Precio,Casual,Adulto Joven (25-34)
843,2026-04-13,22:36:19,35 - 44 Años,Femenino,Sacatepéquez,Jocotenango,Estudiante,Varias Veces Al Mes,Gasolinera,Amigos,Q101 - Q150,Hot Stadium Peanuts,Queso,Individual,Q21 - Q30,Sí,Sí,Bosnia y Herzegovina,Definitivamente no,Noruega,Vinícius Júnior; Cristiano Ronaldo,Historias de aficionados,Descuento directo,No,Edición Argentina,Moderada,Espectador Pasivo,Adulto Maduro (35-54)
844,2026-02-13,17:35:27,35 - 44 Años,Masculino,El Progreso,Otro municipio,Estudiante,3 A 5 Veces Por Semana,Aplicación de delivery,Familia,Q101 - Q150,Mundialitos Queso Picante; FutbolMix,Limón,Familiar,Q16 - Q20,No,Sí,Inglaterra,Definitivamente sí,Brasil,Cristiano Ronaldo; Kylian Mbappé; Harry Kane,Historias de aficionados,Tarjetas coleccionables,Sí,Edición Con Tarjetas Coleccionables,Sensible Al Precio,Casual,Adulto Maduro (35-54)
845,2026-03-06,17:06:53,18 - 24 Años,Masculino,Sacatepéquez,Sumpango,Empleado Público,Todos Los Días,Tienda de barrio,Amigos,Q25 - Q50,ChocoKick Bites; Fan Chips Jalapeño,Barbacoa,Familiar,Q21 - Q30,No,Sí,España,Tal vez,Qatar,Neymar Jr.; Lionel Messi,Una selección nacional,Tarjetas coleccionables,Sí,Edición Mundial Fifa 2026,Moderada,Casual,Jóvenes (<25)
846,2026-02-26,15:38:53,18 - 24 Años,Masculino,Guatemala,Villa Nueva,Estudiante,3 A 5 Veces Por Semana,Gasolinera,Amigos,Q51 - Q100,Mundialitos Queso Picante,Jalapeño,Para Compartir Entre 2 Personas,Q16 - Q20,Sí,Sí,Portugal,Definitivamente sí,España,Cristiano Ronaldo; Lionel Messi,Historias de aficionados,Tarjetas coleccionables,Sí,Edición Francia,Premium Alta,Casual,Jóvenes (<25)
847,2026-03-23,20:18:06,25 - 34 Años,Masculino,Guatemala, VILLA NUEVA ,Empleado Privado,1 A 2 Veces Por Semana,Otro,Familia,Q101 - Q150,Mundialitos Queso Picante,Chocolate,Para Compartir Entre 2 Personas,Q16 - Q20,Sí,Sí,Alemania,Definitivamente sí,Francia,Lionel Messi; Lamine Yamal,Humor,Descuento directo,Sí,Edición Argentina,Moderada,Casual,Adulto Joven (25-34)
848,2026-03-08,20:45:50,18 - 24 Años,Femenino,Guatemala,Guatemala,Empleado Privado,Todos Los Días,Supermercado,Amigos,Menos De Q25,CrunchMax BBQ; Mundialitos Queso Picante,Jalapeño,Individual,Q16 - Q20,No,Sí,Colombia,Definitivamente sí,Curaçao,Neymar Jr.; Julián Álvarez; Lionel Messi,Una selección nacional,Tarjetas coleccionables,Sí,Edición Con Jugadores Famosos,Sensible Al Precio,Casual,Jóvenes (<25)
849,2026-01-12,16:06:25,25 - 34 Años,Masculino,Totonicapán,Totonicapán,Estudiante,3 A 5 Veces Por Semana,Tienda de barrio,Familia,Q25 - Q50,Gol Nachos Supreme,Dulce,Familiar,Q10 - Q15,No,Sí,Argentina,Tal vez,Uruguay,Cristiano Ronaldo; Kylian Mbappé,Premios y sorteos,2x1,Sí,Edición Con Jugadores Famosos,Moderada,Casual,Adulto Joven (25-34)
850,2026-03-08,14:08:03,25 - 34 Años,Masculino,Guatemala,Santa Catarina Pinula,Estudiante,1 A 2 Veces Por Semana,Tienda de barrio,Amigos,Q25 - Q50,FutbolMix; CrunchMax BBQ; Hot Stadium Peanuts,Limón,Tamaño Fiesta O Reunión,Q10 - Q15,No,Sí,Portugal,Probablemente sí,Brasil,Vinícius Júnior,Humor,Producto gratis,No,Edición Brasil,Moderada,Casual,Adulto Joven (25-34)
851,2026-01-22,07:10:59,18 - 24 Años,Femenino,Escuintla,Escuintla,Comerciante,3 A 5 Veces Por Semana,Supermercado,Amigos,Q51 - Q100,Mundialitos Queso Picante; FutbolMix,Jalapeño,Familiar,Menos De Q10,Sí,Sí,México,Probablemente no,Argentina,Cristiano Ronaldo; Jude Bellingham,Un jugador famoso,Tarjetas coleccionables,No,Edición España,Premium Alta,Espectador Pasivo,Jóvenes (<25)
852,2026-02-27,19:48:02,25 - 34 Años,Femenino,Guatemala,,Empleado Privado,Todos Los Días,Gasolinera,Solo,Q25 - Q50,Fan Chips Jalapeño; ChocoKick Bites; Mundialitos Queso Picante,Limón,Familiar,Q10 - Q15,No,Sí,Croacia,Probablemente no,Brasil,Cristiano Ronaldo,Premios y sorteos,2x1,Sí,Edición Con Jugadores Famosos,Moderada,Casual,Adulto Joven (25-34)
853,2026-04-12,09:27:40,35 - 44 Años,Femenino,Jalapa,Cabecera municipal,Estudiante,Varias Veces Al Mes,Supermercado,Familia,Menos De Q25,Caramel Goal Popcorn; FutbolMix; Hot Stadium Peanuts,Picante Chapín,Para Compartir Entre 2 Personas,Menos De Q10,Sí,Sí,Francia,Definitivamente sí,España,Neymar Jr.; Kylian Mbappé; Federico Valverde,Una selección nacional,Sorteo de balones,Sí,Edición Con Jugadores Famosos,Moderada,Casual,Adulto Maduro (35-54)
854,2026-04-02,18:14:31,18 - 24 Años,Femenino,Chimaltenango,Patzún,Empleado Público,3 A 5 Veces Por Semana,Tienda de barrio,Compañeros de trabajo,Más De Q150,CrunchMax BBQ; Mundialitos Queso Picante,Salado Tradicional,Individual,Q21 - Q30,Sí,Sí,Argentina,Definitivamente sí, BRASIL ,Lionel Messi; Kylian Mbappé; Julián Álvarez,Historias de aficionados,Descuento directo,No,Edición Mundial Fifa 2026,Moderada,Espectador Pasivo,Jóvenes (<25)
855,2026-03-24,07:48:04,35 - 44 Años,Femenino,Sacatepéquez, SUMPANGO ,Empleado Privado,3 A 5 Veces Por Semana,Tienda de barrio,Familia,Q25 - Q50,FutbolMix,Queso,Tamaño Fiesta O Reunión,Más De Q30,Sí,Sí,Francia,Tal vez,México,Neymar Jr.,Un jugador famoso,Sorteo de camisetas,Sí,Edición España,Moderada,Casual,Adulto Maduro (35-54)
856,2026-04-17,10:10:44,25 - 34 Años,Masculino,Sacatepéquez,Sumpango,Empleado Privado,1 A 2 Veces Por Semana,Supermercado,Amigos,Q51 - Q100,Caramel Goal Popcorn; Gol Nachos Supreme; Mundialitos Queso Picante,Salado Tradicional,Individual,Q16 - Q20,Sí,Sí,Portugal,Definitivamente sí,Brasil,Cristiano Ronaldo; Christian Pulisic; Vinícius Júnior,Humor,2x1,No,Edición España,Premium Alta,Espectador Pasivo,Adulto Joven (25-34)
857,2026-04-16,08:19:36,35 - 44 Años,Femenino,Guatemala,Villa Nueva,Estudiante,1 A 2 Veces Por Semana,Supermercado,Amigos,Q51 - Q100,CrunchMax BBQ; Fan Chips Jalapeño; Mundialitos Queso Picante,Chocolate,Individual,Q21 - Q30,Sí,Sí,Brasil,Tal vez,Brasil,Julián Álvarez; Lamine Yamal; Jude Bellingham,Humor,Descuento directo,Sí,Edición Francia,Premium Alta,Casual,Adulto Maduro (35-54)
858,2026-03-04,09:20:12,45 - 54 Años,Masculino,Suchitepéquez,Otro municipio,Estudiante,Todos Los Días,Gasolinera,Familia,Menos De Q25,Mundialitos Queso Picante; FutbolMix,Jalapeño,Familiar,Q21 - Q30,No,Sí,Argentina,Probablemente no,Brasil,Cristiano Ronaldo,Un jugador famoso,Producto gratis,No,Edición Mundial Fifa 2026,Sensible Al Precio,Espectador Pasivo,Adulto Maduro (35-54)
859,2026-01-28,13:27:31,18 - 24 Años,Femenino,Sacatepéquez,Antigua Guatemala,Estudiante,Rara Vez,Tienda de barrio,Familia,Q51 - Q100,Caramel Goal Popcorn,Salado Tradicional,Familiar,Q16 - Q20,Sí,Sí,Brasil,Tal vez,México,Lionel Messi; Kylian Mbappé,Una selección nacional,Tarjetas coleccionables,Sí,Edición Mundial Fifa 2026,Premium Alta,Casual,Jóvenes (<25)
860,2026-04-28,19:07:50,18 - 24 Años,Masculino,Sacatepéquez, CIUDAD VIEJA ,Empleado Privado,3 A 5 Veces Por Semana,Gasolinera,Amigos,Q51 - Q100,CrunchMax BBQ,Picante Chapín,Tamaño Fiesta O Reunión,Q10 - Q15,No,Sí,Argentina,Tal vez,México,Lamine Yamal,Humor,Tarjetas coleccionables,No,Edición Con Jugadores Famosos,Moderada,Espectador Pasivo,Jóvenes (<25)
861,2026-03-22,12:32:31,25 - 34 Años,Femenino,Guatemala,Villa Nueva,Empleado Privado,3 A 5 Veces Por Semana,Tienda de barrio,Solo,Q25 - Q50,Caramel Goal Popcorn; Hot Stadium Peanuts; CrunchMax BBQ,Limón,Familiar,Q10 - Q15,Sí,Sí,Nueva Zelanda,Probablemente no,Argentina,Jude Bellingham; Rodri; Cristiano Ronaldo,Humor,Tarjetas coleccionables,Sí,Edición España,Moderada,Casual,Adulto Joven (25-34)
862,2026-01-24,12:29:53,25 - 34 Años,Femenino,Escuintla,Palín,Empleado Privado,1 A 2 Veces Por Semana,Gasolinera,Amigos,Q25 - Q50,Mundialitos Queso Picante; Victory Pretzels,Jalapeño,Familiar,Q16 - Q20,Sí,No,México,Definitivamente sí, BRASIL ,Rodri; Neymar Jr.,Un jugador famoso,Producto gratis,Sí,Edición Con Tarjetas Coleccionables,Moderada,Espectador Pasivo,Adulto Joven (25-34)
863,2026-03-23,14:54:15,18 - 24 Años,Femenino,Guatemala,Mixco,Estudiante,3 A 5 Veces Por Semana,Supermercado,Amigos,Más De Q150,Mundialitos Queso Picante; Hot Stadium Peanuts; Gol Nachos Supreme,Barbacoa,Familiar,Q21 - Q30,No,No,Canadá,Tal vez,Brasil,Lionel Messi,Premios y sorteos,Sorteo de camisetas,No,Edición Brasil,Sensible Al Precio,Espectador Pasivo,Jóvenes (<25)
864,2026-05-07,11:44:45,35 - 44 Años,Femenino,Guatemala,Villa Nueva,Empleado Privado,Varias Veces Al Mes,Tienda de barrio,Familia,Q25 - Q50,CrunchMax BBQ; Fan Chips Jalapeño; Mundialitos Queso Picante,Jalapeño,Individual,Q10 - Q15,No,Sí,México,Probablemente sí,México,Kylian Mbappé; Neymar Jr.; Vinícius Júnior,Una selección nacional,Descuento directo,No,Edición Brasil,Moderada,Casual,Adulto Maduro (35-54)
865,2026-04-17,13:47:48,45 - 54 Años,Masculino,Chimaltenango,Patzún,Otro,Rara Vez,Otro,Compañeros de trabajo,Q25 - Q50,Energy Crunch Protein,Queso,Tamaño Fiesta O Reunión,Más De Q30,No,Sí,Portugal,Probablemente sí,Portugal,Vinícius Júnior; Cristiano Ronaldo; Neymar Jr.,Un jugador famoso,Producto gratis,Sí,Edición Con Tarjetas Coleccionables,Moderada,Fanático Target (Alto),Adulto Maduro (35-54)
866,2026-04-02,12:05:43,35 - 44 Años,Femenino,Guatemala,Mixco,Empleado Público,Varias Veces Al Mes,Tienda de barrio,Familia,Q51 - Q100,Hot Stadium Peanuts,Jalapeño,Individual,Q21 - Q30,Sí,Sí,Francia,Tal vez,Argentina,Lionel Messi,Un jugador famoso,Descuento directo,No,Edición Argentina,Premium Alta,Espectador Pasivo,Adulto Maduro (35-54)
867,2026-02-17,07:46:42,45 - 54 Años,Femenino,Escuintla,Palín,Comerciante,1 A 2 Veces Por Semana,Gasolinera,Familia,Q51 - Q100,ChocoKick Bites; Gol Nachos Supreme; CrunchMax BBQ,Chocolate,Familiar,Q10 - Q15,Sí,No,Uruguay,Tal vez,Estados Unidos,Lamine Yamal,Humor,2x1,No,Edición Brasil,Premium Alta,Espectador Pasivo,Adulto Maduro (35-54)
868,2026-03-16,20:11:10,35 - 44 Años,Femenino,Guatemala,Guatemala,Estudiante,1 A 2 Veces Por Semana,Tienda de barrio,Familia,Q25 - Q50,FutbolMix,Dulce,Familiar,Q10 - Q15,No,Sí,Marruecos,Probablemente no,,Lionel Messi; Kylian Mbappé; Jude Bellingham,Historias de aficionados,Tarjetas coleccionables,No,Edición Brasil,Moderada,Espectador Pasivo,Adulto Maduro (35-54)
869,2026-04-30,22:02:03,45 - 54 Años,Femenino,Sacatepéquez,Antigua Guatemala,Estudiante,Varias Veces Al Mes,Otro,Amigos,Q101 - Q150,Fan Chips Jalapeño; Gol Nachos Supreme; Victory Pretzels,Jalapeño,Familiar,Q21 - Q30,No,Sí,Brasil,Tal vez,Alemania,Lionel Messi; Cristiano Ronaldo,Un jugador famoso,2x1,Sí,Edición Argentina,Sensible Al Precio,Casual,Adulto Maduro (35-54)
870,2026-01-12,10:24:07,25 - 34 Años,Femenino,Alta Verapaz,Otro municipio,Profesional Independiente,3 A 5 Veces Por Semana,Tienda de barrio,Amigos,Q101 - Q150,Mundialitos Queso Picante; Energy Crunch Protein,Barbacoa,Tamaño Fiesta O Reunión,Q21 - Q30,Sí,Sí,Colombia,Definitivamente sí, BRASIL ,Kylian Mbappé,Una selección nacional,Tarjetas coleccionables,No,Edición Mundial Fifa 2026,Moderada,Espectador Pasivo,Adulto Joven (25-34)
871,2026-02-13,10:03:44,Menos De 18 Años,Prefiero No Indicarlo,Escuintla,Palín,Empresario,3 A 5 Veces Por Semana,Supermercado,Amigos,Q51 - Q100,Victory Pretzels,Chocolate,Para Compartir Entre 2 Personas,Q16 - Q20,Sí,No,Senegal,Probablemente sí,Colombia,Kylian Mbappé,Un jugador famoso,Producto gratis,Sí,Edición Mundial Fifa 2026,Premium Alta,Espectador Pasivo,Jóvenes (<25)
872,2026-03-23,17:27:55,25 - 34 Años,Femenino,Guatemala,Guatemala,Empresario,1 A 2 Veces Por Semana,Kiosco escolar/universitario,Familia,Menos De Q25,Mundialitos Queso Picante; Gol Nachos Supreme,Jalapeño,Para Compartir Entre 2 Personas,Q16 - Q20,No,Sí,Uruguay,Tal vez,Argentina,Neymar Jr.; Ninguno,Historias de aficionados,Tarjetas coleccionables,Sí,Edición Mundial Fifa 2026,Sensible Al Precio,Casual,Adulto Joven (25-34)
873,2026-04-27,18:54:41,35 - 44 Años,Masculino,Guatemala,Mixco,Empleado Privado,3 A 5 Veces Por Semana,Aplicación de delivery,Amigos,Menos De Q25,Mundialitos Queso Picante; Caramel Goal Popcorn,Queso,Individual,Más De Q30,Sí,Sí,Portugal,Tal vez,Noruega,Vinícius Júnior,Una selección nacional,Sorteo de viajes,Sí,Edición Francia,Moderada,Casual,Adulto Maduro (35-54)
874,2026-01-19,15:50:56,18 - 24 Años,Masculino,Guatemala,Guatemala,Empleado Público,Varias Veces Al Mes,Supermercado,Amigos,Q101 - Q150,Gol Nachos Supreme; FutbolMix; CrunchMax BBQ,Barbacoa,Familiar,Q10 - Q15,Sí,No,México,Definitivamente sí,Francia,Vinícius Júnior,Una selección nacional,Tarjetas coleccionables,Sí,Edición Argentina,Moderada,Espectador Pasivo,Jóvenes (<25)
875,2026-03-08,11:16:05,25 - 34 Años,Femenino,Guatemala,Mixco,Empleado Privado,3 A 5 Veces Por Semana,Tienda de barrio,Solo,Más De Q150,FutbolMix; Gol Nachos Supreme; Fan Chips Jalapeño,Queso,Familiar,Q16 - Q20,Sí,Sí,México,Definitivamente sí,Argentina,Jude Bellingham; Lionel Messi,Una selección nacional,Descuento directo,Sí,Edición Argentina,Moderada,Casual,Adulto Joven (25-34)
876,2026-03-09,17:42:02,18 - 24 Años,Masculino,Chimaltenango,Patzún,Profesional Independiente,3 A 5 Veces Por Semana,Supermercado,Amigos,Q101 - Q150,Fan Chips Jalapeño; FutbolMix,Picante Chapín,Tamaño Fiesta O Reunión,Q16 - Q20,Sí,Sí,Estados Unidos,Probablemente sí, ARGENTINA ,Lionel Messi,Premios y sorteos,2x1,No,Edición Con Tarjetas Coleccionables,Moderada,Casual,Jóvenes (<25)
877,2026-01-16,17:37:54,45 - 54 Años,Masculino,Guatemala,Villa Nueva,Estudiante,Todos Los Días,Gasolinera,Amigos,Menos De Q25,Gol Nachos Supreme; Victory Pretzels; Mundialitos Queso Picante,Queso,Individual,Q16 - Q20,No,Sí,Brasil,Probablemente no,Argentina,Cristiano Ronaldo; Neymar Jr.,Una selección nacional,Tarjetas coleccionables,Sí,Edición Argentina,Sensible Al Precio,Casual,Adulto Maduro (35-54)
878,2026-04-12,14:28:21,18 - 24 Años,Femenino,Chimaltenango,Patzún,Empleado Privado,3 A 5 Veces Por Semana,Supermercado,Familia,Q25 - Q50,Mundialitos Queso Picante; Caramel Goal Popcorn,Queso,Individual,Menos De Q10,Sí,Sí,Argentina,Definitivamente sí, BRASIL ,Kylian Mbappé; Lamine Yamal,Una selección nacional,2x1,Sí,Edición Con Jugadores Famosos,Moderada,Casual,Jóvenes (<25)
879,2026-01-24,14:34:46,18 - 24 Años,Masculino,Petén,San Benito,Empleado Privado,1 A 2 Veces Por Semana,Gasolinera,Compañeros de trabajo,Q51 - Q100,ChocoKick Bites; Mundialitos Queso Picante,Picante Chapín,Familiar,Q10 - Q15,No,Sí,Uruguay,Tal vez,Brasil,Harry Kane,Humor,Sorteo de camisetas,Sí,Edición Mundial Fifa 2026,Moderada,Casual,Jóvenes (<25)
880,2026-02-10,21:40:01,25 - 34 Años,Femenino,Guatemala,Santa Catarina Pinula,Ama De Casa,1 A 2 Veces Por Semana,Supermercado,Familia,Q101 - Q150,Mundialitos Queso Picante,Limón,Para Compartir Entre 2 Personas,Menos De Q10,No,Sí,Brasil,Probablemente sí,México,Vinícius Júnior,Un jugador famoso,Sorteo de camisetas,Sí,Edición Brasil,Sensible Al Precio,Fanático Target (Alto),Adulto Joven (25-34)
881,2026-03-17,20:58:38,18 - 24 Años,Femenino,Huehuetenango,Cabecera municipal,Estudiante,1 A 2 Veces Por Semana,Gasolinera,Otro,Menos De Q25,Fan Chips Jalapeño; CrunchMax BBQ,Jalapeño,Individual,Más De Q30,No,Sí,España,Probablemente sí,Alemania,Alphonso Davies; Cristiano Ronaldo,Un jugador famoso,2x1,Sí,Edición Brasil,Sensible Al Precio,Fanático Target (Alto),Jóvenes (<25)
882,2026-03-15,15:58:04,45 - 54 Años,Femenino,Chimaltenango,Chimaltenango,Estudiante,3 A 5 Veces Por Semana,Tienda de barrio,Familia,Q25 - Q50,Hot Stadium Peanuts; Gol Nachos Supreme; Fan Chips Jalapeño,Barbacoa,Individual,Más De Q30,No,Sí,Argentina,Probablemente sí,Uzbekistán,Kylian Mbappé; Rodri; Neymar Jr.,Premios y sorteos,Sorteo de balones,Sí,Edición Brasil,Moderada,Fanático Target (Alto),Adulto Maduro (35-54)
883,2026-03-08,17:28:22,18 - 24 Años,Masculino,Guatemala,Mixco,Estudiante,Varias Veces Al Mes,Gasolinera,Familia,Q101 - Q150,Victory Pretzels; Fan Chips Jalapeño,Barbacoa,Individual,Q21 - Q30,Sí,Sí,España,Probablemente sí,Argentina,Neymar Jr.; Cristiano Ronaldo; Federico Valverde,Una selección nacional,Descuento directo,Sí,Edición Brasil,Moderada,Fanático Target (Alto),Jóvenes (<25)
884,2026-02-06,20:18:23,25 - 34 Años,Masculino,Guatemala,Mixco,Ama De Casa,Todos Los Días,Supermercado,Amigos,Menos De Q25,Gol Nachos Supreme; Caramel Goal Popcorn; FutbolMix,Limón,Familiar,Q21 - Q30,No,Sí,Croacia,Probablemente sí,Suecia,Cristiano Ronaldo; Lionel Messi; Vinícius Júnior,Historias de aficionados,Sorteo de camisetas,Sí,Edición Mundial Fifa 2026,Sensible Al Precio,Fanático Target (Alto),Adulto Joven (25-34)
885,2026-04-20,22:20:02,18 - 24 Años,Masculino,San Marcos,Cabecera municipal,Empleado Público,Varias Veces Al Mes,Tienda de barrio,Familia,Q25 - Q50,Fan Chips Jalapeño,Barbacoa,Familiar,Q10 - Q15,Sí,Sí,Brasil,Tal vez,Francia,Cristiano Ronaldo; Vinícius Júnior; Neymar Jr.,Humor,Sorteo de viajes,No,Edición Inglaterra,Moderada,Espectador Pasivo,Jóvenes (<25)
886,2026-05-03,17:12:24,25 - 34 Años,Masculino,Guatemala,Villa Nueva,Empleado Público,Todos Los Días,Kiosco escolar/universitario,Amigos,Q101 - Q150,Hot Stadium Peanuts; ChocoKick Bites,Barbacoa,Tamaño Fiesta O Reunión,Q16 - Q20,No,No,México,Probablemente sí,Argentina,Cristiano Ronaldo; Lamine Yamal; Vinícius Júnior,Un jugador famoso,Sorteo de camisetas,No,Edición Con Tarjetas Coleccionables,Sensible Al Precio,Espectador Pasivo,Adulto Joven (25-34)
95,2026-03-18,07:22:43,25 - 34 Años,Masculino,Guatemala,,Ama De Casa,Varias Veces Al Mes,Otro,Familia,Más De Q150,Fan Chips Jalapeño; CrunchMax BBQ,Limón,Individual,Menos De Q10,Sí,Sí,España,Definitivamente sí,Austria,Lionel Messi; Alphonso Davies; Neymar Jr.,Un jugador famoso,Sorteo de viajes,No,Edición Mundial Fifa 2026,Moderada,Espectador Pasivo,Adulto Joven (25-34)
888,2026-03-29,14:27:16,55 Años O Más,Femenino,Quetzaltenango,Olintepeque,Profesional Independiente,1 A 2 Veces Por Semana,Aplicación de delivery,Otro,Q25 - Q50,Fan Chips Jalapeño; Mundialitos Queso Picante; Gol Nachos Supreme,Caramelo,Tamaño Fiesta O Reunión,Q16 - Q20,Sí,Sí,Argentina,Probablemente sí,Brasil,Vinícius Júnior; Kylian Mbappé,Un jugador famoso,Producto gratis,Sí,Edición Mundial Fifa 2026,Moderada,Fanático Target (Alto),Adulto Mayor (55+)
889,2026-02-09,20:05:37,55 Años O Más,Femenino,San Marcos,San Marcos,,1 A 2 Veces Por Semana,Tienda de barrio,Otro,Q101 - Q150,CrunchMax BBQ,Queso,Familiar,Q16 - Q20,Sí,Sí,Uruguay,Tal vez,Corea del Sur,Lamine Yamal,Una selección nacional,2x1,Sí,Edición Argentina,Moderada,Casual,Adulto Mayor (55+)
890,2026-04-25,09:20:32,45 - 54 Años,Masculino,Guatemala,Mixco,Ama De Casa,Varias Veces Al Mes,Aplicación de delivery,Familia,Q25 - Q50,Energy Crunch Protein; Fan Chips Jalapeño; Victory Pretzels,Jalapeño,Individual,Más De Q30,Sí,Sí,México,Definitivamente sí,Panamá,Lionel Messi; Cristiano Ronaldo; Jude Bellingham,Una selección nacional,2x1,Sí,Edición Francia,Moderada,Casual,Adulto Maduro (35-54)
891,2026-04-20,09:39:24,25 - 34 Años,Femenino,Guatemala,Mixco,Ama De Casa,1 A 2 Veces Por Semana,Supermercado,Solo,Q25 - Q50,Caramel Goal Popcorn; CrunchMax BBQ; FutbolMix,Chocolate,Individual,Q10 - Q15,No,Sí,Inglaterra,Tal vez, BRASIL ,Julián Álvarez; Vinícius Júnior,Un jugador famoso,Sorteo de camisetas,Sí,Edición Con Jugadores Famosos,Moderada,Casual,Adulto Joven (25-34)
892,2026-03-28,08:36:01,55 Años O Más,Masculino,Chiquimula,Otro municipio,Empleado Privado,Varias Veces Al Mes,Otro,Amigos,Q51 - Q100,Mundialitos Queso Picante; FutbolMix,Queso,Familiar,Q10 - Q15,Sí,Sí,Senegal,Tal vez,Argentina,Alphonso Davies; Lionel Messi,Una selección nacional,2x1,Sí,Edición Con Jugadores Famosos,Premium Alta,Casual,Adulto Mayor (55+)
893,2026-04-23,08:35:26,18 - 24 Años,Femenino,El Progreso,Otro municipio,Empleado Privado,Rara Vez,Tienda de barrio,Amigos,Q25 - Q50,Hot Stadium Peanuts; FutbolMix; Energy Crunch Protein,Chocolate,Familiar,Menos De Q10,Sí,Sí,Congo DR,Tal vez,Portugal,Federico Valverde; Lionel Messi; Cristiano Ronaldo,Un jugador famoso,Sorteo de camisetas,Sí,Edición Argentina,Moderada,Casual,Jóvenes (<25)
894,2026-04-17,13:35:27,45 - 54 Años,Masculino,Guatemala,Santa Catarina Pinula,Ama De Casa,1 A 2 Veces Por Semana,Supermercado,Amigos,Q25 - Q50,Fan Chips Jalapeño; Gol Nachos Supreme,Limón,Individual,Q16 - Q20,No,Sí,Estados Unidos,Tal vez,Argentina,Lamine Yamal; Neymar Jr.; Lionel Messi,Historias de aficionados,2x1,Sí,Edición Inglaterra,Moderada,Casual,Adulto Maduro (35-54)
895,2026-01-13,15:35:07,25 - 34 Años,Femenino,Guatemala,San Miguel Petapa,Comerciante,Todos Los Días,Supermercado,Familia,Q51 - Q100,Gol Nachos Supreme; Mundialitos Queso Picante; CrunchMax BBQ,Caramelo,Familiar,Q16 - Q20,Sí,Sí,Francia,Probablemente sí,Brasil,Lamine Yamal,Historias de aficionados,2x1,Sí,Edición Con Tarjetas Coleccionables,Premium Alta,Fanático Target (Alto),Adulto Joven (25-34)
896,2026-03-16,14:12:41,35 - 44 Años,Femenino,Guatemala,San Miguel Petapa,Empleado Privado,1 A 2 Veces Por Semana,Supermercado,Familia,Q51 - Q100,Gol Nachos Supreme; Caramel Goal Popcorn,Barbacoa,Individual,Q10 - Q15,Sí,Sí,Brasil,Tal vez,Brasil,Jude Bellingham; Lionel Messi; Christian Pulisic,Un jugador famoso,2x1,No,Edición Con Jugadores Famosos,Premium Alta,Espectador Pasivo,Adulto Maduro (35-54)
897,2026-05-03,09:18:18,35 - 44 Años,Masculino,Jalapa,Jalapa,Profesional Independiente,1 A 2 Veces Por Semana,Tienda de barrio,Familia,Q101 - Q150,CrunchMax BBQ; Gol Nachos Supreme; Mundialitos Queso Picante,Queso,Para Compartir Entre 2 Personas,Q16 - Q20,No,Sí,Estados Unidos,Probablemente sí,Estados Unidos,Kylian Mbappé,Un jugador famoso,Sorteo de camisetas,Sí,Edición Con Jugadores Famosos,Sensible Al Precio,Fanático Target (Alto),Adulto Maduro (35-54)
898,2026-02-19,12:12:30,35 - 44 Años,Masculino,Guatemala,Villa Nueva,Estudiante,3 A 5 Veces Por Semana,Supermercado,Amigos,Menos De Q25,Mundialitos Queso Picante; CrunchMax BBQ; Caramel Goal Popcorn,Dulce,Individual,Q16 - Q20,Sí,Sí,Irak,Probablemente no,Alemania,Alphonso Davies; Neymar Jr.,Una selección nacional,Sorteo de balones,Sí,Edición España,Moderada,Casual,Adulto Maduro (35-54)
899,2026-02-23,16:26:32,35 - 44 Años,Masculino,Guatemala,Guatemala,Comerciante,3 A 5 Veces Por Semana,Tienda de barrio,Amigos,Más De Q150,Mundialitos Queso Picante; FutbolMix; Energy Crunch Protein,Queso,Familiar,Q16 - Q20,Sí,Sí,Brasil,Probablemente no,Portugal,Lamine Yamal; Cristiano Ronaldo,Un jugador famoso,Tarjetas coleccionables,Sí,Edición Brasil,Moderada,Casual,Adulto Maduro (35-54)
900,2026-04-30,21:58:39,Menos De 18 Años,Femenino,Suchitepéquez,Otro municipio,Comerciante,1 A 2 Veces Por Semana,Supermercado,Amigos,Q25 - Q50,Fan Chips Jalapeño; Energy Crunch Protein,Salado Tradicional,Familiar,Q10 - Q15,No,No,Argentina,Definitivamente no,México,Lionel Messi; Neymar Jr.; Kylian Mbappé,Humor,Descuento directo,Sí,Edición Francia,Moderada,Espectador Pasivo,Jóvenes (<25)
901,2026-02-14,11:43:08,35 - 44 Años,Femenino,Chimaltenango,Patzún,Profesional Independiente,3 A 5 Veces Por Semana,Otro,Amigos,Q25 - Q50,Energy Crunch Protein; CrunchMax BBQ; Hot Stadium Peanuts,Jalapeño,Individual,Q16 - Q20,Sí,Sí,México,Probablemente sí,México,Lionel Messi; Cristiano Ronaldo; Vinícius Júnior,Un jugador famoso,2x1,No,Edición Mundial Fifa 2026,Moderada,Casual,Adulto Maduro (35-54)
902,2026-05-10,07:52:51,25 - 34 Años,Masculino,Guatemala,San Miguel Petapa,Empleado Privado,Todos Los Días,Otro,Solo,Q51 - Q100,CrunchMax BBQ; ChocoKick Bites,Picante Chapín,Tamaño Fiesta O Reunión,Menos De Q10,Sí,Sí,Francia,Definitivamente sí,Argentina,Alphonso Davies; Lionel Messi; Kylian Mbappé,Un jugador famoso,Tarjetas coleccionables,Sí,Edición España,Premium Alta,Casual,Adulto Joven (25-34)
903,2026-02-21,20:11:26,25 - 34 Años,Masculino,Guatemala,Guatemala,Comerciante,1 A 2 Veces Por Semana,Gasolinera,Amigos,Q25 - Q50,Mundialitos Queso Picante,Caramelo,Tamaño Fiesta O Reunión,Q16 - Q20,Sí,No,Brasil,Definitivamente sí,México,Lionel Messi; Kylian Mbappé; Cristiano Ronaldo,Humor,Sorteo de camisetas,No,Edición Con Jugadores Famosos,Moderada,Espectador Pasivo,Adulto Joven (25-34)
904,2026-05-05,07:10:31,35 - 44 Años,Masculino,Escuintla,Palín,Profesional Independiente,3 A 5 Veces Por Semana,Supermercado,Compañeros de trabajo,Q51 - Q100,Gol Nachos Supreme,Salado Tradicional,Tamaño Fiesta O Reunión,Q10 - Q15,Sí,Sí,Alemania,Probablemente sí,Francia,Neymar Jr.; Christian Pulisic; Vinícius Júnior,Un jugador famoso,Sorteo de camisetas,Sí,Edición Mundial Fifa 2026,Premium Alta,Fanático Target (Alto),Adulto Maduro (35-54)
905,2026-03-01,16:02:20,45 - 54 Años,Masculino,Alta Verapaz,Cabecera municipal,Empleado Privado,Varias Veces Al Mes,Gasolinera,Amigos,Q51 - Q100,FutbolMix,Picante Chapín,Tamaño Fiesta O Reunión,Q10 - Q15,Sí,Sí,Inglaterra,Definitivamente sí, INGLATERRA ,Julián Álvarez; Vinícius Júnior; Harry Kane,Una selección nacional,Producto gratis,No,Edición Francia,Premium Alta,Espectador Pasivo,Adulto Maduro (35-54)
906,2026-02-25,21:14:54,25 - 34 Años,Femenino,Sacatepéquez,Ciudad Vieja,Empleado Privado,3 A 5 Veces Por Semana,Supermercado,Otro,Menos De Q25,ChocoKick Bites,Caramelo,Tamaño Fiesta O Reunión,Q10 - Q15,Sí,Sí,Ghana,Tal vez,Colombia,Vinícius Júnior,Un jugador famoso,Descuento directo,No,Edición Brasil,Moderada,Espectador Pasivo,Adulto Joven (25-34)
907,2026-04-17,07:27:58,25 - 34 Años,Femenino,Quetzaltenango,Olintepeque,Estudiante,3 A 5 Veces Por Semana,Gasolinera,Familia,Q51 - Q100,Hot Stadium Peanuts; Gol Nachos Supreme,Picante Chapín,Familiar,,No,Sí,Portugal,Probablemente no,Brasil,Cristiano Ronaldo; Vinícius Júnior,Premios y sorteos,Producto gratis,Sí,Edición Con Tarjetas Coleccionables,Moderada,Casual,Adulto Joven (25-34)
908,2026-03-25,10:25:15,18 - 24 Años,Femenino,Escuintla,Escuintla,Empresario,Varias Veces Al Mes,Supermercado,Familia,Menos De Q25,FutbolMix; Mundialitos Queso Picante; Gol Nachos Supreme,Chocolate,Tamaño Fiesta O Reunión,Q21 - Q30,Sí,No,Portugal,Definitivamente sí,México,Lionel Messi; Vinícius Júnior; Harry Kane,Una selección nacional,Tarjetas coleccionables,Sí,Edición Francia,Moderada,Espectador Pasivo,Jóvenes (<25)
909,2026-05-10,07:49:25,35 - 44 Años,Masculino,Guatemala,Santa Catarina Pinula,Profesional Independiente,Varias Veces Al Mes,Tienda de barrio,Amigos,Q51 - Q100,Mundialitos Queso Picante,,Para Compartir Entre 2 Personas,Q10 - Q15,Sí,Sí,Argentina,Tal vez,Inglaterra,Neymar Jr.,Un jugador famoso,Tarjetas coleccionables,No,Edición Argentina,Premium Alta,Espectador Pasivo,Adulto Maduro (35-54)
910,2026-04-24,20:02:26,55 Años O Más,Femenino,Sacatepéquez,Antigua Guatemala,Empleado Privado,Todos Los Días,Tienda de barrio,Familia,Q25 - Q50,Fan Chips Jalapeño,Jalapeño,Tamaño Fiesta O Reunión,Q21 - Q30,No,Sí,Argentina,Tal vez,Portugal,Lionel Messi,Premios y sorteos,Sorteo de camisetas,No,Edición Con Tarjetas Coleccionables,Moderada,Espectador Pasivo,Adulto Mayor (55+)
911,2026-01-22,18:17:20,35 - 44 Años,Femenino,Guatemala,Mixco,Estudiante,Todos Los Días,Supermercado,Amigos,Q25 - Q50,Fan Chips Jalapeño; Caramel Goal Popcorn,Picante Chapín,Familiar,Q21 - Q30,Sí,Sí,Canadá,Probablemente sí,Francia,Neymar Jr.,Una selección nacional,Sorteo de camisetas,No,Edición Mundial Fifa 2026,Moderada,Casual,Adulto Maduro (35-54)
912,2026-01-15,18:22:22,25 - 34 Años,Femenino,Escuintla,Escuintla,Empleado Privado,1 A 2 Veces Por Semana,Tienda de barrio,Familia,Menos De Q25,Hot Stadium Peanuts; Mundialitos Queso Picante,Barbacoa,Familiar,Q21 - Q30,Sí,Sí,Brasil,Probablemente no,Brasil,Neymar Jr.,Una selección nacional,Producto gratis,Sí,Edición España,Moderada,Casual,Adulto Joven (25-34)
913,2026-02-02,19:28:28,35 - 44 Años,Masculino,Guatemala,Guatemala,Estudiante,3 A 5 Veces Por Semana,Tienda de barrio,Amigos,Q25 - Q50,Fan Chips Jalapeño; Mundialitos Queso Picante,Limón,Tamaño Fiesta O Reunión,Q16 - Q20,Sí,Sí,Argentina,Definitivamente sí,Inglaterra,Lionel Messi; Vinícius Júnior,Premios y sorteos,Tarjetas coleccionables,Sí,Edición Con Jugadores Famosos,Moderada,Casual,Adulto Maduro (35-54)
914,2026-03-31,21:32:58,25 - 34 Años,Femenino,Suchitepéquez,Suchitepéquez,Profesional Independiente,1 A 2 Veces Por Semana,,Amigos,Q51 - Q100,FutbolMix; Fan Chips Jalapeño,Barbacoa,Individual,Q21 - Q30,No,Sí,Uruguay,Definitivamente sí,Cabo Verde,Cristiano Ronaldo,Un jugador famoso,Sorteo de balones,No,Edición Inglaterra,Moderada,Espectador Pasivo,Adulto Joven (25-34)
915,2026-02-26,19:35:16,25 - 34 Años,Masculino,Guatemala,Santa Catarina Pinula,Comerciante,Rara Vez,Supermercado,Compañeros de trabajo,Q101 - Q150,Fan Chips Jalapeño,Limón,Para Compartir Entre 2 Personas,Q16 - Q20,Sí,Sí,Francia,Definitivamente no,Inglaterra,Christian Pulisic; Lionel Messi,Premios y sorteos,Tarjetas coleccionables,Sí,Edición Con Jugadores Famosos,Moderada,Casual,Adulto Joven (25-34)
916,2026-05-03,16:53:59,18 - 24 Años,Femenino,Chimaltenango,Patzún,Comerciante,Varias Veces Al Mes,Tienda de barrio,Compañeros de trabajo,Q25 - Q50,Victory Pretzels,Queso,Para Compartir Entre 2 Personas,Q10 - Q15,Sí,No,Inglaterra,Tal vez,Portugal,Cristiano Ronaldo; Lionel Messi,Un jugador famoso,2x1,Sí,Edición Mundial Fifa 2026,Moderada,Espectador Pasivo,Jóvenes (<25)
917,2026-05-05,13:38:01,25 - 34 Años,Femenino,Guatemala,Mixco,Empleado Privado,3 A 5 Veces Por Semana,Supermercado,Amigos,Q51 - Q100,Mundialitos Queso Picante,Queso,Para Compartir Entre 2 Personas,Q10 - Q15,Sí,No,Portugal,Probablemente sí,Argentina,Neymar Jr.,Una selección nacional,2x1,No,Edición Brasil,Premium Alta,Espectador Pasivo,Adulto Joven (25-34)
918,2026-01-19,07:57:31,35 - 44 Años,Femenino,Guatemala,Villa Nueva,Profesional Independiente,1 A 2 Veces Por Semana,Aplicación de delivery,Amigos,Q25 - Q50,FutbolMix; Hot Stadium Peanuts; Fan Chips Jalapeño,Salado Tradicional,Individual,Q16 - Q20,Sí,Sí,Estados Unidos,Probablemente sí,Argentina,Julián Álvarez,Premios y sorteos,Producto gratis,No,Edición Brasil,Moderada,Casual,Adulto Maduro (35-54)
919,2026-03-05,22:58:45,25 - 34 Años,Femenino,Guatemala,San Miguel Petapa,Estudiante,Todos Los Días,Tienda de barrio,Amigos,Q25 - Q50,Energy Crunch Protein,Limón,Tamaño Fiesta O Reunión,Q16 - Q20,No,Sí,Argentina,Probablemente sí,Argentina,Lionel Messi; Christian Pulisic; Federico Valverde,Premios y sorteos,2x1,Sí,Edición Con Tarjetas Coleccionables,Moderada,Fanático Target (Alto),Adulto Joven (25-34)
920,2026-01-25,22:01:15,45 - 54 Años,Femenino,Sacatepéquez,Sumpango,Comerciante,3 A 5 Veces Por Semana,Gasolinera,Compañeros de trabajo,Q51 - Q100,Caramel Goal Popcorn,Limón,Individual,Q10 - Q15,Sí,Sí,Portugal,Probablemente sí, FRANCIA ,Harry Kane; Neymar Jr.; Cristiano Ronaldo,Premios y sorteos,2x1,Sí,Edición Inglaterra,Premium Alta,Fanático Target (Alto),Adulto Maduro (35-54)
921,2026-03-02,18:28:57,45 - 54 Años,Femenino,Guatemala,Mixco,Estudiante,1 A 2 Veces Por Semana,Supermercado,Solo,Menos De Q25,Energy Crunch Protein; Mundialitos Queso Picante,Chocolate,Para Compartir Entre 2 Personas,Q16 - Q20,No,No,Francia,Probablemente sí,México,Harry Kane; Ninguno,Un jugador famoso,2x1,No,Edición Con Tarjetas Coleccionables,Sensible Al Precio,Espectador Pasivo,Adulto Maduro (35-54)
922,2026-05-03,22:06:21,18 - 24 Años,Masculino,Escuintla,Santa Lucía Cotzumalguapa,Empleado Privado,3 A 5 Veces Por Semana,Supermercado,Amigos,Q51 - Q100,FutbolMix,Jalapeño,Familiar,Menos De Q10,Sí,Sí,Bosnia y Herzegovina,Probablemente sí,Bosnia y Herzegovina,Neymar Jr.; Cristiano Ronaldo,Un jugador famoso,2x1,Sí,Edición Con Jugadores Famosos,Premium Alta,Fanático Target (Alto),Jóvenes (<25)
923,2026-03-28,22:25:47,25 - 34 Años,Femenino,Guatemala,Santa Catarina Pinula,Profesional Independiente,3 A 5 Veces Por Semana,Supermercado,Familia,Q51 - Q100,Gol Nachos Supreme,Barbacoa,Familiar,Q16 - Q20,Sí,Sí,México,Tal vez,Argentina,Federico Valverde; Lamine Yamal,Una selección nacional,Descuento directo,Sí,Edición Con Tarjetas Coleccionables,Premium Alta,Casual,Adulto Joven (25-34)
924,2026-02-01,19:19:17,18 - 24 Años,Femenino,Quetzaltenango,Coatepeque,Empleado Privado,Todos Los Días,Tienda de barrio,Amigos,Q25 - Q50,CrunchMax BBQ; Victory Pretzels,Barbacoa,Individual,Q10 - Q15,No,Sí,España,Probablemente sí,Francia,Rodri; Kylian Mbappé; Lionel Messi,Un jugador famoso,Sorteo de camisetas,No,Edición Con Jugadores Famosos,Moderada,Casual,Jóvenes (<25)
925,2026-01-20,16:27:24,18 - 24 Años,Masculino,Chimaltenango,Chimaltenango,Empleado Privado,Varias Veces Al Mes,Aplicación de delivery,Familia,Q51 - Q100,Caramel Goal Popcorn,Barbacoa,Individual,Q10 - Q15,Sí,Sí,Portugal,Tal vez,Croacia,Lionel Messi; Rodri,Un jugador famoso,Descuento directo,No,Edición Argentina,Premium Alta,Espectador Pasivo,Jóvenes (<25)
926,2026-03-26,22:54:03,25 - 34 Años,Femenino,Jalapa,Jalapa,Comerciante,Varias Veces Al Mes,Supermercado,Familia,Q25 - Q50,Gol Nachos Supreme; Hot Stadium Peanuts; CrunchMax BBQ,Picante Chapín,Familiar,Más De Q30,No,No,Egipto,Tal vez,Argentina,Jude Bellingham,Premios y sorteos,Tarjetas coleccionables,No,Edición Brasil,Moderada,Espectador Pasivo,Adulto Joven (25-34)
927,2026-03-24,18:14:27,55 Años O Más,Masculino,Zacapa, OTRO MUNICIPIO ,Otro,Todos Los Días,Supermercado,Amigos,Q25 - Q50,ChocoKick Bites; Mundialitos Queso Picante; Gol Nachos Supreme,Queso,Familiar,Más De Q30,No,No,España,Probablemente sí,Austria,Lionel Messi; Cristiano Ronaldo,Un jugador famoso,Tarjetas coleccionables,Sí,Edición Mundial Fifa 2026,Moderada,Espectador Pasivo,Adulto Mayor (55+)
928,2026-04-23,11:41:05,25 - 34 Años,Masculino,Guatemala,Villa Nueva,Otro,Todos Los Días,Supermercado,Amigos,Menos De Q25,Hot Stadium Peanuts; CrunchMax BBQ,Queso,Tamaño Fiesta O Reunión,Q10 - Q15,Sí,Sí,Uruguay,Tal vez,Argentina,Rodri; Lionel Messi,Historias de aficionados,Descuento directo,No,Edición Mundial Fifa 2026,Moderada,Espectador Pasivo,Adulto Joven (25-34)
929,2026-02-16,09:36:19,35 - 44 Años,Femenino,Baja Verapaz,Otro municipio,Estudiante,Varias Veces Al Mes,Otro,Otro,Q51 - Q100,Caramel Goal Popcorn; CrunchMax BBQ; Mundialitos Queso Picante,Picante Chapín,Individual,Más De Q30,No,No,México,Tal vez,Brasil,Lionel Messi; Federico Valverde,Historias de aficionados,Sorteo de viajes,Sí,Edición Brasil,Moderada,Espectador Pasivo,Adulto Maduro (35-54)
930,2026-02-16,21:45:13,25 - 34 Años,Masculino,Retalhuleu,Retalhuleu,Empleado Privado,3 A 5 Veces Por Semana,Tienda de barrio,Familia,Q25 - Q50,FutbolMix; CrunchMax BBQ,Limón,Para Compartir Entre 2 Personas,Q10 - Q15,Sí,Sí,Canadá,Definitivamente sí,Argentina,Julián Álvarez; Cristiano Ronaldo,Un jugador famoso,Sorteo de viajes,No,Edición Con Tarjetas Coleccionables,Moderada,Espectador Pasivo,Adulto Joven (25-34)
931,2026-02-16,12:31:02,18 - 24 Años,Masculino,Guatemala, SAN MIGUEL PETAPA ,Ama De Casa,Todos Los Días,Gasolinera,Familia,Q25 - Q50,Hot Stadium Peanuts; FutbolMix,Limón,Individual,Q10 - Q15,No,Sí,España,Definitivamente sí,México,Neymar Jr.,Premios y sorteos,Sorteo de viajes,Sí,Edición Con Jugadores Famosos,Moderada,Casual,Jóvenes (<25)
932,2026-05-07,20:04:52,18 - 24 Años,Masculino,Alta Verapaz,Alta Verapaz,Empleado Privado,1 A 2 Veces Por Semana,Gasolinera,Amigos,Q51 - Q100,Hot Stadium Peanuts; Mundialitos Queso Picante,Caramelo,Individual,Q21 - Q30,Sí,Sí,Portugal,Probablemente sí,Inglaterra,Jude Bellingham; Christian Pulisic,Un jugador famoso,Producto gratis,Sí,Edición Francia,Premium Alta,Fanático Target (Alto),Jóvenes (<25)
933,2026-01-11,22:39:54,25 - 34 Años,Femenino,San Marcos,Cabecera municipal,Empleado Privado,Varias Veces Al Mes,Gasolinera,Compañeros de trabajo,Q51 - Q100,Victory Pretzels; FutbolMix; Fan Chips Jalapeño,Limón,Para Compartir Entre 2 Personas,Menos De Q10,Sí,Sí,Brasil,Definitivamente sí,Francia,Lionel Messi; Neymar Jr.,Una selección nacional,2x1,Sí,Edición Con Tarjetas Coleccionables,Premium Alta,Casual,Adulto Joven (25-34)
934,2026-04-02,13:39:52,55 Años O Más,Masculino,Quetzaltenango,Olintepeque,Empleado Privado,1 A 2 Veces Por Semana,Kiosco escolar/universitario,Familia,Q25 - Q50,FutbolMix; Mundialitos Queso Picante,Picante Chapín,Familiar,Q10 - Q15,No,No,Costa de Marfil,Definitivamente sí,México,Lionel Messi,Un jugador famoso,2x1,Sí,Edición Con Jugadores Famosos,Moderada,Espectador Pasivo,Adulto Mayor (55+)
935,2026-03-30,19:03:55,25 - 34 Años,Femenino,Guatemala,Mixco,Empresario,3 A 5 Veces Por Semana,Tienda de barrio,Familia,Q101 - Q150,Fan Chips Jalapeño,Barbacoa,Para Compartir Entre 2 Personas,Q10 - Q15,Sí,Sí,Argentina,Probablemente sí,Argentina,Lionel Messi,Historias de aficionados,Sorteo de balones,Sí,Edición Argentina,Moderada,Fanático Target (Alto),Adulto Joven (25-34)
936,2026-02-22,22:36:38,35 - 44 Años,Masculino,Totonicapán,,Empleado Privado,1 A 2 Veces Por Semana,Supermercado,Amigos,Q101 - Q150,Victory Pretzels; FutbolMix; Fan Chips Jalapeño,Queso,Para Compartir Entre 2 Personas,Q16 - Q20,Sí,Sí,Portugal,Definitivamente sí,Argelia,Vinícius Júnior; Cristiano Ronaldo; Lionel Messi,Un jugador famoso,Sorteo de camisetas,Sí,Edición Mundial Fifa 2026,Moderada,Casual,Adulto Maduro (35-54)
937,2026-05-03,21:10:31,55 Años O Más,Masculino,Guatemala,Santa Catarina Pinula,Empleado Privado,Varias Veces Al Mes,Tienda de barrio,Amigos,Q51 - Q100,Victory Pretzels,Barbacoa,Para Compartir Entre 2 Personas,Q16 - Q20,No,Sí,Portugal,Definitivamente sí,Brasil,Jude Bellingham; Lionel Messi,Una selección nacional,Sorteo de camisetas,No,Edición Con Tarjetas Coleccionables,Moderada,Espectador Pasivo,Adulto Mayor (55+)
617,2026-05-06,11:53:11,35 - 44 Años,Femenino,Jutiapa,Otro municipio,Empleado Privado,1 A 2 Veces Por Semana,,Familia,Q51 - Q100,Mundialitos Queso Picante; CrunchMax BBQ,Limón,Para Compartir Entre 2 Personas,Q16 - Q20,Sí,Sí,Brasil,Tal vez,México,Neymar Jr.,Premios y sorteos,Sorteo de viajes,Sí,Edición Inglaterra,Premium Alta,Casual,Adulto Maduro (35-54)
939,2026-01-31,10:37:32,45 - 54 Años,Femenino,Chimaltenango,Chimaltenango,Estudiante,3 A 5 Veces Por Semana,Supermercado,Amigos,Más De Q150,Mundialitos Queso Picante; ChocoKick Bites,Picante Chapín,Tamaño Fiesta O Reunión,Q21 - Q30,No,No,Argentina,Tal vez,Inglaterra,Vinícius Júnior; Lionel Messi; Cristiano Ronaldo,Un jugador famoso,Producto gratis,Sí,Edición Con Tarjetas Coleccionables,Sensible Al Precio,Espectador Pasivo,Adulto Maduro (35-54)
940,2026-03-12,19:40:56,45 - 54 Años,Femenino,Guatemala,Guatemala,Profesional Independiente,3 A 5 Veces Por Semana,Tienda de barrio,Amigos,Q51 - Q100,Caramel Goal Popcorn; Mundialitos Queso Picante,Limón,Familiar,Q10 - Q15,Sí,Sí,Francia,Definitivamente sí,Francia,Lionel Messi; Jude Bellingham; Kylian Mbappé,Una selección nacional,Sorteo de viajes,Sí,Edición Mundial Fifa 2026,Premium Alta,Casual,Adulto Maduro (35-54)
941,2026-04-03,22:36:57,35 - 44 Años,Femenino,Sacatepéquez,Jocotenango,Estudiante,Rara Vez,Tienda de barrio,Amigos,Q51 - Q100,ChocoKick Bites,Dulce,Familiar,Menos De Q10,No,Sí,Francia,Probablemente sí,Estados Unidos,Kylian Mbappé; Christian Pulisic,Humor,2x1,Sí,Edición Brasil,Moderada,Fanático Target (Alto),Adulto Maduro (35-54)
942,2026-02-09,19:32:13,35 - 44 Años,Femenino,Sacatepéquez,Jocotenango,Ama De Casa,Rara Vez,Tienda de barrio,Familia,Q51 - Q100,Hot Stadium Peanuts; Victory Pretzels,Barbacoa,Familiar,Q16 - Q20,Sí,Sí,Arabia Saudita,Probablemente sí,Portugal,Lamine Yamal; Lionel Messi,Un jugador famoso,Sorteo de viajes,No,Edición Mundial Fifa 2026,Premium Alta,Casual,Adulto Maduro (35-54)
943,2026-02-21,07:30:22,18 - 24 Años,Masculino,Guatemala,Santa Catarina Pinula,Comerciante,Rara Vez,Tienda de barrio,Familia,Q25 - Q50,Gol Nachos Supreme,Jalapeño,Individual,Q10 - Q15,Sí,Sí,Argentina,Tal vez,Argentina,Julián Álvarez,Un jugador famoso,2x1,Sí,Edición España,Moderada,Casual,Jóvenes (<25)
944,2026-04-05,18:07:24,45 - 54 Años,Masculino,Guatemala,Santa Catarina Pinula,Otro,3 A 5 Veces Por Semana,Tienda de barrio,Compañeros de trabajo,Q25 - Q50,FutbolMix,Limón,Familiar,Más De Q30,Sí,Sí,México,Definitivamente sí,Cabo Verde,Cristiano Ronaldo; Federico Valverde; Neymar Jr.,Humor,2x1,Sí,Edición Mundial Fifa 2026,Moderada,Casual,Adulto Maduro (35-54)
945,2026-04-24,16:07:15,25 - 34 Años,Femenino,Guatemala,Villa Nueva,Empleado Privado,Rara Vez,Kiosco escolar/universitario,Familia,Q25 - Q50,FutbolMix; CrunchMax BBQ; Gol Nachos Supreme,Salado Tradicional,Individual,Q21 - Q30,Sí,No,Argentina,Probablemente sí,Uruguay,Neymar Jr.,Premios y sorteos,Sorteo de camisetas,No,Edición Francia,Moderada,Espectador Pasivo,Adulto Joven (25-34)
946,2026-03-29,09:59:49,18 - 24 Años,Femenino,Quetzaltenango,Olintepeque,Ama De Casa,Todos Los Días,Tienda de barrio,Solo,Q51 - Q100,Fan Chips Jalapeño,Picante Chapín,Para Compartir Entre 2 Personas,Q16 - Q20,No,Sí,Argentina,Tal vez,Brasil,Cristiano Ronaldo; Neymar Jr.,Humor,2x1,Sí,Edición Brasil,Moderada,Casual,Jóvenes (<25)
947,2026-01-27,10:43:16,25 - 34 Años,Masculino,Chimaltenango,Patzún,Empleado Público,1 A 2 Veces Por Semana,Kiosco escolar/universitario,Familia,Q25 - Q50,CrunchMax BBQ; Fan Chips Jalapeño,Limón,Familiar,Q16 - Q20,No,No,Argentina,Probablemente sí,Inglaterra,Kylian Mbappé; Cristiano Ronaldo,Un jugador famoso,Descuento directo,No,Edición España,Moderada,Espectador Pasivo,Adulto Joven (25-34)
948,2026-03-23,10:19:15,35 - 44 Años,Masculino,Chimaltenango,Tecpán Guatemala,Empresario,3 A 5 Veces Por Semana,Tienda de barrio,Amigos,Q25 - Q50,ChocoKick Bites; Fan Chips Jalapeño; FutbolMix,Limón,Familiar,Q16 - Q20,No,Sí,Argentina,Probablemente sí,Brasil,Neymar Jr.; Lamine Yamal,Una selección nacional,2x1,Sí,Edición Brasil,Moderada,Fanático Target (Alto),Adulto Maduro (35-54)
949,2026-03-12,10:32:21,25 - 34 Años,Masculino,Retalhuleu,Cabecera municipal,Ama De Casa,3 A 5 Veces Por Semana,Supermercado,Amigos,Q25 - Q50,CrunchMax BBQ; Energy Crunch Protein; Hot Stadium Peanuts,Jalapeño,Individual,Q16 - Q20,No,Sí,España,Probablemente sí,Francia,Lamine Yamal; Ninguno,Un jugador famoso,Descuento directo,Sí,Edición Con Tarjetas Coleccionables,Moderada,Fanático Target (Alto),Adulto Joven (25-34)
950,2026-04-22,20:18:22,45 - 54 Años,Masculino,Escuintla,Palín,Empresario,1 A 2 Veces Por Semana,Supermercado,Compañeros de trabajo,Q51 - Q100,Mundialitos Queso Picante,Chocolate,Familiar,Q10 - Q15,No,Sí,México,Definitivamente sí,Argentina,Cristiano Ronaldo; Vinícius Júnior; Julián Álvarez,Historias de aficionados,Sorteo de camisetas,No,Edición Inglaterra,Moderada,Espectador Pasivo,Adulto Maduro (35-54)
951,2026-01-25,09:14:37,35 - 44 Años,Femenino,Guate,Santa Catarina Pinula,Empleado Privado,3 A 5 Veces Por Semana,Tienda de barrio,Familia,Q25 - Q50,FutbolMix,Chocolate,Tamaño Fiesta O Reunión,Q16 - Q20,Sí,Sí,México,Definitivamente sí,Argentina,Rodri,Un jugador famoso,Sorteo de balones,Sí,Edición Inglaterra,Moderada,Casual,Adulto Maduro (35-54)
952,2026-01-20,16:58:01,25 - 34 Años,Femenino,Guatemala,San Miguel Petapa,Ama De Casa,3 A 5 Veces Por Semana,Kiosco escolar/universitario,Familia,Q51 - Q100,Gol Nachos Supreme; CrunchMax BBQ,Chocolate,Individual,Q10 - Q15,Sí,Sí,Francia,Tal vez,Argentina,Ninguno; Lionel Messi; Christian Pulisic,Una selección nacional,Sorteo de camisetas,No,Edición España,Premium Alta,Espectador Pasivo,Adulto Joven (25-34)
953,2026-02-14,09:15:22,35 - 44 Años,Masculino,Sacatepéquez,,Empleado Privado,1 A 2 Veces Por Semana,Tienda de barrio,Compañeros de trabajo,Menos De Q25,ChocoKick Bites; Hot Stadium Peanuts,Barbacoa,Para Compartir Entre 2 Personas,Q10 - Q15,No,Sí,Portugal,Definitivamente sí,Argentina,Neymar Jr.; Ninguno; Vinícius Júnior,Humor,Sorteo de camisetas,No,Edición Francia,Sensible Al Precio,Espectador Pasivo,Adulto Maduro (35-54)
954,2026-03-01,18:35:16,55 Años O Más,Femenino,Sacatepéquez,Jocotenango,Comerciante,1 A 2 Veces Por Semana,Tienda de barrio,Amigos,Más De Q150,Fan Chips Jalapeño,Queso,Familiar,Q16 - Q20,No,Sí,Inglaterra,Probablemente sí,Estados Unidos,Jude Bellingham; Ninguno; Julián Álvarez,Una selección nacional,Tarjetas coleccionables,No,Edición Con Tarjetas Coleccionables,Sensible Al Precio,Casual,Adulto Mayor (55+)
955,2026-03-05,08:46:29,18 - 24 Años,Masculino,Quetzaltenango,Olintepeque,Empresario,3 A 5 Veces Por Semana,Aplicación de delivery,Amigos,Q25 - Q50,Gol Nachos Supreme,Picante Chapín,Familiar,Q10 - Q15,Sí,Sí,Argentina,Definitivamente sí,Argentina,Lionel Messi,Una selección nacional,2x1,Sí,Edición Francia,Moderada,Casual,Jóvenes (<25)
956,2026-03-06,22:22:51,55 Años O Más,Masculino,Suchitepéquez,Cabecera municipal,Empleado Privado,3 A 5 Veces Por Semana,Kiosco escolar/universitario,Compañeros de trabajo,Q101 - Q150,Gol Nachos Supreme,Barbacoa,Familiar,Q21 - Q30,Sí,Sí,Francia,Probablemente sí,Brasil,Federico Valverde; Christian Pulisic,Una selección nacional,Sorteo de balones,Sí,Edición Argentina,Moderada,Fanático Target (Alto),Adulto Mayor (55+)
957,2026-04-22,15:56:38,18 - 24 Años,Masculino,Quetzaltenango, QUETZALTENANGO ,Otro,3 A 5 Veces Por Semana,Supermercado,Amigos,Q25 - Q50,Fan Chips Jalapeño,Limón,Tamaño Fiesta O Reunión,Q10 - Q15,No,No,México,Definitivamente sí,Argentina,Vinícius Júnior; Lamine Yamal; Kylian Mbappé,Un jugador famoso,Sorteo de viajes,Sí,Edición Con Jugadores Famosos,Moderada,Espectador Pasivo,Jóvenes (<25)
958,2026-02-04,21:52:21,25 - 34 Años,Masculino,Huehuetenango,Cabecera municipal,Comerciante,Rara Vez,Supermercado,Solo,Menos De Q25,Victory Pretzels,Jalapeño,Familiar,Q16 - Q20,No,Sí,Alemania,Definitivamente no,España,Alphonso Davies; Lionel Messi; Cristiano Ronaldo,Premios y sorteos,Descuento directo,Sí,Edición Argentina,Sensible Al Precio,Casual,Adulto Joven (25-34)
959,2026-05-03,11:39:58,55 Años O Más,Femenino,Guatemala, GUATEMALA ,Empleado Privado,1 A 2 Veces Por Semana,Supermercado,Familia,Q25 - Q50,Victory Pretzels; Energy Crunch Protein,Barbacoa,Familiar,Q16 - Q20,Sí,Sí,Argentina,Definitivamente sí,Brasil,Lamine Yamal,Un jugador famoso,Sorteo de camisetas,Sí,Edición Francia,Moderada,Casual,Adulto Mayor (55+)
960,2026-01-29,15:29:54,35 - 44 Años,Masculino,Guatemala,San Miguel Petapa,Empleado Público,3 A 5 Veces Por Semana,,Familia,Q51 - Q100,Fan Chips Jalapeño; Victory Pretzels,Limón,Individual,Q16 - Q20,Sí,No,Brasil,Definitivamente no,Argentina,Lamine Yamal; Cristiano Ronaldo; Federico Valverde,Premios y sorteos,Descuento directo,Sí,Edición Con Jugadores Famosos,Premium Alta,Espectador Pasivo,Adulto Maduro (35-54)
961,2026-03-11,10:03:44,25 - 34 Años,Femenino,Guatemala,San Miguel Petapa,Ama De Casa,Todos Los Días,Otro,Otro,Q51 - Q100,CrunchMax BBQ; Mundialitos Queso Picante; Fan Chips Jalapeño,Barbacoa,Para Compartir Entre 2 Personas,Q16 - Q20,No,Sí,México,Probablemente sí,Brasil,Kylian Mbappé; Christian Pulisic,Historias de aficionados,Producto gratis,No,Edición Con Tarjetas Coleccionables,Moderada,Casual,Adulto Joven (25-34)
962,2026-03-04,15:54:24,18 - 24 Años,Femenino,Guatemala,Guatemala,Empleado Privado,3 A 5 Veces Por Semana,Tienda de barrio,Familia,Q25 - Q50,Fan Chips Jalapeño,Queso,Para Compartir Entre 2 Personas,Q16 - Q20,Sí,Sí,España,Tal vez,Portugal,Lionel Messi; Cristiano Ronaldo,Un jugador famoso,Descuento directo,No,Edición Argentina,Moderada,Espectador Pasivo,Jóvenes (<25)
963,2026-03-14,11:01:57,25 - 34 Años,Femenino,Izabal,Izabal,Empleado Privado,Varias Veces Al Mes,Otro,Familia,Q25 - Q50,Fan Chips Jalapeño; Hot Stadium Peanuts,Picante Chapín,Familiar,Q10 - Q15,Sí,Sí,Portugal,Probablemente sí,Portugal,Lionel Messi; Kylian Mbappé; Jude Bellingham,Un jugador famoso,2x1,Sí,Edición Mundial Fifa 2026,Moderada,Fanático Target (Alto),Adulto Joven (25-34)
964,2026-01-28,19:38:27,25 - 34 Años,Femenino,Sacatepéquez,Antigua Guatemala,Ama De Casa,Todos Los Días,Supermercado,Familia,Menos De Q25,FutbolMix; Energy Crunch Protein; Gol Nachos Supreme,Picante Chapín,Individual,,Sí,Sí,Argentina,Definitivamente sí,South Africa,Vinícius Júnior; Neymar Jr.; Cristiano Ronaldo,Premios y sorteos,Tarjetas coleccionables,Sí,Edición Argentina,Moderada,Casual,Adulto Joven (25-34)
965,2026-02-10,09:02:56,25 - 34 Años,Femenino,Guatemala,Mixco,Comerciante,1 A 2 Veces Por Semana,Tienda de barrio,Amigos,Q25 - Q50,Fan Chips Jalapeño; Victory Pretzels; Mundialitos Queso Picante,Queso,Familiar,Q10 - Q15,Sí,Sí,Francia,Definitivamente sí,México,Harry Kane,Historias de aficionados,Producto gratis,No,Edición España,Moderada,Espectador Pasivo,Adulto Joven (25-34)
966,2026-03-06,09:15:00,25 - 34 Años,Masculino,Totonicapán,Otro municipio,Otro,1 A 2 Veces Por Semana,Gasolinera,Amigos,Q51 - Q100,Fan Chips Jalapeño,Barbacoa,Para Compartir Entre 2 Personas,Q16 - Q20,No,Sí,México,Definitivamente sí,Uruguay,Cristiano Ronaldo,Una selección nacional,Descuento directo,Sí,Edición Argentina,Moderada,Casual,Adulto Joven (25-34)
967,2026-02-22,17:16:40,25 - 34 Años,Femenino,Sacatepéquez,Antigua Guatemala,Estudiante,3 A 5 Veces Por Semana,Supermercado,Familia,Menos De Q25,Hot Stadium Peanuts; CrunchMax BBQ; Energy Crunch Protein,Picante Chapín,Para Compartir Entre 2 Personas,Q10 - Q15,No,Sí,Brasil,Tal vez,Argentina,Lamine Yamal,Un jugador famoso,Sorteo de camisetas,No,Edición Con Jugadores Famosos,Sensible Al Precio,Espectador Pasivo,Adulto Joven (25-34)
968,2026-04-09,12:09:46,18 - 24 Años,Masculino,Chimaltenango,Patzún,Empleado Privado,3 A 5 Veces Por Semana,Supermercado,Solo,Q25 - Q50,Fan Chips Jalapeño; Energy Crunch Protein; Mundialitos Queso Picante,Salado Tradicional,Individual,Q10 - Q15,Sí,Sí,Panamá,Probablemente sí,Congo DR,Kylian Mbappé; Lionel Messi,Historias de aficionados,2x1,No,Edición Con Jugadores Famosos,Moderada,Casual,Jóvenes (<25)
969,2026-03-18,14:52:11,Menos De 18 Años,Masculino,Escuintla,Palín,Empleado Privado,Varias Veces Al Mes,Supermercado,Solo,Q101 - Q150,Caramel Goal Popcorn; Mundialitos Queso Picante; Victory Pretzels,Limón,Familiar,Q16 - Q20,Sí,Sí,Francia,Probablemente sí,Brasil,Federico Valverde; Lionel Messi; Lamine Yamal,Historias de aficionados,Descuento directo,No,Edición Con Jugadores Famosos,Moderada,Casual,Jóvenes (<25)
970,2026-04-18,18:22:08,35 - 44 Años,Femenino,Guatemala,Villa Nueva,Comerciante,Todos Los Días,Tienda de barrio,Amigos,Más De Q150,Hot Stadium Peanuts; Fan Chips Jalapeño,Picante Chapín,Familiar,Más De Q30,Sí,Sí,Uruguay,Probablemente sí,Colombia,Cristiano Ronaldo,Una selección nacional,Sorteo de camisetas,Sí,Edición Francia,Moderada,Fanático Target (Alto),Adulto Maduro (35-54)
971,2026-05-05,19:26:26,25 - 34 Años,Femenino,Escuintla,Santa Lucía Cotzumalguapa,Profesional Independiente,1 A 2 Veces Por Semana,Kiosco escolar/universitario,Amigos,Q25 - Q50,FutbolMix; Fan Chips Jalapeño; Caramel Goal Popcorn,Queso,Individual,Q21 - Q30,Sí,Sí,Türkiye,Probablemente sí,Portugal,Kylian Mbappé,Un jugador famoso,Sorteo de camisetas,Sí,Edición Argentina,Moderada,Fanático Target (Alto),Adulto Joven (25-34)
972,2026-02-27,14:27:17,35 - 44 Años,Femenino,Guatemala,Villa Nueva,Empleado Privado,1 A 2 Veces Por Semana,Tienda de barrio,Solo,Menos De Q25,Gol Nachos Supreme; Fan Chips Jalapeño; CrunchMax BBQ,Jalapeño,Tamaño Fiesta O Reunión,Q21 - Q30,Sí,No,Portugal,Probablemente sí,Portugal,Lionel Messi; Cristiano Ronaldo; Jude Bellingham,Un jugador famoso,Producto gratis,Sí,Edición Mundial Fifa 2026,Moderada,Espectador Pasivo,Adulto Maduro (35-54)
973,2026-04-18,09:28:43,18 - 24 Años,Masculino,Guatemala,Santa Catarina Pinula,Ama De Casa,3 A 5 Veces Por Semana,Supermercado,Amigos,Q101 - Q150,ChocoKick Bites; FutbolMix; Gol Nachos Supreme,Jalapeño,Para Compartir Entre 2 Personas,Q16 - Q20,Sí,Sí,Estados Unidos,Tal vez,España,Cristiano Ronaldo; Lionel Messi,Historias de aficionados,Tarjetas coleccionables,Sí,Edición Con Jugadores Famosos,Moderada,Casual,Jóvenes (<25)
974,2026-01-12,07:25:34,Menos De 18 Años,Masculino,Guatemala,Guatemala,Empleado Privado,Varias Veces Al Mes,Tienda de barrio,Solo,Menos De Q25,Caramel Goal Popcorn,Queso,Individual,Q16 - Q20,Sí,Sí,Alemania,Probablemente sí, ALEMANIA ,Kylian Mbappé,Un jugador famoso,2x1,Sí,Edición Con Jugadores Famosos,Moderada,Fanático Target (Alto),Jóvenes (<25)
975,2026-03-21,15:38:05,45 - 54 Años,Femenino,Zacapa,Zacapa,Empleado Privado,3 A 5 Veces Por Semana,Tienda de barrio,Solo,Q25 - Q50,FutbolMix,Caramelo,Individual,Q16 - Q20,No,Sí,Bélgica,Tal vez,Brasil,Cristiano Ronaldo; Neymar Jr.,Premios y sorteos,Tarjetas coleccionables,No,Edición Con Jugadores Famosos,Moderada,Espectador Pasivo,Adulto Maduro (35-54)
976,2026-01-25,14:26:48,25 - 34 Años,Masculino,Guatemala,San Miguel Petapa,Ama De Casa,1 A 2 Veces Por Semana,Supermercado,Familia,Q25 - Q50,CrunchMax BBQ,Jalapeño,Tamaño Fiesta O Reunión,Q16 - Q20,No,Sí,Brasil,Tal vez,Brasil,Ninguno; Neymar Jr.,Una selección nacional,Tarjetas coleccionables,Sí,Edición Argentina,Moderada,Casual,Adulto Joven (25-34)
977,2026-05-09,22:24:15,35 - 44 Años,Masculino,Guatemala,Guatemala,Empleado Privado,Varias Veces Al Mes,Tienda de barrio,Amigos,Q25 - Q50,Mundialitos Queso Picante; Victory Pretzels,Jalapeño,Familiar,Q16 - Q20,No,Sí,Argentina,Tal vez,Estados Unidos,Cristiano Ronaldo; Neymar Jr.; Julián Álvarez,Un jugador famoso,Tarjetas coleccionables,Sí,Edición Argentina,Moderada,Casual,Adulto Maduro (35-54)
978,2026-04-18,13:52:36,25 - 34 Años,Femenino,Petén,Poptún,Empleado Público,Rara Vez,Supermercado,Familia,Menos De Q25,Mundialitos Queso Picante; Gol Nachos Supreme,Jalapeño,Familiar,Q21 - Q30,No,No,Uruguay,Probablemente sí,Argentina,Kylian Mbappé; Lamine Yamal; Rodri,Humor,Descuento directo,Sí,Edición Argentina,Sensible Al Precio,Espectador Pasivo,Adulto Joven (25-34)
979,2026-03-26,13:37:10,18 - 24 Años,Masculino,Guatemala,Villa Nueva,Empleado Privado,3 A 5 Veces Por Semana,Tienda de barrio,Amigos,Q101 - Q150,Mundialitos Queso Picante,Barbacoa,Familiar,Q10 - Q15,No,Sí,Portugal,Probablemente sí,Inglaterra,Lamine Yamal; Cristiano Ronaldo,Humor,Sorteo de camisetas,Sí,Edición Inglaterra,Sensible Al Precio,Fanático Target (Alto),Jóvenes (<25)
980,2026-04-20,10:30:22,18 - 24 Años,Femenino,Quetzaltenango,Coatepeque,Empleado Privado,1 A 2 Veces Por Semana,Supermercado,Compañeros de trabajo,Q51 - Q100,CrunchMax BBQ; Caramel Goal Popcorn,Caramelo,Para Compartir Entre 2 Personas,Q10 - Q15,No,Sí,México,Definitivamente sí, ESTADOS UNIDOS ,Kylian Mbappé; Vinícius Júnior; Alphonso Davies,Humor,2x1,Sí,Edición Inglaterra,Moderada,Casual,Jóvenes (<25)
981,2026-04-17,17:10:08,45 - 54 Años,Femenino,Baja Verapaz,Baja Verapaz,Estudiante,Varias Veces Al Mes,Gasolinera,Otro,Q51 - Q100,Fan Chips Jalapeño; CrunchMax BBQ; Energy Crunch Protein,Picante Chapín,Tamaño Fiesta O Reunión,Q21 - Q30,Sí,Sí,Brasil,Probablemente sí,Brasil,Lionel Messi; Neymar Jr.,Un jugador famoso,Sorteo de camisetas,No,Edición Mundial Fifa 2026,Premium Alta,Casual,Adulto Maduro (35-54)
982,2026-01-31,22:31:15,35 - 44 Años,Masculino,Guatemala,Guatemala,Empleado Privado,1 A 2 Veces Por Semana,Aplicación de delivery,Amigos,Q25 - Q50,Fan Chips Jalapeño; Mundialitos Queso Picante; Caramel Goal Popcorn,Jalapeño,Familiar,Q16 - Q20,No,Sí,México,Definitivamente sí,Bosnia y Herzegovina,Cristiano Ronaldo,Un jugador famoso,Sorteo de viajes,No,Edición Con Tarjetas Coleccionables,Moderada,Espectador Pasivo,Adulto Maduro (35-54)
983,2026-04-01,11:56:41,25 - 34 Años,Masculino,Quiché,Quiché,Estudiante,Varias Veces Al Mes,Supermercado,Amigos,Q51 - Q100,Fan Chips Jalapeño,Picante Chapín,Para Compartir Entre 2 Personas,Menos De Q10,Sí,No,Irán,Probablemente no,Francia,Cristiano Ronaldo,Un jugador famoso,Descuento directo,Sí,Edición Mundial Fifa 2026,Premium Alta,Espectador Pasivo,Adulto Joven (25-34)
984,2026-03-23,20:43:15,Menos De 18 Años,Masculino,Guatemala,Villa Nueva,Otro,1 A 2 Veces Por Semana,Supermercado,Familia,Q51 - Q100,ChocoKick Bites,Salado Tradicional,Familiar,Más De Q30,Sí,Sí,España,Definitivamente sí,Alemania,Lionel Messi; Lamine Yamal,Un jugador famoso,Descuento directo,No,Edición Argentina,Premium Alta,Espectador Pasivo,Jóvenes (<25)
985,2026-02-08,20:09:45,Menos De 18 Años,Femenino,Guatemala,San Miguel Petapa,Estudiante,3 A 5 Veces Por Semana,Supermercado,Solo,Q51 - Q100,CrunchMax BBQ,Barbacoa,Para Compartir Entre 2 Personas,Q10 - Q15,Sí,Sí,México,Probablemente sí,Francia,Neymar Jr.,Humor,Descuento directo,No,Edición Inglaterra,Premium Alta,Casual,Jóvenes (<25)
986,2026-05-05,14:36:51,55 Años O Más,Femenino,Guatemala,San Miguel Petapa,Ama De Casa,1 A 2 Veces Por Semana,Supermercado,Amigos,Q25 - Q50,Caramel Goal Popcorn; Mundialitos Queso Picante; CrunchMax BBQ,Salado Tradicional,Familiar,Q10 - Q15,Sí,Sí,Congo DR,Definitivamente sí,Argentina,Rodri; Cristiano Ronaldo,Un jugador famoso,2x1,Sí,Edición Mundial Fifa 2026,Moderada,Casual,Adulto Mayor (55+)
987,2026-02-11,11:09:07,35 - 44 Años,Masculino,Zacapa,Otro municipio,Profesional Independiente,1 A 2 Veces Por Semana,Aplicación de delivery,Familia,Menos De Q25,Victory Pretzels; Mundialitos Queso Picante,Salado Tradicional,Familiar,Q21 - Q30,Sí,Sí,Brasil,Probablemente no,México,Cristiano Ronaldo; Lamine Yamal,Un jugador famoso,Sorteo de camisetas,No,Edición Con Jugadores Famosos,Moderada,Espectador Pasivo,Adulto Maduro (35-54)
988,2026-02-17,12:35:32,Menos De 18 Años,Masculino,Guatemala,Guatemala,Estudiante,1 A 2 Veces Por Semana,Supermercado,Amigos,Menos De Q25,Fan Chips Jalapeño; Mundialitos Queso Picante,Chocolate,Para Compartir Entre 2 Personas,Q16 - Q20,Sí,Sí,México,Probablemente sí,Francia,Ninguno,Un jugador famoso,Sorteo de camisetas,No,Edición Brasil,Moderada,Casual,Jóvenes (<25)
989,2026-02-12,17:35:57,55 Años O Más,Femenino,Guatemala,,Estudiante,1 A 2 Veces Por Semana,Aplicación de delivery,Familia,Más De Q150,Mundialitos Queso Picante,Jalapeño,Individual,Q21 - Q30,Sí,Sí,Brasil,Probablemente no,Paraguay,Christian Pulisic; Lionel Messi,Un jugador famoso,Tarjetas coleccionables,No,Edición Mundial Fifa 2026,Moderada,Espectador Pasivo,Adulto Mayor (55+)
990,2026-02-15,17:25:54,18 - 24 Años,Masculino,Retalhuleu,Cabecera municipal,Empleado Público,Varias Veces Al Mes,Supermercado,Familia,Q51 - Q100,ChocoKick Bites,Salado Tradicional,Individual,Q21 - Q30,Sí,Sí,Portugal,Probablemente sí,Argentina,Lionel Messi; Jude Bellingham; Julián Álvarez,Premios y sorteos,Sorteo de balones,No,Edición Inglaterra,Premium Alta,Casual,Jóvenes (<25)
991,2026-03-28,19:18:04,25 - 34 Años,Masculino,Alta Verapaz,,Empleado Público,1 A 2 Veces Por Semana,Tienda de barrio,Compañeros de trabajo,Q25 - Q50,Gol Nachos Supreme; Energy Crunch Protein; Caramel Goal Popcorn,Queso,Familiar,Q16 - Q20,No,Sí,Argentina,Definitivamente sí,Uruguay,Kylian Mbappé; Neymar Jr.,Una selección nacional,Tarjetas coleccionables,Sí,Edición Mundial Fifa 2026,Moderada,Casual,Adulto Joven (25-34)
992,2026-02-06,12:27:01,18 - 24 Años,Masculino,Jutiapa,,Estudiante,Varias Veces Al Mes,Supermercado,Familia,Q51 - Q100,ChocoKick Bites,Queso,Para Compartir Entre 2 Personas,Más De Q30,No,No,Uruguay,Definitivamente sí,Brasil,Cristiano Ronaldo,Una selección nacional,Descuento directo,No,Edición Con Tarjetas Coleccionables,Moderada,Espectador Pasivo,Jóvenes (<25)
993,2026-02-28,12:49:12,18 - 24 Años,Masculino,Guatemala,San Miguel Petapa,Empresario,3 A 5 Veces Por Semana,Supermercado,Amigos,Menos De Q25,Gol Nachos Supreme,Barbacoa,Para Compartir Entre 2 Personas,Q16 - Q20,No,Sí,Alemania,Definitivamente sí,Argentina,Alphonso Davies,Una selección nacional,Descuento directo,No,Edición Argentina,Sensible Al Precio,Espectador Pasivo,Jóvenes (<25)
994,2026-04-04,09:31:34,25 - 34 Años,Femenino,Quetzaltenango,Coatepeque,Estudiante,Todos Los Días,Tienda de barrio,Amigos,Q51 - Q100,CrunchMax BBQ; ChocoKick Bites; Hot Stadium Peanuts,Salado Tradicional,Individual,Q21 - Q30,Sí,Sí,Inglaterra,Probablemente no,Alemania,Alphonso Davies; Vinícius Júnior,Una selección nacional,Tarjetas coleccionables,No,Edición Francia,Premium Alta,Espectador Pasivo,Adulto Joven (25-34)
995,2026-02-22,11:22:50,55 Años O Más,Masculino,Guatemala,,Estudiante,3 A 5 Veces Por Semana,Tienda de barrio,Familia,Q25 - Q50,CrunchMax BBQ,Caramelo,Familiar,Q16 - Q20,Sí,Sí,Argentina,Tal vez,Portugal,Neymar Jr.; Alphonso Davies; Cristiano Ronaldo,Humor,Tarjetas coleccionables,Sí,Edición Mundial Fifa 2026,Moderada,Casual,Adulto Mayor (55+)
996,2026-03-22,11:29:40,45 - 54 Años,Masculino,Guatemala,Guatemala,Empleado Privado,Todos Los Días,Supermercado,Compañeros de trabajo,Más De Q150,ChocoKick Bites; Mundialitos Queso Picante; Fan Chips Jalapeño,Picante Chapín,Individual,Menos De Q10,Sí,Sí,España,Probablemente sí,Países Bajos,Jude Bellingham; Lionel Messi,Una selección nacional,Descuento directo,Sí,Edición Argentina,Moderada,Fanático Target (Alto),Adulto Maduro (35-54)
997,2026-01-17,14:28:47,18 - 24 Años,Masculino,Quetzaltenango,Quetzaltenango,Empleado Privado,3 A 5 Veces Por Semana,Supermercado,Otro,Q51 - Q100,FutbolMix; Gol Nachos Supreme; Energy Crunch Protein,Picante Chapín,Familiar,Menos De Q10,Sí,Sí, CANADÁ ,Probablemente sí,Francia,Vinícius Júnior; Rodri; Julián Álvarez,Premios y sorteos,2x1,Sí,Edición Francia,Premium Alta,Fanático Target (Alto),Jóvenes (<25)
998,2026-02-27,22:00:13,35 - 44 Años,Masculino,Chimaltenango,Tecpán Guatemala,Ama De Casa,Todos Los Días,Kiosco escolar/universitario,Solo,Q25 - Q50,Gol Nachos Supreme,Picante Chapín,Para Compartir Entre 2 Personas,Q21 - Q30,No,Sí,México,Definitivamente sí,Inglaterra,Lionel Messi; Cristiano Ronaldo; Lamine Yamal,Un jugador famoso,Descuento directo,No,Edición España,Moderada,Espectador Pasivo,Adulto Maduro (35-54)
999,2026-02-17,10:19:25,Menos De 18 Años,Femenino,Quetzaltenango,Coatepeque,Empresario,Varias Veces Al Mes,Aplicación de delivery,Amigos,Q101 - Q150,Gol Nachos Supreme; Energy Crunch Protein,Jalapeño,Para Compartir Entre 2 Personas,Q10 - Q15,Sí,No,Inglaterra,Probablemente sí,Portugal,Cristiano Ronaldo,Humor,Sorteo de camisetas,Sí,Edición Francia,Moderada,Espectador Pasivo,Jóvenes (<25)
1000,2026-02-12,15:17:02,35 - 44 Años,Masculino,Guatemala,Santa Catarina Pinula,Empresario,Varias Veces Al Mes,Tienda de barrio,Familia,Menos De Q25,Gol Nachos Supreme,Jalapeño,Tamaño Fiesta O Reunión,Q21 - Q30,Sí,Sí,Portugal,Tal vez,Inglaterra,Vinícius Júnior; Kylian Mbappé; Lionel Messi,Premios y sorteos,Sorteo de balones,No,Edición Mundial Fifa 2026,Moderada,Espectador Pasivo,Adulto Maduro (35-54)
1001,2026-05-07,21:36:17,55 Años O Más,Masculino,Jutiapa,Cabecera municipal,Estudiante,3 A 5 Veces Por Semana,Kiosco escolar/universitario,Solo,Q25 - Q50,Gol Nachos Supreme,Picante Chapín,Para Compartir Entre 2 Personas,Q10 - Q15,Sí,Sí,Brasil,Probablemente sí,Brasil,Vinícius Júnior; Neymar Jr.,Un jugador famoso,Tarjetas coleccionables,No,Edición Francia,Moderada,Casual,Adulto Mayor (55+)
1002,2026-01-16,17:26:11,25 - 34 Años,Femenino,Sacatepéquez,Jocotenango,Empresario,3 A 5 Veces Por Semana,Supermercado,Familia,Q25 - Q50,CrunchMax BBQ,Jalapeño,Individual,Q10 - Q15,Sí,Sí,Uruguay,Probablemente sí,Argentina,Kylian Mbappé; Vinícius Júnior,Un jugador famoso,Descuento directo,No,Edición España,Moderada,Casual,Adulto Joven (25-34)
1003,2026-05-10,19:59:08,25 - 34 Años,Prefiero No Indicarlo,Guatemala,Guatemala,Estudiante,3 A 5 Veces Por Semana,Aplicación de delivery,Familia,Q25 - Q50,Hot Stadium Peanuts,Salado Tradicional,Tamaño Fiesta O Reunión,Q21 - Q30,No,Sí,Estados Unidos,Definitivamente no,Uruguay,Cristiano Ronaldo; Alphonso Davies,Premios y sorteos,Descuento directo,No,Edición Con Jugadores Famosos,Moderada,Espectador Pasivo,Adulto Joven (25-34)
1004,2026-04-08,18:41:27,35 - 44 Años,Masculino,Guatemala,Villa Nueva,Comerciante,1 A 2 Veces Por Semana,Tienda de barrio,Familia,Q101 - Q150,CrunchMax BBQ; Gol Nachos Supreme; Mundialitos Queso Picante,Barbacoa,Familiar,Q16 - Q20,Sí,No,Francia,Tal vez,Portugal,Lionel Messi; Lamine Yamal,Una selección nacional,Tarjetas coleccionables,No,Edición Mundial Fifa 2026,Moderada,Espectador Pasivo,Adulto Maduro (35-54)
1005,2026-04-18,07:32:33,45 - 54 Años,Masculino,Petén,Flores,Profesional Independiente,1 A 2 Veces Por Semana,Tienda de barrio,Amigos,Q101 - Q150,Fan Chips Jalapeño; CrunchMax BBQ,Caramelo,Tamaño Fiesta O Reunión,Q21 - Q30,No,Sí,Alemania,Tal vez,Argentina,Kylian Mbappé; Vinícius Júnior,Una selección nacional,Descuento directo,Sí,Edición España,Sensible Al Precio,Casual,Adulto Maduro (35-54)
1006,2026-04-18,21:05:08,Menos De 18 Años,Masculino,El Progreso,El Progreso,Empresario,Varias Veces Al Mes,Gasolinera,Solo,Q51 - Q100,Mundialitos Queso Picante; Gol Nachos Supreme; CrunchMax BBQ,Salado Tradicional,Familiar,Q16 - Q20,Sí,Sí,Brasil,Probablemente sí,Inglaterra,Lionel Messi,Un jugador famoso,Sorteo de viajes,No,Edición Con Tarjetas Coleccionables,Premium Alta,Casual,Jóvenes (<25)
1007,2026-02-26,16:30:22,45 - 54 Años,Masculino,San Marcos,Otro municipio,Comerciante,Varias Veces Al Mes,Gasolinera,Familia,Q25 - Q50,Energy Crunch Protein; CrunchMax BBQ; FutbolMix,Picante Chapín,Para Compartir Entre 2 Personas,Más De Q30,Sí,Sí,Argentina,Definitivamente sí,Brasil,Jude Bellingham,Humor,Producto gratis,Sí,Edición Argentina,Moderada,Casual,Adulto Maduro (35-54)
1008,2026-03-23,13:24:33,35 - 44 Años,Masculino,El Progreso,El Progreso,Empleado Privado,Varias Veces Al Mes,Tienda de barrio,Amigos,Menos De Q25,Mundialitos Queso Picante; FutbolMix; Gol Nachos Supreme,Queso,Para Compartir Entre 2 Personas,Q16 - Q20,Sí,Sí,Argentina,Probablemente sí,Argentina,Kylian Mbappé; Neymar Jr.,Premios y sorteos,Sorteo de camisetas,Sí,Edición Brasil,Moderada,Fanático Target (Alto),Adulto Maduro (35-54)
1009,2026-04-12,20:08:51,18 - 24 Años,Femenino,Guatemala,San Miguel Petapa,Comerciante,Varias Veces Al Mes,Tienda de barrio,Amigos,Más De Q150,Hot Stadium Peanuts; CrunchMax BBQ; Mundialitos Queso Picante,Queso,Individual,Q21 - Q30,No,Sí,Argentina,Definitivamente sí,Argentina,Cristiano Ronaldo; Lionel Messi,Una selección nacional,Descuento directo,No,Edición Francia,Sensible Al Precio,Espectador Pasivo,Jóvenes (<25)
1010,2026-02-28,20:55:13,Menos De 18 Años,Femenino,San Marcos,Otro municipio,Estudiante,3 A 5 Veces Por Semana,Tienda de barrio,Otro,Q25 - Q50,Caramel Goal Popcorn,Queso,Familiar,Q10 - Q15,Sí,Sí,España,Definitivamente sí,Francia,Kylian Mbappé; Neymar Jr.,Un jugador famoso,Producto gratis,Sí,Edición Inglaterra,Moderada,Casual,Jóvenes (<25)
1011,2026-04-06,16:31:12,55 Años O Más,Femenino,Guatemala,Santa Catarina Pinula,Empleado Público,Varias Veces Al Mes,Otro,Familia,Q25 - Q50,Hot Stadium Peanuts; Caramel Goal Popcorn; Mundialitos Queso Picante,Queso,Familiar,Q21 - Q30,No,Sí, ALEMANIA ,Tal vez,Brasil,Lionel Messi; Harry Kane,Historias de aficionados,Sorteo de camisetas,No,Edición Argentina,Moderada,Espectador Pasivo,Adulto Mayor (55+)
1012,2026-02-14,17:06:03,25 - 34 Años,Masculino,Guatemala,Villa Nueva,Empleado Privado,3 A 5 Veces Por Semana,Aplicación de delivery,Familia,Q25 - Q50,Gol Nachos Supreme; Fan Chips Jalapeño,Jalapeño,Familiar,Q10 - Q15,No,Sí,Brasil,Probablemente sí,Brasil,Neymar Jr.; Cristiano Ronaldo,Una selección nacional,Producto gratis,No,Edición Francia,Moderada,Casual,Adulto Joven (25-34)
1013,2026-01-27,10:13:00,55 Años O Más,Masculino,Alta Verapaz,Cabecera municipal,Empleado Privado,Varias Veces Al Mes,Tienda de barrio,Familia,Menos De Q25,Mundialitos Queso Picante,Dulce,Tamaño Fiesta O Reunión,Q21 - Q30,Sí,Sí,Inglaterra,Definitivamente sí,México,Cristiano Ronaldo; Harry Kane; Lamine Yamal,Historias de aficionados,Sorteo de camisetas,Sí,Edición Argentina,Moderada,Casual,Adulto Mayor (55+)
1014,2026-03-29,16:39:34,45 - 54 Años,Femenino,Quetzaltenango,Coatepeque,Empresario,Todos Los Días,Tienda de barrio,Familia,Más De Q150,FutbolMix,Salado Tradicional,Familiar,Q21 - Q30,Sí,Sí,Portugal,Definitivamente sí,Estados Unidos,Christian Pulisic,Historias de aficionados,2x1,No,Edición Con Jugadores Famosos,Moderada,Espectador Pasivo,Adulto Maduro (35-54)
1015,2026-01-21,10:25:29,Menos De 18 Años,Femenino,Retalhuleu,Cabecera municipal,Empleado Privado,3 A 5 Veces Por Semana,Kiosco escolar/universitario,Solo,Q51 - Q100,Fan Chips Jalapeño; FutbolMix; Mundialitos Queso Picante,Limón,Familiar,Q21 - Q30,No,Sí,Francia,Probablemente sí,Canadá,Jude Bellingham,Una selección nacional,Producto gratis,No,Edición Con Tarjetas Coleccionables,Moderada,Casual,Jóvenes (<25)
1016,2026-03-23,16:28:46,25 - 34 Años,Masculino,Guatemala,San Miguel Petapa,Profesional Independiente,1 A 2 Veces Por Semana,Supermercado,Otro,Q51 - Q100,Caramel Goal Popcorn,Caramelo,Para Compartir Entre 2 Personas,Q21 - Q30,No,Sí,Inglaterra,Tal vez,Inglaterra,Harry Kane,Una selección nacional,Producto gratis,Sí,Edición Con Jugadores Famosos,Moderada,Casual,Adulto Joven (25-34)
1017,2026-01-31,07:45:15,35 - 44 Años,Masculino,Escuintla,Escuintla,Empresario,Varias Veces Al Mes,Tienda de barrio,Familia,Menos De Q25,Fan Chips Jalapeño; FutbolMix; CrunchMax BBQ,Picante Chapín,Familiar,Q21 - Q30,Sí,Sí,Alemania,Tal vez,Brasil,Cristiano Ronaldo,Una selección nacional,Descuento directo,Sí,Edición Brasil,Moderada,Casual,Adulto Maduro (35-54)
1018,2026-02-20,22:31:08,Menos De 18 Años,Masculino,Zacapa,Otro municipio,Comerciante,Todos Los Días,Aplicación de delivery,Amigos,Q25 - Q50,Caramel Goal Popcorn,Limón,Familiar,Q16 - Q20,Sí,Sí,México,Tal vez,Uruguay,Kylian Mbappé; Jude Bellingham,Una selección nacional,Sorteo de camisetas,Sí,Edición Inglaterra,Moderada,Casual,Jóvenes (<25)
1019,2026-01-18,13:55:36,25 - 34 Años,Masculino,Guatemala, SANTA CATARINA PINULA ,Ama De Casa,Todos Los Días,Kiosco escolar/universitario,Familia,Q25 - Q50,Energy Crunch Protein; Mundialitos Queso Picante,Dulce,Para Compartir Entre 2 Personas,Más De Q30,Sí,Sí,México,Tal vez,Estados Unidos,Lamine Yamal; Federico Valverde; Neymar Jr.,Una selección nacional,Descuento directo,No,Edición Mundial Fifa 2026,Moderada,Espectador Pasivo,Adulto Joven (25-34)
1020,2026-02-08,12:59:46,25 - 34 Años,Femenino,Escuintla,Santa Lucía Cotzumalguapa,Estudiante,Todos Los Días,Supermercado,Amigos,Q101 - Q150,Hot Stadium Peanuts; Mundialitos Queso Picante,Limón,Para Compartir Entre 2 Personas,Q16 - Q20,Sí,Sí,Estados Unidos,Tal vez,Brasil,Neymar Jr.,Una selección nacional,2x1,No,Edición Mundial Fifa 2026,Moderada,Espectador Pasivo,Adulto Joven (25-34)
1021,2026-02-16,10:03:36,25 - 34 Años,Femenino,Quetzaltenango,Olintepeque,Estudiante,Rara Vez,Kiosco escolar/universitario,Familia,Q101 - Q150,CrunchMax BBQ; Gol Nachos Supreme,Barbacoa,Familiar,Q10 - Q15,No,Sí,Nueva Zelanda,Definitivamente sí,Inglaterra,Vinícius Júnior,Premios y sorteos,Producto gratis,Sí,Edición Mundial Fifa 2026,Sensible Al Precio,Casual,Adulto Joven (25-34)
1022,2026-03-04,19:32:04,18 - 24 Años,Masculino,Chimaltenango,Chimaltenango,Comerciante,Rara Vez,Supermercado,Amigos,Menos De Q25,Fan Chips Jalapeño; Victory Pretzels,Queso,Para Compartir Entre 2 Personas,Q10 - Q15,Sí,Sí,México,Tal vez,España,Neymar Jr.; Cristiano Ronaldo; Lamine Yamal,Historias de aficionados,2x1,Sí,Edición Con Tarjetas Coleccionables,Moderada,Casual,Jóvenes (<25)
1023,2026-02-02,21:54:29,18 - 24 Años,Femenino,Quetzaltenango,Olintepeque,Estudiante,1 A 2 Veces Por Semana,Aplicación de delivery,Amigos,Q25 - Q50,Caramel Goal Popcorn,Queso,Para Compartir Entre 2 Personas,Más De Q30,No,Sí,España,Definitivamente sí,Inglaterra,Lionel Messi; Vinícius Júnior,Un jugador famoso,2x1,Sí,Edición Francia,Moderada,Casual,Jóvenes (<25)
1024,2026-03-23,10:17:43,18 - 24 Años,Femenino,Quetzaltenango,Quetzaltenango,Profesional Independiente,3 A 5 Veces Por Semana,Tienda de barrio,Compañeros de trabajo,Q51 - Q100,Hot Stadium Peanuts; Mundialitos Queso Picante; Fan Chips Jalapeño,Chocolate,Familiar,Menos De Q10,No,Sí,Brasil,Probablemente no,Francia,Lionel Messi; Cristiano Ronaldo,Una selección nacional,Sorteo de camisetas,No,Edición Francia,Moderada,Espectador Pasivo,Jóvenes (<25)
1025,2026-04-17,21:06:34,Menos De 18 Años,Femenino,Huehuetenango,Cabecera municipal,Ama De Casa,1 A 2 Veces Por Semana,Supermercado,Familia,Menos De Q25,CrunchMax BBQ; Caramel Goal Popcorn,Queso,Familiar,Q16 - Q20,Sí,Sí,Brasil,Probablemente sí,Argentina,Neymar Jr.; Lionel Messi,Humor,Tarjetas coleccionables,Sí,Edición Mundial Fifa 2026,Moderada,Fanático Target (Alto),Jóvenes (<25)
1026,2026-01-12,09:52:00,35 - 44 Años,Prefiero No Indicarlo,Quetzaltenango,Coatepeque,Profesional Independiente,Todos Los Días,Otro,Familia,Q25 - Q50,Caramel Goal Popcorn; Mundialitos Queso Picante; CrunchMax BBQ,Picante Chapín,Para Compartir Entre 2 Personas,Q21 - Q30,No,Sí,Alemania,Probablemente sí,Brasil,Kylian Mbappé; Neymar Jr.; Cristiano Ronaldo,Premios y sorteos,2x1,Sí,Edición España,Moderada,Fanático Target (Alto),Adulto Maduro (35-54)
1027,2026-01-14,11:16:08,55 Años O Más,Masculino,Chimaltenango,Tecpán Guatemala,Ama De Casa,3 A 5 Veces Por Semana,Supermercado,Amigos,Q25 - Q50,CrunchMax BBQ; Energy Crunch Protein,Picante Chapín,Individual,Q10 - Q15,Sí,Sí,México,Tal vez,España,Jude Bellingham,Una selección nacional,2x1,No,Edición Argentina,Moderada,Espectador Pasivo,Adulto Mayor (55+)
1028,2026-05-04,19:58:01,35 - 44 Años,Masculino,Guatemala,Santa Catarina Pinula,Empleado Privado,Todos Los Días,Tienda de barrio,Amigos,Q25 - Q50,FutbolMix; Gol Nachos Supreme,Picante Chapín,Para Compartir Entre 2 Personas,Q21 - Q30,Sí,Sí,Argentina,Tal vez,Portugal,Neymar Jr.; Kylian Mbappé; Vinícius Júnior,Un jugador famoso,Tarjetas coleccionables,No,Edición Brasil,Moderada,Espectador Pasivo,Adulto Maduro (35-54)
1029,2026-04-01,15:58:43,45 - 54 Años,Femenino,Guatemala,Guatemala,Comerciante,3 A 5 Veces Por Semana,Supermercado,Amigos,Q25 - Q50,CrunchMax BBQ; Mundialitos Queso Picante; Caramel Goal Popcorn,Salado Tradicional,Individual,Q16 - Q20,No,Sí,México,Definitivamente sí,Francia,Cristiano Ronaldo; Julián Álvarez; Jude Bellingham,Un jugador famoso,Descuento directo,Sí,Edición Con Jugadores Famosos,Moderada,Casual,Adulto Maduro (35-54)
1030,2026-03-09,12:03:47,25 - 34 Años,Femenino,Huehuetenango,Huehuetenango,Empleado Público,Todos Los Días,Supermercado,Compañeros de trabajo,Menos De Q25,FutbolMix; Caramel Goal Popcorn,Dulce,Familiar,Q10 - Q15,No,Sí,Inglaterra,Definitivamente sí,Brasil,Lionel Messi,Un jugador famoso,Sorteo de balones,Sí,Edición Brasil,Sensible Al Precio,Casual,Adulto Joven (25-34)
1031,2026-05-03,07:53:42,Menos De 18 Años,Masculino,Guatemala, VILLA NUEVA ,Estudiante,3 A 5 Veces Por Semana,Tienda de barrio,Amigos,Q51 - Q100,Gol Nachos Supreme,Dulce,Individual,Q10 - Q15,Sí,Sí,Brasil,Probablemente sí,Argentina,Cristiano Ronaldo; Lionel Messi; Julián Álvarez,Premios y sorteos,Tarjetas coleccionables,Sí,Edición Francia,Premium Alta,Fanático Target (Alto),Jóvenes (<25)
1032,2026-03-17,07:07:07,25 - 34 Años,Masculino,Guatemala,Santa Catarina Pinula,Ama De Casa,1 A 2 Veces Por Semana,Supermercado,Amigos,Q51 - Q100,Mundialitos Queso Picante; Gol Nachos Supreme,Queso,Para Compartir Entre 2 Personas,Q10 - Q15,No,Sí,Alemania,Definitivamente sí,México,Cristiano Ronaldo; Lionel Messi,Historias de aficionados,Descuento directo,No,Edición Con Jugadores Famosos,Moderada,Espectador Pasivo,Adulto Joven (25-34)
1033,2026-04-24,07:29:33,18 - 24 Años,Femenino,Guatemala,Santa Catarina Pinula,Estudiante,1 A 2 Veces Por Semana,Aplicación de delivery,Solo,Menos De Q25,ChocoKick Bites; Mundialitos Queso Picante,Chocolate,Familiar,Menos De Q10,No,Sí,Brasil,Tal vez,Colombia,Cristiano Ronaldo,Premios y sorteos,Sorteo de camisetas,No,Edición Argentina,Sensible Al Precio,Espectador Pasivo,Jóvenes (<25)
1034,2026-03-05,13:08:15,45 - 54 Años,Femenino,Guatemala,Guatemala,Comerciante,Todos Los Días,Tienda de barrio,Familia,Menos De Q25,Energy Crunch Protein,Queso,Para Compartir Entre 2 Personas,Q16 - Q20,No,No,Alemania,Definitivamente no,Estados Unidos,Kylian Mbappé; Neymar Jr.; Lionel Messi,Una selección nacional,Producto gratis,No,Edición Brasil,Sensible Al Precio,Espectador Pasivo,Adulto Maduro (35-54)
1035,2026-01-24,19:57:07,Menos De 18 Años,Femenino,Chimaltenango,Patzún,Otro,3 A 5 Veces Por Semana,Supermercado,Amigos,Menos De Q25,Fan Chips Jalapeño; CrunchMax BBQ,Picante Chapín,Familiar,Q10 - Q15,Sí,Sí, ESPAÑA ,Probablemente sí,Argentina,Lionel Messi; Neymar Jr.,Humor,Sorteo de balones,No,Edición Mundial Fifa 2026,Moderada,Casual,Jóvenes (<25)
1036,2026-02-13,17:10:33,25 - 34 Años,Femenino,Guatemala,Santa Catarina Pinula,Empleado Privado,1 A 2 Veces Por Semana,Kiosco escolar/universitario,Solo,Menos De Q25,Hot Stadium Peanuts; Mundialitos Queso Picante,Jalapeño,Tamaño Fiesta O Reunión,Q10 - Q15,Sí,Sí,Brasil,Tal vez,Argentina,Federico Valverde,Humor,Sorteo de balones,Sí,Edición Con Tarjetas Coleccionables,Moderada,Casual,Adulto Joven (25-34)
1037,2026-03-26,21:04:02,18 - 24 Años,Femenino,Quetzaltenango,Coatepeque,Profesional Independiente,3 A 5 Veces Por Semana,Kiosco escolar/universitario,Familia,Q51 - Q100,ChocoKick Bites; Mundialitos Queso Picante; Gol Nachos Supreme,Queso,Familiar,Menos De Q10,No,No,Brasil,Definitivamente sí,México,Alphonso Davies; Federico Valverde; Lionel Messi,Un jugador famoso,Tarjetas coleccionables,Sí,Edición España,Moderada,Espectador Pasivo,Jóvenes (<25)
1038,2026-01-25,11:45:00,Menos De 18 Años,Masculino,Guatemala,San Miguel Petapa,Empleado Privado,1 A 2 Veces Por Semana,Tienda de barrio,Familia,Q51 - Q100,Mundialitos Queso Picante,Barbacoa,Para Compartir Entre 2 Personas,Q10 - Q15,Sí,Sí,Canadá,Probablemente sí,Portugal,Kylian Mbappé; Cristiano Ronaldo; Neymar Jr.,Un jugador famoso,2x1,No,Edición Mundial Fifa 2026,Premium Alta,Casual,Jóvenes (<25)
1039,2026-01-30,13:35:44,25 - 34 Años,Femenino,Escuintla,Palín,Estudiante,Varias Veces Al Mes,Gasolinera,Compañeros de trabajo,Q51 - Q100,ChocoKick Bites; Hot Stadium Peanuts,Jalapeño,Para Compartir Entre 2 Personas,Q16 - Q20,Sí,Sí,México,Tal vez,Francia,Lionel Messi,Una selección nacional,Sorteo de viajes,Sí,Edición Con Jugadores Famosos,Premium Alta,Casual,Adulto Joven (25-34)
1040,2026-01-11,14:33:30,Menos De 18 Años,Masculino,Sololá,Sololá,Otro,Varias Veces Al Mes,Tienda de barrio,Amigos,Q25 - Q50,Fan Chips Jalapeño; Hot Stadium Peanuts,Caramelo,Para Compartir Entre 2 Personas,Q16 - Q20,No,Sí,México,Definitivamente no,México,Lionel Messi,Una selección nacional,2x1,Sí,Edición Argentina,Moderada,Casual,Jóvenes (<25)
1041,2026-05-05,19:37:42,18 - 24 Años,Femenino,Escuintla,Santa Lucía Cotzumalguapa,Empleado Público,Rara Vez,Tienda de barrio,Solo,Q101 - Q150,Mundialitos Queso Picante; Energy Crunch Protein,Queso,Familiar,Menos De Q10,No,Sí,Inglaterra,Tal vez,Argentina,Jude Bellingham; Federico Valverde,Premios y sorteos,Tarjetas coleccionables,No,Edición España,Sensible Al Precio,Espectador Pasivo,Jóvenes (<25)
1042,2026-01-31,21:56:27,18 - 24 Años,Masculino,Guatemala,Mixco,Otro,1 A 2 Veces Por Semana,Gasolinera,Familia,Q25 - Q50,Gol Nachos Supreme; ChocoKick Bites,Salado Tradicional,Familiar,Q21 - Q30,Sí,Sí,Portugal,Definitivamente sí,Argentina,Neymar Jr.; Cristiano Ronaldo; Lionel Messi,Historias de aficionados,2x1,Sí,Edición Con Jugadores Famosos,Moderada,Casual,Jóvenes (<25)
1043,2026-02-23,08:42:29,Menos De 18 Años,Femenino,Quetzaltenango,Coatepeque,Ama De Casa,3 A 5 Veces Por Semana,Tienda de barrio,Familia,Q51 - Q100,CrunchMax BBQ,Dulce,Familiar,Q16 - Q20,Sí,No,Argentina,Probablemente no,Argentina,Lamine Yamal,Una selección nacional,2x1,Sí,Edición Argentina,Premium Alta,Espectador Pasivo,Jóvenes (<25)
1044,2026-02-01,09:05:26,55 Años O Más,Masculino,Guatemala,,Empleado Privado,3 A 5 Veces Por Semana,Supermercado,Familia,Q51 - Q100,Gol Nachos Supreme; Hot Stadium Peanuts,,Familiar,Menos De Q10,Sí,Sí,Brasil,Tal vez,Francia,Julián Álvarez,Humor,Sorteo de camisetas,Sí,Edición Argentina,Premium Alta,Casual,Adulto Mayor (55+)
1045,2026-04-05,07:29:41,25 - 34 Años,Masculino,Guatemala,Santa Catarina Pinula,Empleado Público,3 A 5 Veces Por Semana,Tienda de barrio,Amigos,Q51 - Q100,ChocoKick Bites; Gol Nachos Supreme; Hot Stadium Peanuts,Caramelo,Para Compartir Entre 2 Personas,Q21 - Q30,Sí,Sí,México,Probablemente sí,Estados Unidos,Lionel Messi; Kylian Mbappé; Federico Valverde,Premios y sorteos,Descuento directo,Sí,Edición España,Premium Alta,Fanático Target (Alto),Adulto Joven (25-34)
1046,2026-01-28,21:01:24,45 - 54 Años,Femenino,Sacatepéquez,Antigua Guatemala,Empleado Privado,Todos Los Días,Tienda de barrio,Familia,Q25 - Q50,Mundialitos Queso Picante; ChocoKick Bites; Gol Nachos Supreme,Queso,Para Compartir Entre 2 Personas,Q10 - Q15,Sí,Sí,Portugal,Definitivamente no,Brasil,Christian Pulisic,Un jugador famoso,2x1,Sí,Edición España,Moderada,Casual,Adulto Maduro (35-54)
1047,2026-02-11,15:58:44,18 - 24 Años,Femenino,Quiché,Quiché,Jubilado,3 A 5 Veces Por Semana,Gasolinera,Amigos,Menos De Q25,Victory Pretzels; Energy Crunch Protein,Limón,Para Compartir Entre 2 Personas,Q10 - Q15,Sí,Sí,Inglaterra,Probablemente sí,España,Lionel Messi,Historias de aficionados,Descuento directo,No,Edición Con Jugadores Famosos,Moderada,Casual,Jóvenes (<25)
1048,2026-04-08,17:14:31,18 - 24 Años,Femenino,Quiché,Otro municipio,Profesional Independiente,1 A 2 Veces Por Semana,Supermercado,Amigos,Q51 - Q100,FutbolMix; Energy Crunch Protein; Gol Nachos Supreme,Chocolate,Para Compartir Entre 2 Personas,Q16 - Q20,No,Sí,Alemania,Probablemente sí,Argentina,Lionel Messi; Kylian Mbappé,Una selección nacional,Descuento directo,No,Edición Con Tarjetas Coleccionables,Moderada,Casual,Jóvenes (<25)
1049,2026-02-06,22:38:59,25 - 34 Años,Masculino,Sacatepéquez,Antigua Guatemala,Empleado Privado,3 A 5 Veces Por Semana,Supermercado,Familia,Q25 - Q50,ChocoKick Bites; Caramel Goal Popcorn,Picante Chapín,Tamaño Fiesta O Reunión,Q21 - Q30,Sí,Sí,Brasil,Definitivamente sí,Japón,Neymar Jr.,Humor,Sorteo de balones,No,Edición Francia,Moderada,Espectador Pasivo,Adulto Joven (25-34)
1050,2026-05-09,10:16:29,18 - 24 Años,Femenino,Escuintla,Palín,Empleado Privado,1 A 2 Veces Por Semana,Tienda de barrio,Amigos,Q25 - Q50,Fan Chips Jalapeño; Mundialitos Queso Picante,Picante Chapín,Para Compartir Entre 2 Personas,Q16 - Q20,Sí,Sí,Estados Unidos,Definitivamente sí,Francia,Neymar Jr.; Lamine Yamal; Jude Bellingham,Premios y sorteos,Descuento directo,Sí,Edición Con Jugadores Famosos,Moderada,Casual,Jóvenes (<25)
1051,2026-02-08,22:15:40,18 - 24 Años,Femenino,Totonicapán,Cabecera municipal,Estudiante,1 A 2 Veces Por Semana,Gasolinera,Amigos,Q101 - Q150,Energy Crunch Protein; Caramel Goal Popcorn,Picante Chapín,Para Compartir Entre 2 Personas,Q10 - Q15,No,Sí,Brasil,Probablemente no,Argelia,Cristiano Ronaldo; Lamine Yamal,Premios y sorteos,Tarjetas coleccionables,No,Edición Brasil,Sensible Al Precio,Espectador Pasivo,Jóvenes (<25)
1052,2026-04-30,11:18:34,25 - 34 Años,Femenino,Guatemala,Mixco,Estudiante,Todos Los Días,Aplicación de delivery,Familia,Q51 - Q100,Mundialitos Queso Picante; Gol Nachos Supreme; Fan Chips Jalapeño,Caramelo,Familiar,Q21 - Q30,No,Sí,Argentina,Tal vez,Argentina,Kylian Mbappé,Premios y sorteos,2x1,Sí,Edición Mundial Fifa 2026,Moderada,Casual,Adulto Joven (25-34)
1053,2026-04-03,13:48:30,Menos De 18 Años,Femenino,Guatemala,Villa Nueva,Empleado Público,Varias Veces Al Mes,Supermercado,Compañeros de trabajo,Más De Q150,Gol Nachos Supreme,Jalapeño,Individual,,No,No, ARGENTINA ,Probablemente sí,Brasil,Lionel Messi,Historias de aficionados,Descuento directo,No,Edición Inglaterra,Sensible Al Precio,Espectador Pasivo,Jóvenes (<25)
1054,2026-04-09,17:52:47,Menos De 18 Años,Femenino,Totonicapán,Otro municipio,Empleado Privado,1 A 2 Veces Por Semana,Tienda de barrio,Solo,Menos De Q25,Hot Stadium Peanuts,Picante Chapín,Familiar,Q16 - Q20,Sí,Sí,Brasil,Tal vez,España,Alphonso Davies; Cristiano Ronaldo,Una selección nacional,Sorteo de camisetas,No,Edición Con Jugadores Famosos,Moderada,Espectador Pasivo,Jóvenes (<25)
1055,2026-04-02,09:06:09,18 - 24 Años,Femenino,Guatemala,Villa Nueva,Empleado Privado,Varias Veces Al Mes,Tienda de barrio,Amigos,Menos De Q25,Fan Chips Jalapeño; Gol Nachos Supreme,Queso,Familiar,Q10 - Q15,Sí,Sí,Brasil,Definitivamente sí,Czechia,Julián Álvarez; Vinícius Júnior; Lionel Messi,Un jugador famoso,Descuento directo,Sí,Edición Con Tarjetas Coleccionables,Moderada,Casual,Jóvenes (<25)
1056,2026-03-11,09:03:54,25 - 34 Años,Femenino,Izabal,Otro municipio,Empleado Privado,1 A 2 Veces Por Semana,Gasolinera,Familia,Q25 - Q50,Fan Chips Jalapeño; Gol Nachos Supreme,Picante Chapín,Tamaño Fiesta O Reunión,Q16 - Q20,Sí,Sí,Francia,Tal vez,Portugal,Cristiano Ronaldo,Una selección nacional,Descuento directo,No,Edición Argentina,Moderada,Espectador Pasivo,Adulto Joven (25-34)
1057,2026-03-01,14:51:48,25 - 34 Años,Femenino,Guatemala,Mixco,Profesional Independiente,Todos Los Días,Supermercado,Familia,Q51 - Q100,Gol Nachos Supreme; Hot Stadium Peanuts; Caramel Goal Popcorn,Queso,Para Compartir Entre 2 Personas,Q16 - Q20,No,Sí,Argentina,Tal vez,Jordania,Lionel Messi; Lamine Yamal,Humor,Producto gratis,No,Edición Con Tarjetas Coleccionables,Moderada,Espectador Pasivo,Adulto Joven (25-34)
1058,2026-03-16,07:00:07,55 Años O Más,Masculino,Guatemala,Villa Nueva,Profesional Independiente,Varias Veces Al Mes,Tienda de barrio,Solo,Q51 - Q100,Fan Chips Jalapeño; FutbolMix; Caramel Goal Popcorn,Barbacoa,Tamaño Fiesta O Reunión,Q21 - Q30,Sí,Sí,Portugal,Probablemente no,Argentina,Neymar Jr.,Premios y sorteos,Sorteo de camisetas,Sí,Edición Con Jugadores Famosos,Premium Alta,Casual,Adulto Mayor (55+)
1059,2026-03-19,12:45:51,25 - 34 Años,Femenino,Guatemala,Santa Catarina Pinula,Estudiante,Varias Veces Al Mes,Aplicación de delivery,Familia,Q101 - Q150,FutbolMix; Gol Nachos Supreme; Caramel Goal Popcorn,Caramelo,Tamaño Fiesta O Reunión,Q10 - Q15,No,No,Brasil,Tal vez,España,Lamine Yamal,Una selección nacional,Descuento directo,No,Edición Mundial Fifa 2026,Sensible Al Precio,Espectador Pasivo,Adulto Joven (25-34)
1060,2026-03-05,12:22:17,35 - 44 Años,Masculino,Guatemala,Mixco,Ama De Casa,1 A 2 Veces Por Semana,Supermercado,Compañeros de trabajo,Q25 - Q50,Hot Stadium Peanuts,Barbacoa,Familiar,Q10 - Q15,Sí,Sí,Francia,Tal vez,Argentina,Kylian Mbappé; Lionel Messi; Jude Bellingham,Historias de aficionados,2x1,Sí,Edición Mundial Fifa 2026,Moderada,Casual,Adulto Maduro (35-54)
1061,2026-04-18,10:10:51,25 - 34 Años,Masculino,Guatemala,Mixco,Empleado Privado,Todos Los Días,Tienda de barrio,Compañeros de trabajo,Q25 - Q50,Hot Stadium Peanuts,Picante Chapín,Tamaño Fiesta O Reunión,Q21 - Q30,No,No,Brasil,Probablemente sí,México,Kylian Mbappé,Premios y sorteos,2x1,Sí,Edición Argentina,Moderada,Espectador Pasivo,Adulto Joven (25-34)
1062,2026-04-30,16:46:51,Menos De 18 Años,Femenino,Guatemala,,Estudiante,3 A 5 Veces Por Semana,Aplicación de delivery,Familia,Q51 - Q100,Energy Crunch Protein,Dulce,Individual,Q16 - Q20,Sí,Sí,México,Tal vez,Argentina,Kylian Mbappé; Cristiano Ronaldo,Historias de aficionados,Sorteo de balones,No,Edición Con Jugadores Famosos,Premium Alta,Espectador Pasivo,Jóvenes (<25)
1063,2026-03-22,16:47:43,18 - 24 Años,Femenino,Guatemala,Villa Nueva,Jubilado,Varias Veces Al Mes,Tienda de barrio,Familia,Q25 - Q50,Fan Chips Jalapeño; Caramel Goal Popcorn,Caramelo,Para Compartir Entre 2 Personas,Q10 - Q15,No,Sí,Brasil,Probablemente no,Brasil,Vinícius Júnior; Kylian Mbappé; Lionel Messi,Una selección nacional,Sorteo de balones,Sí,Edición Con Jugadores Famosos,Moderada,Casual,Jóvenes (<25)
1064,2026-03-14,08:28:06,18 - 24 Años,Femenino,Guatemala,Santa Catarina Pinula,Comerciante,Varias Veces Al Mes,Aplicación de delivery,Amigos,Q25 - Q50,FutbolMix; Mundialitos Queso Picante; Fan Chips Jalapeño,Limón,Para Compartir Entre 2 Personas,Q16 - Q20,No,Sí,Francia,Definitivamente no,Portugal,Harry Kane; Neymar Jr.,Humor,Producto gratis,Sí,Edición Con Tarjetas Coleccionables,Moderada,Casual,Jóvenes (<25)
1065,2026-02-22,21:33:48,18 - 24 Años,Femenino,Guatemala,San Miguel Petapa,Empleado Privado,3 A 5 Veces Por Semana,Aplicación de delivery,Familia,Q25 - Q50,FutbolMix,Queso,Individual,Q21 - Q30,Sí,Sí,Francia,Definitivamente no,Brasil,Vinícius Júnior,Un jugador famoso,Sorteo de balones,Sí,Edición España,Moderada,Casual,Jóvenes (<25)
1066,2026-01-22,15:21:37,25 - 34 Años,Masculino,Guatemala,Santa Catarina Pinula,Empleado Privado,1 A 2 Veces Por Semana,Aplicación de delivery,Compañeros de trabajo,Q51 - Q100,Gol Nachos Supreme; ChocoKick Bites; Mundialitos Queso Picante,Barbacoa,Para Compartir Entre 2 Personas,Q10 - Q15,No,Sí,Inglaterra,Probablemente sí,Brasil,Christian Pulisic; Cristiano Ronaldo,Un jugador famoso,Descuento directo,Sí,Edición Con Tarjetas Coleccionables,Moderada,Fanático Target (Alto),Adulto Joven (25-34)
1067,2026-04-05,07:26:28,25 - 34 Años,Femenino,Guatemala,Mixco,Empleado Privado,1 A 2 Veces Por Semana,Gasolinera,Familia,Q51 - Q100,FutbolMix; Fan Chips Jalapeño,Jalapeño,Familiar,Q10 - Q15,Sí,Sí,México,Probablemente sí,México,Alphonso Davies; Cristiano Ronaldo,Humor,2x1,Sí,Edición Brasil,Premium Alta,Fanático Target (Alto),Adulto Joven (25-34)
1068,2026-03-04,07:26:07,Menos De 18 Años,Femenino,Escuintla,Escuintla,Profesional Independiente,1 A 2 Veces Por Semana,Tienda de barrio,Amigos,Q25 - Q50,Hot Stadium Peanuts,Queso,Individual,Q16 - Q20,Sí,Sí,Portugal,Tal vez,Brasil,Kylian Mbappé; Christian Pulisic,Historias de aficionados,Sorteo de camisetas,Sí,Edición Argentina,Moderada,Casual,Jóvenes (<25)
1069,2026-02-15,09:21:52,18 - 24 Años,Femenino,Chimaltenango,Chimaltenango,Otro,1 A 2 Veces Por Semana,Tienda de barrio,Amigos,Q25 - Q50,FutbolMix,Picante Chapín,Familiar,Q16 - Q20,Sí,Sí,Argentina,Probablemente sí,Estados Unidos,Cristiano Ronaldo,Un jugador famoso,Tarjetas coleccionables,Sí,Edición Inglaterra,Moderada,Fanático Target (Alto),Jóvenes (<25)
1070,2026-03-27,20:03:54,25 - 34 Años,Femenino,Guatemala,Santa Catarina Pinula,Empleado Público,3 A 5 Veces Por Semana,Tienda de barrio,Familia,Menos De Q25,Gol Nachos Supreme; Hot Stadium Peanuts; Mundialitos Queso Picante,Jalapeño,Para Compartir Entre 2 Personas,Q16 - Q20,Sí,Sí,Brasil,Definitivamente no,Portugal,Jude Bellingham; Cristiano Ronaldo; Vinícius Júnior,Premios y sorteos,Producto gratis,Sí,Edición Brasil,Moderada,Casual,Adulto Joven (25-34)
1071,2026-01-22,08:50:29,25 - 34 Años,Masculino,Guatemala,Mixco,Empleado Privado,Varias Veces Al Mes,Supermercado,Compañeros de trabajo,Más De Q150,Hot Stadium Peanuts; Gol Nachos Supreme,Barbacoa,Familiar,Q21 - Q30,Sí,Sí,Argentina,Definitivamente no,Estados Unidos,Lionel Messi; Neymar Jr.; Lamine Yamal,Una selección nacional,Tarjetas coleccionables,Sí,Edición Mundial Fifa 2026,Moderada,Casual,Adulto Joven (25-34)
1072,2026-03-10,10:12:39,35 - 44 Años,Femenino,Sacatepéquez,Sumpango,Otro,3 A 5 Veces Por Semana,Tienda de barrio,Amigos,Q25 - Q50,Victory Pretzels; Gol Nachos Supreme,,Para Compartir Entre 2 Personas,Q16 - Q20,No,Sí,Brasil,Tal vez, INGLATERRA ,Neymar Jr.; Cristiano Ronaldo; Lionel Messi,Una selección nacional,Descuento directo,Sí,Edición Con Tarjetas Coleccionables,Moderada,Casual,Adulto Maduro (35-54)
1073,2026-03-24,11:38:40,45 - 54 Años,Femenino,Guatemala,Villa Nueva,Ama De Casa,Varias Veces Al Mes,Tienda de barrio,Solo,Q51 - Q100,Fan Chips Jalapeño; Hot Stadium Peanuts,Queso,Familiar,Q16 - Q20,No,No,Portugal,Probablemente no,Brasil,Cristiano Ronaldo; Neymar Jr.,Una selección nacional,Producto gratis,Sí,Edición Con Jugadores Famosos,Moderada,Espectador Pasivo,Adulto Maduro (35-54)
1074,2026-01-23,10:51:42,18 - 24 Años,Femenino,Chimaltenango,Patzún,Empleado Privado,1 A 2 Veces Por Semana,Tienda de barrio,Familia,Menos De Q25,Energy Crunch Protein,Queso,Para Compartir Entre 2 Personas,Q10 - Q15,No,No,Francia,Probablemente sí,Francia,Federico Valverde; Vinícius Júnior,Una selección nacional,Tarjetas coleccionables,Sí,Edición Mundial Fifa 2026,Sensible Al Precio,Espectador Pasivo,Jóvenes (<25)
1075,2026-03-15,12:09:26,45 - 54 Años,Femenino,Sacatepéquez,Ciudad Vieja,Ama De Casa,1 A 2 Veces Por Semana,Kiosco escolar/universitario,Familia,Menos De Q25,Energy Crunch Protein; CrunchMax BBQ; Mundialitos Queso Picante,Picante Chapín,Individual,Q21 - Q30,Sí,Sí,Portugal,Definitivamente sí,Argentina,Cristiano Ronaldo,Un jugador famoso,2x1,No,Edición Francia,Moderada,Espectador Pasivo,Adulto Maduro (35-54)
1076,2026-01-16,07:31:46,55 Años O Más,Masculino,Sacatepéquez, SUMPANGO ,Comerciante,Varias Veces Al Mes,Gasolinera,Solo,Q25 - Q50,Caramel Goal Popcorn; CrunchMax BBQ; ChocoKick Bites,Picante Chapín,Familiar,Más De Q30,No,Sí,Alemania,Probablemente sí,España,Lionel Messi; Neymar Jr.,Una selección nacional,Descuento directo,No,Edición Mundial Fifa 2026,Moderada,Casual,Adulto Mayor (55+)
1077,2026-03-21,17:20:48,25 - 34 Años,Femenino,Guatemala,Guatemala,Profesional Independiente,Todos Los Días,Aplicación de delivery,Familia,Q51 - Q100,Mundialitos Queso Picante,Limón,Para Compartir Entre 2 Personas,Q21 - Q30,No,Sí,Japón,Probablemente sí,Brasil,Lamine Yamal; Lionel Messi; Neymar Jr.,Humor,Tarjetas coleccionables,Sí,Edición Mundial Fifa 2026,Moderada,Fanático Target (Alto),Adulto Joven (25-34)
1078,2026-01-29,18:46:45,25 - 34 Años,Femenino,Guatemala,Mixco,Otro,Varias Veces Al Mes,Supermercado,Amigos,Q25 - Q50,Hot Stadium Peanuts; CrunchMax BBQ,Salado Tradicional,Individual,Q10 - Q15,No,Sí,México,Tal vez,Brasil,Harry Kane; Lionel Messi,Una selección nacional,Sorteo de viajes,No,Edición Con Tarjetas Coleccionables,Moderada,Espectador Pasivo,Adulto Joven (25-34)
1079,2026-04-14,22:31:46,45 - 54 Años,Femenino,Guatemala,Villa Nueva,Estudiante,1 A 2 Veces Por Semana,Tienda de barrio,Amigos,Q51 - Q100,ChocoKick Bites; Mundialitos Queso Picante; Hot Stadium Peanuts,Queso,Para Compartir Entre 2 Personas,Menos De Q10,Sí,No,Brasil,Probablemente sí, CROACIA ,Kylian Mbappé; Jude Bellingham,Una selección nacional,Descuento directo,Sí,Edición Argentina,Premium Alta,Espectador Pasivo,Adulto Maduro (35-54)
1080,2026-02-25,07:26:44,35 - 44 Años,Masculino,Guatemala,San Miguel Petapa,Profesional Independiente,Varias Veces Al Mes,Supermercado,Compañeros de trabajo,Q25 - Q50,Fan Chips Jalapeño; FutbolMix; Mundialitos Queso Picante,Picante Chapín,Familiar,Q10 - Q15,Sí,Sí,Argentina,Probablemente sí,Argentina,Lionel Messi; Vinícius Júnior,Un jugador famoso,Tarjetas coleccionables,No,Edición Con Tarjetas Coleccionables,Moderada,Casual,Adulto Maduro (35-54)
1081,2026-02-04,08:29:51,35 - 44 Años,Masculino,Escuintla, ESCUINTLA ,Estudiante,Varias Veces Al Mes,Supermercado,Solo,Q25 - Q50,CrunchMax BBQ,Picante Chapín,Familiar,Q16 - Q20,No,Sí,Francia,Probablemente sí,Argentina,Lionel Messi; Jude Bellingham; Ninguno,Historias de aficionados,2x1,Sí,Edición Francia,Moderada,Fanático Target (Alto),Adulto Maduro (35-54)
1082,2026-04-29,14:28:20,55 Años O Más,Masculino,Guatemala,Villa Nueva,Empleado Público,1 A 2 Veces Por Semana,Kiosco escolar/universitario,Familia,Q101 - Q150,Mundialitos Queso Picante; Energy Crunch Protein; ChocoKick Bites,Dulce,Familiar,Menos De Q10,Sí,Sí,Brasil,Tal vez,España,Julián Álvarez,Humor,Sorteo de camisetas,No,Edición Francia,Moderada,Espectador Pasivo,Adulto Mayor (55+)
1083,2026-03-05,09:19:34,35 - 44 Años,Femenino,Guatemala,Guatemala,Empleado Privado,Rara Vez,Supermercado,Familia,Q51 - Q100,CrunchMax BBQ; Energy Crunch Protein,Picante Chapín,Tamaño Fiesta O Reunión,Q16 - Q20,Sí,Sí,Argentina,Tal vez,México,Julián Álvarez,Una selección nacional,Sorteo de viajes,No,Edición Con Tarjetas Coleccionables,Premium Alta,Espectador Pasivo,Adulto Maduro (35-54)
1084,2026-03-08,18:48:13,45 - 54 Años,Masculino,Sacatepéquez,Ciudad Vieja,Empleado Privado,1 A 2 Veces Por Semana,Supermercado,Familia,Q25 - Q50,Fan Chips Jalapeño,Jalapeño,Familiar,Q10 - Q15,No,Sí,Portugal,Definitivamente sí,Brasil,Vinícius Júnior; Jude Bellingham; Kylian Mbappé,Premios y sorteos,Sorteo de viajes,Sí,Edición España,Moderada,Casual,Adulto Maduro (35-54)
1085,2026-03-19,17:26:02,25 - 34 Años,Masculino,Guatemala,Villa Nueva,Empleado Privado,Varias Veces Al Mes,Tienda de barrio,Compañeros de trabajo,Q25 - Q50,Hot Stadium Peanuts; FutbolMix; CrunchMax BBQ,Picante Chapín,Para Compartir Entre 2 Personas,Q16 - Q20,Sí,Sí,México,Tal vez,Argentina,Kylian Mbappé; Lionel Messi; Neymar Jr.,Un jugador famoso,Producto gratis,No,Edición Con Jugadores Famosos,Moderada,Espectador Pasivo,Adulto Joven (25-34)
1086,2026-04-04,18:59:57,18 - 24 Años,Masculino,Petén,Poptún,Ama De Casa,1 A 2 Veces Por Semana,Supermercado,Familia,Menos De Q25,ChocoKick Bites; Caramel Goal Popcorn; Gol Nachos Supreme,Jalapeño,Para Compartir Entre 2 Personas,Q21 - Q30,Sí,Sí,Portugal,Tal vez,México,Neymar Jr.,Un jugador famoso,Tarjetas coleccionables,No,Edición Inglaterra,Moderada,Espectador Pasivo,Jóvenes (<25)
1087,2026-02-14,12:31:07,25 - 34 Años,Femenino,Guatemala,Villa Nueva,Empleado Privado,3 A 5 Veces Por Semana,Gasolinera,Solo,Menos De Q25,Caramel Goal Popcorn; Hot Stadium Peanuts; CrunchMax BBQ,Jalapeño,Tamaño Fiesta O Reunión,Q10 - Q15,Sí,Sí,Brasil,Definitivamente sí,Estados Unidos,Cristiano Ronaldo,Una selección nacional,Producto gratis,Sí,Edición Argentina,Moderada,Casual,Adulto Joven (25-34)
1088,2026-04-13,09:52:35,18 - 24 Años,Femenino,Jalapa,Otro municipio,Comerciante,Varias Veces Al Mes,Aplicación de delivery,Amigos,Q51 - Q100,Fan Chips Jalapeño; ChocoKick Bites; Energy Crunch Protein,Jalapeño,Familiar,Q21 - Q30,Sí,Sí,Alemania,Tal vez,Francia,Harry Kane,Humor,Tarjetas coleccionables,No,Edición Con Jugadores Famosos,Premium Alta,Espectador Pasivo,Jóvenes (<25)
1089,2026-02-26,12:44:51,25 - 34 Años,Masculino,Guatemala,Mixco,Estudiante,Varias Veces Al Mes,Tienda de barrio,Compañeros de trabajo,Q51 - Q100,CrunchMax BBQ; Fan Chips Jalapeño; Victory Pretzels,Barbacoa,Tamaño Fiesta O Reunión,Q10 - Q15,Sí,Sí,Francia,Definitivamente sí,México,Lionel Messi,Una selección nacional,Descuento directo,Sí,Edición Francia,Premium Alta,Casual,Adulto Joven (25-34)
2124,2026-03-03,19:35:24,25 - 34 Años,Masculino,Guatemala, SANTA CATARINA PINULA ,Estudiante,1 A 2 Veces Por Semana,Kiosco escolar/universitario,Familia,Menos De Q25,Gol Nachos Supreme; Caramel Goal Popcorn; Fan Chips Jalapeño,Barbacoa,Familiar,Q16 - Q20,Sí,Sí,Portugal,Probablemente sí,Argentina,Cristiano Ronaldo; Lionel Messi,Premios y sorteos,Tarjetas coleccionables,Sí,Edición Brasil,Moderada,Fanático Target (Alto),Adulto Joven (25-34)
1091,2026-03-01,12:06:47,35 - 44 Años,Prefiero No Indicarlo,Guatemala,Villa Nueva,Empleado Público,Varias Veces Al Mes,Otro,Amigos,Q51 - Q100,Mundialitos Queso Picante,Jalapeño,Para Compartir Entre 2 Personas,Q10 - Q15,Sí,Sí,Argentina,Probablemente sí,Inglaterra,Lionel Messi,Premios y sorteos,Sorteo de balones,No,Edición España,Premium Alta,Casual,Adulto Maduro (35-54)
1092,2026-05-03,15:06:34,35 - 44 Años,Femenino,Petén,Poptún,Estudiante,1 A 2 Veces Por Semana,Gasolinera,Familia,Menos De Q25,Gol Nachos Supreme; Victory Pretzels; CrunchMax BBQ,Limón,Tamaño Fiesta O Reunión,Q21 - Q30,No,Sí,Brasil,Definitivamente sí,Brasil,Cristiano Ronaldo; Kylian Mbappé; Alphonso Davies,Un jugador famoso,2x1,No,Edición Con Jugadores Famosos,Sensible Al Precio,Espectador Pasivo,Adulto Maduro (35-54)
1093,2026-01-28,12:30:44,Menos De 18 Años,Masculino,Guatemala,Santa Catarina Pinula,Empresario,3 A 5 Veces Por Semana,Aplicación de delivery,Compañeros de trabajo,Q25 - Q50,Energy Crunch Protein,Picante Chapín,Familiar,Q21 - Q30,No,No,Brasil,Tal vez,México,Lamine Yamal; Lionel Messi; Neymar Jr.,Humor,Descuento directo,Sí,Edición Con Tarjetas Coleccionables,Moderada,Espectador Pasivo,Jóvenes (<25)
1094,2026-02-16,08:12:53,18 - 24 Años,Femenino,Guatemala,San Miguel Petapa,Empleado Privado,1 A 2 Veces Por Semana,Gasolinera,Familia,Más De Q150,Mundialitos Queso Picante; Fan Chips Jalapeño,Picante Chapín,Tamaño Fiesta O Reunión,Más De Q30,Sí,Sí,Brasil,Probablemente sí,Francia,Lamine Yamal; Lionel Messi; Neymar Jr.,Un jugador famoso,Producto gratis,Sí,Edición Brasil,Moderada,Fanático Target (Alto),Jóvenes (<25)
1095,2026-04-29,20:43:49,45 - 54 Años,Masculino,Sololá,Otro municipio,Estudiante,3 A 5 Veces Por Semana,Supermercado,Amigos,Menos De Q25,CrunchMax BBQ,Picante Chapín,Familiar,Más De Q30,No,Sí, CURAÇAO ,Tal vez,Brasil,Lionel Messi,Humor,Sorteo de camisetas,No,Edición Con Tarjetas Coleccionables,Sensible Al Precio,Espectador Pasivo,Adulto Maduro (35-54)
1096,2026-03-12,09:58:33,18 - 24 Años,Femenino,Guatemala,San Miguel Petapa,Empleado Privado,Varias Veces Al Mes,Supermercado,Familia,Q25 - Q50,ChocoKick Bites,Jalapeño,Para Compartir Entre 2 Personas,Q16 - Q20,Sí,Sí,México,Probablemente sí,México,Neymar Jr.; Kylian Mbappé,Humor,Tarjetas coleccionables,Sí,Edición España,Moderada,Fanático Target (Alto),Jóvenes (<25)
1097,2026-04-17,13:14:27,25 - 34 Años,Masculino,Quetzaltenango,Coatepeque,Empleado Privado,3 A 5 Veces Por Semana,Supermercado,Familia,Q51 - Q100,Energy Crunch Protein,Jalapeño,Para Compartir Entre 2 Personas,Q16 - Q20,No,Sí,México,Definitivamente sí,México,Cristiano Ronaldo; Lionel Messi; Jude Bellingham,Historias de aficionados,Descuento directo,No,Edición Con Tarjetas Coleccionables,Moderada,Espectador Pasivo,Adulto Joven (25-34)
1098,2026-04-21,10:55:35,18 - 24 Años,Femenino,Escuintla,Palín,Estudiante,Todos Los Días,Gasolinera,Familia,Menos De Q25,Gol Nachos Supreme,Jalapeño,Individual,Más De Q30,Sí,Sí,Portugal,Probablemente sí,Argentina,Christian Pulisic; Cristiano Ronaldo,Una selección nacional,Producto gratis,Sí,Edición Francia,Moderada,Fanático Target (Alto),Jóvenes (<25)
1099,2026-05-05,08:24:04,25 - 34 Años,Masculino,Chimaltenango,,Empleado Privado,3 A 5 Veces Por Semana,Kiosco escolar/universitario,Amigos,Q25 - Q50,CrunchMax BBQ; Caramel Goal Popcorn; FutbolMix,Picante Chapín,Familiar,Menos De Q10,No,Sí, FRANCIA ,Tal vez,Inglaterra,Cristiano Ronaldo; Rodri; Jude Bellingham,Premios y sorteos,Sorteo de camisetas,No,Edición Brasil,Moderada,Espectador Pasivo,Adulto Joven (25-34)
1100,2026-03-12,11:25:22,45 - 54 Años,Femenino,Quiché,Quiché,Empleado Público,Varias Veces Al Mes,Tienda de barrio,Familia,Q25 - Q50,Mundialitos Queso Picante; Fan Chips Jalapeño,Limón,Para Compartir Entre 2 Personas,Q10 - Q15,No,Sí,Estados Unidos,Probablemente sí,Francia,Cristiano Ronaldo; Kylian Mbappé,Una selección nacional,2x1,No,Edición Argentina,Moderada,Casual,Adulto Maduro (35-54)
1101,2026-02-05,14:49:16,25 - 34 Años,Femenino,Guatemala,San Miguel Petapa,Empresario,1 A 2 Veces Por Semana,Gasolinera,Familia,Más De Q150,FutbolMix; CrunchMax BBQ; ChocoKick Bites,Chocolate,Tamaño Fiesta O Reunión,Q16 - Q20,Sí,No,Portugal,Tal vez,España,Kylian Mbappé; Cristiano Ronaldo,Humor,Descuento directo,Sí,Edición Brasil,Moderada,Espectador Pasivo,Adulto Joven (25-34)
1102,2026-03-04,13:13:57,25 - 34 Años,Masculino,Chimaltenango, CHIMALTENANGO ,Estudiante,3 A 5 Veces Por Semana,Tienda de barrio,Amigos,Menos De Q25,Gol Nachos Supreme,Salado Tradicional,Para Compartir Entre 2 Personas,Q10 - Q15,Sí,Sí,España,Tal vez,Estados Unidos,Lionel Messi,Humor,Descuento directo,No,Edición Francia,Moderada,Espectador Pasivo,Adulto Joven (25-34)
1103,2026-02-08,07:38:05,18 - 24 Años,Masculino,Escuintla,Palín,Estudiante,Varias Veces Al Mes,Supermercado,Familia,Q51 - Q100,Mundialitos Queso Picante,Barbacoa,Familiar,Q16 - Q20,Sí,No,Francia,Probablemente no,Portugal,Ninguno; Cristiano Ronaldo; Julián Álvarez,Humor,Tarjetas coleccionables,No,Edición Argentina,Premium Alta,Espectador Pasivo,Jóvenes (<25)
1104,2026-02-03,21:30:06,45 - 54 Años,Femenino,Sacatepéquez,Jocotenango,Empleado Privado,1 A 2 Veces Por Semana,Aplicación de delivery,Compañeros de trabajo,Q51 - Q100,Gol Nachos Supreme; Mundialitos Queso Picante; FutbolMix,Dulce,Para Compartir Entre 2 Personas,Q21 - Q30,Sí,Sí,Argentina,Probablemente sí,Colombia,Christian Pulisic; Lionel Messi; Harry Kane,Un jugador famoso,Sorteo de camisetas,No,Edición Francia,Premium Alta,Casual,Adulto Maduro (35-54)
1105,2026-01-28,22:29:32,25 - 34 Años,Masculino,Santa Rosa,Otro municipio,Empleado Público,1 A 2 Veces Por Semana,Gasolinera,Familia,Q25 - Q50,Hot Stadium Peanuts,Barbacoa,Familiar,Q10 - Q15,No,Sí,Francia,Definitivamente no,Estados Unidos,Lionel Messi; Neymar Jr.; Cristiano Ronaldo,Premios y sorteos,Sorteo de viajes,Sí,Edición Mundial Fifa 2026,Moderada,Casual,Adulto Joven (25-34)
1106,2026-04-16,07:32:32,35 - 44 Años,Masculino,Guatemala,Guatemala,,Todos Los Días,Supermercado,Amigos,Q25 - Q50,Hot Stadium Peanuts; Mundialitos Queso Picante,Jalapeño,Familiar,Menos De Q10,Sí,Sí,España,Definitivamente sí, PORTUGAL ,Jude Bellingham; Rodri; Harry Kane,Historias de aficionados,2x1,No,Edición Mundial Fifa 2026,Moderada,Espectador Pasivo,Adulto Maduro (35-54)
1107,2026-01-10,07:11:44,45 - 54 Años,Femenino,Chimaltenango,Tecpán Guatemala,Estudiante,Varias Veces Al Mes,Tienda de barrio,Familia,Q101 - Q150,Mundialitos Queso Picante,Limón,Para Compartir Entre 2 Personas,Q21 - Q30,Sí,Sí,Estados Unidos,Definitivamente sí,Argentina,Cristiano Ronaldo; Neymar Jr.; Lamine Yamal,Un jugador famoso,2x1,No,Edición Mundial Fifa 2026,Moderada,Espectador Pasivo,Adulto Maduro (35-54)
2199,2026-04-18,21:59:46,45 - 54 Años,Femenino,Guatemala,San Miguel Petapa,Comerciante,3 A 5 Veces Por Semana,Gasolinera,Amigos,Q25 - Q50,CrunchMax BBQ,Queso,Familiar,Q16 - Q20,Sí,Sí,Senegal,Definitivamente sí,España,Cristiano Ronaldo; Vinícius Júnior,Humor,Sorteo de viajes,No,Edición Argentina,Moderada,Espectador Pasivo,Adulto Maduro (35-54)
1109,2026-04-08,10:53:52,35 - 44 Años,Masculino,Guatemala,San Miguel Petapa,Empleado Privado,Todos Los Días,Tienda de barrio,Familia,Q25 - Q50,CrunchMax BBQ,Limón,Tamaño Fiesta O Reunión,Q16 - Q20,Sí,No,España,Tal vez,México,Harry Kane; Lionel Messi; Cristiano Ronaldo,Premios y sorteos,Descuento directo,No,Edición Argentina,Moderada,Espectador Pasivo,Adulto Maduro (35-54)
1110,2026-02-18,09:48:48,45 - 54 Años,Masculino,Guatemala,San Miguel Petapa,Empleado Privado,Todos Los Días,Tienda de barrio,Compañeros de trabajo,Q101 - Q150,Gol Nachos Supreme,Chocolate,Familiar,Q16 - Q20,No,Sí,Brasil,Probablemente sí,Francia,Neymar Jr.,Una selección nacional,Sorteo de camisetas,Sí,Edición Con Jugadores Famosos,Sensible Al Precio,Fanático Target (Alto),Adulto Maduro (35-54)
1111,2026-02-10,10:48:21,Menos De 18 Años,Femenino,Guatemala,Guatemala,Profesional Independiente,Varias Veces Al Mes,Tienda de barrio,Familia,Q25 - Q50,Gol Nachos Supreme; CrunchMax BBQ; FutbolMix,Salado Tradicional,Familiar,Q10 - Q15,Sí,Sí,España,Tal vez,Inglaterra,Cristiano Ronaldo,Una selección nacional,Producto gratis,Sí,Edición Argentina,Moderada,Casual,Jóvenes (<25)
1112,2026-03-04,07:48:58,35 - 44 Años,Masculino,Guatemala,,Comerciante,Todos Los Días,Tienda de barrio,Familia,Q101 - Q150,CrunchMax BBQ; FutbolMix; Fan Chips Jalapeño,Picante Chapín,Tamaño Fiesta O Reunión,Q21 - Q30,Sí,Sí,Escocia,Definitivamente sí,México,Cristiano Ronaldo,Premios y sorteos,Descuento directo,No,Edición Con Jugadores Famosos,Moderada,Espectador Pasivo,Adulto Maduro (35-54)
1113,2026-04-28,16:19:24,25 - 34 Años,Femenino,Guatemala,Guatemala,Empleado Público,3 A 5 Veces Por Semana,Gasolinera,Familia,Q101 - Q150,ChocoKick Bites; Energy Crunch Protein; Hot Stadium Peanuts,Queso,Para Compartir Entre 2 Personas,Q16 - Q20,Sí,Sí,Brasil,Definitivamente sí,,Cristiano Ronaldo,Un jugador famoso,2x1,No,Edición Con Tarjetas Coleccionables,Moderada,Espectador Pasivo,Adulto Joven (25-34)
1114,2026-02-27,09:58:48,18 - 24 Años,Masculino,Quetzaltenango,Coatepeque,Empresario,Varias Veces Al Mes,Aplicación de delivery,Familia,Q25 - Q50,Caramel Goal Popcorn; Hot Stadium Peanuts; Gol Nachos Supreme,Queso,Para Compartir Entre 2 Personas,Q21 - Q30,No,Sí,España,Probablemente sí,Brasil,Vinícius Júnior,Una selección nacional,Sorteo de viajes,Sí,Edición Con Tarjetas Coleccionables,Moderada,Fanático Target (Alto),Jóvenes (<25)
1115,2026-02-11,16:14:57,18 - 24 Años,Masculino,Guatemala,Mixco,Profesional Independiente,3 A 5 Veces Por Semana,Aplicación de delivery,Solo,Menos De Q25,Hot Stadium Peanuts; Mundialitos Queso Picante; FutbolMix,Picante Chapín,Familiar,Q16 - Q20,Sí,No,Argentina,Tal vez,Portugal,Neymar Jr.,Premios y sorteos,2x1,Sí,Edición Mundial Fifa 2026,Moderada,Espectador Pasivo,Jóvenes (<25)
1117,2026-04-23,08:58:53,25 - 34 Años,Masculino,Sacatepéquez, SUMPANGO ,Empleado Público,Varias Veces Al Mes,Supermercado,Familia,Menos De Q25,Gol Nachos Supreme; Caramel Goal Popcorn,Jalapeño,Individual,Q21 - Q30,Sí,Sí,Argentina,Probablemente sí,Brasil,Kylian Mbappé; Vinícius Júnior,Humor,2x1,Sí,Edición Brasil,Moderada,Fanático Target (Alto),Adulto Joven (25-34)
1118,2026-01-22,22:52:46,25 - 34 Años,Masculino,Guatemala,Mixco,Otro,Todos Los Días,Tienda de barrio,Familia,Q51 - Q100,CrunchMax BBQ; Caramel Goal Popcorn; Gol Nachos Supreme,Limón,Familiar,Q21 - Q30,Sí,No,Curaçao,Definitivamente sí,México,Kylian Mbappé; Lamine Yamal,Premios y sorteos,2x1,Sí,Edición Inglaterra,Premium Alta,Espectador Pasivo,Adulto Joven (25-34)
1119,2026-03-03,15:03:28,35 - 44 Años,Masculino,Chimaltenango,Chimaltenango,Comerciante,3 A 5 Veces Por Semana,Supermercado,Amigos,Menos De Q25,Fan Chips Jalapeño,Picante Chapín,Familiar,Q21 - Q30,No,Sí,México,Probablemente sí,México,Vinícius Júnior,Un jugador famoso,2x1,No,Edición España,Sensible Al Precio,Casual,Adulto Maduro (35-54)
1120,2026-05-08,12:06:01,18 - 24 Años,Femenino,Guatemala,Mixco,Empleado Público,Todos Los Días,Tienda de barrio,Otro,Más De Q150,Mundialitos Queso Picante; Energy Crunch Protein,Queso,Individual,Q16 - Q20,Sí,Sí,Inglaterra,Probablemente sí,Jordania,Kylian Mbappé; Lionel Messi; Rodri,Un jugador famoso,Descuento directo,No,Edición Brasil,Moderada,Casual,Jóvenes (<25)
1121,2026-01-23,20:35:52,Menos De 18 Años,Masculino,Jalapa,Otro municipio,Empleado Público,1 A 2 Veces Por Semana,Tienda de barrio,Amigos,Menos De Q25,FutbolMix; Hot Stadium Peanuts; Fan Chips Jalapeño,Limón,Familiar,Q10 - Q15,Sí,Sí,Portugal,Probablemente sí,Brasil,Cristiano Ronaldo; Kylian Mbappé,Una selección nacional,Tarjetas coleccionables,Sí,Edición Argentina,Moderada,Fanático Target (Alto),Jóvenes (<25)
1122,2026-01-10,11:07:51,45 - 54 Años,Masculino,Quetzaltenango,Quetzaltenango,Estudiante,3 A 5 Veces Por Semana,Supermercado,Amigos,Q101 - Q150,CrunchMax BBQ; FutbolMix; Gol Nachos Supreme,Picante Chapín,Para Compartir Entre 2 Personas,Q10 - Q15,Sí,No,Argentina,Tal vez,Argentina,Vinícius Júnior; Julián Álvarez; Cristiano Ronaldo,Una selección nacional,Sorteo de balones,Sí,Edición Argentina,Moderada,Espectador Pasivo,Adulto Maduro (35-54)
1123,2026-02-12,10:46:21,18 - 24 Años,Femenino,Escuintla,Escuintla,Empleado Privado,Varias Veces Al Mes,Tienda de barrio,Familia,Q51 - Q100,FutbolMix; CrunchMax BBQ,Jalapeño,Individual,Q10 - Q15,Sí,Sí,España,Probablemente sí,Argentina,Federico Valverde; Lionel Messi; Lamine Yamal,Premios y sorteos,Sorteo de camisetas,Sí,Edición Inglaterra,Premium Alta,Fanático Target (Alto),Jóvenes (<25)
1124,2026-04-22,20:47:02,25 - 34 Años,Masculino,Chimaltenango,Patzún,Estudiante,3 A 5 Veces Por Semana,Aplicación de delivery,Compañeros de trabajo,Más De Q150,Gol Nachos Supreme; CrunchMax BBQ; Fan Chips Jalapeño,Chocolate,Para Compartir Entre 2 Personas,Q10 - Q15,No,Sí,México,Definitivamente no,Francia,Vinícius Júnior; Federico Valverde,Una selección nacional,Descuento directo,No,Edición España,Sensible Al Precio,Espectador Pasivo,Adulto Joven (25-34)
1125,2026-05-08,21:31:54,35 - 44 Años,Masculino,Guatemala,Mixco,Estudiante,3 A 5 Veces Por Semana,Kiosco escolar/universitario,Amigos,Q25 - Q50,ChocoKick Bites; Hot Stadium Peanuts; Fan Chips Jalapeño,,Individual,Q16 - Q20,Sí,Sí,Canadá,Probablemente sí,España,Harry Kane,Humor,Tarjetas coleccionables,Sí,Edición Brasil,Moderada,Fanático Target (Alto),Adulto Maduro (35-54)
1126,2026-02-23,14:36:14,18 - 24 Años,Masculino,Escuintla,Escuintla,Estudiante,3 A 5 Veces Por Semana,Aplicación de delivery,Familia,Q51 - Q100,Hot Stadium Peanuts; Fan Chips Jalapeño,Salado Tradicional,Tamaño Fiesta O Reunión,Q16 - Q20,Sí,Sí,Argentina,Definitivamente sí,Inglaterra,Lionel Messi; Lamine Yamal,Humor,Descuento directo,No,Edición Con Tarjetas Coleccionables,Premium Alta,Espectador Pasivo,Jóvenes (<25)
1127,2026-02-10,19:55:33,18 - 24 Años,Masculino,Guatemala,Guatemala,Empleado Privado,1 A 2 Veces Por Semana,Supermercado,Familia,Q101 - Q150,Caramel Goal Popcorn,Picante Chapín,Individual,Q16 - Q20,Sí,Sí,Argentina,Probablemente sí,Brasil,Vinícius Júnior,Humor,2x1,No,Edición Inglaterra,Moderada,Casual,Jóvenes (<25)
1129,2026-03-09,08:40:26,45 - 54 Años,Masculino,Guatemala,Villa Nueva,Profesional Independiente,Varias Veces Al Mes,Supermercado,Solo,Q25 - Q50,Mundialitos Queso Picante; Gol Nachos Supreme,Barbacoa,Para Compartir Entre 2 Personas,Menos De Q10,No,Sí,Francia,Tal vez,Argentina,Cristiano Ronaldo; Federico Valverde,Un jugador famoso,Tarjetas coleccionables,No,Edición Mundial Fifa 2026,Moderada,Espectador Pasivo,Adulto Maduro (35-54)
1130,2026-02-12,15:40:59,45 - 54 Años,Masculino,Guatemala,Mixco,Otro,3 A 5 Veces Por Semana,Tienda de barrio,Solo,Q101 - Q150,Hot Stadium Peanuts,Barbacoa,Familiar,Menos De Q10,No,Sí,México,Definitivamente sí,Portugal,Kylian Mbappé; Neymar Jr.; Vinícius Júnior,Humor,Descuento directo,Sí,Edición España,Sensible Al Precio,Casual,Adulto Maduro (35-54)
1131,2026-02-22,08:17:39,35 - 44 Años,Masculino,Quetzaltenango,Quetzaltenango,Empresario,Rara Vez,Otro,Amigos,Q101 - Q150,Fan Chips Jalapeño,Limón,Para Compartir Entre 2 Personas,Q21 - Q30,No,Sí,Portugal,Definitivamente sí,Portugal,Lamine Yamal; Christian Pulisic; Neymar Jr.,Historias de aficionados,Producto gratis,No,Edición Brasil,Sensible Al Precio,Espectador Pasivo,Adulto Maduro (35-54)
1132,2026-04-18,08:28:36,35 - 44 Años,Femenino,Guatemala,San Miguel Petapa,Estudiante,Varias Veces Al Mes,Supermercado,Amigos,Q51 - Q100,Energy Crunch Protein; FutbolMix,Limón,Familiar,Q16 - Q20,Sí,Sí,Francia,Tal vez,España,Lionel Messi; Harry Kane; Lamine Yamal,Premios y sorteos,Descuento directo,Sí,Edición Brasil,Premium Alta,Casual,Adulto Maduro (35-54)
1133,2026-04-02,22:34:46,25 - 34 Años,Masculino,Suchitepéquez,Otro municipio,Empleado Público,1 A 2 Veces Por Semana,Gasolinera,Amigos,Menos De Q25,FutbolMix,Chocolate,Familiar,Q16 - Q20,No,Sí,Argentina,Probablemente sí,Brasil,Kylian Mbappé; Christian Pulisic,Una selección nacional,Tarjetas coleccionables,Sí,Edición Mundial Fifa 2026,Sensible Al Precio,Fanático Target (Alto),Adulto Joven (25-34)
1134,2026-01-10,13:19:19,35 - 44 Años,Femenino,Escuintla,Escuintla,Comerciante,3 A 5 Veces Por Semana,Aplicación de delivery,Solo,Q25 - Q50,FutbolMix; Gol Nachos Supreme,Limón,Individual,Q16 - Q20,Sí,Sí,Francia,Probablemente sí,Argentina,Cristiano Ronaldo; Vinícius Júnior,Premios y sorteos,2x1,No,Edición Con Tarjetas Coleccionables,Moderada,Casual,Adulto Maduro (35-54)
1135,2026-01-11,09:09:11,25 - 34 Años,Femenino,Huehuetenango,Huehuetenango,Jubilado,Varias Veces Al Mes,Supermercado,Familia,Q51 - Q100,FutbolMix; Mundialitos Queso Picante,Queso,Familiar,Q16 - Q20,No,Sí,Brasil,Probablemente sí,España,Lionel Messi; Cristiano Ronaldo,Premios y sorteos,2x1,Sí,Edición Con Tarjetas Coleccionables,Moderada,Fanático Target (Alto),Adulto Joven (25-34)
1136,2026-04-06,15:48:35,25 - 34 Años,Masculino,Guatemala,San Miguel Petapa,Empleado Privado,Todos Los Días,Tienda de barrio,Familia,Q51 - Q100,CrunchMax BBQ; Fan Chips Jalapeño; Gol Nachos Supreme,Limón,Tamaño Fiesta O Reunión,Q16 - Q20,Sí,Sí,Brasil,Tal vez,España,Neymar Jr.; Kylian Mbappé; Jude Bellingham,Una selección nacional,Producto gratis,No,Edición Brasil,Premium Alta,Espectador Pasivo,Adulto Joven (25-34)
1137,2026-03-11,13:09:04,25 - 34 Años,Femenino,Guatemala,Mixco,,3 A 5 Veces Por Semana,Otro,Familia,Menos De Q25,CrunchMax BBQ; Fan Chips Jalapeño,Limón,Tamaño Fiesta O Reunión,Q21 - Q30,Sí,No,Inglaterra,Probablemente sí,Argentina,Vinícius Júnior; Cristiano Ronaldo; Jude Bellingham,Una selección nacional,2x1,Sí,Edición Brasil,Moderada,Espectador Pasivo,Adulto Joven (25-34)
1138,2026-04-02,08:24:20,35 - 44 Años,Masculino,Chimaltenango,Chimaltenango,Jubilado,1 A 2 Veces Por Semana,Tienda de barrio,Amigos,Q51 - Q100,Gol Nachos Supreme; CrunchMax BBQ; Victory Pretzels,Chocolate,Para Compartir Entre 2 Personas,Q21 - Q30,No,Sí,Francia,Tal vez,Suiza,Lionel Messi,Un jugador famoso,Sorteo de camisetas,No,Edición Con Jugadores Famosos,Moderada,Espectador Pasivo,Adulto Maduro (35-54)
1139,2026-01-29,17:42:37,45 - 54 Años,Masculino,Santa Rosa,Otro municipio,Empresario,Todos Los Días,Kiosco escolar/universitario,Compañeros de trabajo,Q25 - Q50,Mundialitos Queso Picante; FutbolMix; Energy Crunch Protein,Queso,Tamaño Fiesta O Reunión,Q16 - Q20,Sí,Sí,Portugal,Probablemente sí,Marruecos,Vinícius Júnior,Una selección nacional,2x1,Sí,Edición Con Jugadores Famosos,Moderada,Fanático Target (Alto),Adulto Maduro (35-54)
1140,2026-03-04,18:06:00,25 - 34 Años,Masculino,Escuintla,Escuintla,Empresario,3 A 5 Veces Por Semana,Gasolinera,Familia,Q51 - Q100,Mundialitos Queso Picante; Hot Stadium Peanuts; ChocoKick Bites,Barbacoa,Individual,Q21 - Q30,No,Sí,Francia,Tal vez,Brasil,Lamine Yamal; Lionel Messi,Un jugador famoso,Sorteo de camisetas,No,Edición Con Jugadores Famosos,Moderada,Espectador Pasivo,Adulto Joven (25-34)
1141,2026-04-03,22:22:17,35 - 44 Años,Masculino,Guatemala,Santa Catarina Pinula,Empleado Privado,1 A 2 Veces Por Semana,Tienda de barrio,Amigos,Menos De Q25,FutbolMix; Gol Nachos Supreme,Caramelo,Para Compartir Entre 2 Personas,Q10 - Q15,No,Sí,Brasil,Probablemente sí,España,Kylian Mbappé,Humor,Descuento directo,Sí,Edición Con Jugadores Famosos,Sensible Al Precio,Fanático Target (Alto),Adulto Maduro (35-54)
1142,2026-03-07,18:00:48,Menos De 18 Años,Masculino,Chimaltenango, CHIMALTENANGO ,Estudiante,1 A 2 Veces Por Semana,Kiosco escolar/universitario,Amigos,Q51 - Q100,ChocoKick Bites; FutbolMix,Limón,Individual,Q16 - Q20,Sí,Sí,Brasil,Tal vez,México,Jude Bellingham,Un jugador famoso,Descuento directo,Sí,Edición Con Tarjetas Coleccionables,Premium Alta,Casual,Jóvenes (<25)
1143,2026-04-28,22:35:48,18 - 24 Años,Masculino,Jalapa,Otro municipio,Profesional Independiente,3 A 5 Veces Por Semana,,Familia,Q101 - Q150,Caramel Goal Popcorn,Barbacoa,Individual,Q10 - Q15,Sí,Sí,México,Tal vez,Argentina,Rodri,Humor,Tarjetas coleccionables,No,Edición Con Jugadores Famosos,Moderada,Espectador Pasivo,Jóvenes (<25)
1144,2026-01-18,18:38:08,18 - 24 Años,Femenino,Guatemala,Villa Nueva,Empleado Privado,3 A 5 Veces Por Semana,Supermercado,Solo,Q51 - Q100,Energy Crunch Protein; Hot Stadium Peanuts,Chocolate,Para Compartir Entre 2 Personas,Q10 - Q15,Sí,Sí,Brasil,Tal vez, MÉXICO ,Neymar Jr.; Cristiano Ronaldo,Una selección nacional,Descuento directo,Sí,Edición Mundial Fifa 2026,Premium Alta,Casual,Jóvenes (<25)
1145,2026-03-11,07:57:19,18 - 24 Años,Femenino,Chiquimula,Chiquimula,Empleado Privado,Todos Los Días,Supermercado,Familia,Q25 - Q50,Mundialitos Queso Picante; Gol Nachos Supreme; Caramel Goal Popcorn,Picante Chapín,Familiar,Más De Q30,Sí,Sí, MÉXICO ,Probablemente no,México,Federico Valverde,Una selección nacional,2x1,No,Edición Inglaterra,Moderada,Espectador Pasivo,Jóvenes (<25)
1146,2026-02-12,17:51:12,25 - 34 Años,Femenino,Izabal,Otro municipio,Empleado Privado,3 A 5 Veces Por Semana,Tienda de barrio,Amigos,Menos De Q25,Victory Pretzels; CrunchMax BBQ,Dulce,Familiar,Menos De Q10,No,Sí,México,Definitivamente sí,España,Rodri; Cristiano Ronaldo,Una selección nacional,Sorteo de camisetas,Sí,Edición Brasil,Sensible Al Precio,Casual,Adulto Joven (25-34)
1147,2026-03-26,10:31:55,18 - 24 Años,Masculino,Guatemala,Santa Catarina Pinula,,Todos Los Días,Tienda de barrio,Amigos,Más De Q150,Hot Stadium Peanuts; CrunchMax BBQ; Gol Nachos Supreme,Queso,Individual,Q16 - Q20,No,Sí,Brasil,Probablemente sí,Francia,Christian Pulisic,Un jugador famoso,2x1,Sí,Edición Con Jugadores Famosos,Sensible Al Precio,Fanático Target (Alto),Jóvenes (<25)
1148,2026-01-15,13:57:30,25 - 34 Años,Femenino,Alta Verapaz,Alta Verapaz,Empleado Privado,3 A 5 Veces Por Semana,Supermercado,Amigos,Q51 - Q100,FutbolMix,Barbacoa,Familiar,Q16 - Q20,Sí,Sí,México,Probablemente sí,Inglaterra,Alphonso Davies; Cristiano Ronaldo,Historias de aficionados,Producto gratis,Sí,Edición Francia,Premium Alta,Fanático Target (Alto),Adulto Joven (25-34)
1149,2026-04-01,15:25:35,35 - 44 Años,Masculino,Guatemala,Santa Catarina Pinula,Empleado Público,3 A 5 Veces Por Semana,Tienda de barrio,Amigos,Q25 - Q50,FutbolMix,Queso,Para Compartir Entre 2 Personas,Q10 - Q15,Sí,Sí,Francia,Probablemente sí,Estados Unidos,Harry Kane,Premios y sorteos,2x1,No,Edición Con Tarjetas Coleccionables,Moderada,Casual,Adulto Maduro (35-54)
1150,2026-04-28,12:48:25,35 - 44 Años,Masculino,Guatemala,Mixco,Profesional Independiente,1 A 2 Veces Por Semana,Tienda de barrio,Amigos,Q51 - Q100,FutbolMix; Mundialitos Queso Picante; Gol Nachos Supreme,Dulce,Individual,Q10 - Q15,Sí,Sí,Argentina,Definitivamente sí,Brasil,Jude Bellingham,Una selección nacional,2x1,Sí,Edición Brasil,Premium Alta,Casual,Adulto Maduro (35-54)
1151,2026-03-20,19:14:16,45 - 54 Años,Prefiero No Indicarlo,Quetzaltenango,Olintepeque,Empleado Público,Varias Veces Al Mes,Supermercado,Amigos,Q51 - Q100,CrunchMax BBQ; Caramel Goal Popcorn; Gol Nachos Supreme,Caramelo,Familiar,Q16 - Q20,No,Sí, ARGENTINA ,Definitivamente sí,,Neymar Jr.,Una selección nacional,Descuento directo,No,Edición Con Jugadores Famosos,Moderada,Espectador Pasivo,Adulto Maduro (35-54)
1152,2026-05-01,12:13:32,25 - 34 Años,Femenino,Escuintla,Palín,Empleado Privado,1 A 2 Veces Por Semana,Supermercado,Familia,Menos De Q25,CrunchMax BBQ; ChocoKick Bites,Queso,Familiar,Q16 - Q20,Sí,Sí, FRANCIA ,Definitivamente sí,Argentina,Lionel Messi; Cristiano Ronaldo; Lamine Yamal,Una selección nacional,2x1,Sí,Edición Brasil,Moderada,Casual,Adulto Joven (25-34)
1153,2026-01-21,13:15:57,55 Años O Más,Femenino,Guatemala,Mixco,Empleado Privado,3 A 5 Veces Por Semana,Tienda de barrio,Amigos,Q25 - Q50,Victory Pretzels; Gol Nachos Supreme,Picante Chapín,Tamaño Fiesta O Reunión,Q16 - Q20,No,Sí,Estados Unidos,Probablemente no,Portugal,Vinícius Júnior,Humor,Descuento directo,Sí,Edición Argentina,Moderada,Casual,Adulto Mayor (55+)
1154,2026-02-11,12:56:07,25 - 34 Años,Femenino,Izabal,Cabecera municipal,Empleado Privado,3 A 5 Veces Por Semana,Tienda de barrio,Amigos,Menos De Q25,Gol Nachos Supreme,Queso,Familiar,Q10 - Q15,No,Sí,Ghana,Definitivamente sí,Portugal,Cristiano Ronaldo; Ninguno,Un jugador famoso,Producto gratis,Sí,Edición Con Jugadores Famosos,Sensible Al Precio,Casual,Adulto Joven (25-34)
1155,2026-02-12,17:41:49,25 - 34 Años,Masculino,Alta Verapaz,Cabecera municipal,Comerciante,Varias Veces Al Mes,Aplicación de delivery,Amigos,Q25 - Q50,Victory Pretzels; FutbolMix; CrunchMax BBQ,Limón,Familiar,Q16 - Q20,Sí,Sí,Francia,Definitivamente no,Uruguay,Ninguno,Una selección nacional,Descuento directo,Sí,Edición Argentina,Moderada,Casual,Adulto Joven (25-34)
1156,2026-04-07,15:05:38,25 - 34 Años,Femenino,Guatemala,Mixco,Empresario,Todos Los Días,Gasolinera,Compañeros de trabajo,Menos De Q25,ChocoKick Bites,Picante Chapín,Familiar,Q10 - Q15,Sí,Sí,Argentina,Definitivamente sí,Colombia,Vinícius Júnior; Lionel Messi,Una selección nacional,Sorteo de viajes,No,Edición Con Tarjetas Coleccionables,Moderada,Espectador Pasivo,Adulto Joven (25-34)
1157,2026-03-21,10:25:20,18 - 24 Años,Femenino,Guatemala,Villa Nueva,Profesional Independiente,Todos Los Días,Supermercado,Familia,Q51 - Q100,Energy Crunch Protein,Salado Tradicional,Familiar,,No,Sí,Colombia,Tal vez,Alemania,Cristiano Ronaldo,Una selección nacional,2x1,Sí,Edición Francia,Moderada,Casual,Jóvenes (<25)
1158,2026-01-21,11:38:53,55 Años O Más,Masculino,Escuintla,Escuintla,Estudiante,1 A 2 Veces Por Semana,Supermercado,Solo,Q51 - Q100,Caramel Goal Popcorn; Fan Chips Jalapeño; Mundialitos Queso Picante,Picante Chapín,Para Compartir Entre 2 Personas,Q10 - Q15,No,Sí,Argentina,Probablemente sí,Brasil,Vinícius Júnior; Federico Valverde,Premios y sorteos,Sorteo de balones,Sí,Edición Con Jugadores Famosos,Moderada,Fanático Target (Alto),Adulto Mayor (55+)
1159,2026-02-20,15:04:14,18 - 24 Años,Femenino,Sacatepéquez,Jocotenango,Empleado Privado,3 A 5 Veces Por Semana,Gasolinera,Familia,Más De Q150,Hot Stadium Peanuts; Mundialitos Queso Picante; Victory Pretzels,Jalapeño,Familiar,Q10 - Q15,No,Sí,Portugal,Probablemente sí,Australia,Vinícius Júnior; Ninguno,Un jugador famoso,Tarjetas coleccionables,Sí,Edición Argentina,Sensible Al Precio,Fanático Target (Alto),Jóvenes (<25)
1160,2026-01-12,07:35:54,18 - 24 Años,Femenino,Alta Verapaz,Otro municipio,Ama De Casa,3 A 5 Veces Por Semana,Tienda de barrio,Otro,Q25 - Q50,CrunchMax BBQ; Caramel Goal Popcorn; Energy Crunch Protein,Jalapeño,Individual,Menos De Q10,No,Sí,México,Definitivamente sí,Alemania,Lamine Yamal; Cristiano Ronaldo,Un jugador famoso,Descuento directo,Sí,Edición Mundial Fifa 2026,Moderada,Casual,Jóvenes (<25)
1161,2026-03-01,09:33:49,35 - 44 Años,Masculino,Guatemala,Guatemala,Comerciante,Varias Veces Al Mes,Tienda de barrio,Amigos,Q51 - Q100,Gol Nachos Supreme; Victory Pretzels; Hot Stadium Peanuts,Barbacoa,Tamaño Fiesta O Reunión,Q16 - Q20,Sí,Sí,Francia,Tal vez,México,Lionel Messi; Neymar Jr.; Rodri,Premios y sorteos,2x1,Sí,Edición Con Jugadores Famosos,Premium Alta,Casual,Adulto Maduro (35-54)
1162,2026-01-29,17:54:04,25 - 34 Años,Prefiero No Indicarlo,Guatemala,Santa Catarina Pinula,Profesional Independiente,3 A 5 Veces Por Semana,Supermercado,Otro,Q101 - Q150,ChocoKick Bites; Fan Chips Jalapeño; CrunchMax BBQ,Jalapeño,Familiar,Q16 - Q20,Sí,Sí,Irak,Tal vez,Argentina,Kylian Mbappé; Vinícius Júnior; Neymar Jr.,Una selección nacional,Descuento directo,Sí,Edición Francia,Moderada,Casual,Adulto Joven (25-34)
1163,2026-02-09,10:37:43,25 - 34 Años,Femenino,Guatemala,Mixco,Empleado Privado,1 A 2 Veces Por Semana,Gasolinera,Compañeros de trabajo,Q101 - Q150,Mundialitos Queso Picante,Queso,Individual,Q10 - Q15,Sí,Sí,Escocia,Definitivamente sí,Argentina,Jude Bellingham,Una selección nacional,2x1,Sí,Edición Con Jugadores Famosos,Moderada,Casual,Adulto Joven (25-34)
1164,2026-02-17,12:16:25,18 - 24 Años,Femenino,Zacapa,Zacapa,Ama De Casa,3 A 5 Veces Por Semana,Supermercado,Amigos,Q101 - Q150,Mundialitos Queso Picante,Jalapeño,Para Compartir Entre 2 Personas,Q16 - Q20,Sí,Sí,Brasil,Probablemente sí,Argentina,Lamine Yamal,Una selección nacional,Tarjetas coleccionables,Sí,Edición Brasil,Moderada,Fanático Target (Alto),Jóvenes (<25)
1165,2026-01-19,14:54:26,Menos De 18 Años,Femenino,Guatemala,Villa Nueva,Profesional Independiente,3 A 5 Veces Por Semana,Supermercado,Amigos,Q51 - Q100,FutbolMix; Caramel Goal Popcorn,Picante Chapín,Para Compartir Entre 2 Personas,Q10 - Q15,Sí,Sí,Portugal,Definitivamente sí,México,Lionel Messi; Neymar Jr.,Un jugador famoso,2x1,No,Edición Argentina,Premium Alta,Espectador Pasivo,Jóvenes (<25)
1166,2026-02-15,18:38:36,25 - 34 Años,Femenino,Quiché,Quiché,Empleado Privado,3 A 5 Veces Por Semana,Aplicación de delivery,Familia,Q51 - Q100,FutbolMix; Mundialitos Queso Picante,Jalapeño,Familiar,Más De Q30,Sí,Sí,Francia,Tal vez,Colombia,Vinícius Júnior; Kylian Mbappé; Alphonso Davies,Premios y sorteos,2x1,No,Edición Argentina,Premium Alta,Espectador Pasivo,Adulto Joven (25-34)
1167,2026-04-03,14:53:44,35 - 44 Años,Masculino,Baja Verapaz,Otro municipio,Estudiante,1 A 2 Veces Por Semana,Kiosco escolar/universitario,Amigos,Q25 - Q50,Mundialitos Queso Picante,Chocolate,Individual,Q10 - Q15,Sí,Sí,Portugal,Probablemente sí,Argentina,Jude Bellingham; Federico Valverde,Un jugador famoso,2x1,Sí,Edición Argentina,Moderada,Fanático Target (Alto),Adulto Maduro (35-54)
1168,2026-02-26,12:36:44,Menos De 18 Años,Prefiero No Indicarlo,Guatemala,Villa Nueva,Empleado Público,1 A 2 Veces Por Semana,Kiosco escolar/universitario,Familia,Más De Q150,Fan Chips Jalapeño; ChocoKick Bites,Jalapeño,Individual,Q21 - Q30,Sí,Sí,Brasil,Probablemente sí,Colombia,Julián Álvarez; Cristiano Ronaldo,Historias de aficionados,Producto gratis,No,Edición España,Moderada,Casual,Jóvenes (<25)
1169,2026-03-20,10:16:54,Menos De 18 Años,Masculino,Alta Verapaz,Otro municipio,Empleado Privado,Varias Veces Al Mes,Kiosco escolar/universitario,Amigos,Q25 - Q50,FutbolMix; CrunchMax BBQ; ChocoKick Bites,Caramelo,Individual,Q21 - Q30,Sí,Sí,Brasil,Probablemente no,Argentina,Neymar Jr.; Harry Kane; Christian Pulisic,Un jugador famoso,Producto gratis,No,Edición Francia,Moderada,Espectador Pasivo,Jóvenes (<25)
1170,2026-01-23,21:00:34,35 - 44 Años,Femenino,Chimaltenango,Chimaltenango,Empleado Privado,3 A 5 Veces Por Semana,Tienda de barrio,Compañeros de trabajo,Q51 - Q100,Gol Nachos Supreme,Jalapeño,Individual,Q10 - Q15,Sí,Sí, PORTUGAL ,Tal vez,Argentina,Lamine Yamal,Un jugador famoso,Descuento directo,Sí,Edición Con Tarjetas Coleccionables,Premium Alta,Casual,Adulto Maduro (35-54)
1171,2026-02-28,11:10:44,35 - 44 Años,Masculino,Baja Verapaz,Otro municipio,Comerciante,1 A 2 Veces Por Semana,Tienda de barrio,Amigos,Menos De Q25,Gol Nachos Supreme,Chocolate,Individual,Q21 - Q30,Sí,Sí,Francia,Probablemente sí,Francia,Jude Bellingham,Un jugador famoso,Descuento directo,No,Edición Mundial Fifa 2026,Moderada,Casual,Adulto Maduro (35-54)
1172,2026-02-16,15:59:30,35 - 44 Años,Masculino,Guatemala,Villa Nueva,Profesional Independiente,Varias Veces Al Mes,Tienda de barrio,Familia,Q25 - Q50,FutbolMix; Gol Nachos Supreme,Picante Chapín,Para Compartir Entre 2 Personas,Q16 - Q20,Sí,Sí,Alemania,Probablemente sí,Francia,Neymar Jr.; Christian Pulisic,Historias de aficionados,Sorteo de viajes,No,Edición Brasil,Moderada,Casual,Adulto Maduro (35-54)
1173,2026-01-24,22:40:57,18 - 24 Años,Femenino,Chimaltenango,Patzún,Profesional Independiente,3 A 5 Veces Por Semana,Kiosco escolar/universitario,Amigos,Q25 - Q50,Energy Crunch Protein,Picante Chapín,Familiar,Q16 - Q20,No,Sí,Portugal,Probablemente sí,Portugal,Neymar Jr.; Cristiano Ronaldo,Un jugador famoso,Producto gratis,Sí,Edición Mundial Fifa 2026,Moderada,Fanático Target (Alto),Jóvenes (<25)
1174,2026-04-01,11:17:54,18 - 24 Años,Femenino,Retalhuleu,Cabecera municipal,Estudiante,1 A 2 Veces Por Semana,Tienda de barrio,Solo,Menos De Q25,Mundialitos Queso Picante; Hot Stadium Peanuts; Caramel Goal Popcorn,Salado Tradicional,Tamaño Fiesta O Reunión,Menos De Q10,Sí,Sí, BÉLGICA ,Definitivamente sí,Argentina,Lionel Messi; Lamine Yamal,Un jugador famoso,Descuento directo,Sí,Edición Brasil,Moderada,Casual,Jóvenes (<25)
1175,2026-05-04,08:14:16,35 - 44 Años,Femenino,Escuintla,Palín,Empresario,Varias Veces Al Mes,Supermercado,Amigos,Q51 - Q100,Energy Crunch Protein; CrunchMax BBQ,Barbacoa,Individual,Q21 - Q30,Sí,Sí,Argentina,Definitivamente sí,Brasil,Jude Bellingham; Cristiano Ronaldo,Historias de aficionados,Sorteo de viajes,No,Edición Mundial Fifa 2026,Premium Alta,Espectador Pasivo,Adulto Maduro (35-54)
1176,2026-01-12,19:42:57,25 - 34 Años,Femenino,Guatemala,Villa Nueva,Jubilado,1 A 2 Veces Por Semana,Tienda de barrio,Familia,Q51 - Q100,Victory Pretzels,Picante Chapín,Individual,Q10 - Q15,Sí,Sí,Argentina,Tal vez,Brasil,Federico Valverde; Vinícius Júnior,Un jugador famoso,Tarjetas coleccionables,No,Edición Argentina,Premium Alta,Espectador Pasivo,Adulto Joven (25-34)
1177,2026-05-04,09:00:06,18 - 24 Años,Masculino,Izabal,Cabecera municipal,Empleado Privado,1 A 2 Veces Por Semana,Supermercado,Amigos,Menos De Q25,CrunchMax BBQ; FutbolMix; Mundialitos Queso Picante,Jalapeño,Familiar,Q16 - Q20,Sí,Sí,Argentina,Tal vez,México,Kylian Mbappé,Una selección nacional,Sorteo de camisetas,Sí,Edición España,Moderada,Casual,Jóvenes (<25)
1178,2026-04-22,13:52:22,35 - 44 Años,Femenino,Guatemala,Guatemala,Empleado Público,3 A 5 Veces Por Semana,Tienda de barrio,Compañeros de trabajo,Q25 - Q50,Energy Crunch Protein; Mundialitos Queso Picante; Caramel Goal Popcorn,Limón,Familiar,Q10 - Q15,Sí,Sí,Portugal,Probablemente sí,Estados Unidos,Jude Bellingham; Harry Kane; Lionel Messi,Un jugador famoso,2x1,No,Edición Con Jugadores Famosos,Moderada,Casual,Adulto Maduro (35-54)
1179,2026-01-14,15:37:21,25 - 34 Años,Masculino,Escuintla,Santa Lucía Cotzumalguapa,Empleado Privado,Todos Los Días,Gasolinera,Familia,Q51 - Q100,Energy Crunch Protein,Picante Chapín,Para Compartir Entre 2 Personas,Q16 - Q20,No,Sí,Brasil,Definitivamente sí,Argentina,Vinícius Júnior; Cristiano Ronaldo,Historias de aficionados,2x1,Sí,Edición Con Jugadores Famosos,Moderada,Casual,Adulto Joven (25-34)
1180,2026-05-06,09:55:03,45 - 54 Años,Masculino,Sacatepéquez, ANTIGUA GUATEMALA ,Otro,Rara Vez,Tienda de barrio,Familia,Q51 - Q100,Fan Chips Jalapeño,Queso,Familiar,Q16 - Q20,Sí,Sí,Inglaterra,Tal vez,Portugal,Cristiano Ronaldo; Rodri,Un jugador famoso,Descuento directo,No,Edición Con Jugadores Famosos,Premium Alta,Espectador Pasivo,Adulto Maduro (35-54)
1181,2026-05-03,16:57:28,18 - 24 Años,Femenino,Sacatepéquez,Jocotenango,Empleado Público,1 A 2 Veces Por Semana,Supermercado,Amigos,Q51 - Q100,Gol Nachos Supreme; ChocoKick Bites,Picante Chapín,Individual,Q10 - Q15,No,Sí,México,Tal vez,Argentina,Alphonso Davies,Premios y sorteos,Sorteo de viajes,Sí,Edición Mundial Fifa 2026,Moderada,Casual,Jóvenes (<25)
1182,2026-03-12,14:44:44,45 - 54 Años,Femenino,Guatemala,San Miguel Petapa,Empleado Privado,Varias Veces Al Mes,Gasolinera,Familia,Q25 - Q50,CrunchMax BBQ; Energy Crunch Protein,Barbacoa,Para Compartir Entre 2 Personas,Q21 - Q30,No,Sí,Estados Unidos,Tal vez,Inglaterra,Lamine Yamal; Neymar Jr.,Historias de aficionados,Tarjetas coleccionables,Sí,Edición Con Jugadores Famosos,Moderada,Casual,Adulto Maduro (35-54)
1183,2026-03-21,17:09:39,55 Años O Más,Femenino,Sacatepéquez,Sumpango,Estudiante,3 A 5 Veces Por Semana,Aplicación de delivery,Amigos,Q51 - Q100,Gol Nachos Supreme,Picante Chapín,Para Compartir Entre 2 Personas,Q16 - Q20,Sí,Sí,Brasil,Definitivamente sí,Brasil,Harry Kane; Ninguno,Premios y sorteos,Producto gratis,Sí,Edición Con Tarjetas Coleccionables,Premium Alta,Casual,Adulto Mayor (55+)
1184,2026-02-05,13:55:42,25 - 34 Años,Masculino,Jutiapa,Otro municipio,Empleado Privado,Rara Vez,Gasolinera,Familia,Menos De Q25,CrunchMax BBQ,Barbacoa,Para Compartir Entre 2 Personas,Q21 - Q30,Sí,Sí,Uruguay,Tal vez,Argentina,Kylian Mbappé,Humor,Descuento directo,Sí,Edición Mundial Fifa 2026,Moderada,Casual,Adulto Joven (25-34)
1185,2026-01-28,15:10:14,25 - 34 Años,Masculino,Petén,Flores,Ama De Casa,Varias Veces Al Mes,Otro,Familia,Q25 - Q50,Gol Nachos Supreme; Fan Chips Jalapeño,Dulce,Familiar,Q16 - Q20,No,Sí,Inglaterra,Probablemente sí, MÉXICO ,Julián Álvarez; Cristiano Ronaldo; Vinícius Júnior,Una selección nacional,Sorteo de viajes,Sí,Edición Argentina,Moderada,Fanático Target (Alto),Adulto Joven (25-34)
1186,2026-02-23,11:07:42,35 - 44 Años,Femenino,Quetzaltenango,Quetzaltenango,Comerciante,Varias Veces Al Mes,Tienda de barrio,Familia,Q25 - Q50,Mundialitos Queso Picante; Gol Nachos Supreme; CrunchMax BBQ,Picante Chapín,Familiar,Menos De Q10,Sí,Sí,Alemania,Probablemente sí,Argentina,Cristiano Ronaldo; Kylian Mbappé; Lionel Messi,Historias de aficionados,Tarjetas coleccionables,Sí,Edición Con Jugadores Famosos,Moderada,Fanático Target (Alto),Adulto Maduro (35-54)
1187,2026-03-16,22:29:38,35 - 44 Años,Masculino,Santa Rosa,Otro municipio,Empleado Público,Todos Los Días,Kiosco escolar/universitario,Amigos,Menos De Q25,Caramel Goal Popcorn; Energy Crunch Protein; Victory Pretzels,Picante Chapín,Para Compartir Entre 2 Personas,Q16 - Q20,Sí,No,Alemania,Probablemente sí,México,Lamine Yamal,Humor,2x1,Sí,Edición Con Tarjetas Coleccionables,Moderada,Espectador Pasivo,Adulto Maduro (35-54)
1481,2026-02-24,22:29:42,25 - 34 Años,Masculino,El Progreso,Otro municipio,Empresario,1 A 2 Veces Por Semana,Gasolinera,Familia,Q101 - Q150,CrunchMax BBQ,Queso,Individual,Q16 - Q20,Sí,Sí,Inglaterra,Probablemente sí,España,Ninguno; Christian Pulisic; Cristiano Ronaldo,Premios y sorteos,Descuento directo,No,Edición Con Jugadores Famosos,Moderada,Casual,Adulto Joven (25-34)
1189,2026-01-29,14:12:11,25 - 34 Años,Masculino,Sacatepéquez,Jocotenango,Empleado Público,1 A 2 Veces Por Semana,Kiosco escolar/universitario,Familia,Menos De Q25,Fan Chips Jalapeño; ChocoKick Bites,Barbacoa,Para Compartir Entre 2 Personas,Q10 - Q15,No,Sí,Argelia,Probablemente sí,Portugal,Vinícius Júnior,Historias de aficionados,Sorteo de viajes,Sí,Edición Con Jugadores Famosos,Sensible Al Precio,Fanático Target (Alto),Adulto Joven (25-34)
1190,2026-01-14,15:07:12,18 - 24 Años,Masculino,Alta Verapaz,Cabecera municipal,Empleado Público,1 A 2 Veces Por Semana,Kiosco escolar/universitario,Familia,Menos De Q25,Gol Nachos Supreme,Queso,Para Compartir Entre 2 Personas,Menos De Q10,No,No,Francia,Probablemente sí,Brasil,Lionel Messi,Un jugador famoso,Sorteo de viajes,Sí,Edición Mundial Fifa 2026,Sensible Al Precio,Espectador Pasivo,Jóvenes (<25)
1191,2026-02-09,19:48:27,18 - 24 Años,Masculino,Guatemala,Villa Nueva,Jubilado,1 A 2 Veces Por Semana,Supermercado,Compañeros de trabajo,Q25 - Q50,FutbolMix,Queso,Tamaño Fiesta O Reunión,Q10 - Q15,Sí,Sí, ARGENTINA ,Probablemente sí,Francia,Neymar Jr.; Rodri; Cristiano Ronaldo,Una selección nacional,2x1,Sí,Edición Brasil,Moderada,Fanático Target (Alto),Jóvenes (<25)
1192,2026-01-14,11:15:45,55 Años O Más,Femenino,Guatemala,Guatemala,Empleado Privado,1 A 2 Veces Por Semana,Supermercado,Familia,Q51 - Q100,CrunchMax BBQ,Picante Chapín,Individual,Q16 - Q20,No,Sí,Portugal,Probablemente sí,Argentina,Jude Bellingham; Cristiano Ronaldo; Kylian Mbappé,Una selección nacional,2x1,Sí,Edición Brasil,Moderada,Fanático Target (Alto),Adulto Mayor (55+)
1194,2026-03-23,19:34:44,35 - 44 Años,Femenino,Retalhuleu,Otro municipio,Empresario,Varias Veces Al Mes,Otro,Amigos,Más De Q150,Mundialitos Queso Picante,Picante Chapín,Familiar,Q16 - Q20,No,Sí,Argentina,Tal vez,Francia,Cristiano Ronaldo; Rodri; Lionel Messi,Historias de aficionados,Tarjetas coleccionables,Sí,Edición Con Jugadores Famosos,Sensible Al Precio,Casual,Adulto Maduro (35-54)
1195,2026-03-29,18:11:00,Menos De 18 Años,Masculino,Guatemala,Santa Catarina Pinula,Estudiante,3 A 5 Veces Por Semana,Supermercado,Familia,Q51 - Q100,Gol Nachos Supreme,Picante Chapín,Familiar,Q10 - Q15,Sí,Sí,Uruguay,Tal vez,Portugal,Cristiano Ronaldo,Historias de aficionados,Tarjetas coleccionables,Sí,Edición Mundial Fifa 2026,Premium Alta,Casual,Jóvenes (<25)
1196,2026-04-28,15:19:32,Menos De 18 Años,Masculino,Guatemala,Mixco,Empleado Privado,1 A 2 Veces Por Semana,Kiosco escolar/universitario,Amigos,Q101 - Q150,Hot Stadium Peanuts,Queso,Familiar,Q10 - Q15,No,Sí,México,Tal vez,Estados Unidos,Cristiano Ronaldo; Lionel Messi,Historias de aficionados,Producto gratis,Sí,Edición Argentina,Sensible Al Precio,Casual,Jóvenes (<25)
1197,2026-04-11,19:50:00,18 - 24 Años,Femenino,Guatemala,San Miguel Petapa,Comerciante,Todos Los Días,Tienda de barrio,Amigos,Q101 - Q150,FutbolMix; Gol Nachos Supreme,Jalapeño,Tamaño Fiesta O Reunión,Q16 - Q20,No,No,España,Probablemente no,Argentina,Cristiano Ronaldo,Humor,Tarjetas coleccionables,No,Edición Mundial Fifa 2026,Sensible Al Precio,Espectador Pasivo,Jóvenes (<25)
1198,2026-03-08,09:22:14,18 - 24 Años,Masculino,Guatemala,Santa Catarina Pinula,Empleado Privado,Rara Vez,Otro,Familia,Q51 - Q100,Mundialitos Queso Picante; FutbolMix,Barbacoa,Para Compartir Entre 2 Personas,Q10 - Q15,Sí,Sí,Brasil,Definitivamente no,Brasil,Kylian Mbappé,Humor,Producto gratis,Sí,Edición Mundial Fifa 2026,Premium Alta,Casual,Jóvenes (<25)
1199,2026-04-23,18:20:02,45 - 54 Años,Masculino,Quetzaltenango,Quetzaltenango,Profesional Independiente,3 A 5 Veces Por Semana,Aplicación de delivery,Amigos,Q25 - Q50,Caramel Goal Popcorn; Hot Stadium Peanuts; CrunchMax BBQ,Chocolate,Individual,Q10 - Q15,Sí,Sí,Argentina,Tal vez,Alemania,Julián Álvarez; Alphonso Davies,Premios y sorteos,Sorteo de camisetas,Sí,Edición Con Tarjetas Coleccionables,Moderada,Casual,Adulto Maduro (35-54)
1200,2026-02-28,20:17:29,45 - 54 Años,Femenino,Izabal,Cabecera municipal,Profesional Independiente,Rara Vez,Tienda de barrio,Amigos,Q51 - Q100,Victory Pretzels; ChocoKick Bites; Caramel Goal Popcorn,Barbacoa,Familiar,Q10 - Q15,No,Sí,Francia,Tal vez,Francia,Alphonso Davies; Lamine Yamal,Una selección nacional,2x1,Sí,Edición Con Tarjetas Coleccionables,Moderada,Casual,Adulto Maduro (35-54)
1201,2026-04-08,22:17:50,25 - 34 Años,Masculino,Guatemala,Villa Nueva,Estudiante,3 A 5 Veces Por Semana,Otro,Amigos,Q25 - Q50,Hot Stadium Peanuts; Fan Chips Jalapeño; Energy Crunch Protein,Picante Chapín,Familiar,Q21 - Q30,No,Sí,Argentina,Probablemente sí,Brasil,Neymar Jr.,Humor,2x1,Sí,Edición Argentina,Moderada,Fanático Target (Alto),Adulto Joven (25-34)
1202,2026-02-24,17:25:27,Menos De 18 Años,Femenino,Chimaltenango,Patzún,Estudiante,1 A 2 Veces Por Semana,Supermercado,Amigos,Q51 - Q100,Fan Chips Jalapeño; Hot Stadium Peanuts; Mundialitos Queso Picante,Queso,Familiar,Q16 - Q20,No,Sí,Túnez,Definitivamente sí,Uruguay,Kylian Mbappé,Historias de aficionados,Producto gratis,Sí,Edición Con Tarjetas Coleccionables,Moderada,Casual,Jóvenes (<25)
1203,2026-02-25,17:17:56,18 - 24 Años,Femenino,Quetzaltenango,Olintepeque,Ama De Casa,1 A 2 Veces Por Semana,Gasolinera,Amigos,Q101 - Q150,FutbolMix; Fan Chips Jalapeño,Queso,Para Compartir Entre 2 Personas,Q10 - Q15,Sí,Sí,Argentina,Probablemente sí,Brasil,Jude Bellingham; Federico Valverde; Vinícius Júnior,Una selección nacional,Tarjetas coleccionables,No,Edición Brasil,Moderada,Casual,Jóvenes (<25)
1204,2026-03-03,10:50:46,Menos De 18 Años,Masculino,Guatemala,Santa Catarina Pinula,Empleado Privado,3 A 5 Veces Por Semana,Aplicación de delivery,Familia,Más De Q150,Mundialitos Queso Picante; Fan Chips Jalapeño,,Tamaño Fiesta O Reunión,Q16 - Q20,No,Sí,Brasil,Probablemente no,Uruguay,Vinícius Júnior; Lamine Yamal; Neymar Jr.,Un jugador famoso,Descuento directo,Sí,Edición Con Jugadores Famosos,Sensible Al Precio,Casual,Jóvenes (<25)
1205,2026-02-04,20:36:57,25 - 34 Años,Femenino,Guatemala,San Miguel Petapa,Empleado Privado,3 A 5 Veces Por Semana,Tienda de barrio,Compañeros de trabajo,Q25 - Q50,Mundialitos Queso Picante; Energy Crunch Protein,Picante Chapín,Tamaño Fiesta O Reunión,Q16 - Q20,Sí,Sí,Brasil,Tal vez,España,Kylian Mbappé,Humor,Sorteo de viajes,Sí,Edición Inglaterra,Moderada,Casual,Adulto Joven (25-34)
1206,2026-04-17,08:47:51,35 - 44 Años,Femenino,Guatemala,Santa Catarina Pinula,Estudiante,1 A 2 Veces Por Semana,Tienda de barrio,Amigos,Q25 - Q50,Caramel Goal Popcorn,Picante Chapín,Tamaño Fiesta O Reunión,Q16 - Q20,No,Sí,Brasil,Tal vez,México,Jude Bellingham,Historias de aficionados,Sorteo de viajes,Sí,Edición Inglaterra,Moderada,Casual,Adulto Maduro (35-54)
1207,2026-01-24,20:16:47,35 - 44 Años,Femenino,Guatemala,San Miguel Petapa,Empleado Privado,Todos Los Días,Tienda de barrio,Compañeros de trabajo,Q51 - Q100,Mundialitos Queso Picante,Jalapeño,Tamaño Fiesta O Reunión,Menos De Q10,No,Sí,México,Tal vez,Uruguay,Vinícius Júnior; Neymar Jr.; Alphonso Davies,Un jugador famoso,Descuento directo,No,Edición Mundial Fifa 2026,Moderada,Espectador Pasivo,Adulto Maduro (35-54)
1208,2026-03-01,20:26:40,25 - 34 Años,Femenino,Guatemala,Guatemala,Profesional Independiente,Varias Veces Al Mes,Otro,Familia,Q51 - Q100,Gol Nachos Supreme,Barbacoa,Individual,Menos De Q10,No,Sí,Argentina,Probablemente sí,España,Vinícius Júnior; Lionel Messi; Lamine Yamal,Historias de aficionados,Tarjetas coleccionables,No,Edición Con Tarjetas Coleccionables,Moderada,Casual,Adulto Joven (25-34)
1209,2026-02-17,09:11:40,18 - 24 Años,Femenino,Guatemala,Villa Nueva,Estudiante,Todos Los Días,Gasolinera,Familia,Q101 - Q150,Caramel Goal Popcorn; Fan Chips Jalapeño; Victory Pretzels,Picante Chapín,Familiar,Q10 - Q15,Sí,Sí,Argentina,Tal vez,Portugal,Lionel Messi; Neymar Jr.; Harry Kane,Un jugador famoso,2x1,No,Edición Con Jugadores Famosos,Moderada,Espectador Pasivo,Jóvenes (<25)
1210,2026-02-13,16:17:45,18 - 24 Años,Femenino,Guatemala,Santa Catarina Pinula,Empresario,1 A 2 Veces Por Semana,Tienda de barrio,Compañeros de trabajo,Q101 - Q150,Gol Nachos Supreme; Fan Chips Jalapeño; CrunchMax BBQ,Jalapeño,Familiar,Menos De Q10,Sí,Sí,Argentina,Probablemente sí,Argentina,Kylian Mbappé; Lionel Messi; Federico Valverde,Premios y sorteos,2x1,Sí,Edición Mundial Fifa 2026,Moderada,Fanático Target (Alto),Jóvenes (<25)
1211,2026-04-11,14:49:22,18 - 24 Años,Femenino,Petén,Flores,Comerciante,3 A 5 Veces Por Semana,Tienda de barrio,Familia,Q25 - Q50,Gol Nachos Supreme; FutbolMix,Picante Chapín,Para Compartir Entre 2 Personas,Q16 - Q20,Sí,No,México,Tal vez,Francia,Federico Valverde; Christian Pulisic,Premios y sorteos,Producto gratis,Sí,Edición Inglaterra,Moderada,Espectador Pasivo,Jóvenes (<25)
1212,2026-03-22,10:40:25,55 Años O Más,Masculino,Guatemala,Villa Nueva,Comerciante,1 A 2 Veces Por Semana,Tienda de barrio,Familia,Q51 - Q100,ChocoKick Bites; CrunchMax BBQ,Jalapeño,Individual,Más De Q30,Sí,Sí,Irán,Tal vez,Portugal,Lionel Messi,Historias de aficionados,Tarjetas coleccionables,No,Edición Argentina,Premium Alta,Espectador Pasivo,Adulto Mayor (55+)
1213,2026-03-23,12:07:37,25 - 34 Años,Masculino,Sacatepéquez,Jocotenango,Estudiante,3 A 5 Veces Por Semana,Supermercado,Amigos,Q25 - Q50,ChocoKick Bites,Jalapeño,Individual,Más De Q30,Sí,Sí,Estados Unidos,Definitivamente sí,Argentina,Cristiano Ronaldo; Julián Álvarez; Lionel Messi,Una selección nacional,2x1,Sí,Edición España,Moderada,Casual,Adulto Joven (25-34)
1214,2026-04-22,14:31:39,18 - 24 Años,Masculino,Guatemala,Santa Catarina Pinula,Comerciante,1 A 2 Veces Por Semana,Tienda de barrio,Familia,Menos De Q25,Gol Nachos Supreme,Salado Tradicional,Para Compartir Entre 2 Personas,Q16 - Q20,Sí,Sí,Portugal,Tal vez,Argentina,Neymar Jr.; Lionel Messi,Una selección nacional,2x1,Sí,Edición Con Tarjetas Coleccionables,Moderada,Casual,Jóvenes (<25)
1215,2026-03-20,13:21:11,18 - 24 Años,Femenino,Guatemala,Guatemala,Profesional Independiente,Varias Veces Al Mes,Aplicación de delivery,Familia,Más De Q150,FutbolMix; Gol Nachos Supreme,Salado Tradicional,Para Compartir Entre 2 Personas,Q16 - Q20,No,Sí,Alemania,Definitivamente sí,Francia,Lionel Messi,Humor,Producto gratis,No,Edición Mundial Fifa 2026,Sensible Al Precio,Espectador Pasivo,Jóvenes (<25)
1216,2026-04-17,17:52:22,18 - 24 Años,Femenino,Escuintla, SANTA LUCÍA COTZUMALGUAPA ,Ama De Casa,3 A 5 Veces Por Semana,Supermercado,Familia,Q25 - Q50,CrunchMax BBQ,Queso,Individual,Más De Q30,Sí,Sí,Inglaterra,Tal vez, BRASIL ,Lionel Messi,Una selección nacional,Sorteo de balones,Sí,Edición Argentina,Moderada,Casual,Jóvenes (<25)
1217,2026-03-22,11:39:07,25 - 34 Años,Femenino,San Marcos,Cabecera municipal,Jubilado,Varias Veces Al Mes,Otro,Solo,Q101 - Q150,Victory Pretzels; CrunchMax BBQ; Fan Chips Jalapeño,Limón,Familiar,Q10 - Q15,No,Sí,Portugal,Definitivamente sí,Argentina,Christian Pulisic; Cristiano Ronaldo,Premios y sorteos,Tarjetas coleccionables,No,Edición Con Jugadores Famosos,Sensible Al Precio,Espectador Pasivo,Adulto Joven (25-34)
1218,2026-04-22,07:53:20,45 - 54 Años,Masculino,Escuintla,Palín,Empleado Privado,Varias Veces Al Mes,Aplicación de delivery,Amigos,Q25 - Q50,Fan Chips Jalapeño,Picante Chapín,Tamaño Fiesta O Reunión,Q10 - Q15,No,No,Brasil,Definitivamente sí,Inglaterra,Lamine Yamal; Vinícius Júnior; Lionel Messi,Historias de aficionados,Tarjetas coleccionables,Sí,Edición España,Moderada,Espectador Pasivo,Adulto Maduro (35-54)
1219,2026-04-18,21:13:40,25 - 34 Años,Masculino,Sacatepéquez,Sumpango,Jubilado,3 A 5 Veces Por Semana,Tienda de barrio,Compañeros de trabajo,Menos De Q25,Mundialitos Queso Picante; Caramel Goal Popcorn,Queso,Individual,Q16 - Q20,Sí,Sí,Portugal,Probablemente sí,México,Cristiano Ronaldo,Humor,Descuento directo,Sí,Edición Con Jugadores Famosos,Moderada,Fanático Target (Alto),Adulto Joven (25-34)
1220,2026-03-23,19:30:03,25 - 34 Años,Femenino,Guatemala, VILLA NUEVA ,Comerciante,Todos Los Días,Tienda de barrio,Solo,Q51 - Q100,FutbolMix,Picante Chapín,Para Compartir Entre 2 Personas,Q21 - Q30,No,No,Brasil,Probablemente sí,Inglaterra,Lionel Messi; Harry Kane,Un jugador famoso,Descuento directo,No,Edición Con Tarjetas Coleccionables,Moderada,Espectador Pasivo,Adulto Joven (25-34)
1221,2026-04-16,18:28:27,55 Años O Más,Femenino,Guatemala,Guatemala,Empleado Privado,3 A 5 Veces Por Semana,Supermercado,Solo,Q25 - Q50,Mundialitos Queso Picante; CrunchMax BBQ; FutbolMix,Barbacoa,Para Compartir Entre 2 Personas,Q16 - Q20,No,Sí,Portugal,Tal vez,Inglaterra,Lionel Messi; Cristiano Ronaldo; Federico Valverde,Un jugador famoso,Producto gratis,Sí,Edición Con Tarjetas Coleccionables,Moderada,Casual,Adulto Mayor (55+)
1222,2026-01-20,07:20:54,Menos De 18 Años,Masculino,Retalhuleu,Cabecera municipal,Jubilado,3 A 5 Veces Por Semana,Tienda de barrio,Familia,Más De Q150,Energy Crunch Protein,Barbacoa,Familiar,Q16 - Q20,Sí,Sí,Brasil,Definitivamente sí,Portugal,Kylian Mbappé; Ninguno; Lionel Messi,Una selección nacional,Descuento directo,No,Edición Brasil,Moderada,Espectador Pasivo,Jóvenes (<25)
1223,2026-01-19,21:12:15,Menos De 18 Años,Femenino,Guate,Guatemala,Estudiante,Varias Veces Al Mes,Tienda de barrio,Amigos,Q25 - Q50,ChocoKick Bites; CrunchMax BBQ; Hot Stadium Peanuts,Picante Chapín,Para Compartir Entre 2 Personas,Q21 - Q30,No,No,Brasil,Probablemente no,Argentina,Harry Kane; Lionel Messi; Vinícius Júnior,Humor,Tarjetas coleccionables,Sí,Edición Argentina,Moderada,Espectador Pasivo,Jóvenes (<25)
1224,2026-01-19,10:20:40,18 - 24 Años,Femenino,Guatemala,Mixco,Empleado Privado,Todos Los Días,Supermercado,Amigos,Q25 - Q50,Hot Stadium Peanuts,Picante Chapín,Tamaño Fiesta O Reunión,Menos De Q10,Sí,Sí,Brasil,Probablemente no,Argentina,Lionel Messi; Federico Valverde,Una selección nacional,Sorteo de camisetas,No,Edición Argentina,Moderada,Espectador Pasivo,Jóvenes (<25)
1225,2026-01-11,09:23:34,55 Años O Más,Masculino,Guatemala,Mixco,Empleado Privado,Todos Los Días,Tienda de barrio,Familia,Q25 - Q50,FutbolMix,Limón,Familiar,Q16 - Q20,Sí,Sí,México,Tal vez,Brasil,Lionel Messi,Un jugador famoso,Producto gratis,Sí,Edición Argentina,Moderada,Casual,Adulto Mayor (55+)
1226,2026-02-01,17:13:59,25 - 34 Años,Femenino,Izabal,Cabecera municipal,Jubilado,Rara Vez,Kiosco escolar/universitario,Amigos,Menos De Q25,CrunchMax BBQ; Gol Nachos Supreme; Fan Chips Jalapeño,Limón,Para Compartir Entre 2 Personas,Q16 - Q20,Sí,No,Portugal,Tal vez,Brasil,Cristiano Ronaldo,Una selección nacional,Sorteo de viajes,Sí,Edición España,Moderada,Espectador Pasivo,Adulto Joven (25-34)
1227,2026-04-30,14:21:24,55 Años O Más,Masculino,Izabal,Otro municipio,Profesional Independiente,Todos Los Días,Supermercado,Familia,Q25 - Q50,Mundialitos Queso Picante,Queso,Para Compartir Entre 2 Personas,Más De Q30,Sí,Sí,Argentina,Definitivamente sí, MÉXICO ,Cristiano Ronaldo,Humor,Sorteo de camisetas,Sí,Edición Argentina,Moderada,Casual,Adulto Mayor (55+)
1228,2026-02-15,14:33:07,35 - 44 Años,Masculino,Quetzaltenango,Olintepeque,Estudiante,1 A 2 Veces Por Semana,Tienda de barrio,Familia,Q51 - Q100,Caramel Goal Popcorn,Queso,Familiar,Q21 - Q30,No,Sí,Portugal,Definitivamente sí,Brasil,Cristiano Ronaldo; Lamine Yamal; Jude Bellingham,Historias de aficionados,2x1,Sí,Edición Con Jugadores Famosos,Moderada,Casual,Adulto Maduro (35-54)
1229,2026-01-11,11:49:10,55 Años O Más,Masculino,Sacatepéquez,Jocotenango,Comerciante,3 A 5 Veces Por Semana,Tienda de barrio,Amigos,Q25 - Q50,Caramel Goal Popcorn; FutbolMix; CrunchMax BBQ,Jalapeño,Para Compartir Entre 2 Personas,Q10 - Q15,No,Sí,Argentina,Definitivamente sí,Panamá,Cristiano Ronaldo; Kylian Mbappé; Vinícius Júnior,Historias de aficionados,Producto gratis,Sí,Edición Argentina,Moderada,Casual,Adulto Mayor (55+)
1230,2026-04-21,16:38:32,55 Años O Más,Femenino,Jutiapa,Cabecera municipal,Empleado Privado,1 A 2 Veces Por Semana,Tienda de barrio,Solo,Q51 - Q100,CrunchMax BBQ; Energy Crunch Protein,Dulce,Familiar,Q16 - Q20,Sí,No,México,Probablemente no,Alemania,Neymar Jr.,Una selección nacional,Sorteo de balones,No,Edición Francia,Premium Alta,Espectador Pasivo,Adulto Mayor (55+)
1231,2026-02-20,14:27:51,35 - 44 Años,Masculino,Guatemala,Guatemala,Empleado Privado,3 A 5 Veces Por Semana,Supermercado,Amigos,Q51 - Q100,ChocoKick Bites,,Familiar,Q10 - Q15,No,No,Argentina,Probablemente no,Brasil,Alphonso Davies; Kylian Mbappé,Un jugador famoso,Sorteo de viajes,Sí,Edición Con Jugadores Famosos,Moderada,Espectador Pasivo,Adulto Maduro (35-54)
1232,2026-03-04,20:17:50,35 - 44 Años,Masculino,Guatemala,Villa Nueva,Estudiante,1 A 2 Veces Por Semana,Supermercado,Familia,Q101 - Q150,Energy Crunch Protein,Salado Tradicional,Individual,Q16 - Q20,Sí,Sí,Brasil,Probablemente sí,Alemania,Cristiano Ronaldo; Lamine Yamal,Una selección nacional,Descuento directo,Sí,Edición Argentina,Moderada,Fanático Target (Alto),Adulto Maduro (35-54)
1233,2026-02-06,16:55:16,35 - 44 Años,Masculino,Quetzaltenango,Quetzaltenango,Empresario,3 A 5 Veces Por Semana,Supermercado,Familia,Q25 - Q50,Fan Chips Jalapeño; Caramel Goal Popcorn,Limón,Tamaño Fiesta O Reunión,Q16 - Q20,Sí,Sí,Uruguay,Definitivamente sí,México,Christian Pulisic,Una selección nacional,2x1,Sí,Edición Mundial Fifa 2026,Moderada,Casual,Adulto Maduro (35-54)
1234,2026-03-16,15:15:19,35 - 44 Años,Masculino,Guatemala,Mixco,Ama De Casa,3 A 5 Veces Por Semana,Supermercado,Familia,Q25 - Q50,Victory Pretzels; Energy Crunch Protein; Gol Nachos Supreme,Picante Chapín,Tamaño Fiesta O Reunión,Q16 - Q20,Sí,No,Colombia,Definitivamente no,Francia,Kylian Mbappé; Cristiano Ronaldo; Neymar Jr.,Una selección nacional,Tarjetas coleccionables,Sí,Edición Argentina,Moderada,Espectador Pasivo,Adulto Maduro (35-54)
1235,2026-02-07,20:46:29,18 - 24 Años,Masculino,Guatemala,Guatemala,Empleado Público,Todos Los Días,Tienda de barrio,Amigos,Q51 - Q100,Energy Crunch Protein,Picante Chapín,Tamaño Fiesta O Reunión,Q16 - Q20,No,Sí,Brasil,Probablemente sí,Estados Unidos,Cristiano Ronaldo,Un jugador famoso,Tarjetas coleccionables,Sí,Edición Con Tarjetas Coleccionables,Moderada,Fanático Target (Alto),Jóvenes (<25)
1236,2026-01-30,15:46:23,45 - 54 Años,Masculino,Guatemala,Guatemala,Jubilado,Todos Los Días,Supermercado,Amigos,Menos De Q25,Gol Nachos Supreme; Hot Stadium Peanuts; FutbolMix,Picante Chapín,Para Compartir Entre 2 Personas,Q16 - Q20,No,Sí, ARABIA SAUDITA ,Probablemente sí,Alemania,Cristiano Ronaldo; Jude Bellingham,Premios y sorteos,Producto gratis,No,Edición España,Sensible Al Precio,Casual,Adulto Maduro (35-54)
1237,2026-01-26,09:35:50,25 - 34 Años,Masculino,Guatemala,San Miguel Petapa,Empleado Privado,Varias Veces Al Mes,Supermercado,Amigos,Menos De Q25,CrunchMax BBQ; Mundialitos Queso Picante,Dulce,Individual,Q10 - Q15,No,Sí,México,Probablemente sí,Colombia,Christian Pulisic; Jude Bellingham,Humor,2x1,No,Edición Francia,Sensible Al Precio,Casual,Adulto Joven (25-34)
1238,2026-04-19,12:26:10,35 - 44 Años,Masculino,Sacatepéquez,Ciudad Vieja,Otro,3 A 5 Veces Por Semana,Supermercado,Amigos,Q51 - Q100,Caramel Goal Popcorn,Barbacoa,Familiar,Q10 - Q15,No,Sí,Alemania,Definitivamente no, ALEMANIA ,Lionel Messi; Cristiano Ronaldo; Lamine Yamal,Un jugador famoso,2x1,No,Edición Con Jugadores Famosos,Moderada,Espectador Pasivo,Adulto Maduro (35-54)
1239,2026-01-20,12:32:07,25 - 34 Años,Masculino,Sacatepéquez,Sumpango,Empleado Privado,1 A 2 Veces Por Semana,Tienda de barrio,Amigos,Q101 - Q150,Hot Stadium Peanuts,Queso,Familiar,Q21 - Q30,Sí,Sí,Corea del Sur,Definitivamente sí,Irak,Jude Bellingham; Cristiano Ronaldo,Premios y sorteos,Sorteo de balones,No,Edición Mundial Fifa 2026,Moderada,Espectador Pasivo,Adulto Joven (25-34)
1240,2026-03-10,22:00:47,25 - 34 Años,Femenino,Guatemala,Guatemala,Estudiante,Rara Vez,Tienda de barrio,Amigos,Q25 - Q50,ChocoKick Bites; CrunchMax BBQ; Mundialitos Queso Picante,Chocolate,Individual,Q16 - Q20,Sí,Sí,Argentina,Definitivamente sí,Inglaterra,Harry Kane; Vinícius Júnior; Lamine Yamal,Un jugador famoso,Descuento directo,Sí,Edición Con Jugadores Famosos,Moderada,Casual,Adulto Joven (25-34)
1241,2026-05-07,11:08:25,55 Años O Más,Masculino,Guatemala,Santa Catarina Pinula,Estudiante,Rara Vez,Aplicación de delivery,Familia,Q25 - Q50,Mundialitos Queso Picante; Energy Crunch Protein,Limón,Tamaño Fiesta O Reunión,,Sí,Sí,Alemania,Tal vez,Alemania,Lionel Messi; Jude Bellingham; Rodri,Una selección nacional,Tarjetas coleccionables,No,Edición Francia,Moderada,Espectador Pasivo,Adulto Mayor (55+)
1242,2026-01-16,18:21:38,25 - 34 Años,Femenino,Guatemala,Santa Catarina Pinula,Empleado Privado,Todos Los Días,Gasolinera,Familia,Q25 - Q50,Gol Nachos Supreme; CrunchMax BBQ,Dulce,Familiar,Q16 - Q20,No,Sí,Alemania,Probablemente sí,México,Lamine Yamal; Harry Kane,Un jugador famoso,Sorteo de camisetas,No,Edición Mundial Fifa 2026,Moderada,Casual,Adulto Joven (25-34)
1243,2026-01-15,15:56:02,25 - 34 Años,Masculino,Guatemala,,Estudiante,Varias Veces Al Mes,Supermercado,Amigos,Menos De Q25,FutbolMix; Hot Stadium Peanuts,Barbacoa,Tamaño Fiesta O Reunión,,Sí,Sí,Brasil,Tal vez, ARGENTINA ,Vinícius Júnior; Kylian Mbappé,Premios y sorteos,Producto gratis,Sí,Edición Con Tarjetas Coleccionables,Moderada,Casual,Adulto Joven (25-34)
1244,2026-04-13,14:04:14,45 - 54 Años,Femenino,Guatemala,Santa Catarina Pinula,Empleado Público,3 A 5 Veces Por Semana,Supermercado,Compañeros de trabajo,Menos De Q25,FutbolMix; Gol Nachos Supreme,Barbacoa,Para Compartir Entre 2 Personas,Q16 - Q20,No,Sí,Brasil,Tal vez,Brasil,Alphonso Davies,Premios y sorteos,Sorteo de viajes,Sí,Edición Con Jugadores Famosos,Sensible Al Precio,Casual,Adulto Maduro (35-54)
1245,2026-05-10,16:04:26,18 - 24 Años,Femenino,Escuintla,Palín,Estudiante,1 A 2 Veces Por Semana,Tienda de barrio,Familia,Q101 - Q150,Gol Nachos Supreme; ChocoKick Bites,Chocolate,Familiar,Q21 - Q30,No,Sí,Ecuador,Definitivamente sí,México,Rodri; Lionel Messi,Un jugador famoso,Sorteo de viajes,No,Edición Argentina,Sensible Al Precio,Espectador Pasivo,Jóvenes (<25)
1246,2026-01-18,14:00:48,Menos De 18 Años,Femenino,Sacatepéquez,,Empleado Público,Varias Veces Al Mes,Gasolinera,Familia,Menos De Q25,Energy Crunch Protein,Limón,Tamaño Fiesta O Reunión,Q10 - Q15,Sí,No,Irak,Probablemente no,Inglaterra,Jude Bellingham; Neymar Jr.; Lionel Messi,Historias de aficionados,Sorteo de balones,Sí,Edición España,Moderada,Espectador Pasivo,Jóvenes (<25)
1247,2026-01-11,18:53:14,Menos De 18 Años,Masculino,Izabal,Cabecera municipal,Empleado Privado,Todos Los Días,Tienda de barrio,Amigos,Más De Q150,Fan Chips Jalapeño; Hot Stadium Peanuts; CrunchMax BBQ,Barbacoa,Familiar,Q21 - Q30,No,Sí,México,Probablemente sí,Inglaterra,Lionel Messi,Una selección nacional,Sorteo de camisetas,No,Edición Inglaterra,Sensible Al Precio,Casual,Jóvenes (<25)
1248,2026-02-18,11:10:51,18 - 24 Años,Femenino,Guatemala,Guatemala,Empleado Privado,1 A 2 Veces Por Semana,Tienda de barrio,Solo,Q51 - Q100,Mundialitos Queso Picante; ChocoKick Bites; Fan Chips Jalapeño,Picante Chapín,Familiar,Q16 - Q20,No,Sí,Portugal,Tal vez,Alemania,Lionel Messi; Kylian Mbappé,Historias de aficionados,Descuento directo,Sí,Edición Mundial Fifa 2026,Moderada,Casual,Jóvenes (<25)
1249,2026-04-27,22:52:57,25 - 34 Años,Masculino,Guatemala,Mixco,Empleado Privado,3 A 5 Veces Por Semana,Gasolinera,Amigos,Menos De Q25,Gol Nachos Supreme,Picante Chapín,Para Compartir Entre 2 Personas,Q16 - Q20,No,Sí,México,Definitivamente sí,España,Kylian Mbappé; Jude Bellingham; Lamine Yamal,Un jugador famoso,2x1,Sí,Edición España,Sensible Al Precio,Casual,Adulto Joven (25-34)
1250,2026-04-14,18:41:24,45 - 54 Años,Prefiero No Indicarlo,Jalapa,Otro municipio,Estudiante,3 A 5 Veces Por Semana,Tienda de barrio,Compañeros de trabajo,Menos De Q25,Hot Stadium Peanuts; Mundialitos Queso Picante,Picante Chapín,Individual,Q21 - Q30,Sí,Sí,México,Tal vez,Brasil,Kylian Mbappé; Julián Álvarez; Neymar Jr.,Humor,2x1,No,Edición Argentina,Moderada,Espectador Pasivo,Adulto Maduro (35-54)
1251,2026-03-12,09:07:03,25 - 34 Años,Femenino,Quiché,Otro municipio,Empleado Privado,3 A 5 Veces Por Semana,Aplicación de delivery,Familia,Q51 - Q100,FutbolMix,Limón,Individual,Q16 - Q20,Sí,Sí,México,Definitivamente no,Túnez,Alphonso Davies; Lionel Messi; Jude Bellingham,Una selección nacional,Sorteo de balones,Sí,Edición Argentina,Premium Alta,Casual,Adulto Joven (25-34)
1252,2026-05-08,08:24:29,55 Años O Más,Masculino,Guatemala,San Miguel Petapa,Ama De Casa,1 A 2 Veces Por Semana,Tienda de barrio,Familia,Menos De Q25,Victory Pretzels; Gol Nachos Supreme,Picante Chapín,Individual,Q16 - Q20,Sí,Sí,Portugal,Definitivamente sí,Inglaterra,Cristiano Ronaldo,Un jugador famoso,Sorteo de balones,Sí,Edición Argentina,Moderada,Casual,Adulto Mayor (55+)
1253,2026-02-28,22:34:58,18 - 24 Años,Masculino,Escuintla,Santa Lucía Cotzumalguapa,Empresario,Varias Veces Al Mes,Gasolinera,Familia,Q25 - Q50,Gol Nachos Supreme; FutbolMix,Queso,Individual,Q10 - Q15,No,Sí,Francia,Definitivamente no,Brasil,Cristiano Ronaldo; Julián Álvarez; Rodri,Historias de aficionados,Descuento directo,No,Edición Argentina,Moderada,Espectador Pasivo,Jóvenes (<25)
1254,2026-02-10,17:15:37,35 - 44 Años,Masculino,Guatemala,Mixco,Estudiante,3 A 5 Veces Por Semana,Gasolinera,Familia,Menos De Q25,CrunchMax BBQ; Mundialitos Queso Picante; Fan Chips Jalapeño,Picante Chapín,Para Compartir Entre 2 Personas,Q10 - Q15,Sí,Sí, MÉXICO ,Probablemente sí,Portugal,Kylian Mbappé; Neymar Jr.; Lionel Messi,Historias de aficionados,Descuento directo,Sí,Edición Con Jugadores Famosos,Moderada,Fanático Target (Alto),Adulto Maduro (35-54)
1255,2026-02-28,11:54:00,35 - 44 Años,Femenino,El Progreso,El Progreso,Empleado Privado,1 A 2 Veces Por Semana,Gasolinera,Familia,Menos De Q25,Hot Stadium Peanuts; CrunchMax BBQ; FutbolMix,Salado Tradicional,Individual,Q21 - Q30,Sí,Sí,Argentina,Definitivamente sí,Colombia,Kylian Mbappé,Premios y sorteos,Descuento directo,Sí,Edición Mundial Fifa 2026,Moderada,Casual,Adulto Maduro (35-54)
1256,2026-03-16,14:46:32,55 Años O Más,Femenino,Guatemala,Villa Nueva,Empleado Público,1 A 2 Veces Por Semana,Supermercado,Compañeros de trabajo,Q25 - Q50,Fan Chips Jalapeño; Mundialitos Queso Picante,Jalapeño,Tamaño Fiesta O Reunión,Q10 - Q15,No,Sí,Alemania,Probablemente sí, FRANCIA ,Vinícius Júnior; Neymar Jr.,Humor,Tarjetas coleccionables,Sí,Edición Mundial Fifa 2026,Moderada,Fanático Target (Alto),Adulto Mayor (55+)
1257,2026-03-04,11:12:59,25 - 34 Años,Masculino,Guatemala,Villa Nueva,Profesional Independiente,Varias Veces Al Mes,Supermercado,Familia,Q25 - Q50,Fan Chips Jalapeño,Queso,Para Compartir Entre 2 Personas,Menos De Q10,No,Sí,Brasil,Probablemente sí,Brasil,Vinícius Júnior; Neymar Jr.,Historias de aficionados,Producto gratis,No,Edición Inglaterra,Moderada,Casual,Adulto Joven (25-34)
1258,2026-04-27,18:23:29,35 - 44 Años,Masculino,Quiché,Cabecera municipal,Estudiante,1 A 2 Veces Por Semana,Kiosco escolar/universitario,Solo,Q51 - Q100,Energy Crunch Protein; FutbolMix; CrunchMax BBQ,Limón,Tamaño Fiesta O Reunión,Q10 - Q15,Sí,Sí,España,Tal vez,Brasil,Cristiano Ronaldo,Una selección nacional,Tarjetas coleccionables,Sí,Edición Con Jugadores Famosos,Premium Alta,Casual,Adulto Maduro (35-54)
1259,2026-02-01,09:31:47,25 - 34 Años,Masculino,Guatemala,Villa Nueva,Empresario,Varias Veces Al Mes,Tienda de barrio,Amigos,Q25 - Q50,ChocoKick Bites; CrunchMax BBQ; FutbolMix,Queso,Familiar,Más De Q30,Sí,No,Türkiye,Definitivamente sí,Brasil,Julián Álvarez; Neymar Jr.; Kylian Mbappé,Humor,Tarjetas coleccionables,Sí,Edición Brasil,Moderada,Espectador Pasivo,Adulto Joven (25-34)
1260,2026-04-30,16:23:45,Menos De 18 Años,Femenino,Totonicapán,Otro municipio,Empleado Privado,3 A 5 Veces Por Semana,,Otro,Menos De Q25,Fan Chips Jalapeño; Energy Crunch Protein,Jalapeño,Familiar,Q21 - Q30,Sí,Sí,Irán,Tal vez, URUGUAY ,Jude Bellingham,Historias de aficionados,Sorteo de camisetas,Sí,Edición Mundial Fifa 2026,Moderada,Casual,Jóvenes (<25)
1261,2026-02-26,09:03:57,25 - 34 Años,Femenino,Petén,San Benito,Comerciante,3 A 5 Veces Por Semana,Supermercado,Familia,Q25 - Q50,Mundialitos Queso Picante,Queso,Familiar,Q10 - Q15,Sí,Sí,Uruguay,Probablemente sí,España,Lionel Messi; Cristiano Ronaldo,Historias de aficionados,2x1,Sí,Edición Brasil,Moderada,Fanático Target (Alto),Adulto Joven (25-34)
1262,2026-04-14,16:04:51,35 - 44 Años,Masculino,Petén,Flores,Empleado Privado,Varias Veces Al Mes,Tienda de barrio,Amigos,Menos De Q25,Fan Chips Jalapeño; Mundialitos Queso Picante,Queso,Familiar,Q10 - Q15,Sí,No,México,Probablemente sí,Argentina,Kylian Mbappé; Cristiano Ronaldo,Una selección nacional,2x1,Sí,Edición Argentina,Moderada,Espectador Pasivo,Adulto Maduro (35-54)
1263,2026-02-23,21:20:01,25 - 34 Años,Masculino,Guatemala,Mixco,Jubilado,3 A 5 Veces Por Semana,Supermercado,Amigos,Q51 - Q100,CrunchMax BBQ; Fan Chips Jalapeño; ChocoKick Bites,Queso,Para Compartir Entre 2 Personas,Q10 - Q15,Sí,Sí,Alemania,Tal vez,Portugal,Vinícius Júnior,Un jugador famoso,Descuento directo,Sí,Edición Con Tarjetas Coleccionables,Premium Alta,Casual,Adulto Joven (25-34)
1264,2026-02-05,19:33:27,18 - 24 Años,Masculino,Totonicapán,Totonicapán,Empresario,Varias Veces Al Mes,Gasolinera,Amigos,Q25 - Q50,ChocoKick Bites; FutbolMix,Caramelo,Familiar,Q16 - Q20,Sí,Sí,España,Definitivamente sí,México,Kylian Mbappé,Un jugador famoso,2x1,Sí,Edición Brasil,Moderada,Casual,Jóvenes (<25)
1265,2026-03-04,18:04:55,35 - 44 Años,Femenino,Quetzaltenango,Olintepeque,Comerciante,Varias Veces Al Mes,Tienda de barrio,Amigos,Q51 - Q100,FutbolMix; Mundialitos Queso Picante; Victory Pretzels,Caramelo,Para Compartir Entre 2 Personas,Q21 - Q30,Sí,Sí,Portugal,Probablemente sí,Argentina,Neymar Jr.; Jude Bellingham,Humor,Tarjetas coleccionables,Sí,Edición Argentina,Premium Alta,Fanático Target (Alto),Adulto Maduro (35-54)
1266,2026-05-08,15:01:53,25 - 34 Años,Femenino,Guatemala,Santa Catarina Pinula,Empresario,Varias Veces Al Mes,Tienda de barrio,Amigos,Q101 - Q150,Hot Stadium Peanuts; Caramel Goal Popcorn; Mundialitos Queso Picante,Salado Tradicional,Para Compartir Entre 2 Personas,Q21 - Q30,Sí,Sí,Argentina,Probablemente sí,Argentina,Lionel Messi; Vinícius Júnior; Kylian Mbappé,Un jugador famoso,Descuento directo,No,Edición Inglaterra,Moderada,Casual,Adulto Joven (25-34)
1267,2026-02-05,18:38:59,25 - 34 Años,Femenino,Chimaltenango,Patzún,Estudiante,1 A 2 Veces Por Semana,Tienda de barrio,Familia,Q51 - Q100,FutbolMix; Hot Stadium Peanuts; Gol Nachos Supreme,Picante Chapín,Para Compartir Entre 2 Personas,Q16 - Q20,No,Sí,España,Definitivamente sí, PORTUGAL ,Lionel Messi; Cristiano Ronaldo,Historias de aficionados,Descuento directo,Sí,Edición Brasil,Moderada,Casual,Adulto Joven (25-34)
1268,2026-04-11,16:10:29,45 - 54 Años,Femenino,Sacatepéquez,Sumpango,Empleado Privado,3 A 5 Veces Por Semana,Gasolinera,Familia,Q25 - Q50,Fan Chips Jalapeño; CrunchMax BBQ; Hot Stadium Peanuts,Barbacoa,Individual,Q10 - Q15,Sí,Sí,Brasil,Definitivamente sí,Francia,Kylian Mbappé; Vinícius Júnior; Lamine Yamal,Una selección nacional,Sorteo de viajes,No,Edición Argentina,Moderada,Espectador Pasivo,Adulto Maduro (35-54)
1269,2026-04-25,08:13:13,45 - 54 Años,Femenino,Quetzaltenango,Coatepeque,Empresario,Varias Veces Al Mes,Tienda de barrio,Otro,Q101 - Q150,Gol Nachos Supreme; Fan Chips Jalapeño; Mundialitos Queso Picante,Picante Chapín,Individual,Q10 - Q15,Sí,Sí,Colombia,Probablemente no,Brasil,Cristiano Ronaldo,Un jugador famoso,2x1,No,Edición Francia,Moderada,Espectador Pasivo,Adulto Maduro (35-54)
1270,2026-02-16,09:42:50,25 - 34 Años,Femenino,Santa Rosa,Cabecera municipal,Profesional Independiente,Varias Veces Al Mes,Supermercado,Solo,Q25 - Q50,Caramel Goal Popcorn; FutbolMix,Salado Tradicional,Tamaño Fiesta O Reunión,Q16 - Q20,No,Sí,Alemania,Probablemente sí,Argentina,Lamine Yamal; Lionel Messi; Kylian Mbappé,Premios y sorteos,Sorteo de camisetas,Sí,Edición Argentina,Moderada,Fanático Target (Alto),Adulto Joven (25-34)
1271,2026-04-29,21:57:28,35 - 44 Años,Masculino,Guatemala,Santa Catarina Pinula,Comerciante,Varias Veces Al Mes,,Amigos,Menos De Q25,Caramel Goal Popcorn,Queso,Para Compartir Entre 2 Personas,Q10 - Q15,No,Sí,Francia,Probablemente no,Argentina,Lionel Messi; Neymar Jr.; Kylian Mbappé,Un jugador famoso,Sorteo de viajes,Sí,Edición Inglaterra,Sensible Al Precio,Casual,Adulto Maduro (35-54)
1864,2026-03-09,22:49:11,Menos De 18 Años,Masculino,Sacatepéquez,Ciudad Vieja,Ama De Casa,Varias Veces Al Mes,Supermercado,Amigos,Q51 - Q100,Victory Pretzels,Salado Tradicional,Tamaño Fiesta O Reunión,Q16 - Q20,Sí,Sí, BRASIL ,Definitivamente sí,Francia,Federico Valverde; Jude Bellingham; Lionel Messi,Humor,Sorteo de balones,Sí,Edición Mundial Fifa 2026,Premium Alta,Casual,Jóvenes (<25)
1273,2026-02-23,07:22:44,25 - 34 Años,Masculino,San Marcos,San Marcos,Empleado Privado,1 A 2 Veces Por Semana,Gasolinera,Otro,Q101 - Q150,Mundialitos Queso Picante; Hot Stadium Peanuts; CrunchMax BBQ,Jalapeño,Individual,Q21 - Q30,No,Sí, MÉXICO ,Probablemente sí,Argentina,Neymar Jr.,Una selección nacional,2x1,Sí,Edición Francia,Sensible Al Precio,Fanático Target (Alto),Adulto Joven (25-34)
1274,2026-03-11,16:28:46,45 - 54 Años,Femenino,Sacatepéquez,Antigua Guatemala,Empleado Privado,Todos Los Días,Tienda de barrio,Familia,Q101 - Q150,Hot Stadium Peanuts,Dulce,Tamaño Fiesta O Reunión,Más De Q30,Sí,Sí,Costa de Marfil,Definitivamente sí,Francia,Lionel Messi; Cristiano Ronaldo,Humor,Producto gratis,Sí,Edición Mundial Fifa 2026,Moderada,Casual,Adulto Maduro (35-54)
1275,2026-04-26,07:07:00,18 - 24 Años,Masculino,Jalapa,Cabecera municipal,Ama De Casa,1 A 2 Veces Por Semana,Kiosco escolar/universitario,Familia,Q101 - Q150,Gol Nachos Supreme; Mundialitos Queso Picante; Caramel Goal Popcorn,Chocolate,Individual,Menos De Q10,No,Sí,Estados Unidos,Probablemente sí,Argentina,Christian Pulisic; Kylian Mbappé,Un jugador famoso,Sorteo de balones,Sí,Edición Con Jugadores Famosos,Sensible Al Precio,Fanático Target (Alto),Jóvenes (<25)
1276,2026-03-22,16:03:51,18 - 24 Años,Femenino,Guatemala,San Miguel Petapa,Estudiante,Todos Los Días,Gasolinera,Amigos,Q51 - Q100,ChocoKick Bites; Caramel Goal Popcorn; Mundialitos Queso Picante,Picante Chapín,Familiar,Q21 - Q30,Sí,Sí,Uruguay,Probablemente sí,Brasil,Kylian Mbappé; Julián Álvarez,Premios y sorteos,Tarjetas coleccionables,No,Edición Con Jugadores Famosos,Premium Alta,Casual,Jóvenes (<25)
1277,2026-05-09,13:26:43,18 - 24 Años,Femenino,Guatemala,San Miguel Petapa,Estudiante,Varias Veces Al Mes,Otro,Amigos,Q101 - Q150,Hot Stadium Peanuts; FutbolMix,Picante Chapín,Individual,Q16 - Q20,Sí,Sí,México,Definitivamente sí,Argentina,Cristiano Ronaldo; Vinícius Júnior,Humor,2x1,Sí,Edición Brasil,Moderada,Casual,Jóvenes (<25)
1278,2026-03-02,15:26:00,25 - 34 Años,Femenino,Escuintla,Escuintla,Empleado Privado,3 A 5 Veces Por Semana,Gasolinera,Solo,Q25 - Q50,Hot Stadium Peanuts,Picante Chapín,Familiar,Q21 - Q30,Sí,Sí,Argentina,Definitivamente no,Estados Unidos,Jude Bellingham; Neymar Jr.; Cristiano Ronaldo,Historias de aficionados,2x1,No,Edición Con Jugadores Famosos,Moderada,Espectador Pasivo,Adulto Joven (25-34)
1279,2026-01-20,11:31:17,45 - 54 Años,Femenino,Sacatepéquez,Antigua Guatemala,Estudiante,Rara Vez,Aplicación de delivery,Familia,Menos De Q25,Mundialitos Queso Picante; Energy Crunch Protein; Fan Chips Jalapeño,Jalapeño,Tamaño Fiesta O Reunión,Q21 - Q30,Sí,Sí,Portugal,Probablemente sí,Uruguay,Cristiano Ronaldo; Ninguno; Lionel Messi,Premios y sorteos,Sorteo de balones,Sí,Edición Con Jugadores Famosos,Moderada,Fanático Target (Alto),Adulto Maduro (35-54)
1280,2026-03-25,11:00:49,Menos De 18 Años,Femenino,Izabal,Otro municipio,Profesional Independiente,3 A 5 Veces Por Semana,Tienda de barrio,Otro,Q51 - Q100,ChocoKick Bites; Fan Chips Jalapeño; CrunchMax BBQ,Jalapeño,Tamaño Fiesta O Reunión,Q10 - Q15,Sí,Sí,Brasil,Probablemente sí, ESPAÑA ,Rodri,Una selección nacional,Sorteo de camisetas,Sí,Edición Francia,Premium Alta,Fanático Target (Alto),Jóvenes (<25)
1281,2026-01-10,15:27:01,35 - 44 Años,Masculino,Guatemala,Guatemala,Empresario,1 A 2 Veces Por Semana,Tienda de barrio,Compañeros de trabajo,Q25 - Q50,Mundialitos Queso Picante; Hot Stadium Peanuts; Gol Nachos Supreme,Picante Chapín,Individual,Q10 - Q15,Sí,Sí,Argentina,Tal vez,Portugal,Lionel Messi,Una selección nacional,Sorteo de camisetas,Sí,Edición Inglaterra,Moderada,Casual,Adulto Maduro (35-54)
1282,2026-03-13,19:19:54,18 - 24 Años,Femenino,Guatemala,,Empleado Privado,3 A 5 Veces Por Semana,Supermercado,Amigos,Q51 - Q100,Caramel Goal Popcorn,Caramelo,Para Compartir Entre 2 Personas,Q21 - Q30,Sí,Sí,Francia,Definitivamente sí,Inglaterra,Cristiano Ronaldo; Julián Álvarez,Premios y sorteos,Producto gratis,No,Edición Mundial Fifa 2026,Premium Alta,Espectador Pasivo,Jóvenes (<25)
1283,2026-03-09,11:55:13,18 - 24 Años,Masculino,Huehuetenango,Otro municipio,Empleado Privado,1 A 2 Veces Por Semana,Gasolinera,Amigos,Menos De Q25,Gol Nachos Supreme; Energy Crunch Protein; Mundialitos Queso Picante,Limón,Individual,Q21 - Q30,Sí,Sí,Francia,Definitivamente sí,Estados Unidos,Lionel Messi,Una selección nacional,2x1,Sí,Edición Argentina,Moderada,Casual,Jóvenes (<25)
1284,2026-04-08,12:47:11,55 Años O Más,Femenino,Guatemala,Santa Catarina Pinula,Empleado Privado,Varias Veces Al Mes,Aplicación de delivery,Familia,Q51 - Q100,Mundialitos Queso Picante,Queso,Para Compartir Entre 2 Personas,Q10 - Q15,Sí,Sí,Argentina,Probablemente sí,Alemania,Harry Kane; Kylian Mbappé,Una selección nacional,Descuento directo,Sí,Edición Brasil,Premium Alta,Fanático Target (Alto),Adulto Mayor (55+)
1285,2026-03-19,19:47:12,35 - 44 Años,Masculino,Escuintla,Santa Lucía Cotzumalguapa,Empleado Privado,3 A 5 Veces Por Semana,Tienda de barrio,Familia,Q101 - Q150,FutbolMix; Caramel Goal Popcorn; Mundialitos Queso Picante,Limón,Individual,Q21 - Q30,No,Sí,Brasil,Probablemente sí,Brasil,Kylian Mbappé; Lionel Messi,Premios y sorteos,Tarjetas coleccionables,No,Edición Francia,Sensible Al Precio,Casual,Adulto Maduro (35-54)
1286,2026-01-23,11:16:01,35 - 44 Años,Masculino,Guatemala,Villa Nueva,Estudiante,Todos Los Días,Supermercado,Compañeros de trabajo,Menos De Q25,Hot Stadium Peanuts; Gol Nachos Supreme; Energy Crunch Protein,Queso,Tamaño Fiesta O Reunión,Q10 - Q15,Sí,Sí,México,Definitivamente sí,México,Neymar Jr.; Kylian Mbappé; Vinícius Júnior,Una selección nacional,2x1,Sí,Edición Con Jugadores Famosos,Moderada,Casual,Adulto Maduro (35-54)
1287,2026-03-01,16:20:23,35 - 44 Años,Femenino,Alta Verapaz,,Empleado Privado,Todos Los Días,Supermercado,Familia,Q25 - Q50,Hot Stadium Peanuts,Jalapeño,Familiar,Q10 - Q15,No,Sí,Brasil,Tal vez, BRASIL ,Lionel Messi,Un jugador famoso,2x1,No,Edición España,Moderada,Espectador Pasivo,Adulto Maduro (35-54)
1288,2026-01-23,22:26:55,25 - 34 Años,Femenino,Guatemala,Villa Nueva,Ama De Casa,1 A 2 Veces Por Semana,Supermercado,Amigos,Q51 - Q100,Mundialitos Queso Picante; CrunchMax BBQ,Queso,Para Compartir Entre 2 Personas,Q16 - Q20,Sí,Sí,Argentina,Probablemente sí,Brasil,Kylian Mbappé,Una selección nacional,Descuento directo,No,Edición Brasil,Premium Alta,Casual,Adulto Joven (25-34)
1289,2026-02-16,13:16:26,45 - 54 Años,Masculino,Quetzaltenango,Coatepeque,Empleado Privado,Todos Los Días,Supermercado,Compañeros de trabajo,Q101 - Q150,Victory Pretzels; Fan Chips Jalapeño; Mundialitos Queso Picante,Queso,Familiar,Q21 - Q30,No,Sí,Francia,Probablemente sí,México,Vinícius Júnior; Lamine Yamal; Alphonso Davies,Humor,Descuento directo,Sí,Edición Brasil,Sensible Al Precio,Fanático Target (Alto),Adulto Maduro (35-54)
1290,2026-02-22,21:51:13,25 - 34 Años,Femenino,Guatemala,Mixco,Comerciante,1 A 2 Veces Por Semana,Kiosco escolar/universitario,Amigos,Q51 - Q100,Fan Chips Jalapeño,Salado Tradicional,Tamaño Fiesta O Reunión,Q10 - Q15,Sí,Sí, BRASIL ,Definitivamente sí,Francia,Cristiano Ronaldo; Jude Bellingham; Neymar Jr.,Premios y sorteos,Descuento directo,Sí,Edición Mundial Fifa 2026,Premium Alta,Casual,Adulto Joven (25-34)
1291,2026-01-25,17:11:45,Menos De 18 Años,Femenino,Petén,,Profesional Independiente,Varias Veces Al Mes,Supermercado,Familia,Q51 - Q100,CrunchMax BBQ; Caramel Goal Popcorn; ChocoKick Bites,Barbacoa,Individual,Q10 - Q15,Sí,Sí,Portugal,Tal vez,Colombia,Alphonso Davies; Neymar Jr.,Una selección nacional,Descuento directo,Sí,Edición Con Tarjetas Coleccionables,Premium Alta,Casual,Jóvenes (<25)
1292,2026-04-19,09:32:42,25 - 34 Años,Masculino,Quetzaltenango,Olintepeque,Profesional Independiente,3 A 5 Veces Por Semana,Gasolinera,Familia,Q25 - Q50,Mundialitos Queso Picante; FutbolMix; Fan Chips Jalapeño,Chocolate,Tamaño Fiesta O Reunión,Q16 - Q20,No,Sí,Portugal,Probablemente sí,Brasil,Lionel Messi; Jude Bellingham; Federico Valverde,Historias de aficionados,Sorteo de camisetas,Sí,Edición Argentina,Moderada,Fanático Target (Alto),Adulto Joven (25-34)
1293,2026-04-30,12:57:18,25 - 34 Años,Masculino,Guatemala,Mixco,Empleado Privado,1 A 2 Veces Por Semana,Tienda de barrio,Amigos,Q25 - Q50,CrunchMax BBQ; FutbolMix,Jalapeño,Para Compartir Entre 2 Personas,Q16 - Q20,Sí,No,Egipto,Definitivamente no, BRASIL ,Lionel Messi; Kylian Mbappé,Humor,Descuento directo,Sí,Edición Francia,Moderada,Espectador Pasivo,Adulto Joven (25-34)
1294,2026-05-08,11:11:06,35 - 44 Años,Femenino,Escuintla,Escuintla,Empleado Privado,1 A 2 Veces Por Semana,Gasolinera,Familia,Más De Q150,FutbolMix,Jalapeño,Tamaño Fiesta O Reunión,Q21 - Q30,No,Sí,México,Definitivamente sí,Portugal,Cristiano Ronaldo,Un jugador famoso,Tarjetas coleccionables,Sí,Edición Brasil,Sensible Al Precio,Casual,Adulto Maduro (35-54)
1295,2026-02-15,17:17:19,18 - 24 Años,Femenino,Guatemala,Santa Catarina Pinula,Empleado Privado,3 A 5 Veces Por Semana,Supermercado,Amigos,Q51 - Q100,Fan Chips Jalapeño,Barbacoa,Familiar,Q10 - Q15,No,Sí,Alemania,Probablemente sí,México,Lionel Messi,Humor,Sorteo de camisetas,Sí,Edición Mundial Fifa 2026,Moderada,Fanático Target (Alto),Jóvenes (<25)
1296,2026-02-04,17:51:07,55 Años O Más,Masculino,Quetzaltenango, QUETZALTENANGO ,Comerciante,1 A 2 Veces Por Semana,Tienda de barrio,Familia,Q25 - Q50,CrunchMax BBQ,Queso,Familiar,Q21 - Q30,Sí,Sí,España,Probablemente no,Brasil,Rodri,Una selección nacional,Producto gratis,Sí,Edición Francia,Moderada,Casual,Adulto Mayor (55+)
1297,2026-02-04,15:32:29,35 - 44 Años,Masculino,Guatemala,San Miguel Petapa,Ama De Casa,Varias Veces Al Mes,Supermercado,Familia,Q25 - Q50,Mundialitos Queso Picante; Caramel Goal Popcorn; CrunchMax BBQ,Jalapeño,Para Compartir Entre 2 Personas,Q16 - Q20,Sí,Sí,Estados Unidos,Definitivamente sí,Francia,Kylian Mbappé,Premios y sorteos,Producto gratis,Sí,Edición Mundial Fifa 2026,Moderada,Casual,Adulto Maduro (35-54)
1298,2026-02-15,15:33:28,45 - 54 Años,Femenino,Alta Verapaz,Cabecera municipal,Empleado Privado,1 A 2 Veces Por Semana,Gasolinera,Familia,Q25 - Q50,Fan Chips Jalapeño,Queso,Tamaño Fiesta O Reunión,Q10 - Q15,No,Sí,Inglaterra,Definitivamente no,Brasil,Harry Kane,Historias de aficionados,Descuento directo,No,Edición Con Jugadores Famosos,Moderada,Espectador Pasivo,Adulto Maduro (35-54)
1299,2026-03-06,08:49:37,45 - 54 Años,Masculino,Chimaltenango,Tecpán Guatemala,Estudiante,3 A 5 Veces Por Semana,Gasolinera,Amigos,Q51 - Q100,ChocoKick Bites; Caramel Goal Popcorn,Picante Chapín,Familiar,Q16 - Q20,Sí,Sí,Portugal,Definitivamente sí,Argentina,Lionel Messi; Jude Bellingham,Humor,Descuento directo,Sí,Edición Inglaterra,Premium Alta,Casual,Adulto Maduro (35-54)
1300,2026-02-15,21:13:09,25 - 34 Años,Femenino,Guatemala,Villa Nueva,Estudiante,Rara Vez,Tienda de barrio,Amigos,Q101 - Q150,CrunchMax BBQ; Hot Stadium Peanuts,Picante Chapín,Familiar,Q21 - Q30,No,Sí,Argentina,Definitivamente sí,Argentina,Cristiano Ronaldo; Christian Pulisic; Vinícius Júnior,Premios y sorteos,2x1,No,Edición Inglaterra,Sensible Al Precio,Espectador Pasivo,Adulto Joven (25-34)
1301,2026-04-22,09:04:37,18 - 24 Años,Masculino,Guatemala,Guatemala,Ama De Casa,3 A 5 Veces Por Semana,Gasolinera,Amigos,Q101 - Q150,ChocoKick Bites; Gol Nachos Supreme; Energy Crunch Protein,Chocolate,Familiar,Q16 - Q20,Sí,Sí,España,Definitivamente sí,Argentina,Harry Kane,Historias de aficionados,Sorteo de viajes,Sí,Edición Argentina,Moderada,Casual,Jóvenes (<25)
1302,2026-03-11,11:27:45,18 - 24 Años,Masculino,Guatemala,Santa Catarina Pinula,Empleado Privado,Todos Los Días,Gasolinera,Amigos,Q25 - Q50,FutbolMix,Picante Chapín,Para Compartir Entre 2 Personas,Menos De Q10,Sí,Sí,Inglaterra,Definitivamente no,Inglaterra,Cristiano Ronaldo,Una selección nacional,2x1,No,Edición Francia,Moderada,Espectador Pasivo,Jóvenes (<25)
1303,2026-01-18,16:30:31,25 - 34 Años,Femenino,El Progreso,Cabecera municipal,Ama De Casa,1 A 2 Veces Por Semana,Supermercado,Familia,Q25 - Q50,CrunchMax BBQ; ChocoKick Bites,Barbacoa,Familiar,Q21 - Q30,Sí,No,España,Definitivamente no,Argentina,Julián Álvarez,Un jugador famoso,Sorteo de camisetas,No,Edición Brasil,Moderada,Espectador Pasivo,Adulto Joven (25-34)
1304,2026-04-11,11:51:46,25 - 34 Años,Femenino,Guatemala,Villa Nueva,Estudiante,Todos Los Días,Otro,Familia,Q101 - Q150,Hot Stadium Peanuts,Picante Chapín,Familiar,Q16 - Q20,Sí,No,Argentina,Probablemente sí,Brasil,Christian Pulisic; Jude Bellingham,Una selección nacional,Tarjetas coleccionables,Sí,Edición Argentina,Moderada,Espectador Pasivo,Adulto Joven (25-34)
1305,2026-04-23,12:14:12,18 - 24 Años,Masculino,Guatemala,Mixco,Estudiante,Rara Vez,Kiosco escolar/universitario,Familia,Q51 - Q100,CrunchMax BBQ,Limón,Individual,Q10 - Q15,No,Sí,Ghana,Definitivamente sí,Alemania,Julián Álvarez; Kylian Mbappé,Humor,Producto gratis,No,Edición Brasil,Moderada,Espectador Pasivo,Jóvenes (<25)
1306,2026-01-25,17:24:40,35 - 44 Años,Femenino,Chimaltenango,Tecpán Guatemala,Estudiante,1 A 2 Veces Por Semana,Tienda de barrio,Familia,Q25 - Q50,Caramel Goal Popcorn,Queso,Familiar,Q10 - Q15,No,Sí,Argentina,Probablemente sí,Argentina,Lionel Messi,Historias de aficionados,Sorteo de viajes,Sí,Edición Con Jugadores Famosos,Moderada,Fanático Target (Alto),Adulto Maduro (35-54)
1307,2026-04-14,21:11:26,25 - 34 Años,Femenino,Alta Verapaz,Cabecera municipal,Empleado Privado,Todos Los Días,Kiosco escolar/universitario,Otro,Q25 - Q50,Fan Chips Jalapeño; FutbolMix; Mundialitos Queso Picante,Salado Tradicional,Para Compartir Entre 2 Personas,Q21 - Q30,Sí,Sí,Brasil,Definitivamente sí,Congo DR,Jude Bellingham,Historias de aficionados,Descuento directo,Sí,Edición Con Jugadores Famosos,Moderada,Casual,Adulto Joven (25-34)
1308,2026-03-02,20:39:57,18 - 24 Años,Masculino,Petén,Poptún,Otro,Todos Los Días,Supermercado,Amigos,Q25 - Q50,CrunchMax BBQ; FutbolMix,Barbacoa,Familiar,Q16 - Q20,No,Sí,Argentina,Probablemente sí,Argentina,Jude Bellingham; Cristiano Ronaldo; Lionel Messi,Premios y sorteos,Descuento directo,No,Edición Argentina,Moderada,Casual,Jóvenes (<25)
1309,2026-04-18,19:01:06,45 - 54 Años,Masculino,Baja Verapaz,Cabecera municipal,Profesional Independiente,3 A 5 Veces Por Semana,Supermercado,Otro,Q51 - Q100,CrunchMax BBQ; Fan Chips Jalapeño; Caramel Goal Popcorn,Queso,Para Compartir Entre 2 Personas,Q16 - Q20,No,Sí,España,Probablemente no,Colombia,Neymar Jr.,Premios y sorteos,Descuento directo,No,Edición Con Jugadores Famosos,Moderada,Espectador Pasivo,Adulto Maduro (35-54)
1310,2026-02-10,21:51:11,35 - 44 Años,Prefiero No Indicarlo,Guatemala,Villa Nueva,Empleado Privado,1 A 2 Veces Por Semana,Gasolinera,Amigos,Q25 - Q50,Caramel Goal Popcorn,Chocolate,Para Compartir Entre 2 Personas,Q16 - Q20,Sí,Sí,México,Probablemente sí,Francia,Kylian Mbappé,Historias de aficionados,2x1,Sí,Edición Francia,Moderada,Fanático Target (Alto),Adulto Maduro (35-54)
1311,2026-03-07,17:36:43,18 - 24 Años,Femenino,Guate,San Miguel Petapa,Empleado Privado,1 A 2 Veces Por Semana,Tienda de barrio,Familia,Q25 - Q50,Mundialitos Queso Picante; Fan Chips Jalapeño; ChocoKick Bites,Caramelo,Tamaño Fiesta O Reunión,Q10 - Q15,Sí,Sí,Argelia,Definitivamente sí,México,Lionel Messi; Cristiano Ronaldo,Historias de aficionados,Sorteo de camisetas,No,Edición Argentina,Moderada,Espectador Pasivo,Jóvenes (<25)
1312,2026-04-22,07:46:02,25 - 34 Años,Masculino,Guatemala,Guatemala,Estudiante,Todos Los Días,Tienda de barrio,Compañeros de trabajo,Q25 - Q50,Hot Stadium Peanuts,Jalapeño,Para Compartir Entre 2 Personas,Q21 - Q30,Sí,No, PORTUGAL ,Probablemente sí,Brasil,Lamine Yamal; Kylian Mbappé; Cristiano Ronaldo,Premios y sorteos,Sorteo de camisetas,Sí,Edición Francia,Moderada,Espectador Pasivo,Adulto Joven (25-34)
1313,2026-03-12,13:34:02,Menos De 18 Años,Masculino,Guatemala,Guatemala,Empleado Público,Todos Los Días,Tienda de barrio,Familia,Q25 - Q50,Fan Chips Jalapeño; FutbolMix; Hot Stadium Peanuts,Picante Chapín,Individual,Menos De Q10,Sí,Sí,Francia,Probablemente sí,Argentina,Lionel Messi,Premios y sorteos,Descuento directo,No,Edición España,Moderada,Casual,Jóvenes (<25)
1314,2026-01-26,19:51:53,Menos De 18 Años,Masculino,Quetzaltenango,Quetzaltenango,Otro,Varias Veces Al Mes,Supermercado,Amigos,Menos De Q25,Mundialitos Queso Picante; ChocoKick Bites; Gol Nachos Supreme,Salado Tradicional,Para Compartir Entre 2 Personas,Menos De Q10,Sí,Sí,Argentina,Definitivamente sí,Francia,Neymar Jr.; Federico Valverde; Jude Bellingham,Historias de aficionados,Descuento directo,No,Edición Inglaterra,Moderada,Espectador Pasivo,Jóvenes (<25)
1315,2026-01-10,17:02:07,18 - 24 Años,Masculino,Escuintla,Escuintla,Empresario,Varias Veces Al Mes,Kiosco escolar/universitario,Amigos,Q51 - Q100,ChocoKick Bites,Chocolate,Individual,Q16 - Q20,Sí,No,Brasil,Probablemente no,Paraguay,Julián Álvarez,Una selección nacional,Sorteo de viajes,Sí,Edición Con Jugadores Famosos,Premium Alta,Espectador Pasivo,Jóvenes (<25)
1316,2026-02-20,13:48:10,35 - 44 Años,Femenino,Guatemala,Mixco,Comerciante,1 A 2 Veces Por Semana,Tienda de barrio,Amigos,Q101 - Q150,Hot Stadium Peanuts,Salado Tradicional,Para Compartir Entre 2 Personas,Q10 - Q15,Sí,Sí,Francia,Definitivamente sí,Inglaterra,Neymar Jr.; Julián Álvarez; Jude Bellingham,Una selección nacional,2x1,Sí,Edición Con Jugadores Famosos,Moderada,Casual,Adulto Maduro (35-54)
1317,2026-01-21,21:47:49,18 - 24 Años,Femenino,Retalhuleu,Cabecera municipal,Empleado Público,1 A 2 Veces Por Semana,Tienda de barrio,Compañeros de trabajo,Q101 - Q150,Fan Chips Jalapeño; Hot Stadium Peanuts,Jalapeño,Familiar,Q21 - Q30,No,Sí,Brasil,Tal vez,Brasil,Alphonso Davies; Kylian Mbappé; Lamine Yamal,Una selección nacional,Producto gratis,Sí,Edición Francia,Sensible Al Precio,Casual,Jóvenes (<25)
1318,2026-02-04,19:34:18,25 - 34 Años,Femenino,Guatemala,Mixco,Estudiante,Varias Veces Al Mes,Otro,Solo,Q51 - Q100,Fan Chips Jalapeño; FutbolMix,Queso,Individual,Más De Q30,Sí,No,México,Tal vez, INGLATERRA ,Neymar Jr.,Un jugador famoso,2x1,Sí,Edición Argentina,Premium Alta,Espectador Pasivo,Adulto Joven (25-34)
2405,2026-04-01,12:22:20,25 - 34 Años,Femenino,Guatemala,Villa Nueva,Profesional Independiente,3 A 5 Veces Por Semana,Supermercado,Amigos,Q51 - Q100,FutbolMix; Mundialitos Queso Picante; Victory Pretzels,Queso,Individual,Q16 - Q20,Sí,Sí,Portugal,Probablemente sí,México,Cristiano Ronaldo,Una selección nacional,2x1,Sí,Edición Inglaterra,Premium Alta,Fanático Target (Alto),Adulto Joven (25-34)
1320,2026-02-03,22:07:33,45 - 54 Años,Femenino,Guatemala,San Miguel Petapa,,1 A 2 Veces Por Semana,Kiosco escolar/universitario,Amigos,Q25 - Q50,ChocoKick Bites; CrunchMax BBQ,Picante Chapín,Tamaño Fiesta O Reunión,Q21 - Q30,No,Sí,Brasil,Definitivamente sí,Portugal,Vinícius Júnior,Una selección nacional,2x1,No,Edición Con Jugadores Famosos,Moderada,Espectador Pasivo,Adulto Maduro (35-54)
1321,2026-01-22,15:12:50,55 Años O Más,Femenino,Sacatepéquez,Antigua Guatemala,,Todos Los Días,Kiosco escolar/universitario,Otro,Q101 - Q150,CrunchMax BBQ,Picante Chapín,Tamaño Fiesta O Reunión,Q16 - Q20,No,No,Uruguay,Probablemente sí,Francia,Cristiano Ronaldo,Una selección nacional,Descuento directo,Sí,Edición Francia,Sensible Al Precio,Espectador Pasivo,Adulto Mayor (55+)
1322,2026-01-15,22:31:14,18 - 24 Años,Masculino,Escuintla,Palín,Comerciante,3 A 5 Veces Por Semana,Tienda de barrio,Familia,Q25 - Q50,Fan Chips Jalapeño; Victory Pretzels; Hot Stadium Peanuts,Barbacoa,Tamaño Fiesta O Reunión,Q16 - Q20,No,Sí,España,Probablemente sí,Arabia Saudita,Julián Álvarez,Premios y sorteos,Sorteo de viajes,Sí,Edición Mundial Fifa 2026,Moderada,Fanático Target (Alto),Jóvenes (<25)
1323,2026-04-06,10:26:28,18 - 24 Años,Masculino,Guatemala,Santa Catarina Pinula,Otro,Varias Veces Al Mes,Tienda de barrio,Solo,Q25 - Q50,FutbolMix; Gol Nachos Supreme,Picante Chapín,Para Compartir Entre 2 Personas,Q21 - Q30,No,Sí,Brasil,Probablemente no,Argentina,Cristiano Ronaldo; Kylian Mbappé; Julián Álvarez,Una selección nacional,Producto gratis,Sí,Edición Francia,Moderada,Casual,Jóvenes (<25)
1324,2026-03-09,17:12:20,45 - 54 Años,Masculino,Sacatepéquez,Ciudad Vieja,Empleado Privado,1 A 2 Veces Por Semana,Gasolinera,Compañeros de trabajo,Q25 - Q50,Fan Chips Jalapeño,Limón,Familiar,Q10 - Q15,Sí,Sí,Brasil,Definitivamente sí,España,Kylian Mbappé,Un jugador famoso,Sorteo de balones,No,Edición Con Tarjetas Coleccionables,Moderada,Espectador Pasivo,Adulto Maduro (35-54)
1325,2026-03-04,17:42:49,35 - 44 Años,Masculino,Guatemala,Villa Nueva,Profesional Independiente,Todos Los Días,Supermercado,Compañeros de trabajo,Q25 - Q50,Mundialitos Queso Picante,Barbacoa,Tamaño Fiesta O Reunión,Q10 - Q15,Sí,Sí,Portugal,Tal vez,Brasil,Lionel Messi; Kylian Mbappé; Lamine Yamal,Un jugador famoso,Descuento directo,Sí,Edición Brasil,Moderada,Casual,Adulto Maduro (35-54)
1326,2026-01-31,19:11:39,Menos De 18 Años,Femenino,Guatemala,Mixco,Estudiante,1 A 2 Veces Por Semana,Tienda de barrio,Amigos,Q51 - Q100,Gol Nachos Supreme; Victory Pretzels; CrunchMax BBQ,Dulce,Tamaño Fiesta O Reunión,Q10 - Q15,Sí,Sí,Canadá,Tal vez,Inglaterra,Rodri,Un jugador famoso,Descuento directo,Sí,Edición Argentina,Premium Alta,Casual,Jóvenes (<25)
1327,2026-02-23,07:18:30,18 - 24 Años,Masculino,Guatemala,Santa Catarina Pinula,Comerciante,1 A 2 Veces Por Semana,Tienda de barrio,Familia,Q51 - Q100,Gol Nachos Supreme,Chocolate,Familiar,Q10 - Q15,Sí,No,Brasil,Definitivamente sí,España,Cristiano Ronaldo; Lionel Messi; Federico Valverde,Un jugador famoso,Descuento directo,Sí,Edición Inglaterra,Premium Alta,Espectador Pasivo,Jóvenes (<25)
1328,2026-03-18,21:07:32,45 - 54 Años,Femenino,Guatemala,San Miguel Petapa,Empleado Privado,3 A 5 Veces Por Semana,Aplicación de delivery,Familia,Q25 - Q50,Mundialitos Queso Picante; Energy Crunch Protein,Salado Tradicional,Para Compartir Entre 2 Personas,Menos De Q10,Sí,Sí,Argentina,Probablemente sí,Brasil,Cristiano Ronaldo; Kylian Mbappé,Humor,Descuento directo,Sí,Edición Brasil,Moderada,Fanático Target (Alto),Adulto Maduro (35-54)
1329,2026-02-06,08:54:35,Menos De 18 Años,Masculino,Guatemala,San Miguel Petapa,Empleado Privado,3 A 5 Veces Por Semana,Supermercado,Amigos,Q51 - Q100,Caramel Goal Popcorn,Picante Chapín,Individual,Q10 - Q15,No,Sí,Francia,Definitivamente sí,Argentina,Vinícius Júnior; Cristiano Ronaldo; Lionel Messi,Un jugador famoso,2x1,Sí,Edición Francia,Moderada,Casual,Jóvenes (<25)
1330,2026-01-24,19:22:18,25 - 34 Años,Femenino,Quetzaltenango,Coatepeque,Empleado Privado,Rara Vez,Aplicación de delivery,Familia,Q51 - Q100,Energy Crunch Protein,Dulce,Familiar,Q21 - Q30,No,Sí,Estados Unidos,Probablemente no,Argentina,Cristiano Ronaldo; Lamine Yamal; Neymar Jr.,Premios y sorteos,Descuento directo,No,Edición Francia,Moderada,Espectador Pasivo,Adulto Joven (25-34)
1331,2026-03-13,14:29:15,35 - 44 Años,Femenino,Chiquimula,Chiquimula,Empleado Privado,3 A 5 Veces Por Semana,Tienda de barrio,Solo,Q51 - Q100,Fan Chips Jalapeño; Gol Nachos Supreme,Picante Chapín,Familiar,Q21 - Q30,Sí,Sí,Francia,Definitivamente sí,México,Cristiano Ronaldo,Un jugador famoso,Producto gratis,No,Edición Con Jugadores Famosos,Premium Alta,Espectador Pasivo,Adulto Maduro (35-54)
1332,2026-03-04,12:01:39,25 - 34 Años,Masculino,Guatemala,Santa Catarina Pinula,Empleado Privado,3 A 5 Veces Por Semana,Tienda de barrio,Otro,Q51 - Q100,CrunchMax BBQ; Hot Stadium Peanuts,Queso,Individual,Q21 - Q30,Sí,Sí,Estados Unidos,Definitivamente sí,Portugal,Lionel Messi; Cristiano Ronaldo,Una selección nacional,2x1,Sí,Edición Con Jugadores Famosos,Premium Alta,Casual,Adulto Joven (25-34)
1333,2026-02-22,22:45:31,35 - 44 Años,Masculino,Santa Rosa,Cabecera municipal,Empleado Privado,Rara Vez,Supermercado,Familia,Q51 - Q100,Energy Crunch Protein,Queso,Para Compartir Entre 2 Personas,Q10 - Q15,Sí,Sí,Argentina,Probablemente no, ARGENTINA ,Cristiano Ronaldo; Ninguno; Lionel Messi,Una selección nacional,Descuento directo,Sí,Edición Inglaterra,Premium Alta,Casual,Adulto Maduro (35-54)
1334,2026-01-21,18:56:18,55 Años O Más,Masculino,Sacatepéquez,Jocotenango,Comerciante,1 A 2 Veces Por Semana,Tienda de barrio,Familia,Q51 - Q100,Gol Nachos Supreme,Barbacoa,Tamaño Fiesta O Reunión,Q21 - Q30,No,Sí,Inglaterra,Probablemente sí,Argentina,Lamine Yamal; Cristiano Ronaldo,Una selección nacional,Descuento directo,No,Edición Francia,Moderada,Casual,Adulto Mayor (55+)
1335,2026-04-15,20:38:05,45 - 54 Años,Femenino,Quetzaltenango,Olintepeque,Empresario,3 A 5 Veces Por Semana,Supermercado,Familia,Q51 - Q100,Energy Crunch Protein; Fan Chips Jalapeño; Gol Nachos Supreme,Jalapeño,Para Compartir Entre 2 Personas,Menos De Q10,Sí,Sí,Portugal,Tal vez,España,Harry Kane,Premios y sorteos,Tarjetas coleccionables,Sí,Edición Brasil,Premium Alta,Casual,Adulto Maduro (35-54)
1336,2026-03-12,16:43:41,55 Años O Más,Femenino,Guatemala,Santa Catarina Pinula,Empleado Público,3 A 5 Veces Por Semana,Tienda de barrio,Familia,Q25 - Q50,Gol Nachos Supreme,Picante Chapín,Individual,Q16 - Q20,No,Sí,Francia,Probablemente sí,Portugal,Kylian Mbappé; Alphonso Davies; Vinícius Júnior,Una selección nacional,Tarjetas coleccionables,Sí,Edición Brasil,Moderada,Fanático Target (Alto),Adulto Mayor (55+)
1337,2026-03-25,21:56:56,Menos De 18 Años,Masculino,Guatemala,Guatemala,Empleado Privado,1 A 2 Veces Por Semana,Tienda de barrio,Familia,Q25 - Q50,CrunchMax BBQ; ChocoKick Bites; Gol Nachos Supreme,Limón,Familiar,Q16 - Q20,No,Sí,Argentina,Probablemente sí,Argentina,Cristiano Ronaldo,Un jugador famoso,2x1,Sí,Edición Mundial Fifa 2026,Moderada,Fanático Target (Alto),Jóvenes (<25)
538,2026-03-10,10:06:14,35 - 44 Años,Femenino,Guatemala,San Miguel Petapa,Empresario,Rara Vez,Gasolinera,Amigos,Q101 - Q150,FutbolMix,Chocolate,Familiar,Q10 - Q15,Sí,Sí,Senegal,Definitivamente sí,México,Cristiano Ronaldo; Lionel Messi,Premios y sorteos,Producto gratis,Sí,Edición Con Tarjetas Coleccionables,Moderada,Casual,Adulto Maduro (35-54)
1339,2026-05-08,18:56:13,25 - 34 Años,Femenino,Escuintla,Santa Lucía Cotzumalguapa,Empleado Privado,Todos Los Días,Tienda de barrio,Familia,Q51 - Q100,Mundialitos Queso Picante; FutbolMix,Picante Chapín,Familiar,Más De Q30,No,Sí,Argentina,Tal vez,Inglaterra,Neymar Jr.; Lionel Messi,Una selección nacional,Descuento directo,Sí,Edición Con Jugadores Famosos,Moderada,Casual,Adulto Joven (25-34)
1340,2026-02-04,08:31:40,45 - 54 Años,Masculino,Sacatepéquez,Ciudad Vieja,Empleado Privado,3 A 5 Veces Por Semana,Tienda de barrio,Familia,Q25 - Q50,Gol Nachos Supreme; ChocoKick Bites,Chocolate,Familiar,Q10 - Q15,Sí,No,México,Tal vez,Argentina,Lamine Yamal,Premios y sorteos,Producto gratis,Sí,Edición Con Jugadores Famosos,Moderada,Espectador Pasivo,Adulto Maduro (35-54)
1341,2026-03-06,13:10:04,18 - 24 Años,Femenino,El Progreso,,Empleado Privado,Todos Los Días,Supermercado,Amigos,Más De Q150,Gol Nachos Supreme; Energy Crunch Protein,Picante Chapín,Tamaño Fiesta O Reunión,Q21 - Q30,No,Sí,México,Definitivamente sí,Francia,Lionel Messi; Cristiano Ronaldo,Premios y sorteos,Sorteo de viajes,Sí,Edición Con Jugadores Famosos,Sensible Al Precio,Casual,Jóvenes (<25)
1342,2026-03-21,07:01:55,25 - 34 Años,Femenino,Guatemala,Santa Catarina Pinula,Estudiante,1 A 2 Veces Por Semana,Tienda de barrio,Amigos,Menos De Q25,Mundialitos Queso Picante,Limón,Familiar,Q21 - Q30,Sí,Sí,Francia,Tal vez,España,Alphonso Davies; Cristiano Ronaldo; Neymar Jr.,Un jugador famoso,Sorteo de camisetas,No,Edición Inglaterra,Moderada,Espectador Pasivo,Adulto Joven (25-34)
1343,2026-04-18,10:56:58,18 - 24 Años,Femenino,Guatemala,Mixco,Empleado Privado,3 A 5 Veces Por Semana,Supermercado,Solo,Q25 - Q50,Caramel Goal Popcorn; ChocoKick Bites; Hot Stadium Peanuts,Barbacoa,Familiar,Q16 - Q20,Sí,Sí,México,Probablemente sí,Estados Unidos,Lionel Messi,Un jugador famoso,Sorteo de balones,Sí,Edición Mundial Fifa 2026,Moderada,Fanático Target (Alto),Jóvenes (<25)
1344,2026-04-14,13:34:25,45 - 54 Años,Masculino,Guatemala,Villa Nueva,,1 A 2 Veces Por Semana,Tienda de barrio,Solo,Q101 - Q150,Gol Nachos Supreme; Mundialitos Queso Picante,Salado Tradicional,Individual,Q16 - Q20,No,No,Brasil,Tal vez,Francia,Cristiano Ronaldo; Lamine Yamal; Neymar Jr.,Premios y sorteos,Sorteo de viajes,Sí,Edición Argentina,Sensible Al Precio,Espectador Pasivo,Adulto Maduro (35-54)
1345,2026-03-07,07:00:11,Menos De 18 Años,Femenino,Escuintla,Palín,Empresario,Varias Veces Al Mes,Tienda de barrio,Compañeros de trabajo,Q25 - Q50,Gol Nachos Supreme,Salado Tradicional,Familiar,Q16 - Q20,Sí,Sí,Alemania,Probablemente sí,Inglaterra,Cristiano Ronaldo,Una selección nacional,Sorteo de viajes,Sí,Edición Brasil,Moderada,Fanático Target (Alto),Jóvenes (<25)
1346,2026-01-18,09:45:15,25 - 34 Años,Masculino,Jalapa,Jalapa,Estudiante,1 A 2 Veces Por Semana,Supermercado,Amigos,Q101 - Q150,Gol Nachos Supreme; Mundialitos Queso Picante,Picante Chapín,Individual,Q21 - Q30,Sí,Sí,Alemania,Definitivamente sí,España,Kylian Mbappé; Rodri,Premios y sorteos,Producto gratis,No,Edición Con Jugadores Famosos,Moderada,Espectador Pasivo,Adulto Joven (25-34)
1347,2026-01-22,12:00:05,25 - 34 Años,Masculino,Guatemala,San Miguel Petapa,Estudiante,Varias Veces Al Mes,Gasolinera,Familia,Q25 - Q50,Fan Chips Jalapeño; CrunchMax BBQ,Barbacoa,Familiar,Q21 - Q30,Sí,Sí,Brasil,Definitivamente sí,Argentina,Lionel Messi,Un jugador famoso,Tarjetas coleccionables,No,Edición España,Moderada,Espectador Pasivo,Adulto Joven (25-34)
1348,2026-03-20,16:29:30,35 - 44 Años,Femenino,Guatemala,Santa Catarina Pinula,Empresario,Varias Veces Al Mes,Kiosco escolar/universitario,Solo,Q51 - Q100,CrunchMax BBQ,Queso,Para Compartir Entre 2 Personas,Q10 - Q15,No,Sí,España,Tal vez,Uruguay,Kylian Mbappé; Vinícius Júnior; Harry Kane,Una selección nacional,Tarjetas coleccionables,No,Edición Mundial Fifa 2026,Moderada,Espectador Pasivo,Adulto Maduro (35-54)
1349,2026-01-23,11:33:11,45 - 54 Años,Masculino,Quetzaltenango,Quetzaltenango,Empleado Privado,Todos Los Días,Gasolinera,Amigos,Q25 - Q50,Gol Nachos Supreme; CrunchMax BBQ,Jalapeño,Tamaño Fiesta O Reunión,Q10 - Q15,No,Sí,Argentina,Tal vez, NORUEGA ,Lionel Messi; Julián Álvarez,Un jugador famoso,Producto gratis,Sí,Edición Con Jugadores Famosos,Moderada,Casual,Adulto Maduro (35-54)
1350,2026-01-22,09:30:14,35 - 44 Años,Femenino,Escuintla,Palín,Empleado Público,Varias Veces Al Mes,Tienda de barrio,Amigos,Más De Q150,ChocoKick Bites,Chocolate,Individual,Q21 - Q30,No,Sí,Argentina,Definitivamente sí,México,Julián Álvarez,Un jugador famoso,Producto gratis,Sí,Edición Con Tarjetas Coleccionables,Sensible Al Precio,Casual,Adulto Maduro (35-54)
1351,2026-04-16,19:38:28,Menos De 18 Años,Prefiero No Indicarlo,Quetzaltenango,Olintepeque,Empleado Privado,3 A 5 Veces Por Semana,Supermercado,Compañeros de trabajo,Q51 - Q100,FutbolMix; Mundialitos Queso Picante; Caramel Goal Popcorn,Queso,Familiar,Q21 - Q30,No,Sí,Argentina,Definitivamente sí,Portugal,Cristiano Ronaldo,Una selección nacional,Sorteo de camisetas,No,Edición Mundial Fifa 2026,Moderada,Espectador Pasivo,Jóvenes (<25)
1352,2026-02-16,10:17:58,Menos De 18 Años,Masculino,Chimaltenango,Tecpán Guatemala,Empleado Privado,3 A 5 Veces Por Semana,Tienda de barrio,Solo,Q51 - Q100,Caramel Goal Popcorn,Queso,Familiar,Menos De Q10,Sí,Sí,Brasil,Tal vez,Brasil,Lionel Messi; Christian Pulisic,Historias de aficionados,Tarjetas coleccionables,Sí,Edición Con Tarjetas Coleccionables,Premium Alta,Casual,Jóvenes (<25)
1353,2026-01-10,10:44:18,Menos De 18 Años,Masculino,Totonicapán,Cabecera municipal,Empleado Público,Varias Veces Al Mes,Otro,Amigos,Menos De Q25,Hot Stadium Peanuts,Picante Chapín,Tamaño Fiesta O Reunión,Q16 - Q20,Sí,Sí,Francia,Probablemente sí,Francia,Lamine Yamal; Cristiano Ronaldo; Neymar Jr.,Un jugador famoso,2x1,No,Edición Brasil,Moderada,Casual,Jóvenes (<25)
1354,2026-03-10,07:29:49,55 Años O Más,Masculino,Escuintla,Escuintla,Empleado Privado,3 A 5 Veces Por Semana,Supermercado,Compañeros de trabajo,Q51 - Q100,FutbolMix,Caramelo,Familiar,Más De Q30,Sí,Sí,Colombia,Definitivamente sí,Francia,Jude Bellingham,Humor,2x1,Sí,Edición Con Tarjetas Coleccionables,Premium Alta,Casual,Adulto Mayor (55+)
1355,2026-02-06,21:33:25,45 - 54 Años,Masculino,Guatemala,Santa Catarina Pinula,Otro,1 A 2 Veces Por Semana,Kiosco escolar/universitario,Familia,Menos De Q25,CrunchMax BBQ; Mundialitos Queso Picante; Gol Nachos Supreme,Queso,Familiar,Q10 - Q15,Sí,Sí,Francia,Probablemente sí,Noruega,Cristiano Ronaldo; Harry Kane,Un jugador famoso,Sorteo de balones,Sí,Edición Argentina,Moderada,Fanático Target (Alto),Adulto Maduro (35-54)
1356,2026-02-26,14:12:19,25 - 34 Años,Masculino,Guatemala,Santa Catarina Pinula,Otro,Varias Veces Al Mes,Tienda de barrio,Compañeros de trabajo,Q51 - Q100,Hot Stadium Peanuts; Gol Nachos Supreme; Fan Chips Jalapeño,Picante Chapín,Individual,Q21 - Q30,Sí,Sí,Portugal,Tal vez,Estados Unidos,Federico Valverde,Un jugador famoso,2x1,No,Edición España,Premium Alta,Espectador Pasivo,Adulto Joven (25-34)
1357,2026-01-10,21:15:46,35 - 44 Años,Masculino,Guatemala,Santa Catarina Pinula,Otro,1 A 2 Veces Por Semana,Tienda de barrio,Compañeros de trabajo,Q25 - Q50,Energy Crunch Protein; Mundialitos Queso Picante; FutbolMix,Caramelo,Tamaño Fiesta O Reunión,Q16 - Q20,Sí,Sí,Argentina,Probablemente sí,Brasil,Vinícius Júnior; Kylian Mbappé; Cristiano Ronaldo,Un jugador famoso,Tarjetas coleccionables,Sí,Edición Con Jugadores Famosos,Moderada,Fanático Target (Alto),Adulto Maduro (35-54)
1358,2026-02-02,09:47:11,45 - 54 Años,Femenino,Guatemala,Mixco,Estudiante,Todos Los Días,Otro,Amigos,Más De Q150,Energy Crunch Protein; CrunchMax BBQ; Gol Nachos Supreme,Picante Chapín,Tamaño Fiesta O Reunión,Q21 - Q30,No,Sí,Argentina,Definitivamente sí,Inglaterra,Ninguno; Lionel Messi; Cristiano Ronaldo,Premios y sorteos,2x1,No,Edición Mundial Fifa 2026,Sensible Al Precio,Espectador Pasivo,Adulto Maduro (35-54)
1359,2026-02-12,20:54:18,45 - 54 Años,Femenino,Guatemala,Villa Nueva,Profesional Independiente,1 A 2 Veces Por Semana,Aplicación de delivery,Familia,Menos De Q25,Gol Nachos Supreme; Hot Stadium Peanuts,Limón,Familiar,Q16 - Q20,Sí,Sí, BRASIL ,Definitivamente sí,Alemania,Vinícius Júnior,Un jugador famoso,Producto gratis,Sí,Edición Con Tarjetas Coleccionables,Moderada,Casual,Adulto Maduro (35-54)
1360,2026-05-09,11:36:03,35 - 44 Años,Masculino,Guatemala,Santa Catarina Pinula,Estudiante,Varias Veces Al Mes,Kiosco escolar/universitario,Familia,Q25 - Q50,Fan Chips Jalapeño; ChocoKick Bites; Caramel Goal Popcorn,Chocolate,Para Compartir Entre 2 Personas,Menos De Q10,Sí,Sí,México,Definitivamente sí,Alemania,Lionel Messi; Julián Álvarez; Kylian Mbappé,Un jugador famoso,Sorteo de camisetas,Sí,Edición Con Jugadores Famosos,Moderada,Casual,Adulto Maduro (35-54)
1361,2026-03-10,11:20:44,25 - 34 Años,Femenino,Escuintla,Escuintla,Empleado Privado,3 A 5 Veces Por Semana,Tienda de barrio,Familia,Q25 - Q50,Caramel Goal Popcorn,Picante Chapín,Para Compartir Entre 2 Personas,Q21 - Q30,Sí,Sí,Alemania,Probablemente sí,Senegal,Julián Álvarez; Ninguno,Un jugador famoso,Descuento directo,Sí,Edición Francia,Moderada,Fanático Target (Alto),Adulto Joven (25-34)
1362,2026-05-04,15:13:25,18 - 24 Años,Femenino,Jalapa,Cabecera municipal,Empleado Privado,Rara Vez,Supermercado,Familia,Q25 - Q50,FutbolMix; Caramel Goal Popcorn,Limón,Para Compartir Entre 2 Personas,Q16 - Q20,No,Sí,Portugal,Tal vez,Alemania,Lamine Yamal; Julián Álvarez,Un jugador famoso,2x1,Sí,Edición España,Moderada,Casual,Jóvenes (<25)
1363,2026-02-20,22:51:53,18 - 24 Años,Masculino,Guatemala,Santa Catarina Pinula,Empleado Público,3 A 5 Veces Por Semana,Supermercado,Familia,Menos De Q25,Victory Pretzels,Picante Chapín,Tamaño Fiesta O Reunión,Q10 - Q15,Sí,Sí,España,Probablemente no,Argentina,Lionel Messi; Federico Valverde; Harry Kane,Premios y sorteos,Sorteo de balones,Sí,Edición Francia,Moderada,Casual,Jóvenes (<25)
1364,2026-02-24,21:49:47,18 - 24 Años,Masculino,Quetzaltenango,Olintepeque,Ama De Casa,1 A 2 Veces Por Semana,Kiosco escolar/universitario,Familia,Q25 - Q50,CrunchMax BBQ; Fan Chips Jalapeño; FutbolMix,Caramelo,Familiar,Q10 - Q15,Sí,Sí,Argentina,Tal vez,España,Cristiano Ronaldo; Christian Pulisic; Jude Bellingham,Un jugador famoso,Tarjetas coleccionables,Sí,Edición Argentina,Moderada,Casual,Jóvenes (<25)
1365,2026-04-17,09:59:36,35 - 44 Años,Femenino,Guatemala,Villa Nueva,Empleado Privado,1 A 2 Veces Por Semana,Supermercado,Solo,Q51 - Q100,Victory Pretzels,Barbacoa,Familiar,Q21 - Q30,Sí,Sí,Inglaterra,Probablemente sí,Colombia,Harry Kane; Lionel Messi; Cristiano Ronaldo,Premios y sorteos,2x1,Sí,Edición Con Jugadores Famosos,Premium Alta,Fanático Target (Alto),Adulto Maduro (35-54)
1366,2026-01-17,07:30:23,25 - 34 Años,Femenino,Guatemala,San Miguel Petapa,Empleado Público,Varias Veces Al Mes,Otro,Familia,Q51 - Q100,Caramel Goal Popcorn,Queso,Familiar,Q16 - Q20,Sí,Sí,Alemania,Definitivamente sí,Argentina,Christian Pulisic; Vinícius Júnior; Neymar Jr.,Historias de aficionados,Tarjetas coleccionables,No,Edición Brasil,Premium Alta,Espectador Pasivo,Adulto Joven (25-34)
1367,2026-04-18,15:40:12,45 - 54 Años,Masculino,Escuintla, SANTA LUCÍA COTZUMALGUAPA ,Empleado Público,Rara Vez,Tienda de barrio,Amigos,Q101 - Q150,Gol Nachos Supreme,Salado Tradicional,Para Compartir Entre 2 Personas,Menos De Q10,Sí,Sí,Argentina,Definitivamente sí,España,Cristiano Ronaldo; Kylian Mbappé,Historias de aficionados,Descuento directo,Sí,Edición Con Jugadores Famosos,Moderada,Casual,Adulto Maduro (35-54)
1368,2026-02-07,18:26:10,25 - 34 Años,Femenino,Guatemala,Villa Nueva,Empleado Privado,1 A 2 Veces Por Semana,Tienda de barrio,Familia,Q51 - Q100,CrunchMax BBQ; Energy Crunch Protein,Dulce,Para Compartir Entre 2 Personas,Q21 - Q30,No,Sí,Argentina,Tal vez,Portugal,Lamine Yamal; Cristiano Ronaldo,Una selección nacional,2x1,No,Edición España,Moderada,Espectador Pasivo,Adulto Joven (25-34)
1369,2026-02-21,14:14:12,25 - 34 Años,Masculino,Quetzaltenango,Coatepeque,Empleado Privado,Varias Veces Al Mes,Tienda de barrio,Solo,Q101 - Q150,Energy Crunch Protein,Queso,Familiar,Q10 - Q15,Sí,Sí,Argentina,Definitivamente sí,Argentina,Jude Bellingham,Una selección nacional,Sorteo de camisetas,Sí,Edición Con Jugadores Famosos,Moderada,Casual,Adulto Joven (25-34)
1370,2026-03-17,09:18:09,25 - 34 Años,Masculino,Sacatepéquez,Antigua Guatemala,Otro,Varias Veces Al Mes,Aplicación de delivery,Amigos,Q25 - Q50,Caramel Goal Popcorn; Gol Nachos Supreme,Queso,Individual,Q16 - Q20,Sí,Sí, BRASIL ,Probablemente sí,México,Neymar Jr.,Una selección nacional,Descuento directo,Sí,Edición Argentina,Moderada,Fanático Target (Alto),Adulto Joven (25-34)
1371,2026-04-17,14:51:59,25 - 34 Años,Masculino,Guatemala,San Miguel Petapa,Empleado Privado,1 A 2 Veces Por Semana,Gasolinera,Amigos,Q51 - Q100,Gol Nachos Supreme; Hot Stadium Peanuts,Picante Chapín,Para Compartir Entre 2 Personas,Q10 - Q15,Sí,Sí,España,Definitivamente sí,Portugal,Lamine Yamal; Harry Kane; Lionel Messi,Un jugador famoso,Tarjetas coleccionables,Sí,Edición Argentina,Premium Alta,Casual,Adulto Joven (25-34)
1372,2026-04-02,07:45:53,25 - 34 Años,Masculino,Guatemala,Santa Catarina Pinula,Estudiante,1 A 2 Veces Por Semana,Supermercado,Amigos,Más De Q150,CrunchMax BBQ; Fan Chips Jalapeño; Caramel Goal Popcorn,Chocolate,Para Compartir Entre 2 Personas,Q10 - Q15,No,Sí,México,Probablemente sí,Argentina,Neymar Jr.; Vinícius Júnior,Un jugador famoso,2x1,No,Edición Inglaterra,Sensible Al Precio,Casual,Adulto Joven (25-34)
1373,2026-03-30,11:09:40,25 - 34 Años,Masculino,Quiché,Quiché,Comerciante,Varias Veces Al Mes,Supermercado,Amigos,Q25 - Q50,Mundialitos Queso Picante; ChocoKick Bites; Fan Chips Jalapeño,Chocolate,Para Compartir Entre 2 Personas,Q10 - Q15,No,No,Inglaterra,Probablemente sí,Australia,Rodri; Federico Valverde,Una selección nacional,Producto gratis,Sí,Edición Argentina,Moderada,Espectador Pasivo,Adulto Joven (25-34)
1374,2026-01-20,07:49:17,18 - 24 Años,Femenino,Sacatepéquez,Sumpango,Empleado Privado,1 A 2 Veces Por Semana,Gasolinera,Familia,Q51 - Q100,Mundialitos Queso Picante; Hot Stadium Peanuts; CrunchMax BBQ,Dulce,Individual,Q16 - Q20,Sí,Sí,Curaçao,Tal vez,Argentina,Kylian Mbappé,Premios y sorteos,Tarjetas coleccionables,Sí,Edición Con Tarjetas Coleccionables,Premium Alta,Casual,Jóvenes (<25)
1375,2026-02-17,20:08:07,25 - 34 Años,Femenino,Guatemala, SAN MIGUEL PETAPA ,Empleado Privado,Varias Veces Al Mes,Supermercado,Familia,Más De Q150,ChocoKick Bites; Victory Pretzels; Gol Nachos Supreme,Picante Chapín,Individual,Menos De Q10,No,Sí,Brasil,Definitivamente no,Brasil,Cristiano Ronaldo; Vinícius Júnior; Christian Pulisic,Un jugador famoso,Sorteo de camisetas,Sí,Edición Con Jugadores Famosos,Sensible Al Precio,Casual,Adulto Joven (25-34)
1376,2026-02-01,13:01:21,25 - 34 Años,Masculino,San Marcos,San Marcos,Profesional Independiente,1 A 2 Veces Por Semana,Supermercado,Familia,Q25 - Q50,Hot Stadium Peanuts; Gol Nachos Supreme; Victory Pretzels,Barbacoa,Para Compartir Entre 2 Personas,Q10 - Q15,Sí,Sí,Uruguay,Probablemente no,Brasil,Lionel Messi,Historias de aficionados,Sorteo de balones,Sí,Edición Brasil,Moderada,Casual,Adulto Joven (25-34)
1377,2026-01-31,10:44:39,Menos De 18 Años,Masculino,Guatemala,San Miguel Petapa,Profesional Independiente,3 A 5 Veces Por Semana,Aplicación de delivery,Solo,Q51 - Q100,Gol Nachos Supreme,Chocolate,Familiar,Menos De Q10,No,No,Inglaterra,Definitivamente sí,Curaçao,Neymar Jr.,Un jugador famoso,Tarjetas coleccionables,Sí,Edición Argentina,Moderada,Espectador Pasivo,Jóvenes (<25)
1378,2026-01-14,13:25:14,35 - 44 Años,Masculino,Retalhuleu,Retalhuleu,Empleado Privado,Varias Veces Al Mes,Supermercado,Familia,Q51 - Q100,Caramel Goal Popcorn,Barbacoa,Para Compartir Entre 2 Personas,Q16 - Q20,Sí,Sí,Inglaterra,Probablemente no,Portugal,Kylian Mbappé,Humor,2x1,Sí,Edición Con Tarjetas Coleccionables,Premium Alta,Casual,Adulto Maduro (35-54)
1379,2026-01-21,20:49:46,45 - 54 Años,Femenino,Sacatepéquez,Jocotenango,Empleado Privado,Todos Los Días,Kiosco escolar/universitario,Compañeros de trabajo,Q25 - Q50,Energy Crunch Protein; Gol Nachos Supreme,Picante Chapín,Para Compartir Entre 2 Personas,Q16 - Q20,Sí,Sí,Brasil,Definitivamente sí,Argentina,Rodri; Kylian Mbappé; Federico Valverde,Humor,Descuento directo,No,Edición Con Jugadores Famosos,Moderada,Espectador Pasivo,Adulto Maduro (35-54)
1380,2026-05-02,21:33:42,25 - 34 Años,Femenino,Baja Verapaz,Baja Verapaz,Empleado Público,1 A 2 Veces Por Semana,Aplicación de delivery,Amigos,Menos De Q25,Victory Pretzels,Barbacoa,Para Compartir Entre 2 Personas,Q10 - Q15,Sí,No,Brasil,Probablemente sí,Irán,Ninguno,Una selección nacional,2x1,No,Edición Francia,Moderada,Espectador Pasivo,Adulto Joven (25-34)
1381,2026-04-03,08:14:21,55 Años O Más,Prefiero No Indicarlo,Escuintla,Escuintla,Empleado Privado,Varias Veces Al Mes,Supermercado,Amigos,Q101 - Q150,Gol Nachos Supreme; FutbolMix; CrunchMax BBQ,Caramelo,Para Compartir Entre 2 Personas,Q21 - Q30,Sí,Sí,Argentina,Definitivamente sí,Francia,Kylian Mbappé,Historias de aficionados,Producto gratis,No,Edición Con Tarjetas Coleccionables,Moderada,Espectador Pasivo,Adulto Mayor (55+)
1382,2026-03-31,20:41:33,18 - 24 Años,Masculino,Quetzaltenango,Quetzaltenango,Empleado Privado,Todos Los Días,Tienda de barrio,Familia,Q25 - Q50,Fan Chips Jalapeño; Victory Pretzels; Gol Nachos Supreme,Caramelo,Familiar,Q10 - Q15,Sí,Sí,España,Probablemente sí,España,Lionel Messi; Kylian Mbappé,Un jugador famoso,Sorteo de camisetas,No,Edición Con Jugadores Famosos,Moderada,Casual,Jóvenes (<25)
1383,2026-05-09,19:29:25,45 - 54 Años,Femenino,Baja Verapaz,Otro municipio,Estudiante,Varias Veces Al Mes,Aplicación de delivery,Familia,Q51 - Q100,Mundialitos Queso Picante,Picante Chapín,Familiar,Q16 - Q20,Sí,No,Portugal,Definitivamente no,México,Neymar Jr.,Un jugador famoso,Descuento directo,Sí,Edición Mundial Fifa 2026,Premium Alta,Espectador Pasivo,Adulto Maduro (35-54)
1384,2026-04-23,10:27:40,25 - 34 Años,Femenino,Sacatepéquez,Ciudad Vieja,Empleado Privado,3 A 5 Veces Por Semana,Gasolinera,Familia,Q25 - Q50,CrunchMax BBQ; Caramel Goal Popcorn; Gol Nachos Supreme,Queso,Individual,Más De Q30,Sí,Sí,México,Tal vez,Canadá,Alphonso Davies,Un jugador famoso,2x1,Sí,Edición Inglaterra,Moderada,Casual,Adulto Joven (25-34)
1385,2026-03-15,13:16:21,35 - 44 Años,Masculino,Jutiapa,Jutiapa,Empleado Privado,Todos Los Días,Tienda de barrio,Familia,Q101 - Q150,CrunchMax BBQ,Jalapeño,Familiar,Q10 - Q15,Sí,No,México,Tal vez,Portugal,Lionel Messi; Cristiano Ronaldo,Humor,Producto gratis,Sí,Edición Inglaterra,Moderada,Espectador Pasivo,Adulto Maduro (35-54)
1386,2026-05-09,07:14:16,35 - 44 Años,Femenino,Sololá,Sololá,Profesional Independiente,Rara Vez,Supermercado,Familia,Q51 - Q100,Gol Nachos Supreme; Fan Chips Jalapeño,Barbacoa,Para Compartir Entre 2 Personas,Q16 - Q20,No,Sí,Argentina,Definitivamente sí,Argentina,Lionel Messi; Lamine Yamal,Una selección nacional,Descuento directo,Sí,Edición Inglaterra,Moderada,Casual,Adulto Maduro (35-54)
1387,2026-04-21,18:19:44,18 - 24 Años,Femenino,Guatemala,Guatemala,Otro,Rara Vez,Kiosco escolar/universitario,Familia,Q51 - Q100,Fan Chips Jalapeño,Jalapeño,Individual,Q10 - Q15,No,Sí, ESPAÑA ,Definitivamente no,Francia,Lionel Messi,Una selección nacional,Descuento directo,Sí,Edición Francia,Moderada,Casual,Jóvenes (<25)
1388,2026-05-06,11:06:00,Menos De 18 Años,Femenino,Suchitepéquez,Otro municipio,Empresario,Todos Los Días,Supermercado,Amigos,Q51 - Q100,CrunchMax BBQ,Chocolate,Familiar,Q10 - Q15,Sí,Sí,Alemania,Tal vez,Brasil,Ninguno; Lionel Messi,Una selección nacional,Producto gratis,Sí,Edición Mundial Fifa 2026,Premium Alta,Casual,Jóvenes (<25)
1389,2026-01-14,09:36:03,45 - 54 Años,Masculino,Guatemala,Mixco,Empleado Privado,3 A 5 Veces Por Semana,Aplicación de delivery,Familia,Q51 - Q100,ChocoKick Bites; Caramel Goal Popcorn,Chocolate,Familiar,Q21 - Q30,No,Sí,España,Probablemente sí,Brasil,Cristiano Ronaldo,Un jugador famoso,Descuento directo,Sí,Edición Argentina,Moderada,Fanático Target (Alto),Adulto Maduro (35-54)
1390,2026-02-08,17:38:55,35 - 44 Años,Femenino,Guatemala,Villa Nueva,Estudiante,1 A 2 Veces Por Semana,Supermercado,Solo,Q25 - Q50,Mundialitos Queso Picante; Caramel Goal Popcorn; Gol Nachos Supreme,Limón,Individual,Q21 - Q30,Sí,Sí,Argentina,Tal vez,Colombia,Cristiano Ronaldo; Neymar Jr.,Un jugador famoso,Producto gratis,Sí,Edición Con Jugadores Famosos,Moderada,Casual,Adulto Maduro (35-54)
1391,2026-03-23,22:34:51,45 - 54 Años,Femenino,Sololá,Cabecera municipal,Empleado Privado,Todos Los Días,Tienda de barrio,Amigos,Q51 - Q100,ChocoKick Bites; Mundialitos Queso Picante,Queso,Familiar,Q16 - Q20,Sí,Sí,Uzbekistán,Tal vez,México,Lionel Messi; Cristiano Ronaldo,Una selección nacional,Producto gratis,Sí,Edición Con Jugadores Famosos,Premium Alta,Casual,Adulto Maduro (35-54)
1392,2026-01-24,16:13:26,25 - 34 Años,Femenino,Guatemala,Mixco,Empleado Público,3 A 5 Veces Por Semana,Supermercado,Familia,Q25 - Q50,Energy Crunch Protein; FutbolMix,Dulce,Familiar,Q10 - Q15,No,Sí,Inglaterra,Tal vez,Brasil,Kylian Mbappé; Cristiano Ronaldo,Un jugador famoso,2x1,Sí,Edición Mundial Fifa 2026,Moderada,Casual,Adulto Joven (25-34)
1393,2026-01-13,15:44:30,Menos De 18 Años,Prefiero No Indicarlo,Guatemala, SANTA CATARINA PINULA ,Profesional Independiente,1 A 2 Veces Por Semana,Otro,Familia,Q101 - Q150,ChocoKick Bites,Limón,Familiar,Q10 - Q15,Sí,Sí,Brasil,Tal vez,Inglaterra,Vinícius Júnior; Julián Álvarez,Un jugador famoso,Sorteo de viajes,Sí,Edición Argentina,Moderada,Casual,Jóvenes (<25)
1394,2026-05-05,20:21:46,Menos De 18 Años,Masculino,Chimaltenango,Patzún,Otro,3 A 5 Veces Por Semana,Kiosco escolar/universitario,Amigos,Q51 - Q100,Mundialitos Queso Picante; Gol Nachos Supreme; FutbolMix,Dulce,Familiar,Menos De Q10,No,Sí,Portugal,Definitivamente sí,México,Cristiano Ronaldo; Julián Álvarez,Un jugador famoso,Producto gratis,Sí,Edición Con Tarjetas Coleccionables,Moderada,Casual,Jóvenes (<25)
1395,2026-03-25,09:27:22,18 - 24 Años,Femenino,Retalhuleu,Otro municipio,Empleado Privado,1 A 2 Veces Por Semana,Tienda de barrio,Amigos,Q25 - Q50,Caramel Goal Popcorn,Picante Chapín,Individual,Q16 - Q20,Sí,Sí,España,Tal vez,México,Julián Álvarez; Lamine Yamal,Premios y sorteos,2x1,No,Edición Con Jugadores Famosos,Moderada,Espectador Pasivo,Jóvenes (<25)
1396,2026-03-20,09:09:57,45 - 54 Años,Femenino,Guatemala,Santa Catarina Pinula,Empleado Público,3 A 5 Veces Por Semana,Aplicación de delivery,Familia,Más De Q150,Hot Stadium Peanuts; Fan Chips Jalapeño; Gol Nachos Supreme,Salado Tradicional,Familiar,Q21 - Q30,No,Sí,Francia,Tal vez,Brasil,Kylian Mbappé,Premios y sorteos,Sorteo de viajes,Sí,Edición España,Sensible Al Precio,Casual,Adulto Maduro (35-54)
1397,2026-03-11,19:46:13,25 - 34 Años,Masculino,Suchitepéquez,Cabecera municipal,Profesional Independiente,Todos Los Días,Aplicación de delivery,Solo,Q101 - Q150,Victory Pretzels; CrunchMax BBQ,Picante Chapín,Individual,Q10 - Q15,Sí,Sí,España,Definitivamente sí,México,Cristiano Ronaldo; Kylian Mbappé,Historias de aficionados,Descuento directo,Sí,Edición Brasil,Moderada,Casual,Adulto Joven (25-34)
1398,2026-03-25,20:01:45,18 - 24 Años,Masculino,Guatemala,Guatemala,Estudiante,3 A 5 Veces Por Semana,Tienda de barrio,Compañeros de trabajo,Q25 - Q50,Hot Stadium Peanuts,Queso,Individual,Q16 - Q20,No,Sí,Argentina,Definitivamente sí,Portugal,Lionel Messi,Un jugador famoso,2x1,Sí,Edición Brasil,Moderada,Casual,Jóvenes (<25)
1399,2026-02-23,07:12:33,18 - 24 Años,Femenino,Guatemala,San Miguel Petapa,Empleado Privado,3 A 5 Veces Por Semana,Supermercado,Amigos,Q25 - Q50,Caramel Goal Popcorn; ChocoKick Bites,Barbacoa,Tamaño Fiesta O Reunión,Q21 - Q30,Sí,Sí,España,Probablemente sí,Francia,Vinícius Júnior; Cristiano Ronaldo; Neymar Jr.,Una selección nacional,Tarjetas coleccionables,No,Edición Con Tarjetas Coleccionables,Moderada,Casual,Jóvenes (<25)
1400,2026-04-18,08:05:58,Menos De 18 Años,Femenino,Quetzaltenango,Coatepeque,Comerciante,3 A 5 Veces Por Semana,Supermercado,Familia,Q51 - Q100,CrunchMax BBQ,Barbacoa,Familiar,Q10 - Q15,Sí,Sí,Argentina,Tal vez,Uruguay,Cristiano Ronaldo,Una selección nacional,2x1,No,Edición Con Jugadores Famosos,Premium Alta,Espectador Pasivo,Jóvenes (<25)
1401,2026-01-14,17:34:00,25 - 34 Años,Masculino,Guatemala,San Miguel Petapa,Comerciante,Rara Vez,Supermercado,Amigos,Q51 - Q100,Gol Nachos Supreme; Energy Crunch Protein,Picante Chapín,Familiar,Q10 - Q15,No,Sí,Estados Unidos,Probablemente sí,Estados Unidos,Alphonso Davies; Cristiano Ronaldo,Premios y sorteos,Sorteo de balones,Sí,Edición Argentina,Moderada,Fanático Target (Alto),Adulto Joven (25-34)
1402,2026-01-10,13:54:21,35 - 44 Años,Femenino,Guatemala,Guatemala,Ama De Casa,Todos Los Días,Aplicación de delivery,Amigos,Q51 - Q100,Hot Stadium Peanuts; FutbolMix; Fan Chips Jalapeño,Jalapeño,Individual,Q10 - Q15,Sí,Sí,Curaçao,Definitivamente sí,Brasil,Jude Bellingham; Ninguno; Cristiano Ronaldo,Premios y sorteos,Sorteo de camisetas,No,Edición Francia,Premium Alta,Espectador Pasivo,Adulto Maduro (35-54)
1403,2026-05-06,14:33:00,18 - 24 Años,Masculino,Guatemala,Villa Nueva,Ama De Casa,Rara Vez,Tienda de barrio,Solo,Menos De Q25,FutbolMix,Picante Chapín,Familiar,Q16 - Q20,No,Sí,Argentina,Probablemente sí,Estados Unidos,Alphonso Davies; Lionel Messi,Un jugador famoso,Sorteo de viajes,Sí,Edición Francia,Sensible Al Precio,Fanático Target (Alto),Jóvenes (<25)
1404,2026-01-20,16:12:43,35 - 44 Años,Femenino,Chimaltenango,Tecpán Guatemala,Empleado Privado,3 A 5 Veces Por Semana,Tienda de barrio,Amigos,Menos De Q25,CrunchMax BBQ,Queso,Familiar,Q10 - Q15,Sí,Sí,Portugal,Probablemente sí,Argentina,Lionel Messi,Un jugador famoso,Descuento directo,No,Edición Con Tarjetas Coleccionables,Moderada,Casual,Adulto Maduro (35-54)
1405,2026-05-09,15:28:28,Menos De 18 Años,Femenino,San Marcos,Otro municipio,Empleado Privado,3 A 5 Veces Por Semana,Aplicación de delivery,Familia,Q51 - Q100,ChocoKick Bites; Mundialitos Queso Picante,Salado Tradicional,Para Compartir Entre 2 Personas,Q21 - Q30,No,Sí,Francia,Probablemente sí,Portugal,Kylian Mbappé; Rodri,Premios y sorteos,Producto gratis,Sí,Edición Argentina,Moderada,Fanático Target (Alto),Jóvenes (<25)
1406,2026-02-01,16:09:29,35 - 44 Años,Masculino,Guatemala,Mixco,Estudiante,3 A 5 Veces Por Semana,Tienda de barrio,Amigos,Q25 - Q50,CrunchMax BBQ,Limón,Familiar,Q16 - Q20,Sí,Sí,Inglaterra,Probablemente no,España,Cristiano Ronaldo; Lionel Messi,Una selección nacional,2x1,No,Edición Mundial Fifa 2026,Moderada,Espectador Pasivo,Adulto Maduro (35-54)
1407,2026-04-19,20:47:35,35 - 44 Años,Femenino,Guatemala,Santa Catarina Pinula,Comerciante,1 A 2 Veces Por Semana,Otro,Familia,Q25 - Q50,Gol Nachos Supreme; Victory Pretzels,Dulce,Individual,Q10 - Q15,No,Sí,Francia,Tal vez,Brasil,Cristiano Ronaldo; Neymar Jr.; Vinícius Júnior,Historias de aficionados,2x1,No,Edición Con Tarjetas Coleccionables,Moderada,Espectador Pasivo,Adulto Maduro (35-54)
1408,2026-01-20,07:00:43,35 - 44 Años,Femenino,Guatemala,San Miguel Petapa,Empleado Privado,1 A 2 Veces Por Semana,,Amigos,Q25 - Q50,Victory Pretzels; Energy Crunch Protein; Gol Nachos Supreme,Jalapeño,Para Compartir Entre 2 Personas,Más De Q30,Sí,Sí,Argentina,Probablemente sí,Argentina,Cristiano Ronaldo; Lionel Messi; Neymar Jr.,Un jugador famoso,Sorteo de viajes,Sí,Edición Con Tarjetas Coleccionables,Moderada,Fanático Target (Alto),Adulto Maduro (35-54)
1409,2026-02-10,19:43:00,25 - 34 Años,Femenino,Escuintla,Palín,Empleado Privado,Varias Veces Al Mes,Tienda de barrio,Amigos,Q51 - Q100,Energy Crunch Protein,Barbacoa,Familiar,Q10 - Q15,No,Sí,Marruecos,Probablemente no,Francia,Lamine Yamal,Una selección nacional,Producto gratis,Sí,Edición Mundial Fifa 2026,Moderada,Casual,Adulto Joven (25-34)
1410,2026-03-06,17:59:31,18 - 24 Años,Masculino,Sacatepéquez,Jocotenango,Estudiante,Todos Los Días,Supermercado,Solo,Q51 - Q100,Gol Nachos Supreme; Energy Crunch Protein,Caramelo,Tamaño Fiesta O Reunión,Q16 - Q20,No,Sí,Suecia,Probablemente sí,España,Cristiano Ronaldo; Neymar Jr.,Un jugador famoso,2x1,Sí,Edición Argentina,Moderada,Fanático Target (Alto),Jóvenes (<25)
1411,2026-01-19,11:29:24,18 - 24 Años,Prefiero No Indicarlo,Huehuetenango,Huehuetenango,Empleado Privado,Rara Vez,Tienda de barrio,Amigos,Q25 - Q50,Mundialitos Queso Picante; Gol Nachos Supreme,Jalapeño,Familiar,Q16 - Q20,Sí,Sí,Austria,Definitivamente sí,Francia,Harry Kane,Una selección nacional,Sorteo de camisetas,No,Edición Brasil,Moderada,Espectador Pasivo,Jóvenes (<25)
1412,2026-01-21,10:38:27,25 - 34 Años,Femenino,Guatemala,Santa Catarina Pinula,Ama De Casa,Todos Los Días,Supermercado,Amigos,Q101 - Q150,Mundialitos Queso Picante,Barbacoa,Para Compartir Entre 2 Personas,Q16 - Q20,Sí,Sí,Inglaterra,Probablemente sí,México,Jude Bellingham; Federico Valverde,Premios y sorteos,Tarjetas coleccionables,Sí,Edición Inglaterra,Moderada,Fanático Target (Alto),Adulto Joven (25-34)
1413,2026-04-07,22:55:19,18 - 24 Años,Masculino,Chimaltenango,,Comerciante,3 A 5 Veces Por Semana,Kiosco escolar/universitario,Familia,Menos De Q25,Mundialitos Queso Picante,Picante Chapín,Para Compartir Entre 2 Personas,Q21 - Q30,Sí,Sí,España,Probablemente sí,Brasil,Federico Valverde; Jude Bellingham,Premios y sorteos,Sorteo de viajes,No,Edición Brasil,Moderada,Casual,Jóvenes (<25)
1414,2026-03-19,12:34:45,35 - 44 Años,Masculino,Guatemala,Santa Catarina Pinula,Empleado Privado,Varias Veces Al Mes,Gasolinera,Compañeros de trabajo,Q51 - Q100,Fan Chips Jalapeño; FutbolMix,Queso,Individual,Q10 - Q15,Sí,Sí,México,Tal vez,Colombia,Alphonso Davies; Kylian Mbappé,Historias de aficionados,Sorteo de balones,No,Edición Inglaterra,Premium Alta,Espectador Pasivo,Adulto Maduro (35-54)
1415,2026-03-05,12:09:15,55 Años O Más,Masculino,Guatemala,Guatemala,Estudiante,3 A 5 Veces Por Semana,Supermercado,Familia,Menos De Q25,CrunchMax BBQ; Mundialitos Queso Picante; Caramel Goal Popcorn,,Individual,Q16 - Q20,No,Sí,Argentina,Definitivamente sí,Brasil,Alphonso Davies; Neymar Jr.; Kylian Mbappé,Un jugador famoso,Sorteo de camisetas,Sí,Edición Mundial Fifa 2026,Sensible Al Precio,Casual,Adulto Mayor (55+)
1417,2026-03-30,09:06:09,25 - 34 Años,Femenino,Guatemala,Santa Catarina Pinula,Profesional Independiente,1 A 2 Veces Por Semana,Supermercado,Amigos,Q51 - Q100,FutbolMix; Mundialitos Queso Picante,Dulce,Familiar,Q16 - Q20,No,Sí,Argentina,Probablemente sí,Alemania,Kylian Mbappé,Un jugador famoso,Descuento directo,Sí,Edición Brasil,Moderada,Fanático Target (Alto),Adulto Joven (25-34)
1418,2026-04-09,12:02:49,25 - 34 Años,Femenino,Guatemala,Mixco,Empleado Privado,Todos Los Días,Supermercado,Familia,Q51 - Q100,Caramel Goal Popcorn; ChocoKick Bites; Victory Pretzels,Jalapeño,Para Compartir Entre 2 Personas,Q16 - Q20,Sí,Sí,Portugal,Definitivamente sí,Inglaterra,Cristiano Ronaldo,Humor,2x1,No,Edición Argentina,Premium Alta,Espectador Pasivo,Adulto Joven (25-34)
1419,2026-02-08,14:19:01,35 - 44 Años,Femenino,Huehuetenango,Otro municipio,Comerciante,1 A 2 Veces Por Semana,Supermercado,Otro,Q101 - Q150,FutbolMix; Mundialitos Queso Picante; Gol Nachos Supreme,Barbacoa,Para Compartir Entre 2 Personas,Q16 - Q20,No,Sí,México,Tal vez,Estados Unidos,Cristiano Ronaldo,Un jugador famoso,Descuento directo,Sí,Edición Con Jugadores Famosos,Sensible Al Precio,Casual,Adulto Maduro (35-54)
1420,2026-01-13,14:07:32,35 - 44 Años,Masculino,Jutiapa,Jutiapa,Empleado Público,Varias Veces Al Mes,Gasolinera,Amigos,Más De Q150,Mundialitos Queso Picante; Gol Nachos Supreme,Picante Chapín,Tamaño Fiesta O Reunión,Más De Q30,No,Sí,Argentina,Definitivamente sí,México,Cristiano Ronaldo,Una selección nacional,Sorteo de viajes,No,Edición Brasil,Sensible Al Precio,Espectador Pasivo,Adulto Maduro (35-54)
1421,2026-03-15,15:51:07,55 Años O Más,Femenino,Guatemala, SAN MIGUEL PETAPA ,Empleado Privado,1 A 2 Veces Por Semana,Tienda de barrio,Amigos,Q51 - Q100,Gol Nachos Supreme; CrunchMax BBQ; Mundialitos Queso Picante,Salado Tradicional,Para Compartir Entre 2 Personas,Q10 - Q15,No,Sí,Alemania,Tal vez,México,Vinícius Júnior; Cristiano Ronaldo; Kylian Mbappé,Premios y sorteos,2x1,Sí,Edición Con Tarjetas Coleccionables,Moderada,Casual,Adulto Mayor (55+)
1422,2026-01-11,09:22:54,25 - 34 Años,Masculino,Zacapa,Otro municipio,Empleado Público,Varias Veces Al Mes,Kiosco escolar/universitario,Amigos,Q25 - Q50,FutbolMix; Hot Stadium Peanuts,Caramelo,Familiar,Q10 - Q15,No,Sí,Brasil,Definitivamente sí,Noruega,Lionel Messi; Lamine Yamal; Cristiano Ronaldo,Un jugador famoso,Descuento directo,No,Edición Mundial Fifa 2026,Moderada,Espectador Pasivo,Adulto Joven (25-34)
2478,2026-03-10,14:23:30,18 - 24 Años,Femenino,Guatemala,Villa Nueva,Comerciante,1 A 2 Veces Por Semana,Supermercado,Compañeros de trabajo,Q101 - Q150,FutbolMix,Salado Tradicional,Individual,Q10 - Q15,Sí,Sí,Brasil,Tal vez,España,Cristiano Ronaldo; Federico Valverde,Humor,Descuento directo,Sí,Edición Argentina,Moderada,Casual,Jóvenes (<25)
1424,2026-02-26,12:34:41,45 - 54 Años,Masculino,Guatemala,Santa Catarina Pinula,Estudiante,3 A 5 Veces Por Semana,Gasolinera,Familia,Q25 - Q50,Fan Chips Jalapeño; Caramel Goal Popcorn,Queso,Para Compartir Entre 2 Personas,Q21 - Q30,Sí,Sí,Argentina,Probablemente sí,Portugal,Vinícius Júnior,Una selección nacional,Producto gratis,No,Edición Brasil,Moderada,Casual,Adulto Maduro (35-54)
1425,2026-05-03,16:57:06,45 - 54 Años,Femenino,Guatemala,Villa Nueva,Estudiante,1 A 2 Veces Por Semana,Supermercado,Familia,Menos De Q25,Gol Nachos Supreme; Energy Crunch Protein,Queso,Familiar,Q10 - Q15,No,No,Brasil,Definitivamente sí,Argentina,Alphonso Davies; Neymar Jr.,Premios y sorteos,Descuento directo,Sí,Edición Mundial Fifa 2026,Sensible Al Precio,Espectador Pasivo,Adulto Maduro (35-54)
1426,2026-04-17,21:28:51,25 - 34 Años,Femenino,Quetzaltenango,Olintepeque,Empleado Privado,3 A 5 Veces Por Semana,Tienda de barrio,Solo,Q51 - Q100,Mundialitos Queso Picante; FutbolMix,Picante Chapín,Familiar,Q16 - Q20,Sí,Sí,Argentina,Probablemente no,Argentina,Kylian Mbappé; Lamine Yamal,Un jugador famoso,2x1,Sí,Edición Con Jugadores Famosos,Premium Alta,Casual,Adulto Joven (25-34)
1427,2026-01-29,08:30:53,18 - 24 Años,Femenino,Guatemala,Santa Catarina Pinula,Comerciante,1 A 2 Veces Por Semana,Gasolinera,Solo,Q25 - Q50,FutbolMix; Victory Pretzels; CrunchMax BBQ,Caramelo,Individual,Q16 - Q20,Sí,Sí,Colombia,Definitivamente sí,Brasil,Christian Pulisic; Julián Álvarez; Jude Bellingham,Una selección nacional,Descuento directo,No,Edición Argentina,Moderada,Espectador Pasivo,Jóvenes (<25)
1428,2026-02-24,18:07:07,25 - 34 Años,Masculino,Guatemala, VILLA NUEVA ,Empleado Privado,1 A 2 Veces Por Semana,Kiosco escolar/universitario,Familia,Q25 - Q50,Fan Chips Jalapeño; Hot Stadium Peanuts,Picante Chapín,Individual,Q21 - Q30,Sí,Sí,México,Definitivamente sí,Portugal,Neymar Jr.,Premios y sorteos,2x1,No,Edición Brasil,Moderada,Espectador Pasivo,Adulto Joven (25-34)
1429,2026-04-05,20:10:29,45 - 54 Años,Femenino,Guatemala,Villa Nueva,Estudiante,1 A 2 Veces Por Semana,Supermercado,Amigos,Menos De Q25,Fan Chips Jalapeño; Gol Nachos Supreme; Energy Crunch Protein,Queso,Para Compartir Entre 2 Personas,Q21 - Q30,Sí,Sí,Argentina,Definitivamente sí,México,Kylian Mbappé,Un jugador famoso,Producto gratis,Sí,Edición Con Tarjetas Coleccionables,Moderada,Casual,Adulto Maduro (35-54)
1430,2026-04-12,10:05:50,25 - 34 Años,Masculino,Guatemala,Guatemala,Estudiante,1 A 2 Veces Por Semana,Supermercado,Familia,Q25 - Q50,Hot Stadium Peanuts,Caramelo,Familiar,Q16 - Q20,Sí,Sí,Brasil,Tal vez,Argentina,Lamine Yamal; Lionel Messi,Un jugador famoso,Tarjetas coleccionables,No,Edición Mundial Fifa 2026,Moderada,Espectador Pasivo,Adulto Joven (25-34)
1431,2026-02-16,17:52:33,55 Años O Más,Masculino,Santa Rosa,Cabecera municipal,Profesional Independiente,3 A 5 Veces Por Semana,Supermercado,Familia,Q51 - Q100,Gol Nachos Supreme; FutbolMix,Dulce,Tamaño Fiesta O Reunión,Q16 - Q20,Sí,Sí,Argentina,Probablemente no,México,Vinícius Júnior,Una selección nacional,Descuento directo,No,Edición Brasil,Premium Alta,Espectador Pasivo,Adulto Mayor (55+)
1432,2026-04-07,22:10:22,18 - 24 Años,Masculino,Chiquimula,Chiquimula,Empleado Privado,3 A 5 Veces Por Semana,Tienda de barrio,Amigos,Q25 - Q50,Mundialitos Queso Picante; CrunchMax BBQ; Caramel Goal Popcorn,Caramelo,Familiar,Q16 - Q20,No,Sí,Inglaterra,Definitivamente sí,México,Lionel Messi; Cristiano Ronaldo; Neymar Jr.,Una selección nacional,2x1,No,Edición Con Jugadores Famosos,Moderada,Espectador Pasivo,Jóvenes (<25)
1433,2026-03-24,21:21:41,35 - 44 Años,Femenino,Sacatepéquez, CIUDAD VIEJA ,Comerciante,Todos Los Días,Supermercado,Amigos,Q101 - Q150,ChocoKick Bites; Hot Stadium Peanuts; Fan Chips Jalapeño,Queso,Para Compartir Entre 2 Personas,Q16 - Q20,Sí,Sí,Argentina,Definitivamente no,Inglaterra,Cristiano Ronaldo; Jude Bellingham; Lionel Messi,Historias de aficionados,Descuento directo,No,Edición Inglaterra,Moderada,Espectador Pasivo,Adulto Maduro (35-54)
1434,2026-02-13,09:22:45,25 - 34 Años,Masculino,Chimaltenango,,Empleado Privado,3 A 5 Veces Por Semana,Tienda de barrio,Amigos,Q51 - Q100,ChocoKick Bites,Limón,Individual,Q10 - Q15,Sí,Sí,Brasil,Tal vez,,Jude Bellingham; Vinícius Júnior,Una selección nacional,Tarjetas coleccionables,No,Edición Inglaterra,Premium Alta,Espectador Pasivo,Adulto Joven (25-34)
1435,2026-01-18,16:24:23,35 - 44 Años,Prefiero No Indicarlo,Guatemala,San Miguel Petapa,Otro,Varias Veces Al Mes,Supermercado,Familia,Q25 - Q50,ChocoKick Bites,Queso,Familiar,Más De Q30,Sí,Sí,Czechia,Definitivamente sí,Alemania,Kylian Mbappé; Cristiano Ronaldo,Una selección nacional,2x1,No,Edición Argentina,Moderada,Espectador Pasivo,Adulto Maduro (35-54)
1436,2026-02-07,10:27:36,45 - 54 Años,Femenino,Guatemala,Mixco,Ama De Casa,3 A 5 Veces Por Semana,Gasolinera,Amigos,Más De Q150,Caramel Goal Popcorn; CrunchMax BBQ,Queso,Individual,Menos De Q10,Sí,Sí, ARGENTINA ,Definitivamente sí,Portugal,Kylian Mbappé; Harry Kane,Historias de aficionados,Sorteo de balones,Sí,Edición Con Jugadores Famosos,Moderada,Casual,Adulto Maduro (35-54)
1437,2026-03-03,08:32:46,35 - 44 Años,Masculino,Guatemala,Santa Catarina Pinula,Comerciante,Varias Veces Al Mes,Tienda de barrio,Familia,Q51 - Q100,FutbolMix; Victory Pretzels; Hot Stadium Peanuts,Jalapeño,Familiar,Q16 - Q20,No,Sí,Brasil,Probablemente sí,Argentina,Cristiano Ronaldo,Una selección nacional,2x1,Sí,Edición Con Jugadores Famosos,Moderada,Fanático Target (Alto),Adulto Maduro (35-54)
1438,2026-03-26,16:51:01,Menos De 18 Años,Masculino,Guatemala,Villa Nueva,Profesional Independiente,1 A 2 Veces Por Semana,Gasolinera,Familia,Menos De Q25,Fan Chips Jalapeño; CrunchMax BBQ,Barbacoa,Familiar,Q21 - Q30,No,Sí,México,Tal vez,Francia,Rodri,Un jugador famoso,2x1,No,Edición Argentina,Sensible Al Precio,Espectador Pasivo,Jóvenes (<25)
1439,2026-04-16,10:17:30,25 - 34 Años,Masculino,Quetzaltenango,Coatepeque,Empleado Público,Varias Veces Al Mes,Kiosco escolar/universitario,Familia,Más De Q150,Mundialitos Queso Picante,Picante Chapín,Individual,Q21 - Q30,Sí,Sí,México,Probablemente sí,Croacia,Lionel Messi,Un jugador famoso,2x1,Sí,Edición Argentina,Moderada,Fanático Target (Alto),Adulto Joven (25-34)
1440,2026-05-04,11:29:23,45 - 54 Años,Femenino,Chimaltenango,Patzún,Empleado Privado,3 A 5 Veces Por Semana,Tienda de barrio,Amigos,Q25 - Q50,CrunchMax BBQ; Caramel Goal Popcorn,Queso,Para Compartir Entre 2 Personas,Q16 - Q20,Sí,Sí,Uruguay,Probablemente no,Francia,Lamine Yamal; Cristiano Ronaldo; Harry Kane,Humor,Sorteo de viajes,Sí,Edición Argentina,Moderada,Casual,Adulto Maduro (35-54)
1441,2026-05-01,12:14:03,25 - 34 Años,Femenino,Jutiapa,Jutiapa,Empleado Privado,3 A 5 Veces Por Semana,Tienda de barrio,Familia,Q25 - Q50,Fan Chips Jalapeño; Energy Crunch Protein,Limón,Tamaño Fiesta O Reunión,Q16 - Q20,No,Sí,Argentina,Definitivamente no,Alemania,Jude Bellingham; Lamine Yamal,Una selección nacional,Tarjetas coleccionables,Sí,Edición Mundial Fifa 2026,Moderada,Casual,Adulto Joven (25-34)
1442,2026-04-14,18:48:47,35 - 44 Años,Masculino,Totonicapán,Totonicapán,Otro,Todos Los Días,Gasolinera,Compañeros de trabajo,Q25 - Q50,Energy Crunch Protein; Hot Stadium Peanuts; Caramel Goal Popcorn,Salado Tradicional,Tamaño Fiesta O Reunión,Q16 - Q20,No,Sí,Portugal,Probablemente no,Inglaterra,Cristiano Ronaldo; Lionel Messi; Vinícius Júnior,Humor,2x1,Sí,Edición España,Moderada,Casual,Adulto Maduro (35-54)
1443,2026-04-02,19:24:52,55 Años O Más,Masculino,Guatemala,Mixco,Empleado Público,Varias Veces Al Mes,Otro,Familia,Q101 - Q150,ChocoKick Bites; Caramel Goal Popcorn; FutbolMix,Queso,Para Compartir Entre 2 Personas,Q16 - Q20,No,Sí,Portugal,Probablemente sí,Portugal,Lamine Yamal; Neymar Jr.; Lionel Messi,Premios y sorteos,Producto gratis,No,Edición Brasil,Sensible Al Precio,Casual,Adulto Mayor (55+)
1444,2026-03-20,16:26:05,25 - 34 Años,Femenino,Guatemala,Villa Nueva,Comerciante,1 A 2 Veces Por Semana,Otro,Solo,Q25 - Q50,FutbolMix; ChocoKick Bites,Salado Tradicional,Para Compartir Entre 2 Personas,Q10 - Q15,Sí,Sí,Brasil,Tal vez, ALEMANIA ,Lionel Messi,Un jugador famoso,Sorteo de balones,Sí,Edición Argentina,Moderada,Casual,Adulto Joven (25-34)
1445,2026-02-23,19:28:23,35 - 44 Años,Masculino,Guatemala,Guatemala,Empleado Privado,1 A 2 Veces Por Semana,Kiosco escolar/universitario,Amigos,Q25 - Q50,CrunchMax BBQ,Picante Chapín,Individual,Q16 - Q20,No,No,España,Tal vez,México,Christian Pulisic; Lionel Messi; Neymar Jr.,Premios y sorteos,Descuento directo,No,Edición Mundial Fifa 2026,Moderada,Espectador Pasivo,Adulto Maduro (35-54)
1446,2026-01-30,09:06:45,55 Años O Más,Masculino,Guatemala,Mixco,Estudiante,1 A 2 Veces Por Semana,Gasolinera,Amigos,Q25 - Q50,FutbolMix; Caramel Goal Popcorn,Barbacoa,Tamaño Fiesta O Reunión,Q10 - Q15,Sí,No,España,Probablemente no,Francia,Cristiano Ronaldo,Premios y sorteos,Tarjetas coleccionables,No,Edición España,Moderada,Espectador Pasivo,Adulto Mayor (55+)
1447,2026-04-22,08:16:32,55 Años O Más,Femenino,El Progreso,El Progreso,Empleado Privado,1 A 2 Veces Por Semana,Tienda de barrio,Familia,Q25 - Q50,Victory Pretzels,Dulce,Familiar,Q16 - Q20,Sí,Sí,Estados Unidos,Probablemente sí,Argentina,Jude Bellingham; Kylian Mbappé; Neymar Jr.,Una selección nacional,2x1,No,Edición Brasil,Moderada,Casual,Adulto Mayor (55+)
1448,2026-04-28,14:11:03,18 - 24 Años,Femenino,Baja Verapaz, BAJA VERAPAZ ,,1 A 2 Veces Por Semana,Tienda de barrio,Familia,Q101 - Q150,Fan Chips Jalapeño; CrunchMax BBQ; Hot Stadium Peanuts,Limón,Familiar,Más De Q30,Sí,Sí,México,Definitivamente sí,México,Cristiano Ronaldo,Una selección nacional,Sorteo de camisetas,Sí,Edición Brasil,Moderada,Casual,Jóvenes (<25)
1449,2026-05-02,15:55:21,45 - 54 Años,Femenino,Escuintla,Santa Lucía Cotzumalguapa,Estudiante,3 A 5 Veces Por Semana,Tienda de barrio,Familia,Q51 - Q100,Gol Nachos Supreme,Jalapeño,Para Compartir Entre 2 Personas,Q21 - Q30,Sí,No,Argentina,Probablemente sí,Argentina,Neymar Jr.; Lionel Messi,Premios y sorteos,Sorteo de viajes,Sí,Edición Mundial Fifa 2026,Premium Alta,Espectador Pasivo,Adulto Maduro (35-54)
1450,2026-02-13,12:57:42,18 - 24 Años,Masculino,Quetzaltenango,Olintepeque,Empleado Privado,Varias Veces Al Mes,Aplicación de delivery,Amigos,Q25 - Q50,Hot Stadium Peanuts; Gol Nachos Supreme,Limón,Para Compartir Entre 2 Personas,Q16 - Q20,No,Sí,Francia,Definitivamente sí,Portugal,Cristiano Ronaldo; Julián Álvarez,Una selección nacional,Tarjetas coleccionables,Sí,Edición España,Moderada,Casual,Jóvenes (<25)
1451,2026-03-07,13:04:31,18 - 24 Años,Masculino,Guatemala,Villa Nueva,Empleado Público,Todos Los Días,Supermercado,Amigos,Más De Q150,Caramel Goal Popcorn,Dulce,Familiar,Q16 - Q20,Sí,Sí,Francia,Definitivamente sí,Brasil,Cristiano Ronaldo,Premios y sorteos,Tarjetas coleccionables,Sí,Edición Con Tarjetas Coleccionables,Moderada,Casual,Jóvenes (<25)
1452,2026-01-24,14:55:43,25 - 34 Años,Masculino,Guatemala,Mixco,Empleado Privado,1 A 2 Veces Por Semana,Aplicación de delivery,Familia,Más De Q150,Fan Chips Jalapeño; FutbolMix,Jalapeño,Para Compartir Entre 2 Personas,Más De Q30,Sí,Sí,México,Probablemente sí,,Lionel Messi; Jude Bellingham,Una selección nacional,Producto gratis,Sí,Edición Brasil,Moderada,Fanático Target (Alto),Adulto Joven (25-34)
1453,2026-04-06,17:40:12,25 - 34 Años,Masculino,Petén,Flores,Empresario,1 A 2 Veces Por Semana,Tienda de barrio,Familia,Q25 - Q50,ChocoKick Bites; Mundialitos Queso Picante; Energy Crunch Protein,Queso,Individual,Q10 - Q15,Sí,Sí,Argentina,Probablemente no,Japón,Lionel Messi; Cristiano Ronaldo; Julián Álvarez,Un jugador famoso,Sorteo de camisetas,No,Edición Argentina,Moderada,Espectador Pasivo,Adulto Joven (25-34)
1454,2026-02-15,20:54:51,45 - 54 Años,Masculino,Sacatepéquez,Sumpango,Comerciante,Todos Los Días,Kiosco escolar/universitario,Amigos,Q51 - Q100,Victory Pretzels; CrunchMax BBQ; Caramel Goal Popcorn,Queso,Para Compartir Entre 2 Personas,Q10 - Q15,Sí,Sí,Alemania,Probablemente sí,Portugal,Cristiano Ronaldo; Vinícius Júnior; Lionel Messi,Una selección nacional,2x1,Sí,Edición Inglaterra,Premium Alta,Fanático Target (Alto),Adulto Maduro (35-54)
1455,2026-02-25,10:57:06,45 - 54 Años,Femenino,Guatemala,Santa Catarina Pinula,,Varias Veces Al Mes,Tienda de barrio,Otro,Q101 - Q150,Caramel Goal Popcorn; CrunchMax BBQ,Chocolate,Familiar,Q16 - Q20,Sí,Sí,Francia,Tal vez,Uruguay,Vinícius Júnior; Lionel Messi,Premios y sorteos,Sorteo de camisetas,Sí,Edición Brasil,Moderada,Casual,Adulto Maduro (35-54)
1456,2026-04-03,07:30:24,18 - 24 Años,Masculino,Retalhuleu,Otro municipio,Empleado Privado,1 A 2 Veces Por Semana,Tienda de barrio,Compañeros de trabajo,Menos De Q25,CrunchMax BBQ; FutbolMix; Mundialitos Queso Picante,Barbacoa,Familiar,Q10 - Q15,No,Sí,Brasil,Definitivamente sí,Alemania,Kylian Mbappé; Lionel Messi; Harry Kane,Historias de aficionados,Descuento directo,No,Edición Brasil,Sensible Al Precio,Espectador Pasivo,Jóvenes (<25)
1457,2026-03-24,08:59:44,45 - 54 Años,Femenino,Guatemala,Guatemala,Empleado Privado,Rara Vez,Supermercado,Solo,Q25 - Q50,Gol Nachos Supreme; Mundialitos Queso Picante; ChocoKick Bites,Salado Tradicional,Para Compartir Entre 2 Personas,Q16 - Q20,Sí,No,Francia,Tal vez,Brasil,Neymar Jr.; Federico Valverde,Un jugador famoso,Producto gratis,Sí,Edición España,Moderada,Espectador Pasivo,Adulto Maduro (35-54)
1458,2026-01-30,09:36:15,35 - 44 Años,Femenino,Sacatepéquez,Sumpango,Empleado Privado,Varias Veces Al Mes,Kiosco escolar/universitario,Compañeros de trabajo,Q51 - Q100,Mundialitos Queso Picante,Salado Tradicional,Para Compartir Entre 2 Personas,Menos De Q10,No,Sí,Francia,Tal vez,Alemania,Kylian Mbappé; Neymar Jr.; Federico Valverde,Un jugador famoso,Descuento directo,Sí,Edición Inglaterra,Moderada,Casual,Adulto Maduro (35-54)
927,2026-03-24,18:14:27,55 Años O Más,Masculino,Zacapa,Otro municipio,Otro,Todos Los Días,Supermercado,Amigos,Q25 - Q50,ChocoKick Bites; Mundialitos Queso Picante; Gol Nachos Supreme,Queso,Familiar,Más De Q30,No,No,España,Probablemente sí,Austria,Lionel Messi; Cristiano Ronaldo,Un jugador famoso,Tarjetas coleccionables,Sí,Edición Mundial Fifa 2026,Moderada,Espectador Pasivo,Adulto Mayor (55+)
1460,2026-05-04,14:21:28,25 - 34 Años,Femenino,San Marcos, OTRO MUNICIPIO ,Empleado Público,1 A 2 Veces Por Semana,Otro,Amigos,Q51 - Q100,Caramel Goal Popcorn; Mundialitos Queso Picante,Barbacoa,Tamaño Fiesta O Reunión,Q16 - Q20,No,Sí,Colombia,Probablemente no, BRASIL ,Neymar Jr.; Ninguno; Vinícius Júnior,Historias de aficionados,Sorteo de camisetas,Sí,Edición Argentina,Moderada,Casual,Adulto Joven (25-34)
1461,2026-04-11,08:25:28,25 - 34 Años,Masculino,Totonicapán,Cabecera municipal,Jubilado,Todos Los Días,Tienda de barrio,Amigos,Q51 - Q100,Caramel Goal Popcorn,Salado Tradicional,Familiar,Q16 - Q20,Sí,No,Argentina,Probablemente no,Francia,Neymar Jr.; Alphonso Davies,Premios y sorteos,Tarjetas coleccionables,No,Edición Argentina,Premium Alta,Espectador Pasivo,Adulto Joven (25-34)
1462,2026-01-22,17:45:56,25 - 34 Años,Masculino,Quetzaltenango,Quetzaltenango,Empresario,Todos Los Días,Supermercado,Familia,Menos De Q25,FutbolMix,Picante Chapín,Individual,Q16 - Q20,Sí,Sí,Argentina,Definitivamente sí,Brasil,Lionel Messi; Cristiano Ronaldo; Jude Bellingham,Un jugador famoso,Sorteo de camisetas,Sí,Edición Argentina,Moderada,Casual,Adulto Joven (25-34)
1463,2026-04-08,08:57:51,35 - 44 Años,Femenino,Guatemala,San Miguel Petapa,Comerciante,Rara Vez,Tienda de barrio,Amigos,Q51 - Q100,Hot Stadium Peanuts; Mundialitos Queso Picante,Barbacoa,Para Compartir Entre 2 Personas,Q16 - Q20,No,Sí,Francia,Definitivamente sí,Austria,Julián Álvarez; Neymar Jr.; Vinícius Júnior,Historias de aficionados,2x1,Sí,Edición Con Jugadores Famosos,Moderada,Casual,Adulto Maduro (35-54)
1464,2026-04-06,17:22:34,18 - 24 Años,Masculino,Izabal,Cabecera municipal,Empresario,1 A 2 Veces Por Semana,Supermercado,Familia,Menos De Q25,Gol Nachos Supreme; FutbolMix; CrunchMax BBQ,Barbacoa,Tamaño Fiesta O Reunión,Más De Q30,Sí,Sí,Francia,Probablemente sí,Türkiye,Lionel Messi,Premios y sorteos,2x1,Sí,Edición Inglaterra,Moderada,Fanático Target (Alto),Jóvenes (<25)
1465,2026-03-03,16:50:54,18 - 24 Años,Masculino,Guatemala,San Miguel Petapa,Profesional Independiente,3 A 5 Veces Por Semana,Supermercado,Amigos,Q51 - Q100,FutbolMix; Mundialitos Queso Picante; Energy Crunch Protein,Picante Chapín,Familiar,Más De Q30,No,Sí,Portugal,Probablemente no,Brasil,Cristiano Ronaldo,Premios y sorteos,2x1,Sí,Edición Mundial Fifa 2026,Moderada,Casual,Jóvenes (<25)
1466,2026-04-17,22:07:18,25 - 34 Años,Femenino,Guatemala,San Miguel Petapa,Estudiante,3 A 5 Veces Por Semana,Gasolinera,Familia,Más De Q150,Gol Nachos Supreme; Caramel Goal Popcorn; Energy Crunch Protein,Chocolate,Familiar,Menos De Q10,No,Sí,Colombia,Definitivamente no,Brasil,Lionel Messi; Jude Bellingham,Una selección nacional,Producto gratis,No,Edición Con Jugadores Famosos,Sensible Al Precio,Espectador Pasivo,Adulto Joven (25-34)
1467,2026-04-25,22:23:52,35 - 44 Años,Masculino,Guatemala,Santa Catarina Pinula,Empleado Privado,Rara Vez,Supermercado,Solo,Q51 - Q100,Energy Crunch Protein; ChocoKick Bites,Limón,Familiar,Q10 - Q15,No,Sí,Argentina,Definitivamente sí,Brasil,Kylian Mbappé; Lamine Yamal; Federico Valverde,Historias de aficionados,Tarjetas coleccionables,Sí,Edición Argentina,Moderada,Casual,Adulto Maduro (35-54)
1468,2026-01-11,20:40:08,18 - 24 Años,Femenino,El Progreso,El Progreso,Empleado Privado,1 A 2 Veces Por Semana,Tienda de barrio,Solo,Menos De Q25,Mundialitos Queso Picante,Queso,Para Compartir Entre 2 Personas,Q21 - Q30,No,Sí,Argentina,Definitivamente no,Argentina,Jude Bellingham,Un jugador famoso,Producto gratis,Sí,Edición Argentina,Sensible Al Precio,Casual,Jóvenes (<25)
1469,2026-03-25,18:28:11,18 - 24 Años,Femenino,Escuintla,Escuintla,Profesional Independiente,Varias Veces Al Mes,Gasolinera,Amigos,Q25 - Q50,Caramel Goal Popcorn,Caramelo,Individual,Q10 - Q15,Sí,Sí,Brasil,Probablemente sí,,Lionel Messi,Premios y sorteos,Tarjetas coleccionables,Sí,Edición Con Tarjetas Coleccionables,Moderada,Fanático Target (Alto),Jóvenes (<25)
1470,2026-03-27,12:02:20,18 - 24 Años,Masculino,Guatemala,San Miguel Petapa,Otro,1 A 2 Veces Por Semana,Aplicación de delivery,Amigos,Menos De Q25,CrunchMax BBQ; Gol Nachos Supreme; Mundialitos Queso Picante,Salado Tradicional,Tamaño Fiesta O Reunión,Q10 - Q15,Sí,Sí,México,Probablemente sí,Portugal,Kylian Mbappé; Lionel Messi; Lamine Yamal,Un jugador famoso,Producto gratis,Sí,Edición Mundial Fifa 2026,Moderada,Fanático Target (Alto),Jóvenes (<25)
1471,2026-04-21,15:33:53,25 - 34 Años,Femenino,Sacatepéquez,Jocotenango,Estudiante,1 A 2 Veces Por Semana,Aplicación de delivery,Amigos,Q25 - Q50,Mundialitos Queso Picante; Fan Chips Jalapeño; FutbolMix,Picante Chapín,Individual,Q21 - Q30,No,Sí,Brasil,Tal vez,Argentina,Neymar Jr.; Lionel Messi; Federico Valverde,Un jugador famoso,Producto gratis,Sí,Edición Brasil,Moderada,Casual,Adulto Joven (25-34)
1472,2026-04-15,16:49:55,45 - 54 Años,Femenino,Chimaltenango,Chimaltenango,Empleado Público,Todos Los Días,Supermercado,Familia,Menos De Q25,Mundialitos Queso Picante; Caramel Goal Popcorn,Picante Chapín,Individual,Q10 - Q15,Sí,Sí,Francia,Probablemente sí,,Neymar Jr.; Cristiano Ronaldo,Una selección nacional,Producto gratis,No,Edición Con Jugadores Famosos,Moderada,Casual,Adulto Maduro (35-54)
1473,2026-04-07,14:32:16,45 - 54 Años,Femenino,Jalapa,Jalapa,Profesional Independiente,Todos Los Días,Otro,Familia,Q101 - Q150,Fan Chips Jalapeño; Mundialitos Queso Picante,Limón,Individual,Más De Q30,No,Sí, MÉXICO ,Definitivamente sí,Panamá,Lamine Yamal; Federico Valverde; Christian Pulisic,Premios y sorteos,Tarjetas coleccionables,No,Edición Con Jugadores Famosos,Sensible Al Precio,Espectador Pasivo,Adulto Maduro (35-54)
1474,2026-04-06,10:44:27,18 - 24 Años,Femenino,Guatemala,Villa Nueva,Estudiante,3 A 5 Veces Por Semana,Aplicación de delivery,Familia,Q25 - Q50,ChocoKick Bites; Caramel Goal Popcorn; FutbolMix,Salado Tradicional,Para Compartir Entre 2 Personas,Q10 - Q15,Sí,Sí,Portugal,Probablemente sí,Argentina,Lionel Messi; Kylian Mbappé,Premios y sorteos,Tarjetas coleccionables,No,Edición Mundial Fifa 2026,Moderada,Casual,Jóvenes (<25)
1475,2026-02-15,13:15:42,25 - 34 Años,Femenino,Jalapa,Cabecera municipal,Comerciante,Varias Veces Al Mes,Gasolinera,Amigos,Menos De Q25,Fan Chips Jalapeño,Chocolate,Para Compartir Entre 2 Personas,Q16 - Q20,Sí,No,Argentina,Probablemente sí,Brasil,Neymar Jr.; Lamine Yamal,Humor,Sorteo de balones,Sí,Edición Con Jugadores Famosos,Moderada,Espectador Pasivo,Adulto Joven (25-34)
1476,2026-02-24,08:49:31,25 - 34 Años,Masculino,Escuintla,Santa Lucía Cotzumalguapa,Empleado Privado,1 A 2 Veces Por Semana,Supermercado,Otro,Q25 - Q50,Hot Stadium Peanuts; Mundialitos Queso Picante,Limón,Tamaño Fiesta O Reunión,Q16 - Q20,Sí,Sí,Argentina,Definitivamente sí,Brasil,Cristiano Ronaldo; Lionel Messi,Una selección nacional,Tarjetas coleccionables,Sí,Edición Francia,Moderada,Casual,Adulto Joven (25-34)
1477,2026-02-08,17:43:50,18 - 24 Años,Femenino,Sololá,Otro municipio,Empresario,Varias Veces Al Mes,Gasolinera,Amigos,Más De Q150,Mundialitos Queso Picante; Caramel Goal Popcorn,Chocolate,Individual,Q10 - Q15,Sí,Sí,México,Tal vez,Alemania,Julián Álvarez,Una selección nacional,2x1,No,Edición Con Jugadores Famosos,Moderada,Espectador Pasivo,Jóvenes (<25)
1478,2026-04-11,08:51:08,25 - 34 Años,Masculino,Quetzaltenango,Quetzaltenango,Empleado Privado,Todos Los Días,Kiosco escolar/universitario,Amigos,Q51 - Q100,Mundialitos Queso Picante; FutbolMix; ChocoKick Bites,Salado Tradicional,Familiar,Q10 - Q15,Sí,Sí,Alemania,Tal vez,Corea del Sur,Cristiano Ronaldo; Lionel Messi; Jude Bellingham,Un jugador famoso,2x1,Sí,Edición Argentina,Premium Alta,Casual,Adulto Joven (25-34)
1479,2026-03-16,21:26:51,25 - 34 Años,Masculino,Quetzaltenango, OLINTEPEQUE ,Estudiante,1 A 2 Veces Por Semana,Supermercado,Otro,Q25 - Q50,FutbolMix,Limón,Familiar,Q10 - Q15,Sí,Sí,Francia,Probablemente no,Argentina,Harry Kane; Kylian Mbappé,Una selección nacional,Sorteo de viajes,Sí,Edición Inglaterra,Moderada,Casual,Adulto Joven (25-34)
1480,2026-02-13,15:13:00,18 - 24 Años,Femenino,Quetzaltenango,Quetzaltenango,Estudiante,Todos Los Días,Supermercado,Compañeros de trabajo,Q51 - Q100,CrunchMax BBQ,Dulce,Para Compartir Entre 2 Personas,Q16 - Q20,Sí,Sí,Francia,Probablemente sí,Irán,Vinícius Júnior; Cristiano Ronaldo,Una selección nacional,Producto gratis,Sí,Edición Francia,Premium Alta,Fanático Target (Alto),Jóvenes (<25)
1482,2026-04-02,13:28:39,25 - 34 Años,Masculino,Santa Rosa,Cabecera municipal,Empleado Privado,1 A 2 Veces Por Semana,Tienda de barrio,Amigos,Q25 - Q50,Caramel Goal Popcorn,Salado Tradicional,Para Compartir Entre 2 Personas,Q10 - Q15,Sí,Sí,Alemania,Definitivamente sí,Argentina,Jude Bellingham; Neymar Jr.; Cristiano Ronaldo,Humor,Sorteo de camisetas,No,Edición Francia,Moderada,Espectador Pasivo,Adulto Joven (25-34)
1483,2026-03-12,14:42:01,55 Años O Más,Masculino,Guatemala,Santa Catarina Pinula,Otro,3 A 5 Veces Por Semana,Tienda de barrio,Familia,Q51 - Q100,Fan Chips Jalapeño; Mundialitos Queso Picante; ChocoKick Bites,Barbacoa,Para Compartir Entre 2 Personas,Menos De Q10,Sí,No,México,Probablemente sí,Argentina,Alphonso Davies; Jude Bellingham; Ninguno,Humor,Descuento directo,No,Edición España,Premium Alta,Espectador Pasivo,Adulto Mayor (55+)
1484,2026-01-18,16:17:15,18 - 24 Años,Femenino,Guatemala,Santa Catarina Pinula,Empleado Privado,1 A 2 Veces Por Semana,Tienda de barrio,Amigos,Q25 - Q50,FutbolMix; ChocoKick Bites,Queso,Para Compartir Entre 2 Personas,Q16 - Q20,Sí,Sí,México,Definitivamente sí,Argentina,Harry Kane; Kylian Mbappé; Cristiano Ronaldo,Premios y sorteos,Sorteo de balones,Sí,Edición España,Moderada,Casual,Jóvenes (<25)
1485,2026-01-23,21:42:22,18 - 24 Años,Femenino,Guatemala,Mixco,Profesional Independiente,Varias Veces Al Mes,Tienda de barrio,Solo,Q51 - Q100,Victory Pretzels; Caramel Goal Popcorn; ChocoKick Bites,Jalapeño,Familiar,Q16 - Q20,Sí,No,Brasil,Definitivamente sí,Argentina,Lionel Messi; Neymar Jr.; Kylian Mbappé,Premios y sorteos,2x1,Sí,Edición Argentina,Premium Alta,Espectador Pasivo,Jóvenes (<25)
1486,2026-03-30,11:28:25,Menos De 18 Años,Femenino,Santa Rosa,Cabecera municipal,Comerciante,Varias Veces Al Mes,Supermercado,Amigos,Q25 - Q50,CrunchMax BBQ; ChocoKick Bites,Limón,Individual,Q16 - Q20,Sí,Sí,Portugal,Tal vez,Uruguay,Cristiano Ronaldo; Neymar Jr.,Una selección nacional,Descuento directo,No,Edición Brasil,Moderada,Espectador Pasivo,Jóvenes (<25)
1487,2026-03-30,09:04:15,18 - 24 Años,Femenino,Alta Verapaz,Alta Verapaz,Empresario,1 A 2 Veces Por Semana,Tienda de barrio,Amigos,Q51 - Q100,Victory Pretzels,Jalapeño,Individual,Q10 - Q15,No,Sí,Inglaterra,Tal vez,Argentina,Harry Kane; Lamine Yamal,Una selección nacional,Tarjetas coleccionables,Sí,Edición Con Tarjetas Coleccionables,Moderada,Casual,Jóvenes (<25)
1488,2026-05-05,21:50:16,55 Años O Más,Femenino,Guatemala,Mixco,Empleado Privado,Varias Veces Al Mes,Aplicación de delivery,Compañeros de trabajo,Menos De Q25,Victory Pretzels; Hot Stadium Peanuts; Fan Chips Jalapeño,Chocolate,Familiar,Q21 - Q30,No,No,Argentina,Probablemente sí,Portugal,Lionel Messi; Kylian Mbappé,Un jugador famoso,Descuento directo,Sí,Edición Con Jugadores Famosos,Sensible Al Precio,Espectador Pasivo,Adulto Mayor (55+)
1489,2026-01-17,08:10:25,45 - 54 Años,Masculino,Guatemala,Villa Nueva,Comerciante,Varias Veces Al Mes,Kiosco escolar/universitario,Familia,Menos De Q25,CrunchMax BBQ; ChocoKick Bites; Mundialitos Queso Picante,Dulce,Tamaño Fiesta O Reunión,Q10 - Q15,No,Sí,Alemania,Definitivamente no,Alemania,Kylian Mbappé; Julián Álvarez,Un jugador famoso,Sorteo de camisetas,Sí,Edición España,Sensible Al Precio,Casual,Adulto Maduro (35-54)
1490,2026-04-29,19:47:06,18 - 24 Años,Masculino,Guatemala,Santa Catarina Pinula,,3 A 5 Veces Por Semana,Supermercado,Solo,Q101 - Q150,FutbolMix; Victory Pretzels,Queso,Para Compartir Entre 2 Personas,Q16 - Q20,No,Sí,Irak,Probablemente sí,Portugal,Lionel Messi; Neymar Jr.; Federico Valverde,Una selección nacional,Producto gratis,Sí,Edición Con Tarjetas Coleccionables,Sensible Al Precio,Fanático Target (Alto),Jóvenes (<25)
1491,2026-03-30,14:04:58,35 - 44 Años,Femenino,Guatemala,San Miguel Petapa,Estudiante,Todos Los Días,Kiosco escolar/universitario,Familia,Q25 - Q50,CrunchMax BBQ; Caramel Goal Popcorn; Fan Chips Jalapeño,Queso,Para Compartir Entre 2 Personas,Q21 - Q30,Sí,Sí, ARGENTINA ,Tal vez,Estados Unidos,Jude Bellingham,Premios y sorteos,Sorteo de viajes,Sí,Edición Brasil,Moderada,Casual,Adulto Maduro (35-54)
1492,2026-04-10,22:03:09,18 - 24 Años,Femenino,Sacatepéquez,Antigua Guatemala,Empleado Privado,Todos Los Días,Gasolinera,Compañeros de trabajo,Q25 - Q50,Mundialitos Queso Picante; FutbolMix; Fan Chips Jalapeño,Queso,Familiar,Q10 - Q15,Sí,Sí, BRASIL ,Probablemente sí,México,Cristiano Ronaldo,Humor,Sorteo de viajes,No,Edición Mundial Fifa 2026,Moderada,Casual,Jóvenes (<25)
1493,2026-03-29,21:24:41,Menos De 18 Años,Femenino,Quetzaltenango,Olintepeque,Empleado Privado,Varias Veces Al Mes,Aplicación de delivery,Familia,Q101 - Q150,Caramel Goal Popcorn,Barbacoa,Tamaño Fiesta O Reunión,Q10 - Q15,Sí,Sí,Brasil,Definitivamente sí,Argentina,Jude Bellingham,Un jugador famoso,Tarjetas coleccionables,No,Edición Francia,Moderada,Espectador Pasivo,Jóvenes (<25)
1494,2026-03-09,13:26:06,25 - 34 Años,Masculino,Chimaltenango,Chimaltenango,Estudiante,1 A 2 Veces Por Semana,Gasolinera,Amigos,Q25 - Q50,CrunchMax BBQ; Hot Stadium Peanuts; Caramel Goal Popcorn,Jalapeño,Para Compartir Entre 2 Personas,Q21 - Q30,Sí,Sí,Brasil,Definitivamente sí,México,Lionel Messi; Neymar Jr.,Una selección nacional,Descuento directo,Sí,Edición Brasil,Moderada,Casual,Adulto Joven (25-34)
1495,2026-04-22,20:14:07,45 - 54 Años,Masculino,Chimaltenango,Patzún,Empleado Privado,Todos Los Días,Kiosco escolar/universitario,Familia,Q25 - Q50,Hot Stadium Peanuts,Salado Tradicional,Para Compartir Entre 2 Personas,Q16 - Q20,Sí,Sí,México,Probablemente sí,Argelia,Vinícius Júnior; Neymar Jr.; Kylian Mbappé,Historias de aficionados,Producto gratis,No,Edición Francia,Moderada,Casual,Adulto Maduro (35-54)
1496,2026-04-22,17:39:51,Menos De 18 Años,Masculino,Quiché,Otro municipio,Empleado Privado,Varias Veces Al Mes,Kiosco escolar/universitario,Compañeros de trabajo,Menos De Q25,Mundialitos Queso Picante,Queso,Para Compartir Entre 2 Personas,Q21 - Q30,Sí,No,Irán,Tal vez,España,Neymar Jr.,Un jugador famoso,Sorteo de balones,Sí,Edición Con Jugadores Famosos,Moderada,Espectador Pasivo,Jóvenes (<25)
1497,2026-04-27,11:34:39,35 - 44 Años,Femenino,Quetzaltenango,Olintepeque,Empresario,3 A 5 Veces Por Semana,Supermercado,Amigos,Q25 - Q50,Caramel Goal Popcorn; ChocoKick Bites,Queso,Para Compartir Entre 2 Personas,Q10 - Q15,Sí,Sí,México,Probablemente no,Argentina,Lionel Messi; Christian Pulisic,Un jugador famoso,Sorteo de viajes,Sí,Edición Mundial Fifa 2026,Moderada,Casual,Adulto Maduro (35-54)
1498,2026-04-01,15:10:58,Menos De 18 Años,Femenino,Guatemala,San Miguel Petapa,Empleado Privado,1 A 2 Veces Por Semana,Tienda de barrio,Solo,Q25 - Q50,ChocoKick Bites,Caramelo,Familiar,Q10 - Q15,Sí,No,Argentina,Definitivamente sí,Brasil,Cristiano Ronaldo; Lionel Messi; Rodri,Una selección nacional,2x1,No,Edición España,Moderada,Espectador Pasivo,Jóvenes (<25)
1499,2026-01-30,18:04:43,35 - 44 Años,Femenino,Guatemala,Villa Nueva,Estudiante,3 A 5 Veces Por Semana,Supermercado,Familia,Q25 - Q50,Mundialitos Queso Picante,Barbacoa,Tamaño Fiesta O Reunión,Q16 - Q20,Sí,No,Portugal,Probablemente sí,Colombia,Cristiano Ronaldo; Neymar Jr.; Christian Pulisic,Premios y sorteos,Sorteo de viajes,Sí,Edición Brasil,Moderada,Espectador Pasivo,Adulto Maduro (35-54)
1500,2026-05-08,09:32:08,18 - 24 Años,Femenino,Chimaltenango, PATZÚN ,Empleado Privado,Todos Los Días,Tienda de barrio,Familia,Q51 - Q100,Hot Stadium Peanuts,Dulce,Familiar,Q21 - Q30,Sí,Sí,Argentina,Probablemente sí,España,Lionel Messi; Vinícius Júnior; Kylian Mbappé,Humor,Sorteo de camisetas,No,Edición Inglaterra,Premium Alta,Casual,Jóvenes (<25)
1501,2026-04-07,14:15:57,18 - 24 Años,Femenino,Guatemala,San Miguel Petapa,Empleado Privado,1 A 2 Veces Por Semana,Tienda de barrio,Amigos,Q25 - Q50,FutbolMix,Limón,Para Compartir Entre 2 Personas,Q21 - Q30,No,Sí,Alemania,Definitivamente sí,España,Vinícius Júnior,Un jugador famoso,Sorteo de balones,Sí,Edición Brasil,Moderada,Casual,Jóvenes (<25)
1502,2026-05-03,13:44:07,18 - 24 Años,Femenino,Guatemala, VILLA NUEVA ,Ama De Casa,1 A 2 Veces Por Semana,Supermercado,Amigos,Menos De Q25,Caramel Goal Popcorn; Hot Stadium Peanuts; Energy Crunch Protein,Picante Chapín,Para Compartir Entre 2 Personas,Menos De Q10,Sí,Sí,Argentina,Definitivamente sí,Brasil,Julián Álvarez; Neymar Jr.,Humor,2x1,No,Edición Con Tarjetas Coleccionables,Moderada,Espectador Pasivo,Jóvenes (<25)
1503,2026-04-13,20:52:52,35 - 44 Años,Masculino,Guatemala,Villa Nueva,Empresario,Todos Los Días,Supermercado,Amigos,Q25 - Q50,Fan Chips Jalapeño,Picante Chapín,Individual,Q10 - Q15,No,Sí,Argentina,Definitivamente sí,Brasil,Neymar Jr.,Una selección nacional,2x1,No,Edición Mundial Fifa 2026,Moderada,Espectador Pasivo,Adulto Maduro (35-54)
1504,2026-02-17,16:09:42,25 - 34 Años,Prefiero No Indicarlo,Escuintla,Escuintla,Empleado Privado,1 A 2 Veces Por Semana,Supermercado,Solo,Más De Q150,CrunchMax BBQ; Mundialitos Queso Picante; FutbolMix,Limón,Individual,Q16 - Q20,Sí,Sí,Brasil,Tal vez,Argentina,Vinícius Júnior,Historias de aficionados,Descuento directo,No,Edición Mundial Fifa 2026,Moderada,Espectador Pasivo,Adulto Joven (25-34)
1505,2026-01-20,16:37:05,25 - 34 Años,Femenino,Guatemala,Mixco,Estudiante,Varias Veces Al Mes,Tienda de barrio,Otro,Más De Q150,CrunchMax BBQ,Queso,Familiar,Q16 - Q20,Sí,No,México,Probablemente sí,Brasil,Jude Bellingham,Una selección nacional,2x1,Sí,Edición Con Jugadores Famosos,Moderada,Espectador Pasivo,Adulto Joven (25-34)
1506,2026-02-26,09:42:08,45 - 54 Años,Prefiero No Indicarlo,Quetzaltenango,Coatepeque,Estudiante,1 A 2 Veces Por Semana,Supermercado,Amigos,Menos De Q25,Hot Stadium Peanuts; CrunchMax BBQ; Caramel Goal Popcorn,Chocolate,Para Compartir Entre 2 Personas,Q16 - Q20,Sí,Sí,Brasil,Probablemente sí, ESPAÑA ,Kylian Mbappé; Lionel Messi; Christian Pulisic,Un jugador famoso,2x1,Sí,Edición Francia,Moderada,Fanático Target (Alto),Adulto Maduro (35-54)
1507,2026-01-10,07:33:17,25 - 34 Años,Masculino,Guatemala,Mixco,Empleado Público,Todos Los Días,Gasolinera,Amigos,Q101 - Q150,Mundialitos Queso Picante,Limón,Para Compartir Entre 2 Personas,Menos De Q10,Sí,Sí,Brasil,Definitivamente sí,Egipto,Christian Pulisic; Cristiano Ronaldo,Premios y sorteos,Sorteo de balones,Sí,Edición España,Moderada,Casual,Adulto Joven (25-34)
1508,2026-03-25,15:23:37,18 - 24 Años,Masculino,Guatemala,San Miguel Petapa,Empleado Público,Varias Veces Al Mes,Supermercado,Amigos,Q51 - Q100,FutbolMix; CrunchMax BBQ; Caramel Goal Popcorn,Limón,Individual,Q16 - Q20,Sí,Sí,Alemania,Definitivamente sí,Portugal,Christian Pulisic; Kylian Mbappé; Jude Bellingham,Humor,Sorteo de balones,Sí,Edición España,Premium Alta,Casual,Jóvenes (<25)
1509,2026-04-15,15:31:24,Menos De 18 Años,Masculino,Sacatepéquez,Jocotenango,Comerciante,Varias Veces Al Mes,Otro,Familia,Q25 - Q50,Gol Nachos Supreme; Mundialitos Queso Picante,Barbacoa,Familiar,Q16 - Q20,No,No,Brasil,Definitivamente no,,Cristiano Ronaldo,Premios y sorteos,Descuento directo,Sí,Edición Argentina,Moderada,Espectador Pasivo,Jóvenes (<25)
1510,2026-04-23,16:47:17,Menos De 18 Años,Femenino,Sacatepéquez,Antigua Guatemala,Empleado Público,3 A 5 Veces Por Semana,Aplicación de delivery,Amigos,Q51 - Q100,Mundialitos Queso Picante,Picante Chapín,Familiar,Q21 - Q30,Sí,Sí,Alemania,Definitivamente sí,Brasil,Cristiano Ronaldo,Premios y sorteos,Sorteo de balones,Sí,Edición Argentina,Premium Alta,Casual,Jóvenes (<25)
1511,2026-02-04,07:18:23,45 - 54 Años,Masculino,Santa Rosa,Santa Rosa,Estudiante,1 A 2 Veces Por Semana,Supermercado,Familia,Q25 - Q50,Victory Pretzels,Queso,Individual,Q16 - Q20,Sí,Sí,Portugal,Probablemente sí,Colombia,Lionel Messi,Premios y sorteos,Descuento directo,No,Edición Con Jugadores Famosos,Moderada,Casual,Adulto Maduro (35-54)
1512,2026-05-06,22:28:56,Menos De 18 Años,Masculino,Guatemala,Mixco,Empleado Público,Varias Veces Al Mes,Gasolinera,Compañeros de trabajo,Q101 - Q150,Mundialitos Queso Picante; Fan Chips Jalapeño,Queso,Familiar,Q16 - Q20,Sí,Sí,Francia,Tal vez,Portugal,Lionel Messi,Historias de aficionados,Descuento directo,Sí,Edición Brasil,Moderada,Casual,Jóvenes (<25)
1513,2026-02-13,14:32:17,18 - 24 Años,Masculino,Huehuetenango,Otro municipio,Comerciante,1 A 2 Veces Por Semana,Tienda de barrio,Amigos,Q25 - Q50,Gol Nachos Supreme,Jalapeño,Tamaño Fiesta O Reunión,Q16 - Q20,No,Sí,Inglaterra,Probablemente sí,México,Federico Valverde,Un jugador famoso,Tarjetas coleccionables,Sí,Edición Con Tarjetas Coleccionables,Moderada,Fanático Target (Alto),Jóvenes (<25)
1514,2026-02-23,15:37:27,35 - 44 Años,Masculino,Sacatepéquez,Jocotenango,Profesional Independiente,1 A 2 Veces Por Semana,Otro,Solo,Q51 - Q100,FutbolMix; Mundialitos Queso Picante,Limón,Familiar,Q21 - Q30,Sí,Sí,México,Tal vez,Inglaterra,Neymar Jr.; Kylian Mbappé,Una selección nacional,Descuento directo,No,Edición España,Premium Alta,Espectador Pasivo,Adulto Maduro (35-54)
1515,2026-02-22,21:28:48,35 - 44 Años,Masculino,Suchitepéquez,Cabecera municipal,Empleado Privado,3 A 5 Veces Por Semana,Supermercado,Amigos,Menos De Q25,ChocoKick Bites,,Tamaño Fiesta O Reunión,Q16 - Q20,Sí,Sí, ARGENTINA ,Tal vez,Bosnia y Herzegovina,Kylian Mbappé; Julián Álvarez; Lionel Messi,Una selección nacional,Producto gratis,Sí,Edición Con Jugadores Famosos,Moderada,Casual,Adulto Maduro (35-54)
1516,2026-04-23,11:05:47,25 - 34 Años,Femenino,Guatemala,San Miguel Petapa,Empleado Privado,3 A 5 Veces Por Semana,Aplicación de delivery,Familia,Q101 - Q150,CrunchMax BBQ,Picante Chapín,Familiar,Más De Q30,Sí,Sí,Argentina,Tal vez,México,Cristiano Ronaldo,Una selección nacional,2x1,Sí,Edición Brasil,Moderada,Casual,Adulto Joven (25-34)
1517,2026-02-12,07:02:10,25 - 34 Años,Masculino,Guatemala,Mixco,Comerciante,Todos Los Días,Supermercado,Otro,Q101 - Q150,Fan Chips Jalapeño,Barbacoa,Familiar,Q16 - Q20,No,Sí,Noruega,Probablemente sí,España,Lamine Yamal,Una selección nacional,Sorteo de camisetas,Sí,Edición Francia,Sensible Al Precio,Fanático Target (Alto),Adulto Joven (25-34)
1518,2026-01-17,17:16:21,Menos De 18 Años,Masculino,Guatemala,San Miguel Petapa,Comerciante,1 A 2 Veces Por Semana,Kiosco escolar/universitario,Familia,Q51 - Q100,Victory Pretzels; Hot Stadium Peanuts,Jalapeño,Familiar,Q21 - Q30,Sí,Sí,Francia,Probablemente no,México,Neymar Jr.; Ninguno; Vinícius Júnior,Una selección nacional,Tarjetas coleccionables,No,Edición Argentina,Premium Alta,Espectador Pasivo,Jóvenes (<25)
1519,2026-03-15,21:35:44,45 - 54 Años,Femenino,Guatemala,Santa Catarina Pinula,Empleado Público,3 A 5 Veces Por Semana,Supermercado,Solo,Q101 - Q150,Gol Nachos Supreme; Mundialitos Queso Picante; CrunchMax BBQ,Dulce,Individual,Menos De Q10,No,Sí,Argentina,Definitivamente sí,Portugal,Vinícius Júnior,Humor,Sorteo de camisetas,Sí,Edición Mundial Fifa 2026,Sensible Al Precio,Casual,Adulto Maduro (35-54)
1520,2026-03-30,10:22:11,Menos De 18 Años,Masculino,Guatemala,Villa Nueva,Empresario,Rara Vez,Tienda de barrio,Amigos,Q25 - Q50,Fan Chips Jalapeño; Caramel Goal Popcorn,Jalapeño,Tamaño Fiesta O Reunión,Q16 - Q20,No,Sí,Brasil,Probablemente no,Portugal,Vinícius Júnior,Historias de aficionados,Tarjetas coleccionables,Sí,Edición Con Jugadores Famosos,Moderada,Casual,Jóvenes (<25)
1521,2026-02-10,08:29:02,18 - 24 Años,Femenino,Sacatepéquez,Sumpango,Comerciante,3 A 5 Veces Por Semana,Aplicación de delivery,Amigos,Más De Q150,Mundialitos Queso Picante,Barbacoa,Individual,Q16 - Q20,Sí,No,Francia,Probablemente sí,España,Lionel Messi,Humor,2x1,Sí,Edición Con Tarjetas Coleccionables,Moderada,Espectador Pasivo,Jóvenes (<25)
1522,2026-03-11,19:01:40,Menos De 18 Años,Masculino,El Progreso,Cabecera municipal,Estudiante,3 A 5 Veces Por Semana,Kiosco escolar/universitario,Amigos,Q51 - Q100,Gol Nachos Supreme; Fan Chips Jalapeño,Limón,Individual,Q10 - Q15,No,Sí,Brasil,Tal vez,México,Cristiano Ronaldo; Lionel Messi; Lamine Yamal,Un jugador famoso,2x1,Sí,Edición Brasil,Moderada,Casual,Jóvenes (<25)
1523,2026-03-07,14:05:57,25 - 34 Años,Masculino,Guatemala,San Miguel Petapa,Profesional Independiente,Todos Los Días,Gasolinera,Amigos,Q25 - Q50,Fan Chips Jalapeño; Energy Crunch Protein,Queso,Tamaño Fiesta O Reunión,Q16 - Q20,No,Sí,Portugal,Tal vez, FRANCIA ,Cristiano Ronaldo; Lionel Messi; Christian Pulisic,Premios y sorteos,Descuento directo,No,Edición Argentina,Moderada,Espectador Pasivo,Adulto Joven (25-34)
1524,2026-02-04,18:06:20,25 - 34 Años,Masculino,Sacatepéquez,Antigua Guatemala,Empleado Público,1 A 2 Veces Por Semana,Supermercado,Amigos,Menos De Q25,Mundialitos Queso Picante; ChocoKick Bites; Energy Crunch Protein,Picante Chapín,Familiar,Q21 - Q30,Sí,Sí,Brasil,Probablemente no,Brasil,Lionel Messi; Alphonso Davies; Lamine Yamal,Una selección nacional,Sorteo de viajes,Sí,Edición Argentina,Moderada,Casual,Adulto Joven (25-34)
1525,2026-02-08,19:43:06,18 - 24 Años,Femenino,Guatemala,San Miguel Petapa,Empleado Privado,Todos Los Días,Tienda de barrio,Amigos,Q101 - Q150,ChocoKick Bites,Jalapeño,Para Compartir Entre 2 Personas,Q16 - Q20,Sí,Sí,Colombia,Probablemente sí,Argentina,Lamine Yamal; Rodri; Neymar Jr.,Un jugador famoso,Sorteo de camisetas,No,Edición España,Moderada,Casual,Jóvenes (<25)
1526,2026-01-25,16:04:03,18 - 24 Años,Femenino,Retalhuleu,Cabecera municipal,Empleado Privado,1 A 2 Veces Por Semana,Aplicación de delivery,Amigos,Menos De Q25,Energy Crunch Protein; CrunchMax BBQ,Caramelo,Familiar,Q10 - Q15,Sí,Sí,Alemania,Definitivamente no,Colombia,Cristiano Ronaldo; Vinícius Júnior,Historias de aficionados,Producto gratis,Sí,Edición Francia,Moderada,Casual,Jóvenes (<25)
1527,2026-03-31,22:55:00,25 - 34 Años,Femenino,Chimaltenango,Chimaltenango,Empleado Público,Varias Veces Al Mes,Supermercado,Compañeros de trabajo,Q101 - Q150,CrunchMax BBQ; Gol Nachos Supreme; FutbolMix,Jalapeño,Para Compartir Entre 2 Personas,Q21 - Q30,No,Sí,Brasil,Probablemente no,Portugal,Lamine Yamal,Humor,2x1,Sí,Edición Brasil,Sensible Al Precio,Casual,Adulto Joven (25-34)
1528,2026-03-14,20:33:42,Menos De 18 Años,Masculino,Guatemala,Villa Nueva,Empleado Privado,1 A 2 Veces Por Semana,Gasolinera,Amigos,Q51 - Q100,CrunchMax BBQ,Barbacoa,Tamaño Fiesta O Reunión,Q16 - Q20,No,Sí,Argentina,Definitivamente sí,Francia,Alphonso Davies; Neymar Jr.,Un jugador famoso,Sorteo de balones,No,Edición Con Tarjetas Coleccionables,Moderada,Espectador Pasivo,Jóvenes (<25)
1529,2026-03-16,21:36:29,45 - 54 Años,Prefiero No Indicarlo,Huehuetenango,Huehuetenango,Empleado Privado,Todos Los Días,Tienda de barrio,Familia,Más De Q150,Fan Chips Jalapeño; ChocoKick Bites; CrunchMax BBQ,Limón,Familiar,Q21 - Q30,Sí,No,Argentina,Probablemente sí, PORTUGAL ,Christian Pulisic; Jude Bellingham; Cristiano Ronaldo,Historias de aficionados,Tarjetas coleccionables,Sí,Edición Francia,Moderada,Espectador Pasivo,Adulto Maduro (35-54)
1530,2026-03-25,12:03:22,18 - 24 Años,Masculino,Guatemala,Villa Nueva,Empleado Privado,Todos Los Días,Supermercado,Familia,Q101 - Q150,Mundialitos Queso Picante; FutbolMix,Jalapeño,Familiar,Q16 - Q20,Sí,Sí,Inglaterra,Definitivamente sí,Brasil,Jude Bellingham,Una selección nacional,Producto gratis,Sí,Edición Brasil,Moderada,Casual,Jóvenes (<25)
1531,2026-02-21,18:58:51,35 - 44 Años,Masculino,Escuintla,Palín,Otro,3 A 5 Veces Por Semana,Otro,Compañeros de trabajo,Q25 - Q50,Fan Chips Jalapeño; ChocoKick Bites; FutbolMix,Chocolate,Individual,Q21 - Q30,No,Sí,Argentina,Tal vez,Francia,Lionel Messi; Christian Pulisic; Kylian Mbappé,Un jugador famoso,Sorteo de camisetas,Sí,Edición Brasil,Moderada,Casual,Adulto Maduro (35-54)
1532,2026-04-28,13:23:34,18 - 24 Años,Masculino,Guatemala,San Miguel Petapa,Ama De Casa,3 A 5 Veces Por Semana,Supermercado,Compañeros de trabajo,Q25 - Q50,Mundialitos Queso Picante; Caramel Goal Popcorn; Hot Stadium Peanuts,Jalapeño,Para Compartir Entre 2 Personas,Q21 - Q30,Sí,Sí,Argentina,Probablemente sí,México,Lionel Messi; Neymar Jr.; Jude Bellingham,Premios y sorteos,2x1,No,Edición Mundial Fifa 2026,Moderada,Casual,Jóvenes (<25)
1533,2026-04-14,21:42:22,25 - 34 Años,Masculino,Alta Verapaz,Cabecera municipal,Estudiante,1 A 2 Veces Por Semana,Tienda de barrio,Compañeros de trabajo,Q101 - Q150,Caramel Goal Popcorn; Mundialitos Queso Picante; FutbolMix,Limón,Individual,Q16 - Q20,Sí,Sí,Colombia,Probablemente no,Estados Unidos,Harry Kane; Alphonso Davies,Un jugador famoso,Tarjetas coleccionables,Sí,Edición Argentina,Moderada,Casual,Adulto Joven (25-34)
1534,2026-04-23,21:14:59,25 - 34 Años,Masculino,Guatemala,Mixco,Comerciante,3 A 5 Veces Por Semana,Tienda de barrio,Otro,Más De Q150,Mundialitos Queso Picante,Chocolate,Tamaño Fiesta O Reunión,Q16 - Q20,Sí,Sí,Argentina,Tal vez,Brasil,Jude Bellingham,Premios y sorteos,Sorteo de viajes,Sí,Edición Mundial Fifa 2026,Moderada,Casual,Adulto Joven (25-34)
1535,2026-04-10,08:34:18,18 - 24 Años,Femenino,Sacatepéquez,Sumpango,Empresario,3 A 5 Veces Por Semana,Aplicación de delivery,Compañeros de trabajo,Q51 - Q100,Fan Chips Jalapeño; FutbolMix,Limón,Para Compartir Entre 2 Personas,Q10 - Q15,Sí,Sí,Brasil,Probablemente sí,Brasil,Jude Bellingham; Neymar Jr.; Vinícius Júnior,Una selección nacional,Sorteo de balones,No,Edición Inglaterra,Premium Alta,Casual,Jóvenes (<25)
1536,2026-04-13,15:34:57,25 - 34 Años,Masculino,Escuintla,Santa Lucía Cotzumalguapa,Comerciante,Varias Veces Al Mes,Supermercado,Amigos,Q51 - Q100,Mundialitos Queso Picante; Victory Pretzels,Picante Chapín,Familiar,Q16 - Q20,Sí,Sí,México,Probablemente no,Uruguay,Vinícius Júnior; Harry Kane; Neymar Jr.,Premios y sorteos,Descuento directo,Sí,Edición Argentina,Premium Alta,Casual,Adulto Joven (25-34)
1537,2026-05-06,21:55:13,35 - 44 Años,Femenino,Guatemala,Santa Catarina Pinula,Ama De Casa,Varias Veces Al Mes,Supermercado,Solo,Q51 - Q100,Mundialitos Queso Picante; ChocoKick Bites; Hot Stadium Peanuts,Picante Chapín,Para Compartir Entre 2 Personas,Q10 - Q15,Sí,Sí,Japón,Probablemente sí,Francia,Cristiano Ronaldo,Un jugador famoso,Tarjetas coleccionables,Sí,Edición Mundial Fifa 2026,Premium Alta,Fanático Target (Alto),Adulto Maduro (35-54)
1538,2026-02-11,22:29:03,25 - 34 Años,Femenino,Guatemala,San Miguel Petapa,Comerciante,3 A 5 Veces Por Semana,Supermercado,Amigos,Q25 - Q50,Caramel Goal Popcorn; CrunchMax BBQ,Salado Tradicional,Familiar,Q16 - Q20,Sí,Sí,Argentina,Definitivamente sí,México,Harry Kane,Premios y sorteos,Producto gratis,Sí,Edición Con Jugadores Famosos,Moderada,Casual,Adulto Joven (25-34)
1539,2026-02-12,15:05:11,18 - 24 Años,Masculino,Huehuetenango,Huehuetenango,Empleado Público,Todos Los Días,Aplicación de delivery,Amigos,Q51 - Q100,CrunchMax BBQ; Mundialitos Queso Picante; FutbolMix,Queso,Tamaño Fiesta O Reunión,Q21 - Q30,Sí,No,Japón,Probablemente sí,Estados Unidos,Cristiano Ronaldo,Un jugador famoso,Producto gratis,No,Edición Argentina,Premium Alta,Espectador Pasivo,Jóvenes (<25)
1540,2026-01-29,15:19:41,25 - 34 Años,Femenino,Suchitepéquez,Cabecera municipal,Empleado Privado,3 A 5 Veces Por Semana,Supermercado,Familia,Menos De Q25,Victory Pretzels; Fan Chips Jalapeño; Caramel Goal Popcorn,Jalapeño,Familiar,Menos De Q10,No,No,Corea del Sur,Definitivamente sí,Brasil,Kylian Mbappé; Harry Kane; Alphonso Davies,Un jugador famoso,Tarjetas coleccionables,Sí,Edición Brasil,Sensible Al Precio,Espectador Pasivo,Adulto Joven (25-34)
1541,2026-04-01,10:48:42,45 - 54 Años,Femenino,Guatemala,San Miguel Petapa,Empleado Privado,Varias Veces Al Mes,Aplicación de delivery,Compañeros de trabajo,Q25 - Q50,Victory Pretzels; Fan Chips Jalapeño,Limón,Tamaño Fiesta O Reunión,Q16 - Q20,No,Sí,Argentina,Probablemente sí,Ghana,Jude Bellingham; Alphonso Davies,Un jugador famoso,Tarjetas coleccionables,Sí,Edición Con Jugadores Famosos,Moderada,Fanático Target (Alto),Adulto Maduro (35-54)
1542,2026-04-22,20:05:40,18 - 24 Años,Femenino,Quetzaltenango,Olintepeque,Empleado Privado,1 A 2 Veces Por Semana,Tienda de barrio,Familia,Q25 - Q50,Caramel Goal Popcorn; Victory Pretzels,Jalapeño,Para Compartir Entre 2 Personas,Q21 - Q30,Sí,Sí,México,Definitivamente no, PARAGUAY ,Ninguno; Jude Bellingham; Lamine Yamal,Un jugador famoso,Descuento directo,Sí,Edición Con Jugadores Famosos,Moderada,Casual,Jóvenes (<25)
1543,2026-03-23,19:48:42,45 - 54 Años,Masculino,Alta Verapaz,Otro municipio,Empleado Privado,3 A 5 Veces Por Semana,Tienda de barrio,Familia,Q51 - Q100,FutbolMix,Jalapeño,Individual,Q16 - Q20,Sí,Sí,Argentina,Probablemente sí,México,Alphonso Davies; Jude Bellingham; Vinícius Júnior,Un jugador famoso,Producto gratis,Sí,Edición Francia,Premium Alta,Fanático Target (Alto),Adulto Maduro (35-54)
1544,2026-02-23,12:24:00,18 - 24 Años,Femenino,Quetzaltenango, OLINTEPEQUE ,Empleado Privado,Rara Vez,Supermercado,Compañeros de trabajo,Menos De Q25,CrunchMax BBQ; Caramel Goal Popcorn,Dulce,Individual,Q10 - Q15,Sí,Sí,Nueva Zelanda,Tal vez,Portugal,Cristiano Ronaldo,Un jugador famoso,Producto gratis,Sí,Edición Argentina,Moderada,Casual,Jóvenes (<25)
1545,2026-04-30,07:07:00,Menos De 18 Años,Femenino,Chiquimula,Cabecera municipal,Estudiante,1 A 2 Veces Por Semana,Supermercado,Otro,Q101 - Q150,Fan Chips Jalapeño; Hot Stadium Peanuts,Picante Chapín,Familiar,Q10 - Q15,No,No,Países Bajos,Definitivamente sí,Argentina,Cristiano Ronaldo,Un jugador famoso,Tarjetas coleccionables,No,Edición Con Jugadores Famosos,Sensible Al Precio,Espectador Pasivo,Jóvenes (<25)
1546,2026-03-06,13:20:24,35 - 44 Años,Masculino,Guatemala,Villa Nueva,Estudiante,1 A 2 Veces Por Semana,Supermercado,Familia,Q51 - Q100,Caramel Goal Popcorn; Gol Nachos Supreme,Chocolate,Individual,Q21 - Q30,No,Sí,Argentina,Definitivamente sí,Argentina,Cristiano Ronaldo; Vinícius Júnior; Julián Álvarez,Premios y sorteos,Producto gratis,No,Edición Con Jugadores Famosos,Moderada,Espectador Pasivo,Adulto Maduro (35-54)
1547,2026-03-07,08:09:08,18 - 24 Años,Femenino,Guatemala,Villa Nueva,Empleado Privado,1 A 2 Veces Por Semana,Tienda de barrio,Compañeros de trabajo,Q51 - Q100,Fan Chips Jalapeño; Mundialitos Queso Picante,,Familiar,Q10 - Q15,Sí,Sí,Inglaterra,Probablemente sí,Argentina,Lamine Yamal,Una selección nacional,Descuento directo,No,Edición Con Tarjetas Coleccionables,Premium Alta,Casual,Jóvenes (<25)
1548,2026-03-16,15:52:01,35 - 44 Años,Femenino,Guatemala,Mixco,Empleado Privado,Varias Veces Al Mes,Tienda de barrio,Amigos,Q51 - Q100,CrunchMax BBQ,Queso,Tamaño Fiesta O Reunión,Q16 - Q20,Sí,Sí,Francia,Tal vez,Portugal,Alphonso Davies,Una selección nacional,Tarjetas coleccionables,Sí,Edición Con Tarjetas Coleccionables,Premium Alta,Casual,Adulto Maduro (35-54)
1549,2026-01-12,20:26:29,18 - 24 Años,Masculino,Xela,Olintepeque,Empleado Privado,3 A 5 Veces Por Semana,Aplicación de delivery,Amigos,Menos De Q25,ChocoKick Bites,Caramelo,Familiar,Menos De Q10,Sí,Sí,España,Tal vez,Brasil,Lionel Messi; Ninguno; Vinícius Júnior,Un jugador famoso,Producto gratis,No,Edición Brasil,Moderada,Espectador Pasivo,Jóvenes (<25)
1550,2026-05-07,07:50:27,25 - 34 Años,Femenino,Guatemala,Guatemala,Comerciante,1 A 2 Veces Por Semana,Supermercado,Solo,Q51 - Q100,Gol Nachos Supreme; Caramel Goal Popcorn,Salado Tradicional,Individual,Q16 - Q20,No,Sí,Argentina,Definitivamente sí,Brasil,Federico Valverde; Vinícius Júnior; Lionel Messi,Humor,Sorteo de viajes,Sí,Edición Brasil,Moderada,Casual,Adulto Joven (25-34)
1551,2026-03-30,07:11:54,18 - 24 Años,Femenino,Quiché,Otro municipio,Ama De Casa,Varias Veces Al Mes,,Amigos,Menos De Q25,Caramel Goal Popcorn; Gol Nachos Supreme,Queso,Individual,Q16 - Q20,Sí,Sí,Argentina,Definitivamente no,México,Lionel Messi,Una selección nacional,Descuento directo,Sí,Edición Brasil,Moderada,Casual,Jóvenes (<25)
1552,2026-01-25,19:35:31,Menos De 18 Años,Masculino,Quetzaltenango,Olintepeque,Empleado Privado,3 A 5 Veces Por Semana,Gasolinera,Familia,Menos De Q25,CrunchMax BBQ,Limón,Familiar,Q21 - Q30,Sí,Sí,Argentina,Definitivamente sí,México,Cristiano Ronaldo; Harry Kane,Un jugador famoso,Sorteo de camisetas,No,Edición España,Moderada,Espectador Pasivo,Jóvenes (<25)
1553,2026-03-26,11:05:43,25 - 34 Años,Prefiero No Indicarlo,Retalhuleu,Retalhuleu,Comerciante,3 A 5 Veces Por Semana,Supermercado,Familia,Q101 - Q150,CrunchMax BBQ,Queso,Individual,Menos De Q10,Sí,Sí,Argentina,Probablemente sí,Argentina,Lamine Yamal; Christian Pulisic; Lionel Messi,Humor,Tarjetas coleccionables,No,Edición Argentina,Moderada,Casual,Adulto Joven (25-34)
1554,2026-02-24,14:46:09,18 - 24 Años,Masculino,Guatemala,Santa Catarina Pinula,Estudiante,Rara Vez,Supermercado,Familia,Q51 - Q100,ChocoKick Bites,Chocolate,Para Compartir Entre 2 Personas,Más De Q30,Sí,Sí,Estados Unidos,Probablemente no,Argentina,Christian Pulisic; Harry Kane; Lamine Yamal,Humor,Tarjetas coleccionables,Sí,Edición Mundial Fifa 2026,Premium Alta,Casual,Jóvenes (<25)
1555,2026-03-05,09:38:05,45 - 54 Años,Femenino,Guatemala,Guatemala,Profesional Independiente,Varias Veces Al Mes,Aplicación de delivery,Familia,Menos De Q25,Mundialitos Queso Picante,Limón,Individual,Q21 - Q30,No,Sí,Portugal,Definitivamente sí,México,Lionel Messi; Cristiano Ronaldo; Jude Bellingham,Premios y sorteos,2x1,No,Edición Brasil,Sensible Al Precio,Espectador Pasivo,Adulto Maduro (35-54)
1556,2026-02-19,21:07:41,Menos De 18 Años,Masculino,Jalapa,Cabecera municipal,Empleado Privado,3 A 5 Veces Por Semana,Supermercado,Familia,Q25 - Q50,Hot Stadium Peanuts; Fan Chips Jalapeño,Jalapeño,Tamaño Fiesta O Reunión,Menos De Q10,Sí,No,Portugal,Probablemente sí,Brasil,Kylian Mbappé; Lionel Messi; Vinícius Júnior,Una selección nacional,Producto gratis,Sí,Edición Argentina,Moderada,Espectador Pasivo,Jóvenes (<25)
1557,2026-04-06,12:42:51,18 - 24 Años,Femenino,Guatemala,Santa Catarina Pinula,Ama De Casa,3 A 5 Veces Por Semana,Tienda de barrio,Amigos,Q51 - Q100,ChocoKick Bites; Gol Nachos Supreme,Chocolate,Individual,Q16 - Q20,No,Sí,Francia,Definitivamente no,Argentina,Lionel Messi; Cristiano Ronaldo; Harry Kane,Un jugador famoso,Sorteo de camisetas,Sí,Edición Mundial Fifa 2026,Moderada,Casual,Jóvenes (<25)
1558,2026-02-15,19:24:25,45 - 54 Años,Femenino,Guatemala,,Otro,3 A 5 Veces Por Semana,Tienda de barrio,Familia,Q101 - Q150,FutbolMix; Mundialitos Queso Picante,Barbacoa,Para Compartir Entre 2 Personas,Q10 - Q15,No,Sí,Francia,Definitivamente sí,Argentina,Lionel Messi; Neymar Jr.,Un jugador famoso,Tarjetas coleccionables,Sí,Edición Argentina,Sensible Al Precio,Casual,Adulto Maduro (35-54)
1559,2026-01-13,19:20:48,45 - 54 Años,Masculino,Totonicapán,Cabecera municipal,Comerciante,3 A 5 Veces Por Semana,Gasolinera,Amigos,Q51 - Q100,Caramel Goal Popcorn; Fan Chips Jalapeño; Energy Crunch Protein,Salado Tradicional,Para Compartir Entre 2 Personas,Q10 - Q15,No,Sí,Alemania,Probablemente sí,Inglaterra,Vinícius Júnior; Neymar Jr.; Jude Bellingham,Una selección nacional,Descuento directo,No,Edición Con Jugadores Famosos,Moderada,Casual,Adulto Maduro (35-54)
1560,2026-02-11,22:15:14,25 - 34 Años,Masculino,Guatemala,Guatemala,Comerciante,1 A 2 Veces Por Semana,Supermercado,Familia,Más De Q150,Mundialitos Queso Picante; Gol Nachos Supreme,Chocolate,Para Compartir Entre 2 Personas,Q16 - Q20,Sí,Sí, COLOMBIA ,Probablemente sí,Portugal,Cristiano Ronaldo; Julián Álvarez; Lamine Yamal,Una selección nacional,2x1,Sí,Edición Brasil,Moderada,Fanático Target (Alto),Adulto Joven (25-34)
1561,2026-01-18,17:09:52,35 - 44 Años,Femenino,Zacapa,Otro municipio,Empleado Privado,3 A 5 Veces Por Semana,Supermercado,Familia,Q25 - Q50,ChocoKick Bites; CrunchMax BBQ,Picante Chapín,Individual,Q16 - Q20,No,Sí,Francia,Probablemente sí,México,Christian Pulisic; Lionel Messi,Un jugador famoso,Sorteo de camisetas,No,Edición Argentina,Moderada,Casual,Adulto Maduro (35-54)
1562,2026-04-23,14:17:13,35 - 44 Años,Femenino,Baja Verapaz,Otro municipio,Comerciante,1 A 2 Veces Por Semana,Supermercado,Solo,Q101 - Q150,ChocoKick Bites,Picante Chapín,Para Compartir Entre 2 Personas,Q21 - Q30,Sí,Sí,Francia,Definitivamente no,México,Cristiano Ronaldo,Historias de aficionados,Producto gratis,Sí,Edición Inglaterra,Moderada,Casual,Adulto Maduro (35-54)
1563,2026-02-01,17:11:17,25 - 34 Años,Femenino,Quetzaltenango,Olintepeque,Estudiante,Todos Los Días,Gasolinera,Amigos,Menos De Q25,Fan Chips Jalapeño,Jalapeño,Familiar,Q21 - Q30,No,Sí,Francia,Probablemente sí,Francia,Ninguno; Christian Pulisic,Historias de aficionados,Tarjetas coleccionables,Sí,Edición Mundial Fifa 2026,Sensible Al Precio,Fanático Target (Alto),Adulto Joven (25-34)
1564,2026-02-07,09:22:57,25 - 34 Años,Masculino,Quetzaltenango,Olintepeque,Empleado Privado,3 A 5 Veces Por Semana,Otro,Amigos,Q25 - Q50,ChocoKick Bites; FutbolMix,Picante Chapín,Familiar,Q21 - Q30,No,Sí,Francia,Definitivamente sí,México,Cristiano Ronaldo,Una selección nacional,Sorteo de viajes,Sí,Edición Con Jugadores Famosos,Moderada,Casual,Adulto Joven (25-34)
1565,2026-02-25,21:39:06,35 - 44 Años,Masculino,Guatemala,Santa Catarina Pinula,Empleado Público,1 A 2 Veces Por Semana,Supermercado,Familia,Q51 - Q100,ChocoKick Bites; CrunchMax BBQ,Queso,Tamaño Fiesta O Reunión,Q10 - Q15,Sí,No,Argentina,Probablemente sí,Inglaterra,Vinícius Júnior,Premios y sorteos,Tarjetas coleccionables,Sí,Edición Argentina,Premium Alta,Espectador Pasivo,Adulto Maduro (35-54)
1566,2026-03-05,19:28:04,25 - 34 Años,Femenino,Quetzaltenango,Coatepeque,Estudiante,3 A 5 Veces Por Semana,,Amigos,Q25 - Q50,Victory Pretzels; Hot Stadium Peanuts; Gol Nachos Supreme,Chocolate,Familiar,Q16 - Q20,No,Sí,Estados Unidos,Tal vez,Brasil,Vinícius Júnior,Un jugador famoso,Tarjetas coleccionables,Sí,Edición Con Jugadores Famosos,Moderada,Casual,Adulto Joven (25-34)
1567,2026-01-25,13:52:11,18 - 24 Años,Femenino,Chimaltenango,Tecpán Guatemala,Empleado Privado,Rara Vez,Tienda de barrio,Familia,Q51 - Q100,Fan Chips Jalapeño,Picante Chapín,Tamaño Fiesta O Reunión,Q16 - Q20,Sí,Sí,Brasil,Probablemente no,Estados Unidos,Lionel Messi; Jude Bellingham; Cristiano Ronaldo,Una selección nacional,Descuento directo,No,Edición Francia,Premium Alta,Espectador Pasivo,Jóvenes (<25)
1568,2026-04-02,16:32:20,45 - 54 Años,Masculino,Guatemala,Guatemala,Empleado Privado,Varias Veces Al Mes,Otro,Compañeros de trabajo,Menos De Q25,ChocoKick Bites; Victory Pretzels,Salado Tradicional,Para Compartir Entre 2 Personas,Q10 - Q15,Sí,Sí,México,Tal vez,Francia,Lionel Messi; Cristiano Ronaldo,Historias de aficionados,2x1,Sí,Edición Brasil,Moderada,Casual,Adulto Maduro (35-54)
1569,2026-02-03,19:07:12,18 - 24 Años,Femenino,Sacatepéquez,Antigua Guatemala,Otro,3 A 5 Veces Por Semana,Tienda de barrio,Solo,Q51 - Q100,CrunchMax BBQ; Caramel Goal Popcorn,Picante Chapín,Individual,Q21 - Q30,Sí,No,Argentina,Tal vez,Nueva Zelanda,Christian Pulisic; Lamine Yamal; Julián Álvarez,Un jugador famoso,Producto gratis,No,Edición Francia,Premium Alta,Espectador Pasivo,Jóvenes (<25)
1570,2026-04-04,15:20:16,18 - 24 Años,Masculino,Guatemala,Mixco,Profesional Independiente,Todos Los Días,Supermercado,Familia,Q25 - Q50,Hot Stadium Peanuts,Limón,Tamaño Fiesta O Reunión,Q10 - Q15,Sí,Sí,Argentina,Tal vez,Brasil,Julián Álvarez; Christian Pulisic,Historias de aficionados,Sorteo de camisetas,No,Edición Brasil,Moderada,Espectador Pasivo,Jóvenes (<25)
1571,2026-04-15,21:34:58,25 - 34 Años,Masculino,Suchitepéquez,Otro municipio,Comerciante,1 A 2 Veces Por Semana,Gasolinera,Familia,Más De Q150,FutbolMix; CrunchMax BBQ; Gol Nachos Supreme,Barbacoa,Tamaño Fiesta O Reunión,Q16 - Q20,No,Sí,Argentina,Probablemente sí,México,Lionel Messi; Lamine Yamal,Una selección nacional,Sorteo de viajes,Sí,Edición Con Jugadores Famosos,Sensible Al Precio,Fanático Target (Alto),Adulto Joven (25-34)
1572,2026-04-30,09:16:40,Menos De 18 Años,Masculino,Quetzaltenango,Olintepeque,Empleado Privado,3 A 5 Veces Por Semana,Tienda de barrio,Amigos,Q25 - Q50,Gol Nachos Supreme; Hot Stadium Peanuts; Fan Chips Jalapeño,Limón,Para Compartir Entre 2 Personas,Q10 - Q15,Sí,Sí,South Africa,Definitivamente sí,Argentina,Neymar Jr.; Cristiano Ronaldo,Historias de aficionados,Tarjetas coleccionables,Sí,Edición Brasil,Moderada,Casual,Jóvenes (<25)
1573,2026-04-13,10:34:12,25 - 34 Años,Masculino,Chiquimula,Chiquimula,Empleado Público,3 A 5 Veces Por Semana,Gasolinera,Amigos,Q25 - Q50,Mundialitos Queso Picante; Victory Pretzels,Barbacoa,Para Compartir Entre 2 Personas,Q10 - Q15,Sí,Sí,Inglaterra,Definitivamente sí,Argentina,Lionel Messi; Cristiano Ronaldo,Un jugador famoso,Descuento directo,No,Edición Mundial Fifa 2026,Moderada,Espectador Pasivo,Adulto Joven (25-34)
1574,2026-01-11,21:49:22,18 - 24 Años,Femenino,Guatemala,Santa Catarina Pinula,Empleado Privado,Varias Veces Al Mes,Tienda de barrio,Solo,Q51 - Q100,Mundialitos Queso Picante,Limón,Familiar,Q16 - Q20,No,No,Inglaterra,Probablemente no,Argentina,Julián Álvarez; Cristiano Ronaldo,Humor,Descuento directo,Sí,Edición Con Jugadores Famosos,Moderada,Espectador Pasivo,Jóvenes (<25)
1575,2026-02-15,11:03:34,25 - 34 Años,Masculino,Escuintla,Escuintla,Empleado Privado,1 A 2 Veces Por Semana,Tienda de barrio,Compañeros de trabajo,Q101 - Q150,CrunchMax BBQ,Queso,Individual,Más De Q30,Sí,Sí,Colombia,Probablemente sí,Brasil,Lionel Messi; Christian Pulisic,Una selección nacional,Producto gratis,Sí,Edición Con Jugadores Famosos,Moderada,Fanático Target (Alto),Adulto Joven (25-34)
1576,2026-01-10,12:39:22,25 - 34 Años,Femenino,Sacatepéquez,Sumpango,Empleado Privado,1 A 2 Veces Por Semana,Supermercado,Familia,Q51 - Q100,Mundialitos Queso Picante,Salado Tradicional,Para Compartir Entre 2 Personas,Q16 - Q20,Sí,Sí,Portugal,Definitivamente no,Francia,Kylian Mbappé; Lamine Yamal; Vinícius Júnior,Una selección nacional,2x1,No,Edición Mundial Fifa 2026,Premium Alta,Espectador Pasivo,Adulto Joven (25-34)
1577,2026-03-22,18:21:46,25 - 34 Años,Femenino,Guatemala,Guatemala,Ama De Casa,3 A 5 Veces Por Semana,Gasolinera,Amigos,Menos De Q25,Fan Chips Jalapeño; FutbolMix,Limón,Individual,Q16 - Q20,Sí,Sí,Portugal,Probablemente no,Argentina,Cristiano Ronaldo; Rodri,Una selección nacional,Sorteo de balones,Sí,Edición Con Jugadores Famosos,Moderada,Casual,Adulto Joven (25-34)
1578,2026-03-02,17:39:20,18 - 24 Años,Masculino,El Progreso,Otro municipio,Comerciante,3 A 5 Veces Por Semana,Gasolinera,Otro,Más De Q150,Gol Nachos Supreme,Chocolate,Para Compartir Entre 2 Personas,Menos De Q10,No,No, ESPAÑA ,Probablemente no,México,Rodri; Cristiano Ronaldo; Neymar Jr.,Una selección nacional,Sorteo de camisetas,No,Edición Con Tarjetas Coleccionables,Sensible Al Precio,Espectador Pasivo,Jóvenes (<25)
1579,2026-01-23,22:14:27,Menos De 18 Años,Masculino,Guatemala,,Profesional Independiente,1 A 2 Veces Por Semana,Supermercado,Familia,Q51 - Q100,Hot Stadium Peanuts; Gol Nachos Supreme,Salado Tradicional,Para Compartir Entre 2 Personas,Q21 - Q30,Sí,Sí, MÉXICO ,Probablemente sí,España,Kylian Mbappé; Neymar Jr.,Premios y sorteos,Descuento directo,No,Edición Francia,Premium Alta,Casual,Jóvenes (<25)
1580,2026-02-06,18:01:30,25 - 34 Años,Masculino,Jalapa,Otro municipio,Empleado Privado,3 A 5 Veces Por Semana,Tienda de barrio,Familia,Más De Q150,Hot Stadium Peanuts; CrunchMax BBQ,Jalapeño,Familiar,Q21 - Q30,No,Sí,Portugal,Probablemente sí,Uruguay,Julián Álvarez; Kylian Mbappé,Humor,Sorteo de viajes,No,Edición Francia,Sensible Al Precio,Casual,Adulto Joven (25-34)
1581,2026-03-29,22:38:07,18 - 24 Años,Femenino,Chimaltenango,Tecpán Guatemala,Ama De Casa,1 A 2 Veces Por Semana,Tienda de barrio,Familia,Q25 - Q50,Caramel Goal Popcorn; ChocoKick Bites,Barbacoa,Tamaño Fiesta O Reunión,Q16 - Q20,No,Sí,Portugal,Tal vez,Portugal,Kylian Mbappé; Federico Valverde; Ninguno,Premios y sorteos,Descuento directo,No,Edición España,Moderada,Espectador Pasivo,Jóvenes (<25)
1582,2026-04-09,10:33:31,25 - 34 Años,Masculino,Sacatepéquez,Sumpango,Profesional Independiente,1 A 2 Veces Por Semana,Tienda de barrio,Amigos,Q51 - Q100,Mundialitos Queso Picante; Gol Nachos Supreme,Queso,Individual,Q21 - Q30,Sí,Sí,Brasil,Probablemente no,España,Neymar Jr.,Una selección nacional,2x1,Sí,Edición Mundial Fifa 2026,Premium Alta,Casual,Adulto Joven (25-34)
1583,2026-02-05,21:30:13,18 - 24 Años,Femenino,Guatemala,Guatemala,Profesional Independiente,3 A 5 Veces Por Semana,Supermercado,Familia,Menos De Q25,Mundialitos Queso Picante; Caramel Goal Popcorn,Jalapeño,Para Compartir Entre 2 Personas,Q16 - Q20,No,Sí,Brasil,Probablemente no,Francia,Cristiano Ronaldo; Vinícius Júnior,Historias de aficionados,2x1,No,Edición Con Tarjetas Coleccionables,Sensible Al Precio,Espectador Pasivo,Jóvenes (<25)
1584,2026-02-06,17:15:53,25 - 34 Años,Masculino,Guatemala,San Miguel Petapa,Comerciante,1 A 2 Veces Por Semana,Supermercado,Solo,Q25 - Q50,Gol Nachos Supreme; ChocoKick Bites; Mundialitos Queso Picante,Caramelo,Tamaño Fiesta O Reunión,Q10 - Q15,Sí,Sí,Brasil,Probablemente sí,México,Lionel Messi,Un jugador famoso,Descuento directo,No,Edición Argentina,Moderada,Casual,Adulto Joven (25-34)
1585,2026-02-27,11:38:24,35 - 44 Años,Masculino,Escuintla,Santa Lucía Cotzumalguapa,Profesional Independiente,3 A 5 Veces Por Semana,Aplicación de delivery,Solo,Q51 - Q100,Caramel Goal Popcorn,Barbacoa,Tamaño Fiesta O Reunión,Q21 - Q30,No,Sí,México,Probablemente sí,Brasil,Christian Pulisic; Vinícius Júnior,Un jugador famoso,Sorteo de balones,Sí,Edición Brasil,Moderada,Fanático Target (Alto),Adulto Maduro (35-54)
1586,2026-03-22,17:06:12,45 - 54 Años,Femenino,Guatemala,Mixco,Empresario,Varias Veces Al Mes,Tienda de barrio,Amigos,Q51 - Q100,Victory Pretzels,,Familiar,Q16 - Q20,Sí,Sí,Portugal,Probablemente no,Argentina,Neymar Jr.,Una selección nacional,Descuento directo,Sí,Edición Mundial Fifa 2026,Premium Alta,Casual,Adulto Maduro (35-54)
1587,2026-01-11,13:38:15,Menos De 18 Años,Prefiero No Indicarlo,Guatemala,San Miguel Petapa,Empleado Público,Varias Veces Al Mes,Kiosco escolar/universitario,Familia,Menos De Q25,FutbolMix,Picante Chapín,Individual,Menos De Q10,Sí,Sí,Brasil,Probablemente sí,Brasil,Alphonso Davies; Julián Álvarez,Premios y sorteos,Descuento directo,Sí,Edición Argentina,Moderada,Fanático Target (Alto),Jóvenes (<25)
1588,2026-03-01,16:35:38,35 - 44 Años,Masculino,Retalhuleu,Retalhuleu,Empleado Privado,Todos Los Días,Tienda de barrio,Solo,Q25 - Q50,Mundialitos Queso Picante,Jalapeño,Tamaño Fiesta O Reunión,Q21 - Q30,Sí,Sí,Portugal,Probablemente sí, BRASIL ,Lionel Messi,Un jugador famoso,Descuento directo,No,Edición Brasil,Moderada,Casual,Adulto Maduro (35-54)
1589,2026-01-15,11:14:48,35 - 44 Años,Masculino,Guatemala,Guatemala,Empresario,1 A 2 Veces Por Semana,Tienda de barrio,Familia,Q101 - Q150,Energy Crunch Protein; CrunchMax BBQ,Jalapeño,Para Compartir Entre 2 Personas,Menos De Q10,Sí,No,México,Definitivamente sí,Argentina,Lamine Yamal; Lionel Messi; Cristiano Ronaldo,Un jugador famoso,Descuento directo,No,Edición Francia,Moderada,Espectador Pasivo,Adulto Maduro (35-54)
1590,2026-02-20,13:13:19,35 - 44 Años,Femenino,Guatemala,Mixco,Empleado Público,1 A 2 Veces Por Semana,Tienda de barrio,Solo,Más De Q150,ChocoKick Bites,Queso,Familiar,Q21 - Q30,Sí,No,Argentina,Probablemente sí,México,Alphonso Davies,Un jugador famoso,Descuento directo,Sí,Edición Argentina,Moderada,Espectador Pasivo,Adulto Maduro (35-54)
1591,2026-01-23,07:19:37,18 - 24 Años,Masculino,Chimaltenango,Chimaltenango,Empleado Privado,Varias Veces Al Mes,Supermercado,Compañeros de trabajo,Q25 - Q50,Gol Nachos Supreme; CrunchMax BBQ,Limón,Familiar,Q21 - Q30,No,No,Portugal,Definitivamente sí,Portugal,Cristiano Ronaldo,Un jugador famoso,Sorteo de viajes,Sí,Edición Inglaterra,Moderada,Espectador Pasivo,Jóvenes (<25)
1592,2026-02-23,21:08:25,25 - 34 Años,Femenino,Escuintla,Escuintla,Estudiante,3 A 5 Veces Por Semana,Tienda de barrio,Amigos,Q25 - Q50,Fan Chips Jalapeño; Gol Nachos Supreme; CrunchMax BBQ,Caramelo,Para Compartir Entre 2 Personas,Q21 - Q30,No,Sí,Brasil,Definitivamente sí,Portugal,Jude Bellingham; Neymar Jr.,Un jugador famoso,Sorteo de balones,Sí,Edición Francia,Moderada,Casual,Adulto Joven (25-34)
1593,2026-04-05,07:06:41,18 - 24 Años,Femenino,Quetzaltenango,Olintepeque,Empresario,Todos Los Días,Kiosco escolar/universitario,Familia,Q25 - Q50,Victory Pretzels; CrunchMax BBQ,Picante Chapín,Individual,Q16 - Q20,Sí,Sí,Curaçao,Probablemente no,Portugal,Jude Bellingham; Rodri; Julián Álvarez,Una selección nacional,Tarjetas coleccionables,No,Edición Brasil,Moderada,Espectador Pasivo,Jóvenes (<25)
1594,2026-02-05,14:16:55,18 - 24 Años,Masculino,Guatemala,Guatemala,Empleado Privado,3 A 5 Veces Por Semana,Supermercado,Solo,Q101 - Q150,FutbolMix; Gol Nachos Supreme,Queso,Para Compartir Entre 2 Personas,Q10 - Q15,No,Sí,Inglaterra,Probablemente sí,Inglaterra,Julián Álvarez,Un jugador famoso,Descuento directo,Sí,Edición Mundial Fifa 2026,Sensible Al Precio,Fanático Target (Alto),Jóvenes (<25)
1596,2026-03-14,12:45:26,25 - 34 Años,Femenino,Huehuetenango,Huehuetenango,Empleado Privado,3 A 5 Veces Por Semana,Supermercado,Amigos,Q51 - Q100,Fan Chips Jalapeño,Limón,Individual,Q21 - Q30,No,Sí,Francia,Definitivamente sí,Brasil,Julián Álvarez,Un jugador famoso,2x1,Sí,Edición Con Tarjetas Coleccionables,Moderada,Casual,Adulto Joven (25-34)
1597,2026-04-03,21:26:34,35 - 44 Años,Femenino,Chiquimula,,Estudiante,3 A 5 Veces Por Semana,Gasolinera,Amigos,Menos De Q25,Gol Nachos Supreme; CrunchMax BBQ; Fan Chips Jalapeño,Queso,Para Compartir Entre 2 Personas,Q16 - Q20,No,No,España,Probablemente sí,Argentina,Alphonso Davies; Cristiano Ronaldo; Kylian Mbappé,Una selección nacional,Sorteo de balones,No,Edición Brasil,Sensible Al Precio,Espectador Pasivo,Adulto Maduro (35-54)
1598,2026-04-11,08:58:56,18 - 24 Años,Femenino,Guatemala,Mixco,Empleado Privado,Varias Veces Al Mes,Tienda de barrio,Solo,Q51 - Q100,Mundialitos Queso Picante,Picante Chapín,Individual,Q10 - Q15,Sí,Sí,Estados Unidos,Tal vez,Portugal,Vinícius Júnior; Federico Valverde; Julián Álvarez,Premios y sorteos,Producto gratis,No,Edición Con Jugadores Famosos,Premium Alta,Espectador Pasivo,Jóvenes (<25)
1599,2026-01-19,18:15:47,25 - 34 Años,Masculino,Escuintla,Escuintla,Empleado Privado,Rara Vez,Supermercado,Familia,Más De Q150,ChocoKick Bites; CrunchMax BBQ,Picante Chapín,Tamaño Fiesta O Reunión,Q16 - Q20,Sí,Sí,Brasil,Probablemente sí,Argentina,Vinícius Júnior; Kylian Mbappé,Historias de aficionados,2x1,Sí,Edición Argentina,Moderada,Fanático Target (Alto),Adulto Joven (25-34)
1600,2026-01-15,19:46:42,Menos De 18 Años,Femenino,Guatemala,Santa Catarina Pinula,Comerciante,1 A 2 Veces Por Semana,Kiosco escolar/universitario,Familia,Menos De Q25,FutbolMix,Salado Tradicional,Familiar,Q21 - Q30,Sí,Sí,Uruguay,Probablemente sí,Argentina,Vinícius Júnior; Christian Pulisic,Un jugador famoso,2x1,No,Edición Con Jugadores Famosos,Moderada,Casual,Jóvenes (<25)
1601,2026-03-23,13:24:59,18 - 24 Años,Masculino,Chimaltenango,Tecpán Guatemala,Empleado Público,Todos Los Días,Aplicación de delivery,Otro,Q25 - Q50,Fan Chips Jalapeño; Hot Stadium Peanuts; Energy Crunch Protein,Dulce,Para Compartir Entre 2 Personas,Q21 - Q30,No,Sí,Colombia,Probablemente sí,Francia,Julián Álvarez; Cristiano Ronaldo,Premios y sorteos,Descuento directo,No,Edición Mundial Fifa 2026,Moderada,Casual,Jóvenes (<25)
1602,2026-02-04,15:34:35,Menos De 18 Años,Femenino,Guatemala,Villa Nueva,Empleado Privado,3 A 5 Veces Por Semana,Otro,Familia,Menos De Q25,Mundialitos Queso Picante; CrunchMax BBQ,Picante Chapín,Familiar,Q21 - Q30,No,Sí,Irak,Probablemente sí,México,Jude Bellingham,Premios y sorteos,2x1,Sí,Edición Inglaterra,Sensible Al Precio,Fanático Target (Alto),Jóvenes (<25)
1603,2026-01-27,22:11:06,25 - 34 Años,Femenino,Escuintla,Escuintla,Profesional Independiente,Todos Los Días,Gasolinera,Amigos,Q51 - Q100,Caramel Goal Popcorn,Picante Chapín,Individual,Q16 - Q20,Sí,Sí,Ghana,Probablemente sí,México,Lionel Messi; Cristiano Ronaldo,Premios y sorteos,Tarjetas coleccionables,Sí,Edición Con Jugadores Famosos,Premium Alta,Fanático Target (Alto),Adulto Joven (25-34)
1604,2026-03-01,08:12:24,35 - 44 Años,Femenino,Alta Verapaz,Cabecera municipal,Estudiante,3 A 5 Veces Por Semana,Gasolinera,Familia,Q51 - Q100,CrunchMax BBQ; Gol Nachos Supreme,Barbacoa,Para Compartir Entre 2 Personas,Q16 - Q20,No,Sí,Inglaterra,Probablemente sí,Brasil,Jude Bellingham,Un jugador famoso,2x1,No,Edición Argentina,Moderada,Casual,Adulto Maduro (35-54)
1605,2026-02-04,17:46:26,Menos De 18 Años,Femenino,Guatemala,Villa Nueva,Empleado Privado,Todos Los Días,Tienda de barrio,Solo,Q25 - Q50,Mundialitos Queso Picante,Queso,Familiar,Q10 - Q15,Sí,Sí,Portugal,Definitivamente no,Portugal,Cristiano Ronaldo,Una selección nacional,Tarjetas coleccionables,No,Edición Con Jugadores Famosos,Moderada,Espectador Pasivo,Jóvenes (<25)
1606,2026-02-04,22:33:27,45 - 54 Años,Femenino,Izabal,Otro municipio,Empleado Privado,1 A 2 Veces Por Semana,Aplicación de delivery,Amigos,Q101 - Q150,Gol Nachos Supreme; Mundialitos Queso Picante,Jalapeño,Tamaño Fiesta O Reunión,Q16 - Q20,Sí,Sí,Túnez,Probablemente sí,Argentina,Cristiano Ronaldo,Premios y sorteos,2x1,No,Edición Con Jugadores Famosos,Moderada,Casual,Adulto Maduro (35-54)
1607,2026-01-21,16:42:37,25 - 34 Años,Femenino,Guatemala,Mixco,Profesional Independiente,Todos Los Días,Supermercado,Amigos,Q101 - Q150,Mundialitos Queso Picante; CrunchMax BBQ; ChocoKick Bites,Picante Chapín,Tamaño Fiesta O Reunión,Q10 - Q15,No,Sí,Portugal,Definitivamente sí,México,Lionel Messi; Kylian Mbappé,Un jugador famoso,2x1,No,Edición Con Tarjetas Coleccionables,Sensible Al Precio,Espectador Pasivo,Adulto Joven (25-34)
1608,2026-03-24,22:21:05,25 - 34 Años,Femenino,Guatemala,Villa Nueva,Empleado Público,Varias Veces Al Mes,Supermercado,Solo,Q25 - Q50,Mundialitos Queso Picante; Hot Stadium Peanuts; Energy Crunch Protein,Dulce,Para Compartir Entre 2 Personas,Q16 - Q20,Sí,Sí,Brasil,Tal vez,Francia,Lionel Messi,Un jugador famoso,2x1,Sí,Edición Argentina,Moderada,Casual,Adulto Joven (25-34)
1609,2026-02-05,16:53:06,45 - 54 Años,Femenino,Huehuetenango,Cabecera municipal,Ama De Casa,Varias Veces Al Mes,Aplicación de delivery,Amigos,Q101 - Q150,CrunchMax BBQ,Dulce,Individual,,No,No,Estados Unidos,Probablemente no,Brasil,Vinícius Júnior,Una selección nacional,Sorteo de balones,Sí,Edición Mundial Fifa 2026,Sensible Al Precio,Espectador Pasivo,Adulto Maduro (35-54)
1610,2026-02-16,21:18:11,45 - 54 Años,Masculino,Guatemala,Mixco,Estudiante,Varias Veces Al Mes,Tienda de barrio,Amigos,Q25 - Q50,Gol Nachos Supreme; Caramel Goal Popcorn,Dulce,Para Compartir Entre 2 Personas,Q21 - Q30,Sí,No,Francia,Definitivamente sí,Inglaterra,Vinícius Júnior,Premios y sorteos,Sorteo de viajes,Sí,Edición Con Jugadores Famosos,Moderada,Espectador Pasivo,Adulto Maduro (35-54)
1611,2026-03-05,15:22:09,45 - 54 Años,Femenino,Chimaltenango,Tecpán Guatemala,Empleado Privado,1 A 2 Veces Por Semana,Tienda de barrio,Amigos,Q51 - Q100,Mundialitos Queso Picante; Energy Crunch Protein,Dulce,Familiar,Q10 - Q15,Sí,Sí,México,Tal vez,Paraguay,Vinícius Júnior; Neymar Jr.; Lionel Messi,Historias de aficionados,Sorteo de camisetas,No,Edición Brasil,Premium Alta,Espectador Pasivo,Adulto Maduro (35-54)
1612,2026-02-26,16:16:33,25 - 34 Años,Masculino,Petén,San Benito,Otro,1 A 2 Veces Por Semana,Aplicación de delivery,Familia,Q51 - Q100,Hot Stadium Peanuts; FutbolMix,Jalapeño,Tamaño Fiesta O Reunión,Q16 - Q20,Sí,Sí,Francia,Tal vez,Francia,Lionel Messi; Cristiano Ronaldo; Vinícius Júnior,Premios y sorteos,2x1,No,Edición Con Jugadores Famosos,Premium Alta,Espectador Pasivo,Adulto Joven (25-34)
1613,2026-03-23,07:52:24,25 - 34 Años,Femenino,Guatemala,Mixco,Estudiante,3 A 5 Veces Por Semana,Gasolinera,Familia,Q25 - Q50,ChocoKick Bites,Chocolate,Individual,Q16 - Q20,No,Sí,Inglaterra,Definitivamente sí,Portugal,Christian Pulisic; Ninguno; Kylian Mbappé,Una selección nacional,Producto gratis,Sí,Edición Con Jugadores Famosos,Moderada,Casual,Adulto Joven (25-34)
1614,2026-01-16,20:28:38,45 - 54 Años,Femenino,Escuintla,Santa Lucía Cotzumalguapa,,Todos Los Días,Tienda de barrio,Familia,Más De Q150,CrunchMax BBQ,Barbacoa,Para Compartir Entre 2 Personas,Q10 - Q15,Sí,Sí,Francia,Definitivamente sí,Argentina,Federico Valverde; Cristiano Ronaldo; Kylian Mbappé,Premios y sorteos,Sorteo de camisetas,Sí,Edición Con Jugadores Famosos,Moderada,Casual,Adulto Maduro (35-54)
1615,2026-04-28,12:54:46,18 - 24 Años,Femenino,Guatemala,Santa Catarina Pinula,Profesional Independiente,3 A 5 Veces Por Semana,Supermercado,Familia,Q51 - Q100,Hot Stadium Peanuts,Barbacoa,Familiar,Menos De Q10,No,Sí,México,Tal vez,Portugal,Lionel Messi; Neymar Jr.,Un jugador famoso,Descuento directo,Sí,Edición Con Jugadores Famosos,Moderada,Casual,Jóvenes (<25)
1616,2026-03-18,20:12:15,18 - 24 Años,Masculino,Quetzaltenango,Coatepeque,Estudiante,3 A 5 Veces Por Semana,Supermercado,Familia,Q25 - Q50,Hot Stadium Peanuts; FutbolMix; Victory Pretzels,Barbacoa,Familiar,Q21 - Q30,Sí,Sí,Estados Unidos,Probablemente sí,México,Neymar Jr.; Lionel Messi; Cristiano Ronaldo,Historias de aficionados,Tarjetas coleccionables,Sí,Edición Francia,Moderada,Fanático Target (Alto),Jóvenes (<25)
1617,2026-04-13,15:09:54,35 - 44 Años,Femenino,Jalapa,Otro municipio,Empleado Privado,Todos Los Días,Supermercado,Amigos,Menos De Q25,Caramel Goal Popcorn,Picante Chapín,Para Compartir Entre 2 Personas,Q16 - Q20,Sí,Sí,Brasil,Probablemente sí,Argentina,Cristiano Ronaldo,Una selección nacional,Descuento directo,Sí,Edición Brasil,Moderada,Fanático Target (Alto),Adulto Maduro (35-54)
1618,2026-02-15,13:45:24,Menos De 18 Años,Masculino,Chimaltenango,Patzún,Otro,Todos Los Días,Gasolinera,Familia,Q51 - Q100,Fan Chips Jalapeño; Gol Nachos Supreme; CrunchMax BBQ,Barbacoa,Individual,Q21 - Q30,Sí,Sí,Argentina,Tal vez,Argentina,Jude Bellingham,Premios y sorteos,Sorteo de camisetas,Sí,Edición Mundial Fifa 2026,Premium Alta,Casual,Jóvenes (<25)
1619,2026-01-19,19:00:14,25 - 34 Años,Femenino,Guatemala,Guatemala,Empleado Privado,3 A 5 Veces Por Semana,Supermercado,Amigos,Q25 - Q50,Gol Nachos Supreme,Barbacoa,Individual,Q10 - Q15,No,Sí,Brasil,Definitivamente sí,España,Neymar Jr.; Cristiano Ronaldo; Vinícius Júnior,Historias de aficionados,Tarjetas coleccionables,Sí,Edición Brasil,Moderada,Casual,Adulto Joven (25-34)
1620,2026-03-23,09:32:37,45 - 54 Años,Masculino,Escuintla,Santa Lucía Cotzumalguapa,Empleado Privado,3 A 5 Veces Por Semana,Tienda de barrio,Amigos,Q25 - Q50,Energy Crunch Protein,Limón,Familiar,Q10 - Q15,No,No, MÉXICO ,Tal vez,,Vinícius Júnior; Cristiano Ronaldo; Rodri,Un jugador famoso,Tarjetas coleccionables,No,Edición Brasil,Moderada,Espectador Pasivo,Adulto Maduro (35-54)
1621,2026-03-27,15:23:29,18 - 24 Años,Femenino,Guatemala,San Miguel Petapa,Empleado Privado,Rara Vez,Supermercado,Amigos,Q25 - Q50,Gol Nachos Supreme; CrunchMax BBQ,Salado Tradicional,Tamaño Fiesta O Reunión,Q10 - Q15,Sí,Sí,Inglaterra,Probablemente sí,Nueva Zelanda,Cristiano Ronaldo; Neymar Jr.; Lamine Yamal,Humor,Descuento directo,Sí,Edición Inglaterra,Moderada,Fanático Target (Alto),Jóvenes (<25)
1622,2026-02-28,22:44:35,25 - 34 Años,Femenino,Guatemala,Villa Nueva,Comerciante,3 A 5 Veces Por Semana,Kiosco escolar/universitario,Amigos,Q101 - Q150,Fan Chips Jalapeño; Mundialitos Queso Picante,Jalapeño,Familiar,Q10 - Q15,Sí,Sí,Portugal,Probablemente sí,México,Christian Pulisic; Lionel Messi; Neymar Jr.,Un jugador famoso,Descuento directo,No,Edición Argentina,Moderada,Casual,Adulto Joven (25-34)
1623,2026-03-21,10:29:28,18 - 24 Años,Femenino,Guatemala,Mixco,Estudiante,3 A 5 Veces Por Semana,Tienda de barrio,Familia,Q101 - Q150,Victory Pretzels; FutbolMix; CrunchMax BBQ,Jalapeño,Tamaño Fiesta O Reunión,Q16 - Q20,Sí,Sí,Alemania,Probablemente sí,Brasil,Cristiano Ronaldo,Una selección nacional,2x1,Sí,Edición Brasil,Moderada,Fanático Target (Alto),Jóvenes (<25)
1624,2026-02-11,09:55:12,18 - 24 Años,Masculino,Guatemala,Villa Nueva,Comerciante,3 A 5 Veces Por Semana,Otro,Solo,Más De Q150,Mundialitos Queso Picante,Chocolate,Para Compartir Entre 2 Personas,Q16 - Q20,Sí,No,Argentina,Definitivamente sí,Inglaterra,Harry Kane,Un jugador famoso,Tarjetas coleccionables,Sí,Edición Con Tarjetas Coleccionables,Moderada,Espectador Pasivo,Jóvenes (<25)
1625,2026-03-26,12:16:46,18 - 24 Años,Masculino,Guatemala,Mixco,Profesional Independiente,1 A 2 Veces Por Semana,Kiosco escolar/universitario,Familia,Q25 - Q50,CrunchMax BBQ,Barbacoa,Familiar,Q10 - Q15,No,Sí,México,Probablemente sí,Brasil,Alphonso Davies,Premios y sorteos,Descuento directo,Sí,Edición España,Moderada,Fanático Target (Alto),Jóvenes (<25)
1626,2026-01-31,19:34:32,Menos De 18 Años,Masculino,Guatemala,San Miguel Petapa,Empleado Privado,3 A 5 Veces Por Semana,Tienda de barrio,Amigos,Q101 - Q150,Fan Chips Jalapeño; Mundialitos Queso Picante; Caramel Goal Popcorn,Chocolate,Para Compartir Entre 2 Personas,Q21 - Q30,No,Sí,Croacia,Definitivamente sí,Estados Unidos,Cristiano Ronaldo; Christian Pulisic; Lionel Messi,Una selección nacional,Descuento directo,Sí,Edición Francia,Sensible Al Precio,Casual,Jóvenes (<25)
1627,2026-04-09,19:01:40,45 - 54 Años,Femenino,Petén,Flores,Profesional Independiente,Todos Los Días,Kiosco escolar/universitario,Compañeros de trabajo,Menos De Q25,Fan Chips Jalapeño,Jalapeño,Para Compartir Entre 2 Personas,Más De Q30,Sí,Sí,Argentina,Probablemente no,México,Cristiano Ronaldo; Neymar Jr.; Alphonso Davies,Un jugador famoso,Sorteo de viajes,No,Edición Brasil,Moderada,Espectador Pasivo,Adulto Maduro (35-54)
1628,2026-03-18,07:46:34,45 - 54 Años,Masculino,Sololá,Otro municipio,Jubilado,3 A 5 Veces Por Semana,Otro,Familia,Q101 - Q150,Gol Nachos Supreme,Jalapeño,Tamaño Fiesta O Reunión,Q10 - Q15,No,Sí,Bosnia y Herzegovina,Probablemente no,Argentina,Cristiano Ronaldo; Lionel Messi; Julián Álvarez,Historias de aficionados,2x1,No,Edición Con Jugadores Famosos,Sensible Al Precio,Espectador Pasivo,Adulto Maduro (35-54)
1629,2026-02-10,22:14:07,25 - 34 Años,Masculino,Guatemala,Guatemala,Otro,1 A 2 Veces Por Semana,Tienda de barrio,Amigos,Q25 - Q50,CrunchMax BBQ; Mundialitos Queso Picante,Barbacoa,Para Compartir Entre 2 Personas,Q21 - Q30,No,Sí,Inglaterra,Tal vez,Portugal,Christian Pulisic; Vinícius Júnior,Historias de aficionados,Sorteo de camisetas,No,Edición Mundial Fifa 2026,Moderada,Espectador Pasivo,Adulto Joven (25-34)
1630,2026-03-19,12:42:58,35 - 44 Años,Femenino,Zacapa,Cabecera municipal,Empleado Privado,1 A 2 Veces Por Semana,Gasolinera,Familia,Q51 - Q100,CrunchMax BBQ; Hot Stadium Peanuts; Energy Crunch Protein,Picante Chapín,Para Compartir Entre 2 Personas,Q16 - Q20,Sí,Sí,Francia,Tal vez,Francia,Lionel Messi; Cristiano Ronaldo,Premios y sorteos,Sorteo de viajes,No,Edición Con Jugadores Famosos,Premium Alta,Espectador Pasivo,Adulto Maduro (35-54)
1631,2026-02-13,21:58:59,25 - 34 Años,Femenino,Guatemala,San Miguel Petapa,Estudiante,Varias Veces Al Mes,Tienda de barrio,Compañeros de trabajo,Q25 - Q50,FutbolMix; Gol Nachos Supreme,Picante Chapín,Familiar,Q10 - Q15,No,No,Brasil,Probablemente sí,Inglaterra,Lionel Messi,Premios y sorteos,2x1,No,Edición Brasil,Moderada,Espectador Pasivo,Adulto Joven (25-34)
1632,2026-03-30,08:20:17,55 Años O Más,Masculino,Chimaltenango, TECPÁN GUATEMALA ,Empleado Privado,1 A 2 Veces Por Semana,Otro,Familia,Q25 - Q50,Mundialitos Queso Picante; Caramel Goal Popcorn; FutbolMix,Chocolate,Tamaño Fiesta O Reunión,Q21 - Q30,No,No,Inglaterra,Tal vez,Portugal,Ninguno; Lionel Messi,Humor,Descuento directo,Sí,Edición Argentina,Moderada,Espectador Pasivo,Adulto Mayor (55+)
1633,2026-02-01,13:54:33,18 - 24 Años,Femenino,Guatemala,Mixco,Profesional Independiente,1 A 2 Veces Por Semana,Aplicación de delivery,Solo,Menos De Q25,Mundialitos Queso Picante; ChocoKick Bites; Gol Nachos Supreme,Limón,Tamaño Fiesta O Reunión,Q10 - Q15,No,Sí,Argentina,Probablemente sí,Portugal,Lionel Messi; Neymar Jr.,Humor,2x1,Sí,Edición Con Tarjetas Coleccionables,Sensible Al Precio,Fanático Target (Alto),Jóvenes (<25)
1634,2026-02-28,16:51:02,18 - 24 Años,Femenino,Guatemala,Mixco,Estudiante,3 A 5 Veces Por Semana,Gasolinera,Amigos,Q25 - Q50,Mundialitos Queso Picante; Gol Nachos Supreme; Hot Stadium Peanuts,Picante Chapín,Individual,Q16 - Q20,Sí,Sí,Argentina,Tal vez,Brasil,Kylian Mbappé,Premios y sorteos,Tarjetas coleccionables,Sí,Edición Con Jugadores Famosos,Moderada,Casual,Jóvenes (<25)
1635,2026-03-01,15:50:05,18 - 24 Años,Femenino,Guatemala,Villa Nueva,Empleado Público,Rara Vez,Tienda de barrio,Familia,Q25 - Q50,Gol Nachos Supreme; CrunchMax BBQ; Energy Crunch Protein,Barbacoa,Familiar,Q16 - Q20,Sí,Sí,España,Probablemente sí,Argentina,Lamine Yamal; Cristiano Ronaldo,Un jugador famoso,Tarjetas coleccionables,Sí,Edición Argentina,Moderada,Fanático Target (Alto),Jóvenes (<25)
1636,2026-04-27,19:18:47,35 - 44 Años,Femenino,Guatemala,San Miguel Petapa,Comerciante,Todos Los Días,Aplicación de delivery,Familia,Q101 - Q150,CrunchMax BBQ,Picante Chapín,Tamaño Fiesta O Reunión,Q16 - Q20,Sí,Sí,México,Tal vez,Paraguay,Harry Kane; Cristiano Ronaldo,Historias de aficionados,2x1,Sí,Edición Con Tarjetas Coleccionables,Moderada,Casual,Adulto Maduro (35-54)
1637,2026-05-09,21:00:22,35 - 44 Años,Masculino,Escuintla,Santa Lucía Cotzumalguapa,Empleado Privado,Todos Los Días,Kiosco escolar/universitario,Familia,Q25 - Q50,ChocoKick Bites; Fan Chips Jalapeño,Barbacoa,Para Compartir Entre 2 Personas,Q21 - Q30,No,Sí,South Africa,Probablemente sí,Curaçao,Jude Bellingham,Un jugador famoso,Producto gratis,Sí,Edición Con Jugadores Famosos,Moderada,Fanático Target (Alto),Adulto Maduro (35-54)
1638,2026-04-22,13:31:22,18 - 24 Años,Femenino,Guatemala,Villa Nueva,Comerciante,Varias Veces Al Mes,Tienda de barrio,Familia,Q25 - Q50,CrunchMax BBQ,Dulce,Familiar,Menos De Q10,No,Sí,Costa de Marfil,Definitivamente sí,Estados Unidos,Alphonso Davies,Humor,Producto gratis,Sí,Edición Con Tarjetas Coleccionables,Moderada,Casual,Jóvenes (<25)
1639,2026-05-04,19:30:31,25 - 34 Años,Femenino,Alta Verapaz,Cabecera municipal,Ama De Casa,1 A 2 Veces Por Semana,,Compañeros de trabajo,Q51 - Q100,Fan Chips Jalapeño,Queso,Familiar,Menos De Q10,Sí,Sí,Estados Unidos,Probablemente sí,Portugal,Neymar Jr.; Kylian Mbappé,Humor,2x1,No,Edición Con Jugadores Famosos,Premium Alta,Casual,Adulto Joven (25-34)
1640,2026-04-24,09:41:29,25 - 34 Años,Prefiero No Indicarlo,Chimaltenango,Patzún,Jubilado,1 A 2 Veces Por Semana,Aplicación de delivery,Compañeros de trabajo,Más De Q150,CrunchMax BBQ,Barbacoa,Familiar,Más De Q30,Sí,Sí,Alemania,Probablemente sí,Argentina,Federico Valverde; Lionel Messi; Vinícius Júnior,Historias de aficionados,Descuento directo,Sí,Edición Francia,Moderada,Fanático Target (Alto),Adulto Joven (25-34)
1641,2026-02-20,14:13:31,25 - 34 Años,Masculino,Guatemala,Mixco,Estudiante,Todos Los Días,Gasolinera,Amigos,Más De Q150,Caramel Goal Popcorn,Picante Chapín,Para Compartir Entre 2 Personas,Q10 - Q15,Sí,Sí,Estados Unidos,Tal vez,Alemania,Julián Álvarez; Vinícius Júnior,Humor,Descuento directo,Sí,Edición Argentina,Moderada,Casual,Adulto Joven (25-34)
1642,2026-03-05,13:40:14,35 - 44 Años,Femenino,Guatemala,Santa Catarina Pinula,Empleado Privado,Rara Vez,Supermercado,Familia,Q25 - Q50,Mundialitos Queso Picante,Chocolate,Para Compartir Entre 2 Personas,Q10 - Q15,Sí,Sí,Brasil,Probablemente no,Estados Unidos,Neymar Jr.,Un jugador famoso,Descuento directo,Sí,Edición Argentina,Moderada,Casual,Adulto Maduro (35-54)
1643,2026-01-26,07:13:38,18 - 24 Años,Femenino,Guatemala,Guatemala,Empleado Privado,Varias Veces Al Mes,Tienda de barrio,Familia,Q51 - Q100,Caramel Goal Popcorn; Mundialitos Queso Picante,Barbacoa,Para Compartir Entre 2 Personas,Q10 - Q15,Sí,Sí,Brasil,Definitivamente sí,México,Jude Bellingham; Vinícius Júnior; Harry Kane,Humor,Producto gratis,Sí,Edición Argentina,Premium Alta,Casual,Jóvenes (<25)
1644,2026-04-26,14:43:26,25 - 34 Años,Masculino,Zacapa,Zacapa,Comerciante,3 A 5 Veces Por Semana,Supermercado,Amigos,Q101 - Q150,ChocoKick Bites,Limón,Tamaño Fiesta O Reunión,Q21 - Q30,Sí,Sí,Francia,Probablemente no, MÉXICO ,Kylian Mbappé; Cristiano Ronaldo,Historias de aficionados,Sorteo de camisetas,Sí,Edición España,Moderada,Casual,Adulto Joven (25-34)
1645,2026-04-18,17:03:21,Menos De 18 Años,Femenino,Escuintla,Santa Lucía Cotzumalguapa,Empresario,1 A 2 Veces Por Semana,Supermercado,Amigos,Menos De Q25,Caramel Goal Popcorn,Queso,Familiar,Q21 - Q30,No,Sí,Brasil,Definitivamente sí,Colombia,Ninguno; Lamine Yamal; Kylian Mbappé,Historias de aficionados,2x1,No,Edición Con Jugadores Famosos,Sensible Al Precio,Espectador Pasivo,Jóvenes (<25)
1646,2026-02-19,18:40:22,25 - 34 Años,Masculino,Guatemala,Mixco,Profesional Independiente,Rara Vez,Kiosco escolar/universitario,Familia,Q51 - Q100,FutbolMix; CrunchMax BBQ,Barbacoa,Familiar,Q21 - Q30,Sí,Sí,Argentina,Tal vez,Francia,Jude Bellingham,Una selección nacional,2x1,Sí,Edición Mundial Fifa 2026,Premium Alta,Casual,Adulto Joven (25-34)
1647,2026-04-03,12:00:32,55 Años O Más,Femenino,Guatemala,Guatemala,Estudiante,3 A 5 Veces Por Semana,Kiosco escolar/universitario,Familia,Q51 - Q100,ChocoKick Bites; Caramel Goal Popcorn,Jalapeño,Tamaño Fiesta O Reunión,Q10 - Q15,Sí,Sí,España,Definitivamente sí,Inglaterra,Cristiano Ronaldo; Ninguno,Una selección nacional,Producto gratis,No,Edición Con Jugadores Famosos,Premium Alta,Espectador Pasivo,Adulto Mayor (55+)
1648,2026-03-31,19:19:25,35 - 44 Años,Femenino,Sololá,Cabecera municipal,Empleado Privado,3 A 5 Veces Por Semana,Kiosco escolar/universitario,Familia,Más De Q150,FutbolMix; Mundialitos Queso Picante; Hot Stadium Peanuts,Queso,Familiar,Q16 - Q20,Sí,Sí,México,Definitivamente sí,Argentina,Cristiano Ronaldo; Vinícius Júnior,Humor,Tarjetas coleccionables,No,Edición Con Jugadores Famosos,Moderada,Espectador Pasivo,Adulto Maduro (35-54)
1649,2026-04-01,15:50:55,35 - 44 Años,Masculino,Jalapa,Otro municipio,Jubilado,Todos Los Días,Aplicación de delivery,Amigos,Q51 - Q100,Caramel Goal Popcorn; ChocoKick Bites; Mundialitos Queso Picante,Barbacoa,Familiar,Q10 - Q15,No,Sí,Brasil,Probablemente no,Inglaterra,Jude Bellingham,Un jugador famoso,Producto gratis,No,Edición Argentina,Moderada,Espectador Pasivo,Adulto Maduro (35-54)
1650,2026-03-19,19:39:11,35 - 44 Años,Femenino,Guatemala,Santa Catarina Pinula,Empleado Privado,Todos Los Días,Gasolinera,Compañeros de trabajo,Q51 - Q100,Victory Pretzels; Gol Nachos Supreme,Queso,Individual,Q16 - Q20,No,Sí,Brasil,Definitivamente sí,Argentina,Cristiano Ronaldo,Una selección nacional,Descuento directo,Sí,Edición Con Tarjetas Coleccionables,Moderada,Casual,Adulto Maduro (35-54)
1651,2026-02-22,14:58:22,35 - 44 Años,Masculino,Huehuetenango,Huehuetenango,Estudiante,1 A 2 Veces Por Semana,Gasolinera,Familia,Q51 - Q100,FutbolMix,Picante Chapín,Individual,Q21 - Q30,No,Sí,Argentina,Probablemente sí,España,Vinícius Júnior; Julián Álvarez; Kylian Mbappé,Un jugador famoso,Sorteo de balones,No,Edición Brasil,Moderada,Casual,Adulto Maduro (35-54)
1652,2026-03-28,21:03:43,25 - 34 Años,Masculino,Guatemala,San Miguel Petapa,Profesional Independiente,3 A 5 Veces Por Semana,Supermercado,Familia,Q101 - Q150,Hot Stadium Peanuts; Mundialitos Queso Picante; Fan Chips Jalapeño,Chocolate,Familiar,Q21 - Q30,Sí,Sí,Uruguay,Definitivamente sí,Brasil,Cristiano Ronaldo,Humor,Producto gratis,Sí,Edición Argentina,Moderada,Casual,Adulto Joven (25-34)
1653,2026-04-21,10:09:07,35 - 44 Años,Masculino,Guatemala,Guatemala,Empleado Privado,Varias Veces Al Mes,Supermercado,Amigos,Más De Q150,CrunchMax BBQ; FutbolMix,Picante Chapín,Individual,Q16 - Q20,Sí,Sí, ARGENTINA ,Tal vez,Argentina,Lionel Messi; Neymar Jr.; Rodri,Premios y sorteos,Tarjetas coleccionables,No,Edición Argentina,Moderada,Espectador Pasivo,Adulto Maduro (35-54)
1654,2026-02-13,20:36:07,Menos De 18 Años,Masculino,San Marcos,Otro municipio,Ama De Casa,1 A 2 Veces Por Semana,Supermercado,Amigos,Q25 - Q50,CrunchMax BBQ; Caramel Goal Popcorn; Mundialitos Queso Picante,Queso,Familiar,,Sí,Sí,España,Tal vez,Argentina,Lionel Messi; Neymar Jr.; Jude Bellingham,Premios y sorteos,Descuento directo,No,Edición Inglaterra,Moderada,Espectador Pasivo,Jóvenes (<25)
1655,2026-04-05,15:29:24,35 - 44 Años,Femenino,Quetzaltenango,Olintepeque,Ama De Casa,3 A 5 Veces Por Semana,Kiosco escolar/universitario,Compañeros de trabajo,Q51 - Q100,Mundialitos Queso Picante; Victory Pretzels; Caramel Goal Popcorn,Barbacoa,Individual,Q16 - Q20,Sí,Sí,Francia,Tal vez,Argentina,Jude Bellingham,Premios y sorteos,Descuento directo,Sí,Edición Con Jugadores Famosos,Premium Alta,Casual,Adulto Maduro (35-54)
1656,2026-02-25,08:45:32,18 - 24 Años,Masculino,Guatemala,Santa Catarina Pinula,Empleado Público,1 A 2 Veces Por Semana,Otro,Compañeros de trabajo,Q51 - Q100,Mundialitos Queso Picante; Caramel Goal Popcorn; CrunchMax BBQ,Barbacoa,Familiar,Q10 - Q15,Sí,No,Argentina,Definitivamente sí,Francia,Christian Pulisic; Harry Kane; Jude Bellingham,Humor,2x1,Sí,Edición Argentina,Premium Alta,Espectador Pasivo,Jóvenes (<25)
1657,2026-04-24,21:15:38,18 - 24 Años,Masculino,Jalapa,Cabecera municipal,Empleado Privado,Varias Veces Al Mes,Supermercado,Amigos,Q25 - Q50,ChocoKick Bites,Salado Tradicional,Familiar,Q10 - Q15,Sí,Sí,Francia,Probablemente sí,México,Cristiano Ronaldo; Harry Kane,Premios y sorteos,Sorteo de camisetas,No,Edición Argentina,Moderada,Casual,Jóvenes (<25)
1658,2026-04-17,13:16:52,25 - 34 Años,Femenino,Totonicapán,Totonicapán,Empleado Privado,Todos Los Días,Otro,Amigos,Más De Q150,Hot Stadium Peanuts; ChocoKick Bites,Salado Tradicional,Familiar,Más De Q30,No,Sí,Colombia,Probablemente sí,España,Lionel Messi,Humor,Sorteo de camisetas,Sí,Edición Mundial Fifa 2026,Sensible Al Precio,Fanático Target (Alto),Adulto Joven (25-34)
1659,2026-04-20,07:16:57,18 - 24 Años,Femenino,Totonicapán,Totonicapán,Otro,1 A 2 Veces Por Semana,Tienda de barrio,Familia,Más De Q150,Gol Nachos Supreme; Victory Pretzels; CrunchMax BBQ,Picante Chapín,Familiar,Q10 - Q15,Sí,Sí,Portugal,Probablemente sí,España,Lionel Messi,Una selección nacional,2x1,Sí,Edición Brasil,Moderada,Fanático Target (Alto),Jóvenes (<25)
1660,2026-02-26,14:53:17,18 - 24 Años,Femenino,Baja Verapaz,Otro municipio,Ama De Casa,1 A 2 Veces Por Semana,Supermercado,Familia,Q51 - Q100,Caramel Goal Popcorn; FutbolMix,Queso,Individual,Q21 - Q30,No,Sí,Francia,Probablemente sí,Argentina,Cristiano Ronaldo,Un jugador famoso,Sorteo de camisetas,Sí,Edición Brasil,Moderada,Fanático Target (Alto),Jóvenes (<25)
1661,2026-03-30,08:19:59,Menos De 18 Años,Femenino,Escuintla,Palín,Empleado Público,1 A 2 Veces Por Semana,Gasolinera,Familia,Q51 - Q100,Caramel Goal Popcorn; Energy Crunch Protein,Limón,Individual,Q21 - Q30,No,Sí,Colombia,Probablemente sí,,Neymar Jr.; Lionel Messi; Lamine Yamal,Humor,Descuento directo,Sí,Edición Con Jugadores Famosos,Moderada,Fanático Target (Alto),Jóvenes (<25)
1662,2026-02-10,21:46:18,35 - 44 Años,Masculino,Zacapa,,Empleado Privado,1 A 2 Veces Por Semana,Supermercado,Familia,Q25 - Q50,Victory Pretzels; Gol Nachos Supreme; Fan Chips Jalapeño,Chocolate,Para Compartir Entre 2 Personas,Q21 - Q30,No,Sí,España,Probablemente sí,Brasil,Kylian Mbappé,Una selección nacional,Descuento directo,Sí,Edición Mundial Fifa 2026,Moderada,Fanático Target (Alto),Adulto Maduro (35-54)
1663,2026-04-15,11:54:21,18 - 24 Años,Femenino,Guatemala,Mixco,,3 A 5 Veces Por Semana,Supermercado,Amigos,Q25 - Q50,CrunchMax BBQ,Picante Chapín,Familiar,Q21 - Q30,No,No,España,Tal vez,España,Neymar Jr.; Lionel Messi; Cristiano Ronaldo,Historias de aficionados,Sorteo de viajes,Sí,Edición Francia,Moderada,Espectador Pasivo,Jóvenes (<25)
1664,2026-05-06,09:30:05,35 - 44 Años,Femenino,Guatemala,Guatemala,Comerciante,1 A 2 Veces Por Semana,Tienda de barrio,Familia,Q51 - Q100,CrunchMax BBQ; Gol Nachos Supreme; Mundialitos Queso Picante,Jalapeño,Para Compartir Entre 2 Personas,Menos De Q10,Sí,Sí,Argentina,Probablemente sí,Brasil,Lionel Messi; Rodri; Vinícius Júnior,Una selección nacional,Producto gratis,No,Edición Mundial Fifa 2026,Premium Alta,Casual,Adulto Maduro (35-54)
1665,2026-03-16,22:31:38,25 - 34 Años,Masculino,Sololá,Cabecera municipal,Empleado Privado,3 A 5 Veces Por Semana,Supermercado,Amigos,Q51 - Q100,Mundialitos Queso Picante; FutbolMix,Dulce,Individual,Q16 - Q20,Sí,Sí,Brasil,Probablemente no,Brasil,Cristiano Ronaldo,Historias de aficionados,2x1,Sí,Edición Brasil,Premium Alta,Casual,Adulto Joven (25-34)
1666,2026-01-23,19:04:20,35 - 44 Años,Femenino,Izabal,Otro municipio,Ama De Casa,Todos Los Días,Aplicación de delivery,Familia,Q25 - Q50,Caramel Goal Popcorn,Queso,Individual,Menos De Q10,Sí,Sí,Portugal,Definitivamente sí,Argentina,Cristiano Ronaldo; Neymar Jr.,Humor,Descuento directo,No,Edición Con Tarjetas Coleccionables,Moderada,Espectador Pasivo,Adulto Maduro (35-54)
1667,2026-02-19,09:32:44,25 - 34 Años,Masculino,Guate,Mixco,Estudiante,Varias Veces Al Mes,Gasolinera,Amigos,Q51 - Q100,FutbolMix; Caramel Goal Popcorn; Gol Nachos Supreme,Caramelo,Para Compartir Entre 2 Personas,Q16 - Q20,Sí,Sí,España,Tal vez,Inglaterra,Cristiano Ronaldo,Un jugador famoso,Sorteo de camisetas,Sí,Edición Francia,Premium Alta,Casual,Adulto Joven (25-34)
1668,2026-03-06,08:13:06,35 - 44 Años,Femenino,San Marcos,San Marcos,Profesional Independiente,Varias Veces Al Mes,Aplicación de delivery,Compañeros de trabajo,Q51 - Q100,FutbolMix; Gol Nachos Supreme,Limón,Individual,Q10 - Q15,Sí,Sí,Brasil,Tal vez,,Lamine Yamal,Premios y sorteos,Descuento directo,Sí,Edición Con Jugadores Famosos,Premium Alta,Casual,Adulto Maduro (35-54)
1669,2026-03-23,21:39:25,25 - 34 Años,Masculino,Guatemala,San Miguel Petapa,Empleado Privado,3 A 5 Veces Por Semana,Tienda de barrio,Familia,Q25 - Q50,Fan Chips Jalapeño; Gol Nachos Supreme; ChocoKick Bites,Limón,Para Compartir Entre 2 Personas,Q16 - Q20,No,Sí,Brasil,Definitivamente sí,Argentina,Vinícius Júnior,Premios y sorteos,2x1,No,Edición Con Jugadores Famosos,Moderada,Espectador Pasivo,Adulto Joven (25-34)
1670,2026-04-03,18:28:02,35 - 44 Años,Femenino,Guate,Villa Nueva,Empleado Privado,1 A 2 Veces Por Semana,Tienda de barrio,Compañeros de trabajo,Q25 - Q50,Victory Pretzels,Queso,Familiar,Q21 - Q30,No,Sí,Inglaterra,Definitivamente sí,México,Lionel Messi; Harry Kane,Un jugador famoso,2x1,No,Edición Mundial Fifa 2026,Moderada,Espectador Pasivo,Adulto Maduro (35-54)
1671,2026-03-27,12:02:18,35 - 44 Años,Masculino,Chimaltenango,Chimaltenango,Estudiante,1 A 2 Veces Por Semana,Aplicación de delivery,Amigos,Q25 - Q50,Mundialitos Queso Picante; ChocoKick Bites; FutbolMix,Jalapeño,Individual,Q21 - Q30,No,Sí,México,Tal vez,Argentina,Lionel Messi; Neymar Jr.,Humor,Sorteo de balones,No,Edición Inglaterra,Moderada,Espectador Pasivo,Adulto Maduro (35-54)
1672,2026-04-28,10:52:42,25 - 34 Años,Femenino,Escuintla,Palín,Estudiante,Varias Veces Al Mes,Kiosco escolar/universitario,Amigos,Menos De Q25,FutbolMix; Hot Stadium Peanuts,Barbacoa,Tamaño Fiesta O Reunión,Q10 - Q15,Sí,Sí,Argentina,Probablemente sí,Francia,Cristiano Ronaldo; Neymar Jr.; Alphonso Davies,Un jugador famoso,Sorteo de camisetas,Sí,Edición Brasil,Moderada,Fanático Target (Alto),Adulto Joven (25-34)
1673,2026-02-11,11:16:53,Menos De 18 Años,Femenino,Guatemala,Mixco,Empleado Privado,Varias Veces Al Mes,Supermercado,Amigos,Q25 - Q50,Energy Crunch Protein,Dulce,Familiar,Q21 - Q30,Sí,No,Argentina,Probablemente sí,Argentina,Cristiano Ronaldo; Lionel Messi; Vinícius Júnior,Humor,Sorteo de viajes,Sí,Edición Francia,Moderada,Espectador Pasivo,Jóvenes (<25)
1674,2026-05-02,07:18:05,35 - 44 Años,Femenino,Guatemala,Villa Nueva,Empresario,Varias Veces Al Mes,Supermercado,Otro,Q25 - Q50,FutbolMix; CrunchMax BBQ,Queso,Para Compartir Entre 2 Personas,Q10 - Q15,No,Sí,Brasil,Probablemente sí,México,Lamine Yamal; Alphonso Davies,Humor,2x1,Sí,Edición Brasil,Moderada,Fanático Target (Alto),Adulto Maduro (35-54)
1675,2026-04-12,16:49:37,25 - 34 Años,Femenino,Guatemala,Mixco,Estudiante,Todos Los Días,Aplicación de delivery,Solo,Q51 - Q100,Caramel Goal Popcorn,Limón,Para Compartir Entre 2 Personas,Q10 - Q15,No,Sí,Portugal,Probablemente sí,Argentina,Ninguno; Vinícius Júnior; Cristiano Ronaldo,Una selección nacional,2x1,No,Edición Con Jugadores Famosos,Moderada,Casual,Adulto Joven (25-34)
1676,2026-04-07,13:10:44,45 - 54 Años,Femenino,Sacatepéquez,Ciudad Vieja,Empleado Público,3 A 5 Veces Por Semana,Tienda de barrio,Amigos,Más De Q150,FutbolMix; Hot Stadium Peanuts,Picante Chapín,Familiar,Q16 - Q20,Sí,Sí,Estados Unidos,Tal vez,Argentina,Federico Valverde; Kylian Mbappé; Cristiano Ronaldo,Humor,Tarjetas coleccionables,Sí,Edición Con Jugadores Famosos,Moderada,Casual,Adulto Maduro (35-54)
1677,2026-04-05,15:25:38,25 - 34 Años,Femenino,Suchitepéquez,Otro municipio,Empleado Privado,Varias Veces Al Mes,Gasolinera,Familia,Q51 - Q100,Victory Pretzels; Mundialitos Queso Picante,Limón,Para Compartir Entre 2 Personas,Q10 - Q15,No,Sí,Francia,Probablemente sí,Estados Unidos,Vinícius Júnior; Lionel Messi; Jude Bellingham,Un jugador famoso,Tarjetas coleccionables,Sí,Edición Con Jugadores Famosos,Moderada,Fanático Target (Alto),Adulto Joven (25-34)
1678,2026-02-18,17:57:45,25 - 34 Años,Masculino,Quetzaltenango,,Estudiante,3 A 5 Veces Por Semana,Kiosco escolar/universitario,Familia,Q51 - Q100,Mundialitos Queso Picante,Barbacoa,Para Compartir Entre 2 Personas,Q16 - Q20,Sí,Sí,Brasil,Probablemente sí,Argentina,Lionel Messi; Jude Bellingham,Un jugador famoso,Sorteo de balones,Sí,Edición Mundial Fifa 2026,Premium Alta,Fanático Target (Alto),Adulto Joven (25-34)
1679,2026-03-10,19:54:56,18 - 24 Años,Masculino,Quetzaltenango,Quetzaltenango,Ama De Casa,1 A 2 Veces Por Semana,Supermercado,Familia,Q51 - Q100,Gol Nachos Supreme; FutbolMix; Energy Crunch Protein,Jalapeño,Familiar,Q10 - Q15,No,Sí,España,Probablemente no,Argentina,Lamine Yamal; Kylian Mbappé,Una selección nacional,Producto gratis,Sí,Edición Francia,Moderada,Casual,Jóvenes (<25)
1680,2026-02-14,11:21:20,55 Años O Más,Masculino,Guate,Santa Catarina Pinula,Comerciante,1 A 2 Veces Por Semana,Supermercado,Familia,Q51 - Q100,CrunchMax BBQ; Victory Pretzels; ChocoKick Bites,Dulce,Individual,Q16 - Q20,Sí,Sí,México,Definitivamente sí,Qatar,Kylian Mbappé; Jude Bellingham; Cristiano Ronaldo,Un jugador famoso,2x1,No,Edición Con Jugadores Famosos,Premium Alta,Espectador Pasivo,Adulto Mayor (55+)
1681,2026-04-08,09:13:49,35 - 44 Años,Femenino,Guatemala,Guatemala,Ama De Casa,3 A 5 Veces Por Semana,Tienda de barrio,Amigos,Q25 - Q50,CrunchMax BBQ; Victory Pretzels,Barbacoa,Para Compartir Entre 2 Personas,Q21 - Q30,Sí,Sí,Argentina,Definitivamente sí,Argentina,Ninguno,Un jugador famoso,Descuento directo,Sí,Edición Brasil,Moderada,Casual,Adulto Maduro (35-54)
1682,2026-02-05,07:12:29,18 - 24 Años,Masculino,Guatemala,Guatemala,Empleado Público,Rara Vez,Supermercado,Familia,Q51 - Q100,Fan Chips Jalapeño,Dulce,Familiar,Q10 - Q15,No,Sí,Francia,Tal vez,Brasil,Kylian Mbappé; Lionel Messi,Un jugador famoso,Sorteo de balones,No,Edición Con Jugadores Famosos,Moderada,Espectador Pasivo,Jóvenes (<25)
1683,2026-02-12,10:32:09,25 - 34 Años,Masculino,Guatemala, SAN MIGUEL PETAPA ,Otro,3 A 5 Veces Por Semana,Gasolinera,Amigos,Menos De Q25,Fan Chips Jalapeño; Victory Pretzels; Mundialitos Queso Picante,Picante Chapín,Tamaño Fiesta O Reunión,Q21 - Q30,Sí,Sí,España,Tal vez,Colombia,Lionel Messi; Kylian Mbappé; Federico Valverde,Un jugador famoso,Tarjetas coleccionables,Sí,Edición Brasil,Moderada,Casual,Adulto Joven (25-34)
1684,2026-02-22,11:07:44,Menos De 18 Años,Masculino,Guatemala,Mixco,Empleado Privado,Todos Los Días,Kiosco escolar/universitario,Solo,Q25 - Q50,Gol Nachos Supreme,Picante Chapín,Individual,Q16 - Q20,Sí,No,Brasil,Definitivamente sí,Estados Unidos,Cristiano Ronaldo; Lionel Messi,Una selección nacional,Descuento directo,Sí,Edición Con Tarjetas Coleccionables,Moderada,Espectador Pasivo,Jóvenes (<25)
1685,2026-01-21,08:07:57,25 - 34 Años,Masculino,Chimaltenango,Chimaltenango,Profesional Independiente,3 A 5 Veces Por Semana,Tienda de barrio,Amigos,Q51 - Q100,ChocoKick Bites,Limón,Para Compartir Entre 2 Personas,Q10 - Q15,No,Sí,Brasil,Probablemente sí,,Kylian Mbappé,Humor,Tarjetas coleccionables,Sí,Edición España,Moderada,Fanático Target (Alto),Adulto Joven (25-34)
1686,2026-04-02,08:58:41,Menos De 18 Años,Masculino,Guatemala,Guatemala,Ama De Casa,1 A 2 Veces Por Semana,Kiosco escolar/universitario,Amigos,Menos De Q25,ChocoKick Bites; Energy Crunch Protein,Dulce,Familiar,Q21 - Q30,Sí,Sí,Inglaterra,Tal vez,México,Lionel Messi; Julián Álvarez; Cristiano Ronaldo,Humor,Sorteo de camisetas,No,Edición Con Jugadores Famosos,Moderada,Espectador Pasivo,Jóvenes (<25)
1687,2026-04-20,11:06:10,25 - 34 Años,Femenino,Retalhuleu,Otro municipio,Empleado Privado,1 A 2 Veces Por Semana,Aplicación de delivery,Otro,Q51 - Q100,FutbolMix; Energy Crunch Protein,Chocolate,Individual,Q10 - Q15,No,Sí,Marruecos,Tal vez,Uruguay,Kylian Mbappé,Humor,Descuento directo,Sí,Edición Argentina,Moderada,Casual,Adulto Joven (25-34)
1688,2026-02-08,18:49:06,25 - 34 Años,Femenino,Chiquimula,Cabecera municipal,Empleado Privado,Todos Los Días,Tienda de barrio,Amigos,Q101 - Q150,CrunchMax BBQ; FutbolMix; Caramel Goal Popcorn,Barbacoa,Individual,Q10 - Q15,Sí,Sí,Francia,Definitivamente sí,Colombia,Christian Pulisic; Lionel Messi; Vinícius Júnior,Humor,Producto gratis,No,Edición Brasil,Moderada,Espectador Pasivo,Adulto Joven (25-34)
1689,2026-04-12,16:11:36,35 - 44 Años,Masculino,Quetzaltenango,Coatepeque,Otro,Rara Vez,Otro,Amigos,Q25 - Q50,Caramel Goal Popcorn,Caramelo,Familiar,Q10 - Q15,Sí,Sí,Brasil,Tal vez,Colombia,Jude Bellingham,Un jugador famoso,2x1,Sí,Edición Mundial Fifa 2026,Moderada,Casual,Adulto Maduro (35-54)
1690,2026-05-04,16:09:47,35 - 44 Años,Masculino,Jalapa,,Ama De Casa,Todos Los Días,Kiosco escolar/universitario,Familia,Q25 - Q50,Hot Stadium Peanuts; Gol Nachos Supreme; Mundialitos Queso Picante,Queso,Familiar,Menos De Q10,Sí,Sí,Portugal,Tal vez,Argentina,Vinícius Júnior; Lionel Messi; Cristiano Ronaldo,Historias de aficionados,Sorteo de viajes,Sí,Edición Mundial Fifa 2026,Moderada,Casual,Adulto Maduro (35-54)
1691,2026-02-16,14:13:13,18 - 24 Años,Femenino,Sacatepéquez,Antigua Guatemala,Profesional Independiente,1 A 2 Veces Por Semana,Gasolinera,Otro,Q25 - Q50,FutbolMix; ChocoKick Bites,Queso,Familiar,Q10 - Q15,No,Sí, FRANCIA ,Definitivamente sí,Uruguay,Lamine Yamal; Cristiano Ronaldo; Neymar Jr.,Humor,Sorteo de camisetas,Sí,Edición Brasil,Moderada,Casual,Jóvenes (<25)
1692,2026-01-17,17:54:12,45 - 54 Años,Masculino,Guatemala,Villa Nueva,Profesional Independiente,3 A 5 Veces Por Semana,Otro,Familia,Q51 - Q100,Gol Nachos Supreme,Picante Chapín,Tamaño Fiesta O Reunión,Q10 - Q15,Sí,Sí,Portugal,Probablemente no,Australia,Julián Álvarez; Rodri; Lamine Yamal,Un jugador famoso,Descuento directo,No,Edición Mundial Fifa 2026,Premium Alta,Espectador Pasivo,Adulto Maduro (35-54)
1693,2026-03-28,16:19:04,35 - 44 Años,Masculino,Sololá,Sololá,Estudiante,3 A 5 Veces Por Semana,Supermercado,Amigos,Menos De Q25,Hot Stadium Peanuts,Picante Chapín,Individual,Q16 - Q20,No,Sí,México,Probablemente sí,Inglaterra,Christian Pulisic; Lamine Yamal,Historias de aficionados,2x1,Sí,Edición Argentina,Sensible Al Precio,Fanático Target (Alto),Adulto Maduro (35-54)
1694,2026-03-23,12:27:28,45 - 54 Años,Femenino,Guatemala,Guatemala,Empleado Privado,Todos Los Días,Tienda de barrio,Solo,Q25 - Q50,Gol Nachos Supreme,Salado Tradicional,Para Compartir Entre 2 Personas,Q21 - Q30,No,Sí,Inglaterra,Tal vez,Czechia,Lionel Messi; Vinícius Júnior; Cristiano Ronaldo,Premios y sorteos,2x1,Sí,Edición Francia,Moderada,Casual,Adulto Maduro (35-54)
1695,2026-01-27,21:33:50,18 - 24 Años,Femenino,Petén,Flores,Empleado Privado,1 A 2 Veces Por Semana,Aplicación de delivery,Solo,Q51 - Q100,CrunchMax BBQ; Gol Nachos Supreme; ChocoKick Bites,Limón,Individual,Q10 - Q15,Sí,No,México,Probablemente sí,Argentina,Cristiano Ronaldo; Vinícius Júnior,Humor,2x1,No,Edición Con Jugadores Famosos,Premium Alta,Espectador Pasivo,Jóvenes (<25)
1696,2026-02-05,16:26:06,18 - 24 Años,Masculino,Chiquimula,Otro municipio,Empresario,3 A 5 Veces Por Semana,Gasolinera,Familia,Q101 - Q150,Mundialitos Queso Picante; Energy Crunch Protein; Gol Nachos Supreme,Chocolate,Tamaño Fiesta O Reunión,Más De Q30,No,No,España,Probablemente sí,Inglaterra,Federico Valverde; Lionel Messi,Historias de aficionados,2x1,Sí,Edición Brasil,Sensible Al Precio,Espectador Pasivo,Jóvenes (<25)
1697,2026-01-22,17:54:06,45 - 54 Años,Masculino,Guatemala,Mixco,Profesional Independiente,1 A 2 Veces Por Semana,Tienda de barrio,Familia,Menos De Q25,Victory Pretzels; CrunchMax BBQ; Caramel Goal Popcorn,Caramelo,Familiar,Q10 - Q15,No,Sí,Argentina,Probablemente sí,Portugal,Cristiano Ronaldo; Neymar Jr.; Vinícius Júnior,Premios y sorteos,Descuento directo,No,Edición Francia,Sensible Al Precio,Casual,Adulto Maduro (35-54)
1698,2026-04-07,10:52:15,25 - 34 Años,Femenino,Guatemala,Santa Catarina Pinula,Empleado Público,3 A 5 Veces Por Semana,,Familia,Q51 - Q100,CrunchMax BBQ; Caramel Goal Popcorn,Dulce,Familiar,Q16 - Q20,No,No,Congo DR,Probablemente no,Colombia,Lamine Yamal,Un jugador famoso,Descuento directo,Sí,Edición Con Jugadores Famosos,Moderada,Espectador Pasivo,Adulto Joven (25-34)
1699,2026-02-24,22:08:27,45 - 54 Años,Masculino,Guatemala, GUATEMALA ,Estudiante,3 A 5 Veces Por Semana,Tienda de barrio,Otro,Menos De Q25,Hot Stadium Peanuts,Caramelo,Individual,Q21 - Q30,Sí,Sí,Brasil,Probablemente sí,Senegal,Cristiano Ronaldo; Vinícius Júnior; Neymar Jr.,Premios y sorteos,2x1,Sí,Edición Mundial Fifa 2026,Moderada,Fanático Target (Alto),Adulto Maduro (35-54)
1700,2026-04-22,12:30:00,18 - 24 Años,Masculino,Sacatepéquez,Jocotenango,Empleado Privado,1 A 2 Veces Por Semana,Otro,Familia,Q51 - Q100,ChocoKick Bites,Jalapeño,Para Compartir Entre 2 Personas,Q16 - Q20,No,Sí,Francia,Definitivamente sí,Brasil,Kylian Mbappé; Alphonso Davies,Premios y sorteos,2x1,No,Edición España,Moderada,Espectador Pasivo,Jóvenes (<25)
1701,2026-02-09,14:57:02,45 - 54 Años,Masculino,Guatemala,Mixco,Empleado Privado,Todos Los Días,Supermercado,Amigos,Menos De Q25,Gol Nachos Supreme; FutbolMix; CrunchMax BBQ,Queso,Individual,Q16 - Q20,Sí,Sí,Argentina,Tal vez,Inglaterra,Lionel Messi; Cristiano Ronaldo,Un jugador famoso,Descuento directo,Sí,Edición Francia,Moderada,Casual,Adulto Maduro (35-54)
1702,2026-02-23,17:46:12,Menos De 18 Años,Masculino,Retalhuleu,Cabecera municipal,Estudiante,1 A 2 Veces Por Semana,Aplicación de delivery,Familia,Q51 - Q100,FutbolMix; CrunchMax BBQ,Limón,Familiar,Q21 - Q30,Sí,Sí,Brasil,Tal vez,México,Federico Valverde; Neymar Jr.,Humor,2x1,Sí,Edición Con Jugadores Famosos,Premium Alta,Casual,Jóvenes (<25)
1703,2026-02-08,10:19:46,45 - 54 Años,Masculino,Guatemala,San Miguel Petapa,Empleado Privado,1 A 2 Veces Por Semana,Tienda de barrio,Amigos,Q25 - Q50,CrunchMax BBQ; Gol Nachos Supreme; ChocoKick Bites,Barbacoa,Familiar,Q21 - Q30,No,Sí,España,Tal vez,Brasil,Alphonso Davies,Una selección nacional,Producto gratis,Sí,Edición Mundial Fifa 2026,Moderada,Casual,Adulto Maduro (35-54)
1704,2026-01-29,17:12:40,55 Años O Más,Masculino,Sololá,Cabecera municipal,Profesional Independiente,1 A 2 Veces Por Semana,Supermercado,Familia,Q25 - Q50,CrunchMax BBQ,Caramelo,Tamaño Fiesta O Reunión,Más De Q30,Sí,Sí,Colombia,Probablemente sí,Portugal,Neymar Jr.; Cristiano Ronaldo; Lionel Messi,Una selección nacional,Descuento directo,No,Edición Mundial Fifa 2026,Moderada,Casual,Adulto Mayor (55+)
1705,2026-03-07,13:14:20,Menos De 18 Años,Masculino,Chimaltenango,Patzún,Comerciante,3 A 5 Veces Por Semana,Gasolinera,Amigos,Menos De Q25,Gol Nachos Supreme,Limón,Familiar,Q16 - Q20,Sí,Sí,Argentina,Probablemente no,Estados Unidos,Vinícius Júnior; Neymar Jr.; Federico Valverde,Humor,Producto gratis,Sí,Edición Inglaterra,Moderada,Casual,Jóvenes (<25)
1706,2026-01-30,17:55:25,45 - 54 Años,Masculino,Guatemala,Villa Nueva,Empleado Privado,Todos Los Días,Supermercado,Amigos,Menos De Q25,FutbolMix; Caramel Goal Popcorn,Picante Chapín,Individual,Q16 - Q20,Sí,Sí,Argentina,Probablemente sí,Portugal,Lamine Yamal; Vinícius Júnior,Una selección nacional,Producto gratis,Sí,Edición Mundial Fifa 2026,Moderada,Fanático Target (Alto),Adulto Maduro (35-54)
1707,2026-04-01,15:41:12,18 - 24 Años,Masculino,Chimaltenango,Chimaltenango,Comerciante,Varias Veces Al Mes,Tienda de barrio,Solo,Q101 - Q150,FutbolMix,Picante Chapín,Tamaño Fiesta O Reunión,Q10 - Q15,Sí,Sí,Argentina,Tal vez,Argentina,Kylian Mbappé; Lionel Messi,Historias de aficionados,Descuento directo,Sí,Edición Argentina,Moderada,Casual,Jóvenes (<25)
1708,2026-01-28,19:38:47,Menos De 18 Años,Masculino,Quetzaltenango,Quetzaltenango,Profesional Independiente,Todos Los Días,Kiosco escolar/universitario,Familia,Q25 - Q50,Caramel Goal Popcorn,Limón,Familiar,Q16 - Q20,Sí,No,Australia,Definitivamente no,Argentina,Jude Bellingham,Un jugador famoso,Tarjetas coleccionables,Sí,Edición Argentina,Moderada,Espectador Pasivo,Jóvenes (<25)
1709,2026-02-18,10:21:05,18 - 24 Años,Masculino,Guatemala,Mixco,Empleado Privado,3 A 5 Veces Por Semana,Supermercado,Amigos,Q51 - Q100,Gol Nachos Supreme; CrunchMax BBQ,Salado Tradicional,Tamaño Fiesta O Reunión,Más De Q30,Sí,Sí,Francia,Probablemente sí,Argentina,Kylian Mbappé; Lionel Messi; Cristiano Ronaldo,Premios y sorteos,2x1,No,Edición Con Jugadores Famosos,Premium Alta,Casual,Jóvenes (<25)
1710,2026-03-15,12:29:05,35 - 44 Años,Femenino,Guatemala,Guatemala,Empleado Privado,Todos Los Días,Tienda de barrio,Amigos,Q25 - Q50,Fan Chips Jalapeño; CrunchMax BBQ,Chocolate,Individual,Q16 - Q20,Sí,Sí,Portugal,Probablemente sí,Brasil,Lionel Messi,Premios y sorteos,Tarjetas coleccionables,No,Edición Mundial Fifa 2026,Moderada,Casual,Adulto Maduro (35-54)
1711,2026-04-26,15:42:43,25 - 34 Años,Masculino,Guatemala,,Empleado Privado,Varias Veces Al Mes,Supermercado,Familia,Más De Q150,FutbolMix; Caramel Goal Popcorn; Energy Crunch Protein,Queso,Familiar,Q16 - Q20,Sí,Sí,España,Probablemente sí,Argentina,Christian Pulisic,Un jugador famoso,Sorteo de viajes,No,Edición Argentina,Moderada,Casual,Adulto Joven (25-34)
1712,2026-05-08,08:05:40,45 - 54 Años,Femenino,Chimaltenango, PATZÚN ,Ama De Casa,1 A 2 Veces Por Semana,Tienda de barrio,Familia,Q101 - Q150,ChocoKick Bites; Hot Stadium Peanuts,Barbacoa,Para Compartir Entre 2 Personas,Q10 - Q15,Sí,Sí,Argentina,Probablemente sí,Portugal,Lamine Yamal; Jude Bellingham; Alphonso Davies,Historias de aficionados,Producto gratis,Sí,Edición España,Moderada,Fanático Target (Alto),Adulto Maduro (35-54)
1713,2026-03-23,19:45:35,35 - 44 Años,Masculino,Sacatepéquez,Antigua Guatemala,Empleado Privado,3 A 5 Veces Por Semana,Aplicación de delivery,Familia,Q51 - Q100,Hot Stadium Peanuts; Mundialitos Queso Picante,Limón,Para Compartir Entre 2 Personas,Q21 - Q30,Sí,Sí,Estados Unidos,Probablemente no,Argentina,Lamine Yamal; Ninguno; Cristiano Ronaldo,Una selección nacional,Sorteo de camisetas,Sí,Edición Mundial Fifa 2026,Premium Alta,Casual,Adulto Maduro (35-54)
1714,2026-02-12,13:31:30,35 - 44 Años,Femenino,Sololá,Cabecera municipal,Empleado Público,Todos Los Días,Supermercado,Amigos,Q101 - Q150,Mundialitos Queso Picante,Chocolate,Familiar,Q16 - Q20,Sí,Sí,Colombia,Probablemente sí,Portugal,Cristiano Ronaldo,Una selección nacional,Sorteo de camisetas,Sí,Edición Con Jugadores Famosos,Moderada,Fanático Target (Alto),Adulto Maduro (35-54)
1715,2026-02-26,17:34:33,35 - 44 Años,Masculino,Guatemala,Villa Nueva,Estudiante,1 A 2 Veces Por Semana,Kiosco escolar/universitario,Amigos,Q25 - Q50,Mundialitos Queso Picante; Fan Chips Jalapeño,Barbacoa,Individual,Q10 - Q15,Sí,No,España,Definitivamente no,Francia,Neymar Jr.,Historias de aficionados,Descuento directo,No,Edición Con Jugadores Famosos,Moderada,Espectador Pasivo,Adulto Maduro (35-54)
1716,2026-02-04,11:36:43,35 - 44 Años,Femenino,Chimaltenango, TECPÁN GUATEMALA ,Empleado Público,Rara Vez,Supermercado,Amigos,Menos De Q25,Caramel Goal Popcorn; Victory Pretzels; Hot Stadium Peanuts,Picante Chapín,Familiar,Q16 - Q20,No,No,Francia,Probablemente sí,Estados Unidos,Harry Kane; Alphonso Davies; Cristiano Ronaldo,Un jugador famoso,Tarjetas coleccionables,No,Edición Mundial Fifa 2026,Sensible Al Precio,Espectador Pasivo,Adulto Maduro (35-54)
1717,2026-02-17,21:07:57,35 - 44 Años,Prefiero No Indicarlo,Suchitepéquez, OTRO MUNICIPIO ,Estudiante,1 A 2 Veces Por Semana,Aplicación de delivery,Solo,Menos De Q25,Gol Nachos Supreme,Queso,Individual,Q10 - Q15,Sí,Sí,Estados Unidos,Tal vez,España,Federico Valverde; Cristiano Ronaldo; Alphonso Davies,Un jugador famoso,Sorteo de balones,No,Edición Argentina,Moderada,Espectador Pasivo,Adulto Maduro (35-54)
1718,2026-01-18,15:51:35,35 - 44 Años,Femenino,Quiché,Otro municipio,Estudiante,Varias Veces Al Mes,,Amigos,Q25 - Q50,Fan Chips Jalapeño; CrunchMax BBQ; Gol Nachos Supreme,Barbacoa,Para Compartir Entre 2 Personas,Q10 - Q15,Sí,Sí,Jordania,Definitivamente sí,México,Kylian Mbappé; Lionel Messi,Premios y sorteos,Sorteo de camisetas,No,Edición Brasil,Moderada,Espectador Pasivo,Adulto Maduro (35-54)
1719,2026-01-31,08:19:13,55 Años O Más,Masculino,San Marcos,Cabecera municipal,Empleado Privado,1 A 2 Veces Por Semana,Kiosco escolar/universitario,Familia,Q51 - Q100,Mundialitos Queso Picante; Fan Chips Jalapeño,Chocolate,Individual,Q16 - Q20,Sí,Sí,Argentina,Tal vez,México,Lionel Messi; Federico Valverde,Premios y sorteos,Tarjetas coleccionables,Sí,Edición Argentina,Premium Alta,Casual,Adulto Mayor (55+)
1720,2026-01-18,16:01:03,25 - 34 Años,Femenino,Guatemala,Mixco,Empresario,Todos Los Días,Kiosco escolar/universitario,Amigos,Q101 - Q150,Victory Pretzels; Hot Stadium Peanuts,Jalapeño,Para Compartir Entre 2 Personas,Q16 - Q20,No,Sí,Inglaterra,Tal vez,Argentina,Lionel Messi; Cristiano Ronaldo; Vinícius Júnior,Humor,2x1,No,Edición Brasil,Sensible Al Precio,Espectador Pasivo,Adulto Joven (25-34)
1721,2026-04-07,07:23:33,25 - 34 Años,Masculino,Guatemala,San Miguel Petapa,Empleado Privado,Varias Veces Al Mes,Kiosco escolar/universitario,Amigos,Q51 - Q100,Gol Nachos Supreme; Hot Stadium Peanuts,Queso,Familiar,Q10 - Q15,No,Sí,Francia,Definitivamente sí,South Africa,Vinícius Júnior; Neymar Jr.,Humor,Sorteo de balones,Sí,Edición Con Tarjetas Coleccionables,Moderada,Casual,Adulto Joven (25-34)
1722,2026-04-12,22:26:13,18 - 24 Años,Masculino,Zacapa,Otro municipio,Comerciante,Todos Los Días,Supermercado,Amigos,Más De Q150,Mundialitos Queso Picante; Gol Nachos Supreme,Salado Tradicional,Familiar,Q16 - Q20,Sí,Sí,Uruguay,Probablemente sí,España,Lionel Messi; Vinícius Júnior; Christian Pulisic,Un jugador famoso,Descuento directo,Sí,Edición Mundial Fifa 2026,Moderada,Fanático Target (Alto),Jóvenes (<25)
1723,2026-02-20,18:37:16,Menos De 18 Años,Masculino,Guatemala,Mixco,Ama De Casa,Rara Vez,Gasolinera,Familia,Q51 - Q100,FutbolMix; Gol Nachos Supreme; Mundialitos Queso Picante,Barbacoa,Familiar,Q10 - Q15,No,Sí,España,Tal vez,Argentina,Alphonso Davies,Premios y sorteos,Descuento directo,Sí,Edición Francia,Moderada,Casual,Jóvenes (<25)
1724,2026-03-09,11:07:42,25 - 34 Años,Prefiero No Indicarlo,Retalhuleu,Cabecera municipal,Ama De Casa,3 A 5 Veces Por Semana,Otro,Amigos,Menos De Q25,FutbolMix,Jalapeño,Familiar,Q16 - Q20,No,Sí,México,Definitivamente sí, EGIPTO ,Cristiano Ronaldo; Vinícius Júnior; Lamine Yamal,Humor,2x1,No,Edición Argentina,Sensible Al Precio,Espectador Pasivo,Adulto Joven (25-34)
1725,2026-03-01,12:29:50,18 - 24 Años,Masculino,Quetzaltenango,Coatepeque,Ama De Casa,3 A 5 Veces Por Semana,Supermercado,Amigos,Q25 - Q50,Mundialitos Queso Picante; Fan Chips Jalapeño; FutbolMix,Queso,Para Compartir Entre 2 Personas,Q10 - Q15,Sí,Sí,Brasil,Probablemente sí,México,Neymar Jr.,Premios y sorteos,Sorteo de viajes,No,Edición Inglaterra,Moderada,Casual,Jóvenes (<25)
1726,2026-04-27,10:44:25,18 - 24 Años,Masculino,Guatemala,Guatemala,Empleado Público,Varias Veces Al Mes,Supermercado,Otro,Menos De Q25,Victory Pretzels; Gol Nachos Supreme; FutbolMix,Queso,Individual,Q16 - Q20,No,Sí,Portugal,Definitivamente sí,México,Cristiano Ronaldo; Neymar Jr.,Historias de aficionados,Sorteo de viajes,Sí,Edición Francia,Sensible Al Precio,Casual,Jóvenes (<25)
1727,2026-02-16,17:06:31,35 - 44 Años,Femenino,Quetzaltenango,Olintepeque,Empleado Privado,Varias Veces Al Mes,Supermercado,Amigos,Q25 - Q50,Hot Stadium Peanuts,Salado Tradicional,Para Compartir Entre 2 Personas,Q16 - Q20,Sí,Sí,Estados Unidos,Probablemente sí,Estados Unidos,Kylian Mbappé,Un jugador famoso,Sorteo de camisetas,Sí,Edición Francia,Moderada,Fanático Target (Alto),Adulto Maduro (35-54)
1728,2026-01-21,22:03:34,35 - 44 Años,Femenino,Guatemala,Guatemala,,3 A 5 Veces Por Semana,Tienda de barrio,Amigos,Q25 - Q50,Gol Nachos Supreme; Fan Chips Jalapeño,Limón,Familiar,Q21 - Q30,No,No,Colombia,Probablemente no,México,Lionel Messi; Cristiano Ronaldo; Julián Álvarez,Una selección nacional,Tarjetas coleccionables,Sí,Edición Con Jugadores Famosos,Moderada,Espectador Pasivo,Adulto Maduro (35-54)
1729,2026-01-15,17:35:39,18 - 24 Años,Masculino,Escuintla,Palín,Otro,Varias Veces Al Mes,Tienda de barrio,Otro,Q25 - Q50,FutbolMix,Chocolate,Familiar,Q21 - Q30,No,Sí,Alemania,Probablemente sí,Colombia,Neymar Jr.; Alphonso Davies,Una selección nacional,Tarjetas coleccionables,No,Edición Con Tarjetas Coleccionables,Moderada,Casual,Jóvenes (<25)
1730,2026-01-19,16:00:42,25 - 34 Años,Masculino,Chimaltenango,Tecpán Guatemala,Profesional Independiente,Todos Los Días,Supermercado,Amigos,Q25 - Q50,Caramel Goal Popcorn,Dulce,Para Compartir Entre 2 Personas,Q16 - Q20,No,Sí,Inglaterra,Tal vez,Brasil,Neymar Jr.; Lionel Messi; Cristiano Ronaldo,Humor,2x1,Sí,Edición Francia,Moderada,Casual,Adulto Joven (25-34)
1731,2026-04-30,13:09:23,25 - 34 Años,Femenino,Guatemala,Mixco,Empleado Privado,Rara Vez,Kiosco escolar/universitario,Amigos,Q25 - Q50,Gol Nachos Supreme,Barbacoa,Individual,Q10 - Q15,Sí,No,Argentina,Definitivamente sí,España,Vinícius Júnior; Cristiano Ronaldo; Kylian Mbappé,Un jugador famoso,Sorteo de viajes,No,Edición Inglaterra,Moderada,Espectador Pasivo,Adulto Joven (25-34)
1732,2026-04-15,18:14:04,25 - 34 Años,Femenino,Jutiapa,Otro municipio,Ama De Casa,Todos Los Días,Gasolinera,Amigos,Q25 - Q50,FutbolMix,Barbacoa,Tamaño Fiesta O Reunión,Q16 - Q20,Sí,No,Uruguay,Probablemente sí,Brasil,Lionel Messi; Kylian Mbappé; Vinícius Júnior,Una selección nacional,2x1,Sí,Edición Con Jugadores Famosos,Moderada,Espectador Pasivo,Adulto Joven (25-34)
1733,2026-03-04,22:49:50,18 - 24 Años,Femenino,Quiché,Cabecera municipal,Empresario,Todos Los Días,Tienda de barrio,Familia,Q101 - Q150,Caramel Goal Popcorn; Fan Chips Jalapeño; CrunchMax BBQ,Barbacoa,Individual,Más De Q30,No,Sí,Brasil,Definitivamente no,Argentina,Lionel Messi; Lamine Yamal; Vinícius Júnior,Historias de aficionados,Producto gratis,Sí,Edición Inglaterra,Sensible Al Precio,Casual,Jóvenes (<25)
1734,2026-03-14,08:12:54,35 - 44 Años,Masculino,Chimaltenango,Patzún,Estudiante,Rara Vez,Tienda de barrio,Amigos,Q25 - Q50,Hot Stadium Peanuts; Caramel Goal Popcorn; CrunchMax BBQ,Jalapeño,Individual,Q10 - Q15,Sí,Sí,Francia,Probablemente sí,Inglaterra,Lamine Yamal; Harry Kane,Un jugador famoso,Sorteo de camisetas,Sí,Edición Mundial Fifa 2026,Moderada,Fanático Target (Alto),Adulto Maduro (35-54)
1735,2026-05-05,20:11:18,18 - 24 Años,Femenino,Guatemala,San Miguel Petapa,Empleado Privado,3 A 5 Veces Por Semana,Gasolinera,Amigos,Q25 - Q50,ChocoKick Bites,Salado Tradicional,Para Compartir Entre 2 Personas,Q10 - Q15,Sí,Sí, ESPAÑA ,Probablemente sí,Brasil,Alphonso Davies,Premios y sorteos,Sorteo de viajes,Sí,Edición Inglaterra,Moderada,Fanático Target (Alto),Jóvenes (<25)
1736,2026-04-26,10:51:33,35 - 44 Años,Femenino,Totonicapán,Cabecera municipal,Ama De Casa,Varias Veces Al Mes,Supermercado,Familia,Q25 - Q50,FutbolMix,Chocolate,Para Compartir Entre 2 Personas,Q16 - Q20,Sí,Sí,Brasil,Probablemente sí,Brasil,Lamine Yamal; Cristiano Ronaldo; Jude Bellingham,Humor,Tarjetas coleccionables,No,Edición España,Moderada,Casual,Adulto Maduro (35-54)
1737,2026-03-26,18:27:04,Menos De 18 Años,Masculino,Sacatepéquez,Jocotenango,Empleado Privado,Varias Veces Al Mes,Supermercado,Amigos,Q25 - Q50,ChocoKick Bites; CrunchMax BBQ; Victory Pretzels,Chocolate,Individual,Q16 - Q20,Sí,Sí,Argentina,Probablemente no,Brasil,Alphonso Davies; Jude Bellingham,Premios y sorteos,Descuento directo,Sí,Edición Mundial Fifa 2026,Moderada,Casual,Jóvenes (<25)
1738,2026-04-18,21:48:50,18 - 24 Años,Masculino,Retalhuleu, CABECERA MUNICIPAL ,Empresario,3 A 5 Veces Por Semana,Supermercado,Familia,Q25 - Q50,Gol Nachos Supreme,Picante Chapín,Para Compartir Entre 2 Personas,Q16 - Q20,No,Sí,España,Definitivamente sí, MÉXICO ,Lamine Yamal; Lionel Messi,Una selección nacional,Producto gratis,Sí,Edición Con Tarjetas Coleccionables,Moderada,Casual,Jóvenes (<25)
1739,2026-04-06,20:30:45,18 - 24 Años,Masculino,Chimaltenango,Tecpán Guatemala,Profesional Independiente,Todos Los Días,Gasolinera,Amigos,Q101 - Q150,Caramel Goal Popcorn,Barbacoa,Para Compartir Entre 2 Personas,Q21 - Q30,Sí,Sí,España,Definitivamente sí,Portugal,Lionel Messi; Cristiano Ronaldo; Vinícius Júnior,Humor,Tarjetas coleccionables,Sí,Edición Mundial Fifa 2026,Moderada,Casual,Jóvenes (<25)
1740,2026-04-13,21:14:22,35 - 44 Años,Masculino,Guatemala,Santa Catarina Pinula,Jubilado,Rara Vez,Aplicación de delivery,Amigos,Q25 - Q50,Victory Pretzels; FutbolMix,Salado Tradicional,Individual,Q16 - Q20,Sí,Sí,Francia,Probablemente no,México,Vinícius Júnior; Neymar Jr.; Lamine Yamal,Un jugador famoso,Tarjetas coleccionables,No,Edición Con Tarjetas Coleccionables,Moderada,Espectador Pasivo,Adulto Maduro (35-54)
1741,2026-05-10,07:33:33,25 - 34 Años,Femenino,Huehuetenango,Cabecera municipal,Empleado Privado,Rara Vez,Tienda de barrio,Familia,Q51 - Q100,CrunchMax BBQ; FutbolMix; Gol Nachos Supreme,Salado Tradicional,Familiar,Menos De Q10,Sí,Sí,España,Tal vez,Colombia,Neymar Jr.; Jude Bellingham,Premios y sorteos,Producto gratis,No,Edición Brasil,Premium Alta,Espectador Pasivo,Adulto Joven (25-34)
1742,2026-04-06,18:41:35,35 - 44 Años,Femenino,Chiquimula,Otro municipio,Otro,1 A 2 Veces Por Semana,Supermercado,Amigos,Q51 - Q100,CrunchMax BBQ,Barbacoa,Para Compartir Entre 2 Personas,Q16 - Q20,Sí,Sí,México,Definitivamente no,Brasil,Jude Bellingham; Neymar Jr.,Una selección nacional,2x1,No,Edición Brasil,Premium Alta,Espectador Pasivo,Adulto Maduro (35-54)
1743,2026-04-10,15:23:41,25 - 34 Años,Masculino,Escuintla,Escuintla,Ama De Casa,3 A 5 Veces Por Semana,Supermercado,Amigos,Q101 - Q150,Mundialitos Queso Picante,Barbacoa,Tamaño Fiesta O Reunión,Q10 - Q15,Sí,Sí,Uruguay,Probablemente sí,Alemania,Lamine Yamal; Alphonso Davies,Una selección nacional,Tarjetas coleccionables,Sí,Edición Brasil,Moderada,Fanático Target (Alto),Adulto Joven (25-34)
1744,2026-04-08,13:02:50,35 - 44 Años,Femenino,Quiché,Cabecera municipal,Empleado Privado,3 A 5 Veces Por Semana,Tienda de barrio,Familia,Q25 - Q50,Energy Crunch Protein,Salado Tradicional,Tamaño Fiesta O Reunión,Q16 - Q20,Sí,Sí, PORTUGAL ,Definitivamente no,México,Vinícius Júnior,Premios y sorteos,Tarjetas coleccionables,No,Edición Mundial Fifa 2026,Moderada,Espectador Pasivo,Adulto Maduro (35-54)
1745,2026-01-13,21:53:00,18 - 24 Años,Femenino,Retalhuleu,Cabecera municipal,Comerciante,Rara Vez,Supermercado,Familia,Q25 - Q50,Energy Crunch Protein; Victory Pretzels,Limón,Familiar,Q16 - Q20,No,No,Argentina,Definitivamente no,Brasil,Cristiano Ronaldo; Vinícius Júnior; Neymar Jr.,Premios y sorteos,Sorteo de camisetas,Sí,Edición Mundial Fifa 2026,Moderada,Espectador Pasivo,Jóvenes (<25)
1746,2026-03-28,21:44:09,18 - 24 Años,Masculino,Quetzaltenango,Olintepeque,Comerciante,Todos Los Días,Tienda de barrio,Solo,Q25 - Q50,ChocoKick Bites; FutbolMix,Salado Tradicional,Tamaño Fiesta O Reunión,Q10 - Q15,Sí,Sí,Francia,Tal vez,Alemania,Neymar Jr.; Cristiano Ronaldo; Kylian Mbappé,Humor,2x1,No,Edición España,Moderada,Espectador Pasivo,Jóvenes (<25)
1747,2026-03-20,12:56:43,45 - 54 Años,Femenino,Chimaltenango,Patzún,Ama De Casa,Varias Veces Al Mes,Supermercado,Familia,Q51 - Q100,FutbolMix; Mundialitos Queso Picante,Caramelo,Familiar,Q10 - Q15,No,Sí,México,Tal vez,Francia,Kylian Mbappé; Vinícius Júnior; Cristiano Ronaldo,Historias de aficionados,2x1,No,Edición Argentina,Moderada,Espectador Pasivo,Adulto Maduro (35-54)
1748,2026-01-20,21:47:40,25 - 34 Años,Masculino,Guatemala,San Miguel Petapa,Estudiante,Varias Veces Al Mes,Gasolinera,Familia,Menos De Q25,FutbolMix,Jalapeño,Familiar,Q10 - Q15,No,Sí,Argentina,Tal vez,Argentina,Lionel Messi,Una selección nacional,Descuento directo,No,Edición Argentina,Sensible Al Precio,Espectador Pasivo,Adulto Joven (25-34)
1749,2026-03-06,15:27:52,25 - 34 Años,Masculino,El Progreso,Cabecera municipal,Estudiante,Varias Veces Al Mes,Gasolinera,Amigos,Menos De Q25,Gol Nachos Supreme,Jalapeño,Individual,Q16 - Q20,No,Sí,Argentina,Probablemente no,Colombia,Kylian Mbappé; Cristiano Ronaldo; Lionel Messi,Premios y sorteos,Tarjetas coleccionables,Sí,Edición Con Jugadores Famosos,Sensible Al Precio,Casual,Adulto Joven (25-34)
1750,2026-02-19,21:38:28,35 - 44 Años,Femenino,Escuintla,Santa Lucía Cotzumalguapa,Ama De Casa,Varias Veces Al Mes,Supermercado,Solo,Menos De Q25,CrunchMax BBQ,Dulce,Familiar,Menos De Q10,Sí,Sí,Francia,Probablemente sí,México,Harry Kane; Cristiano Ronaldo,Historias de aficionados,Descuento directo,Sí,Edición Con Jugadores Famosos,Moderada,Fanático Target (Alto),Adulto Maduro (35-54)
1751,2026-01-23,15:33:50,35 - 44 Años,Femenino,Guatemala, GUATEMALA ,Comerciante,1 A 2 Veces Por Semana,Aplicación de delivery,Compañeros de trabajo,Q51 - Q100,Gol Nachos Supreme,Salado Tradicional,Familiar,Q16 - Q20,Sí,Sí,Francia,Probablemente sí,Inglaterra,Lionel Messi,Una selección nacional,Producto gratis,No,Edición Con Jugadores Famosos,Premium Alta,Casual,Adulto Maduro (35-54)
1752,2026-01-16,09:17:32,18 - 24 Años,Femenino,Sacatepéquez,Sumpango,Empresario,Varias Veces Al Mes,Kiosco escolar/universitario,Familia,Q51 - Q100,Gol Nachos Supreme; CrunchMax BBQ; Fan Chips Jalapeño,Picante Chapín,Para Compartir Entre 2 Personas,Q21 - Q30,No,Sí,México,Tal vez,Argentina,Lionel Messi; Neymar Jr.; Cristiano Ronaldo,Un jugador famoso,Tarjetas coleccionables,Sí,Edición Con Jugadores Famosos,Moderada,Casual,Jóvenes (<25)
1753,2026-04-05,10:36:56,45 - 54 Años,Femenino,Santa Rosa, CABECERA MUNICIPAL ,Empleado Público,Varias Veces Al Mes,Gasolinera,Familia,Q25 - Q50,Energy Crunch Protein; CrunchMax BBQ,,Tamaño Fiesta O Reunión,Q10 - Q15,Sí,Sí,México,Probablemente no,Brasil,Kylian Mbappé,Un jugador famoso,Tarjetas coleccionables,Sí,Edición Brasil,Moderada,Casual,Adulto Maduro (35-54)
1754,2026-01-28,19:56:45,25 - 34 Años,Femenino,Jutiapa,Otro municipio,Empleado Público,1 A 2 Veces Por Semana,Otro,Familia,Menos De Q25,Energy Crunch Protein; Mundialitos Queso Picante; Caramel Goal Popcorn,Limón,Tamaño Fiesta O Reunión,Q16 - Q20,Sí,Sí,Argentina,Probablemente sí,Brasil,Christian Pulisic; Lionel Messi; Kylian Mbappé,Un jugador famoso,Descuento directo,No,Edición Con Jugadores Famosos,Moderada,Casual,Adulto Joven (25-34)
1755,2026-03-01,09:30:23,25 - 34 Años,Femenino,Guatemala,Santa Catarina Pinula,Estudiante,1 A 2 Veces Por Semana,Kiosco escolar/universitario,Familia,Menos De Q25,Energy Crunch Protein; CrunchMax BBQ; Fan Chips Jalapeño,Queso,Individual,Q16 - Q20,Sí,Sí,Brasil,Probablemente sí,Argentina,Vinícius Júnior,Un jugador famoso,Descuento directo,Sí,Edición Con Tarjetas Coleccionables,Moderada,Fanático Target (Alto),Adulto Joven (25-34)
1756,2026-01-23,12:22:37,18 - 24 Años,Femenino,Guatemala,San Miguel Petapa,Jubilado,Todos Los Días,,Familia,Menos De Q25,Gol Nachos Supreme,Jalapeño,Familiar,Q10 - Q15,No,Sí,Arabia Saudita,Definitivamente sí,Alemania,Jude Bellingham; Neymar Jr.,Un jugador famoso,Tarjetas coleccionables,Sí,Edición Francia,Sensible Al Precio,Casual,Jóvenes (<25)
1757,2026-03-30,22:32:17,35 - 44 Años,Masculino,Guatemala,Guatemala,Empleado Privado,3 A 5 Veces Por Semana,Supermercado,Familia,Menos De Q25,Mundialitos Queso Picante,Jalapeño,Para Compartir Entre 2 Personas,Q16 - Q20,Sí,Sí,Francia,Definitivamente sí,Brasil,Kylian Mbappé; Ninguno,Un jugador famoso,2x1,Sí,Edición Con Tarjetas Coleccionables,Moderada,Casual,Adulto Maduro (35-54)
1758,2026-02-07,16:26:52,45 - 54 Años,Prefiero No Indicarlo,Quetzaltenango,Coatepeque,Otro,Varias Veces Al Mes,Supermercado,Otro,Q25 - Q50,Hot Stadium Peanuts; Gol Nachos Supreme; FutbolMix,Chocolate,Para Compartir Entre 2 Personas,Q16 - Q20,Sí,Sí,Qatar,Tal vez,Argentina,Lionel Messi; Ninguno; Vinícius Júnior,Humor,2x1,Sí,Edición Argentina,Moderada,Casual,Adulto Maduro (35-54)
1759,2026-05-01,20:11:38,35 - 44 Años,Femenino,Guatemala,Guatemala,Empleado Privado,Todos Los Días,Gasolinera,Amigos,Q25 - Q50,Victory Pretzels; ChocoKick Bites; Caramel Goal Popcorn,Chocolate,Para Compartir Entre 2 Personas,Q21 - Q30,Sí,Sí,Francia,Definitivamente sí,Francia,Jude Bellingham,Historias de aficionados,Sorteo de camisetas,Sí,Edición Con Jugadores Famosos,Moderada,Casual,Adulto Maduro (35-54)
1760,2026-02-03,10:25:39,18 - 24 Años,Femenino,Escuintla,Escuintla,Empleado Privado,1 A 2 Veces Por Semana,Supermercado,Familia,Q25 - Q50,Hot Stadium Peanuts,Dulce,Familiar,Q16 - Q20,Sí,Sí,Portugal,Probablemente no,Francia,Neymar Jr.; Kylian Mbappé,Premios y sorteos,Sorteo de balones,Sí,Edición Mundial Fifa 2026,Moderada,Casual,Jóvenes (<25)
1761,2026-03-16,20:01:55,35 - 44 Años,Masculino,Chimaltenango,Chimaltenango,Profesional Independiente,Todos Los Días,Tienda de barrio,Amigos,Menos De Q25,CrunchMax BBQ; ChocoKick Bites; Gol Nachos Supreme,Caramelo,Tamaño Fiesta O Reunión,Q21 - Q30,Sí,Sí,Brasil,Definitivamente sí,México,Lionel Messi,Un jugador famoso,2x1,Sí,Edición Con Jugadores Famosos,Moderada,Casual,Adulto Maduro (35-54)
1762,2026-01-23,07:22:27,35 - 44 Años,Femenino,Guatemala,Mixco,Empleado Privado,Rara Vez,Otro,Familia,Q25 - Q50,Caramel Goal Popcorn,Barbacoa,Individual,Q10 - Q15,No,Sí,España,Definitivamente sí,Argentina,Kylian Mbappé,Historias de aficionados,Sorteo de camisetas,No,Edición Argentina,Moderada,Espectador Pasivo,Adulto Maduro (35-54)
1763,2026-03-15,07:51:53,Menos De 18 Años,Masculino,Guatemala,San Miguel Petapa,Ama De Casa,1 A 2 Veces Por Semana,Aplicación de delivery,Amigos,Q25 - Q50,Caramel Goal Popcorn; Gol Nachos Supreme,Limón,Familiar,Q10 - Q15,No,Sí,Francia,Probablemente no,Argentina,Vinícius Júnior; Christian Pulisic; Lionel Messi,Una selección nacional,Sorteo de viajes,Sí,Edición Con Jugadores Famosos,Moderada,Casual,Jóvenes (<25)
1764,2026-05-06,16:43:21,25 - 34 Años,Femenino,Jutiapa,Otro municipio,Profesional Independiente,1 A 2 Veces Por Semana,Gasolinera,Amigos,Q101 - Q150,Fan Chips Jalapeño,Barbacoa,Familiar,Q21 - Q30,No,No,Argentina,Probablemente no,España,Lionel Messi; Harry Kane,Humor,Descuento directo,No,Edición Mundial Fifa 2026,Sensible Al Precio,Espectador Pasivo,Adulto Joven (25-34)
1765,2026-04-10,12:52:03,25 - 34 Años,Masculino,Santa Rosa,Cabecera municipal,Estudiante,3 A 5 Veces Por Semana,Gasolinera,Amigos,Q25 - Q50,Hot Stadium Peanuts,Caramelo,Familiar,Q10 - Q15,Sí,Sí,Argentina,Definitivamente sí,Francia,Lionel Messi,Historias de aficionados,Sorteo de viajes,Sí,Edición Mundial Fifa 2026,Moderada,Casual,Adulto Joven (25-34)
1766,2026-05-03,07:29:50,25 - 34 Años,Femenino,Chimaltenango,Patzún,Empleado Privado,1 A 2 Veces Por Semana,Kiosco escolar/universitario,Familia,Q25 - Q50,Caramel Goal Popcorn,Picante Chapín,Tamaño Fiesta O Reunión,Q16 - Q20,No,Sí,Argentina,Probablemente sí,Portugal,Neymar Jr.; Cristiano Ronaldo,Premios y sorteos,Sorteo de camisetas,Sí,Edición Argentina,Moderada,Fanático Target (Alto),Adulto Joven (25-34)
1767,2026-03-10,12:59:39,25 - 34 Años,Masculino,Guatemala,Guatemala,Empleado Privado,3 A 5 Veces Por Semana,Tienda de barrio,Amigos,Q51 - Q100,ChocoKick Bites; Fan Chips Jalapeño,Barbacoa,Para Compartir Entre 2 Personas,Q10 - Q15,Sí,Sí,Inglaterra,Probablemente sí,Brasil,Lamine Yamal; Lionel Messi,Una selección nacional,2x1,Sí,Edición España,Premium Alta,Fanático Target (Alto),Adulto Joven (25-34)
1768,2026-02-13,10:43:29,Menos De 18 Años,Masculino,Jalapa,Otro municipio,Empleado Privado,3 A 5 Veces Por Semana,Supermercado,Familia,Q25 - Q50,Mundialitos Queso Picante; Gol Nachos Supreme; Fan Chips Jalapeño,Dulce,Individual,Q21 - Q30,Sí,Sí,México,Definitivamente sí, FRANCIA ,Lionel Messi,Historias de aficionados,2x1,Sí,Edición Mundial Fifa 2026,Moderada,Casual,Jóvenes (<25)
1769,2026-04-26,18:30:28,35 - 44 Años,Masculino,Guatemala, SANTA CATARINA PINULA ,Estudiante,Varias Veces Al Mes,Aplicación de delivery,Amigos,Q51 - Q100,CrunchMax BBQ,Chocolate,Para Compartir Entre 2 Personas,Menos De Q10,Sí,Sí,Argentina,Probablemente no,México,Lionel Messi; Cristiano Ronaldo,Historias de aficionados,Tarjetas coleccionables,Sí,Edición Con Jugadores Famosos,Premium Alta,Casual,Adulto Maduro (35-54)
1770,2026-03-30,07:25:11,25 - 34 Años,Masculino,Guatemala,Santa Catarina Pinula,Ama De Casa,1 A 2 Veces Por Semana,Supermercado,Amigos,Q51 - Q100,CrunchMax BBQ; Mundialitos Queso Picante,Queso,Individual,Q16 - Q20,No,Sí,Brasil,Probablemente sí,Argentina,Lamine Yamal; Harry Kane; Vinícius Júnior,Un jugador famoso,Tarjetas coleccionables,No,Edición Argentina,Moderada,Casual,Adulto Joven (25-34)
1771,2026-02-09,07:01:13,25 - 34 Años,Masculino,Quetzaltenango,Olintepeque,Empleado Privado,3 A 5 Veces Por Semana,Supermercado,Otro,Q25 - Q50,CrunchMax BBQ; Hot Stadium Peanuts; ChocoKick Bites,Caramelo,Familiar,Q16 - Q20,Sí,Sí, ARGENTINA ,Definitivamente sí,Argentina,Lionel Messi,Premios y sorteos,Producto gratis,Sí,Edición Brasil,Moderada,Casual,Adulto Joven (25-34)
1772,2026-02-10,14:57:32,25 - 34 Años,Femenino,Quetzaltenango,Olintepeque,Empleado Público,1 A 2 Veces Por Semana,Tienda de barrio,Amigos,Q51 - Q100,CrunchMax BBQ; Fan Chips Jalapeño; Victory Pretzels,Picante Chapín,Tamaño Fiesta O Reunión,Q10 - Q15,Sí,Sí,Argentina,Tal vez,Francia,Rodri; Kylian Mbappé; Jude Bellingham,Un jugador famoso,Tarjetas coleccionables,Sí,Edición Con Tarjetas Coleccionables,Premium Alta,Casual,Adulto Joven (25-34)
559,2026-03-01,13:55:31,45 - 54 Años,Masculino,Escuintla,Palín,Empleado Privado,Todos Los Días,Supermercado,Familia,Q101 - Q150,ChocoKick Bites,Queso,Para Compartir Entre 2 Personas,Q10 - Q15,Sí,Sí,Brasil,Probablemente no,Argentina,Vinícius Júnior,Premios y sorteos,Descuento directo,Sí,Edición Inglaterra,Moderada,Casual,Adulto Maduro (35-54)
1774,2026-02-20,14:34:20,Menos De 18 Años,Masculino,Guate,Guatemala,Empleado Privado,Rara Vez,Tienda de barrio,Amigos,Q51 - Q100,Energy Crunch Protein,Queso,Familiar,Q16 - Q20,Sí,No,Francia,Probablemente sí,México,Lionel Messi; Neymar Jr.; Cristiano Ronaldo,Un jugador famoso,Tarjetas coleccionables,Sí,Edición Con Tarjetas Coleccionables,Premium Alta,Espectador Pasivo,Jóvenes (<25)
1775,2026-04-26,14:19:22,Menos De 18 Años,Masculino,Sacatepéquez,Jocotenango,Estudiante,1 A 2 Veces Por Semana,Tienda de barrio,Solo,Menos De Q25,Mundialitos Queso Picante; CrunchMax BBQ,Queso,Para Compartir Entre 2 Personas,Q10 - Q15,Sí,Sí,Portugal,Probablemente no,Argentina,Lionel Messi,Una selección nacional,Tarjetas coleccionables,Sí,Edición Brasil,Moderada,Casual,Jóvenes (<25)
1776,2026-01-11,07:19:49,45 - 54 Años,Femenino,Sacatepéquez,Ciudad Vieja,Empleado Público,1 A 2 Veces Por Semana,Gasolinera,Familia,Q51 - Q100,Energy Crunch Protein; Mundialitos Queso Picante,Queso,Familiar,Q16 - Q20,No,Sí,México,Probablemente sí,Inglaterra,Cristiano Ronaldo,Un jugador famoso,2x1,No,Edición Brasil,Moderada,Casual,Adulto Maduro (35-54)
1777,2026-02-16,09:04:04,25 - 34 Años,Femenino,Guatemala,San Miguel Petapa,Empresario,Varias Veces Al Mes,Tienda de barrio,Familia,Q51 - Q100,Gol Nachos Supreme,Queso,Familiar,Más De Q30,Sí,Sí,Canadá,Definitivamente sí,Brasil,Lionel Messi,Humor,Tarjetas coleccionables,No,Edición Brasil,Premium Alta,Espectador Pasivo,Adulto Joven (25-34)
1778,2026-04-25,11:53:25,35 - 44 Años,Femenino,Jutiapa,Otro municipio,Empleado Privado,Todos Los Días,Supermercado,Amigos,Q51 - Q100,Hot Stadium Peanuts; Victory Pretzels; FutbolMix,Jalapeño,Individual,Menos De Q10,No,Sí,Francia,Tal vez,Alemania,Kylian Mbappé; Lionel Messi,Una selección nacional,Descuento directo,Sí,Edición España,Moderada,Casual,Adulto Maduro (35-54)
1779,2026-03-10,08:37:52,18 - 24 Años,Masculino,Guatemala,Santa Catarina Pinula,Empleado Privado,3 A 5 Veces Por Semana,Kiosco escolar/universitario,Amigos,Q51 - Q100,CrunchMax BBQ,Limón,Para Compartir Entre 2 Personas,Q10 - Q15,Sí,Sí,Colombia,Probablemente sí,Francia,Lamine Yamal,Premios y sorteos,2x1,Sí,Edición Mundial Fifa 2026,Premium Alta,Fanático Target (Alto),Jóvenes (<25)
1780,2026-04-27,14:18:54,35 - 44 Años,Femenino,Guatemala,Santa Catarina Pinula,Profesional Independiente,Todos Los Días,Supermercado,Amigos,Más De Q150,CrunchMax BBQ; Fan Chips Jalapeño; Gol Nachos Supreme,Barbacoa,Familiar,Q16 - Q20,Sí,Sí,México,Definitivamente sí,Inglaterra,Cristiano Ronaldo,Un jugador famoso,2x1,Sí,Edición Argentina,Moderada,Casual,Adulto Maduro (35-54)
1781,2026-02-11,14:24:10,45 - 54 Años,Femenino,Guatemala,San Miguel Petapa,Empleado Privado,3 A 5 Veces Por Semana,Supermercado,Familia,Q25 - Q50,CrunchMax BBQ; Caramel Goal Popcorn; FutbolMix,Queso,Tamaño Fiesta O Reunión,Q10 - Q15,Sí,No,Inglaterra,Tal vez,Argentina,Rodri; Vinícius Júnior; Lionel Messi,Premios y sorteos,2x1,Sí,Edición Mundial Fifa 2026,Moderada,Espectador Pasivo,Adulto Maduro (35-54)
1782,2026-03-15,13:16:12,18 - 24 Años,Masculino,Quetzaltenango,Olintepeque,Empleado Privado,1 A 2 Veces Por Semana,Tienda de barrio,Amigos,Q25 - Q50,Mundialitos Queso Picante; Victory Pretzels; Fan Chips Jalapeño,Barbacoa,Individual,Q16 - Q20,Sí,Sí,Brasil,Definitivamente sí,España,Cristiano Ronaldo; Alphonso Davies,Premios y sorteos,Sorteo de camisetas,No,Edición Inglaterra,Moderada,Espectador Pasivo,Jóvenes (<25)
1783,2026-01-15,12:22:55,25 - 34 Años,Femenino,Sacatepéquez,Ciudad Vieja,Comerciante,Varias Veces Al Mes,Tienda de barrio,Familia,Q101 - Q150,Mundialitos Queso Picante; FutbolMix,Picante Chapín,Familiar,Más De Q30,Sí,Sí,Argentina,Probablemente sí,Colombia,Vinícius Júnior; Julián Álvarez; Jude Bellingham,Premios y sorteos,Tarjetas coleccionables,Sí,Edición Mundial Fifa 2026,Moderada,Fanático Target (Alto),Adulto Joven (25-34)
1784,2026-04-16,19:29:13,55 Años O Más,Masculino,Chimaltenango,Tecpán Guatemala,,Varias Veces Al Mes,Tienda de barrio,Amigos,Q51 - Q100,CrunchMax BBQ,Salado Tradicional,Individual,Q10 - Q15,Sí,Sí,Argelia,Probablemente sí,España,Lionel Messi; Neymar Jr.,Humor,Sorteo de balones,No,Edición Mundial Fifa 2026,Premium Alta,Casual,Adulto Mayor (55+)
1785,2026-04-10,22:17:25,18 - 24 Años,Femenino,Quiché,Cabecera municipal,Comerciante,Varias Veces Al Mes,Tienda de barrio,Amigos,Q25 - Q50,Mundialitos Queso Picante; Fan Chips Jalapeño,Barbacoa,Tamaño Fiesta O Reunión,Q16 - Q20,No,Sí,Argentina,Definitivamente no,Portugal,Vinícius Júnior; Rodri; Cristiano Ronaldo,Un jugador famoso,Tarjetas coleccionables,No,Edición Argentina,Moderada,Espectador Pasivo,Jóvenes (<25)
1786,2026-01-10,11:59:08,18 - 24 Años,Femenino,Escuintla,Escuintla,Ama De Casa,Varias Veces Al Mes,Supermercado,Otro,Q51 - Q100,ChocoKick Bites; FutbolMix; CrunchMax BBQ,Barbacoa,Para Compartir Entre 2 Personas,Menos De Q10,No,No,México,Probablemente sí,Croacia,Lionel Messi,Un jugador famoso,Descuento directo,No,Edición Mundial Fifa 2026,Moderada,Espectador Pasivo,Jóvenes (<25)
1787,2026-04-03,19:24:48,18 - 24 Años,Femenino,Chimaltenango,Patzún,Jubilado,Rara Vez,Gasolinera,Amigos,Q25 - Q50,Gol Nachos Supreme; Energy Crunch Protein; Victory Pretzels,Jalapeño,Familiar,Q16 - Q20,Sí,Sí,Panamá,Probablemente sí,Inglaterra,Alphonso Davies,Una selección nacional,Sorteo de balones,Sí,Edición Con Tarjetas Coleccionables,Moderada,Fanático Target (Alto),Jóvenes (<25)
1788,2026-01-14,13:02:20,35 - 44 Años,Femenino,Guatemala,San Miguel Petapa,Profesional Independiente,1 A 2 Veces Por Semana,Kiosco escolar/universitario,Amigos,Q51 - Q100,CrunchMax BBQ,Queso,Familiar,Menos De Q10,No,Sí,México,Definitivamente sí,Türkiye,Lamine Yamal; Kylian Mbappé,Un jugador famoso,Sorteo de viajes,Sí,Edición Mundial Fifa 2026,Moderada,Casual,Adulto Maduro (35-54)
1789,2026-03-22,18:44:07,25 - 34 Años,Masculino,Guatemala,Guatemala,Estudiante,1 A 2 Veces Por Semana,Tienda de barrio,Familia,Q51 - Q100,Hot Stadium Peanuts; Caramel Goal Popcorn,Picante Chapín,Para Compartir Entre 2 Personas,Q10 - Q15,Sí,Sí,Portugal,Probablemente sí,Brasil,Federico Valverde; Cristiano Ronaldo; Harry Kane,Humor,Tarjetas coleccionables,Sí,Edición Mundial Fifa 2026,Premium Alta,Fanático Target (Alto),Adulto Joven (25-34)
1790,2026-04-05,18:59:28,25 - 34 Años,Masculino,Guatemala,Santa Catarina Pinula,Estudiante,3 A 5 Veces Por Semana,Tienda de barrio,Otro,Q101 - Q150,Mundialitos Queso Picante; CrunchMax BBQ,Picante Chapín,Individual,Q21 - Q30,Sí,Sí,Francia,Definitivamente sí,Inglaterra,Lionel Messi; Lamine Yamal; Neymar Jr.,Premios y sorteos,Sorteo de camisetas,No,Edición Brasil,Moderada,Espectador Pasivo,Adulto Joven (25-34)
1791,2026-03-19,15:01:23,Menos De 18 Años,Femenino,Escuintla,Santa Lucía Cotzumalguapa,Empresario,3 A 5 Veces Por Semana,Aplicación de delivery,Familia,Q101 - Q150,Gol Nachos Supreme; Fan Chips Jalapeño,Limón,Tamaño Fiesta O Reunión,Q21 - Q30,No,Sí,Inglaterra,Probablemente sí,Argentina,Lionel Messi,Un jugador famoso,2x1,Sí,Edición Con Jugadores Famosos,Sensible Al Precio,Fanático Target (Alto),Jóvenes (<25)
1792,2026-01-21,13:24:54,35 - 44 Años,Masculino,Guatemala,Villa Nueva,Empleado Privado,Varias Veces Al Mes,Supermercado,Compañeros de trabajo,Q101 - Q150,Caramel Goal Popcorn; Fan Chips Jalapeño,Barbacoa,Individual,Q16 - Q20,Sí,No,Argentina,Probablemente sí,Colombia,Ninguno,Una selección nacional,2x1,Sí,Edición Mundial Fifa 2026,Moderada,Espectador Pasivo,Adulto Maduro (35-54)
1793,2026-03-03,08:27:43,55 Años O Más,Masculino,Guatemala,San Miguel Petapa,Empleado Privado,Todos Los Días,Supermercado,Familia,Q101 - Q150,Fan Chips Jalapeño; FutbolMix; Caramel Goal Popcorn,Barbacoa,Familiar,Q10 - Q15,No,Sí,Estados Unidos,Probablemente sí,España,Harry Kane,Humor,Sorteo de camisetas,Sí,Edición Con Jugadores Famosos,Sensible Al Precio,Fanático Target (Alto),Adulto Mayor (55+)
1794,2026-04-16,11:13:57,25 - 34 Años,Prefiero No Indicarlo,San Marcos,Cabecera municipal,Comerciante,1 A 2 Veces Por Semana,Supermercado,Compañeros de trabajo,Q51 - Q100,Mundialitos Queso Picante,Limón,Familiar,Q16 - Q20,No,Sí,Argentina,Tal vez,Inglaterra,Vinícius Júnior; Lionel Messi; Jude Bellingham,Humor,Producto gratis,No,Edición Mundial Fifa 2026,Moderada,Espectador Pasivo,Adulto Joven (25-34)
1795,2026-04-08,13:00:15,55 Años O Más,Femenino,Guatemala,Mixco,Empresario,Rara Vez,Tienda de barrio,Familia,Más De Q150,ChocoKick Bites,Queso,Tamaño Fiesta O Reunión,Q16 - Q20,Sí,No,México,Probablemente sí,México,Kylian Mbappé; Lionel Messi; Rodri,Premios y sorteos,Sorteo de viajes,No,Edición Inglaterra,Moderada,Espectador Pasivo,Adulto Mayor (55+)
1796,2026-03-16,18:13:38,18 - 24 Años,Femenino,Escuintla,Palín,Empleado Privado,Todos Los Días,,Amigos,Q25 - Q50,Mundialitos Queso Picante; Energy Crunch Protein,Barbacoa,Familiar,Q16 - Q20,Sí,Sí,Brasil,Definitivamente sí,Argentina,Lamine Yamal; Lionel Messi,Un jugador famoso,Sorteo de camisetas,Sí,Edición Con Jugadores Famosos,Moderada,Casual,Jóvenes (<25)
1797,2026-02-07,22:16:58,Menos De 18 Años,Masculino,Guatemala,Santa Catarina Pinula,Empleado Público,1 A 2 Veces Por Semana,Aplicación de delivery,Otro,Más De Q150,Fan Chips Jalapeño; Gol Nachos Supreme,Salado Tradicional,Tamaño Fiesta O Reunión,,Sí,Sí,Argentina,Probablemente sí,Francia,Cristiano Ronaldo; Neymar Jr.,Humor,Descuento directo,Sí,Edición Inglaterra,Moderada,Fanático Target (Alto),Jóvenes (<25)
1798,2026-04-17,13:49:38,35 - 44 Años,Masculino,El Progreso,Cabecera municipal,Empleado Público,3 A 5 Veces Por Semana,Supermercado,Compañeros de trabajo,Q51 - Q100,Energy Crunch Protein; Victory Pretzels,Barbacoa,Familiar,Q21 - Q30,Sí,Sí,Colombia,Tal vez,Argentina,Lionel Messi; Vinícius Júnior,Un jugador famoso,Producto gratis,Sí,Edición Con Jugadores Famosos,Premium Alta,Casual,Adulto Maduro (35-54)
1799,2026-01-23,21:59:18,45 - 54 Años,Masculino,Quetzaltenango,Olintepeque,Profesional Independiente,3 A 5 Veces Por Semana,Tienda de barrio,Familia,Q25 - Q50,Caramel Goal Popcorn; CrunchMax BBQ; ChocoKick Bites,Queso,Familiar,Q21 - Q30,No,Sí,México,Probablemente sí,Francia,Cristiano Ronaldo; Neymar Jr.; Lionel Messi,Historias de aficionados,Descuento directo,No,Edición Con Jugadores Famosos,Moderada,Casual,Adulto Maduro (35-54)
1800,2026-03-12,07:49:48,Menos De 18 Años,Femenino,Guatemala,Villa Nueva,Empresario,Rara Vez,Gasolinera,Amigos,Q25 - Q50,CrunchMax BBQ,Queso,Para Compartir Entre 2 Personas,Q10 - Q15,No,Sí,Portugal,Probablemente sí,Argentina,Neymar Jr.,Humor,Tarjetas coleccionables,No,Edición Con Tarjetas Coleccionables,Moderada,Casual,Jóvenes (<25)
1801,2026-03-15,15:28:19,25 - 34 Años,Femenino,Quetzaltenango,Quetzaltenango,Empleado Público,Todos Los Días,Gasolinera,Familia,Q101 - Q150,Gol Nachos Supreme; Energy Crunch Protein,Queso,Familiar,Q10 - Q15,Sí,Sí,México,Probablemente no,España,Lionel Messi,Humor,Sorteo de balones,Sí,Edición Mundial Fifa 2026,Moderada,Casual,Adulto Joven (25-34)
1802,2026-04-20,15:32:44,Menos De 18 Años,Masculino,Sacatepéquez,Antigua Guatemala,Empleado Privado,3 A 5 Veces Por Semana,Kiosco escolar/universitario,Amigos,Q25 - Q50,Mundialitos Queso Picante; Caramel Goal Popcorn,Barbacoa,Para Compartir Entre 2 Personas,Q10 - Q15,Sí,Sí,México,Definitivamente sí, ESPAÑA ,Neymar Jr.; Lionel Messi; Cristiano Ronaldo,Un jugador famoso,Descuento directo,No,Edición Con Tarjetas Coleccionables,Moderada,Espectador Pasivo,Jóvenes (<25)
1803,2026-03-22,08:35:01,18 - 24 Años,Femenino,Quetzaltenango,Coatepeque,Estudiante,3 A 5 Veces Por Semana,Tienda de barrio,Amigos,Menos De Q25,Fan Chips Jalapeño; Hot Stadium Peanuts; FutbolMix,Limón,Individual,Q16 - Q20,No,No,Argentina,Tal vez,Brasil,Rodri,Un jugador famoso,Producto gratis,Sí,Edición Mundial Fifa 2026,Sensible Al Precio,Espectador Pasivo,Jóvenes (<25)
1804,2026-05-04,21:50:20,18 - 24 Años,Femenino,Guatemala,Guatemala,Empresario,3 A 5 Veces Por Semana,Tienda de barrio,Otro,Q101 - Q150,Fan Chips Jalapeño; Caramel Goal Popcorn; Hot Stadium Peanuts,Barbacoa,Familiar,Q16 - Q20,Sí,Sí,Portugal,Probablemente sí,Francia,Christian Pulisic; Vinícius Júnior; Lionel Messi,Una selección nacional,Tarjetas coleccionables,Sí,Edición Brasil,Moderada,Fanático Target (Alto),Jóvenes (<25)
1805,2026-01-14,08:49:30,35 - 44 Años,Masculino,Suchitepéquez,Suchitepéquez,Empleado Público,3 A 5 Veces Por Semana,Supermercado,Solo,Q25 - Q50,Mundialitos Queso Picante; Energy Crunch Protein; ChocoKick Bites,Queso,Individual,Más De Q30,No,No,España,Probablemente sí,Argentina,Kylian Mbappé,Humor,Descuento directo,Sí,Edición Mundial Fifa 2026,Moderada,Espectador Pasivo,Adulto Maduro (35-54)
1806,2026-03-01,22:09:42,35 - 44 Años,Masculino,Quiché,Cabecera municipal,Comerciante,3 A 5 Veces Por Semana,Supermercado,Solo,Q25 - Q50,ChocoKick Bites,Picante Chapín,Para Compartir Entre 2 Personas,Q10 - Q15,Sí,Sí,Brasil,Probablemente no,Portugal,Neymar Jr.; Lionel Messi; Harry Kane,Humor,Descuento directo,Sí,Edición Brasil,Moderada,Casual,Adulto Maduro (35-54)
1807,2026-02-21,19:57:38,45 - 54 Años,Femenino,Huehuetenango,Otro municipio,Comerciante,3 A 5 Veces Por Semana,Tienda de barrio,Amigos,Q51 - Q100,Gol Nachos Supreme; Mundialitos Queso Picante; FutbolMix,Barbacoa,Familiar,Q21 - Q30,No,Sí,Portugal,Definitivamente sí,Alemania,Cristiano Ronaldo,Humor,Tarjetas coleccionables,Sí,Edición Argentina,Moderada,Casual,Adulto Maduro (35-54)
1808,2026-03-08,12:03:13,25 - 34 Años,Femenino,Guatemala,Mixco,Comerciante,1 A 2 Veces Por Semana,Tienda de barrio,Familia,Q51 - Q100,FutbolMix; Fan Chips Jalapeño; Gol Nachos Supreme,Picante Chapín,Para Compartir Entre 2 Personas,Q10 - Q15,No,Sí,Inglaterra,Tal vez,Argentina,Kylian Mbappé; Lamine Yamal; Federico Valverde,Humor,Descuento directo,Sí,Edición Francia,Moderada,Casual,Adulto Joven (25-34)
1809,2026-04-06,09:30:00,45 - 54 Años,Femenino,Escuintla,Santa Lucía Cotzumalguapa,Empleado Privado,1 A 2 Veces Por Semana,Gasolinera,Familia,Q25 - Q50,Fan Chips Jalapeño; CrunchMax BBQ,Queso,Tamaño Fiesta O Reunión,Menos De Q10,Sí,Sí,Portugal,Tal vez,España,Vinícius Júnior; Jude Bellingham,Un jugador famoso,Descuento directo,Sí,Edición Francia,Moderada,Casual,Adulto Maduro (35-54)
1810,2026-03-06,08:42:27,45 - 54 Años,Masculino,Suchitepéquez,Otro municipio,Profesional Independiente,1 A 2 Veces Por Semana,Kiosco escolar/universitario,Familia,Q101 - Q150,Hot Stadium Peanuts; FutbolMix,Salado Tradicional,Individual,Q21 - Q30,No,Sí,Argentina,Tal vez,Argentina,Lionel Messi,Historias de aficionados,Tarjetas coleccionables,No,Edición Francia,Sensible Al Precio,Espectador Pasivo,Adulto Maduro (35-54)
1811,2026-03-18,13:34:08,45 - 54 Años,Femenino,Guatemala,Villa Nueva,Estudiante,1 A 2 Veces Por Semana,Supermercado,Familia,Q51 - Q100,Fan Chips Jalapeño; Gol Nachos Supreme; ChocoKick Bites,Chocolate,Familiar,Q10 - Q15,Sí,Sí,Portugal,Definitivamente sí,Francia,Cristiano Ronaldo; Kylian Mbappé; Vinícius Júnior,Un jugador famoso,2x1,No,Edición Mundial Fifa 2026,Premium Alta,Espectador Pasivo,Adulto Maduro (35-54)
1812,2026-05-01,10:43:26,45 - 54 Años,Femenino,Guatemala, SANTA CATARINA PINULA ,Empleado Privado,1 A 2 Veces Por Semana,Aplicación de delivery,Amigos,Q101 - Q150,Energy Crunch Protein,Picante Chapín,Familiar,Q21 - Q30,Sí,No,Portugal,Tal vez,Brasil,Lionel Messi; Cristiano Ronaldo,Historias de aficionados,Descuento directo,No,Edición Inglaterra,Moderada,Espectador Pasivo,Adulto Maduro (35-54)
1813,2026-03-19,15:38:01,25 - 34 Años,Masculino,Guatemala,Santa Catarina Pinula,Empleado Privado,1 A 2 Veces Por Semana,Gasolinera,Familia,Q25 - Q50,Gol Nachos Supreme; Mundialitos Queso Picante; ChocoKick Bites,Caramelo,Tamaño Fiesta O Reunión,Q21 - Q30,Sí,No,México,Definitivamente sí,México,Julián Álvarez; Kylian Mbappé; Lamine Yamal,Humor,Producto gratis,No,Edición Mundial Fifa 2026,Moderada,Espectador Pasivo,Adulto Joven (25-34)
1814,2026-04-09,17:47:28,25 - 34 Años,Masculino,Guatemala,San Miguel Petapa,Empleado Público,3 A 5 Veces Por Semana,Supermercado,Familia,Q101 - Q150,Victory Pretzels; ChocoKick Bites,Picante Chapín,Individual,Q10 - Q15,Sí,Sí,Austria,Definitivamente sí, ARGENTINA ,Alphonso Davies; Lionel Messi; Vinícius Júnior,Una selección nacional,Tarjetas coleccionables,Sí,Edición Brasil,Moderada,Casual,Adulto Joven (25-34)
1815,2026-01-23,11:51:43,18 - 24 Años,Femenino,Guatemala,San Miguel Petapa,Estudiante,Varias Veces Al Mes,Supermercado,Amigos,Q51 - Q100,Fan Chips Jalapeño,Limón,Familiar,Q16 - Q20,Sí,Sí,Colombia,Definitivamente sí,Portugal,Alphonso Davies,Un jugador famoso,Sorteo de viajes,Sí,Edición Francia,Premium Alta,Casual,Jóvenes (<25)
1816,2026-03-12,12:28:16,25 - 34 Años,Masculino,Guatemala,Mixco,Empleado Privado,Todos Los Días,Otro,Amigos,Q51 - Q100,Mundialitos Queso Picante; CrunchMax BBQ,Picante Chapín,Tamaño Fiesta O Reunión,Q10 - Q15,Sí,Sí,Argentina,Tal vez,Brasil,Neymar Jr.; Lionel Messi; Christian Pulisic,Humor,2x1,Sí,Edición España,Premium Alta,Casual,Adulto Joven (25-34)
1817,2026-03-04,17:25:30,25 - 34 Años,Masculino,Guatemala, SAN MIGUEL PETAPA ,Profesional Independiente,1 A 2 Veces Por Semana,Tienda de barrio,Familia,Q51 - Q100,Mundialitos Queso Picante; Hot Stadium Peanuts; Victory Pretzels,Barbacoa,Familiar,Q10 - Q15,No,Sí,Alemania,Definitivamente no,Noruega,Cristiano Ronaldo; Ninguno,Premios y sorteos,Producto gratis,No,Edición Con Tarjetas Coleccionables,Moderada,Espectador Pasivo,Adulto Joven (25-34)
1818,2026-02-17,18:37:27,45 - 54 Años,Femenino,Guatemala,Santa Catarina Pinula,Empleado Privado,Todos Los Días,Supermercado,Solo,Q25 - Q50,Caramel Goal Popcorn; Mundialitos Queso Picante; FutbolMix,Jalapeño,Para Compartir Entre 2 Personas,Q16 - Q20,Sí,Sí,México,Tal vez,México,Cristiano Ronaldo,Una selección nacional,2x1,No,Edición Brasil,Moderada,Espectador Pasivo,Adulto Maduro (35-54)
1819,2026-03-26,20:03:38,18 - 24 Años,Femenino,Chimaltenango,Tecpán Guatemala,Comerciante,Todos Los Días,Supermercado,Familia,Menos De Q25,FutbolMix; Gol Nachos Supreme; ChocoKick Bites,Queso,Tamaño Fiesta O Reunión,Q10 - Q15,Sí,Sí,South Africa,Probablemente sí,Francia,Lionel Messi; Neymar Jr.,Premios y sorteos,Sorteo de balones,No,Edición Con Jugadores Famosos,Moderada,Casual,Jóvenes (<25)
1820,2026-04-26,09:27:42,25 - 34 Años,Femenino,Quetzaltenango,Quetzaltenango,Empleado Privado,3 A 5 Veces Por Semana,Tienda de barrio,Familia,Q101 - Q150,Fan Chips Jalapeño,Queso,Para Compartir Entre 2 Personas,Q10 - Q15,Sí,Sí,Alemania,Probablemente no,México,Lionel Messi; Jude Bellingham,Una selección nacional,2x1,No,Edición Con Jugadores Famosos,Moderada,Espectador Pasivo,Adulto Joven (25-34)
1821,2026-03-16,13:53:12,35 - 44 Años,Prefiero No Indicarlo,Guatemala,San Miguel Petapa,Comerciante,3 A 5 Veces Por Semana,Gasolinera,Familia,Q51 - Q100,Energy Crunch Protein; CrunchMax BBQ; ChocoKick Bites,Salado Tradicional,Familiar,Q16 - Q20,No,No,Argentina,Probablemente no,Brasil,Cristiano Ronaldo,Historias de aficionados,Sorteo de viajes,Sí,Edición Inglaterra,Moderada,Espectador Pasivo,Adulto Maduro (35-54)
1822,2026-04-22,20:01:35,18 - 24 Años,Masculino,Guatemala,Villa Nueva,Comerciante,3 A 5 Veces Por Semana,Aplicación de delivery,Solo,Q51 - Q100,Hot Stadium Peanuts,Caramelo,Tamaño Fiesta O Reunión,Menos De Q10,Sí,Sí,Argentina,Probablemente no,Francia,Vinícius Júnior,Historias de aficionados,Producto gratis,Sí,Edición Argentina,Premium Alta,Casual,Jóvenes (<25)
1823,2026-03-21,13:40:42,45 - 54 Años,Masculino,Alta Verapaz,Otro municipio,Empleado Privado,3 A 5 Veces Por Semana,Otro,Amigos,Más De Q150,Fan Chips Jalapeño; CrunchMax BBQ,Barbacoa,Para Compartir Entre 2 Personas,Q21 - Q30,Sí,Sí, COLOMBIA ,Tal vez,México,Kylian Mbappé; Ninguno,Premios y sorteos,Sorteo de balones,No,Edición Mundial Fifa 2026,Moderada,Espectador Pasivo,Adulto Maduro (35-54)
1824,2026-03-23,12:37:09,Menos De 18 Años,Femenino,Guatemala,Mixco,Empleado Privado,Varias Veces Al Mes,Kiosco escolar/universitario,Solo,Más De Q150,Fan Chips Jalapeño; Gol Nachos Supreme,Picante Chapín,Familiar,Q21 - Q30,Sí,Sí,Francia,Definitivamente no,Uruguay,Cristiano Ronaldo; Lionel Messi; Kylian Mbappé,Historias de aficionados,Descuento directo,No,Edición Con Jugadores Famosos,Moderada,Espectador Pasivo,Jóvenes (<25)
1825,2026-03-12,11:12:12,18 - 24 Años,Masculino,Sololá,Sololá,Comerciante,3 A 5 Veces Por Semana,Tienda de barrio,Familia,Q51 - Q100,Mundialitos Queso Picante; Fan Chips Jalapeño,Queso,Tamaño Fiesta O Reunión,Q21 - Q30,Sí,Sí,Portugal,Probablemente sí,Portugal,Lionel Messi,Premios y sorteos,Descuento directo,Sí,Edición Brasil,Premium Alta,Fanático Target (Alto),Jóvenes (<25)
1826,2026-03-03,10:12:55,Menos De 18 Años,Femenino,Guate,Guatemala,Comerciante,Todos Los Días,Supermercado,Compañeros de trabajo,Q51 - Q100,ChocoKick Bites,Barbacoa,Individual,Q10 - Q15,Sí,Sí,México,Definitivamente sí,Francia,Rodri; Neymar Jr.; Cristiano Ronaldo,Una selección nacional,2x1,No,Edición Con Jugadores Famosos,Premium Alta,Espectador Pasivo,Jóvenes (<25)
1827,2026-02-04,21:39:45,35 - 44 Años,Femenino,Escuintla,,Ama De Casa,Todos Los Días,Tienda de barrio,Otro,Q25 - Q50,Gol Nachos Supreme,Jalapeño,Para Compartir Entre 2 Personas,Q16 - Q20,Sí,Sí,Portugal,Definitivamente sí, FRANCIA ,Kylian Mbappé,Historias de aficionados,Sorteo de camisetas,No,Edición Con Tarjetas Coleccionables,Moderada,Espectador Pasivo,Adulto Maduro (35-54)
1828,2026-03-30,21:48:15,25 - 34 Años,Femenino,Chimaltenango,Chimaltenango,Estudiante,Rara Vez,Supermercado,Amigos,Q25 - Q50,CrunchMax BBQ; Victory Pretzels; Hot Stadium Peanuts,Queso,Para Compartir Entre 2 Personas,Q21 - Q30,No,Sí,Argentina,Tal vez,Argentina,Kylian Mbappé; Christian Pulisic; Federico Valverde,Un jugador famoso,Sorteo de balones,Sí,Edición Mundial Fifa 2026,Moderada,Casual,Adulto Joven (25-34)
1829,2026-03-02,19:59:53,55 Años O Más,Masculino,Guatemala,Mixco,Empleado Privado,1 A 2 Veces Por Semana,Otro,Familia,Q51 - Q100,CrunchMax BBQ; Mundialitos Queso Picante,Chocolate,Individual,Q16 - Q20,No,Sí,Portugal,Probablemente sí,Túnez,Julián Álvarez; Vinícius Júnior,Humor,Sorteo de balones,Sí,Edición Argentina,Moderada,Fanático Target (Alto),Adulto Mayor (55+)
1830,2026-01-11,11:52:26,45 - 54 Años,Femenino,Guatemala,Santa Catarina Pinula,Ama De Casa,3 A 5 Veces Por Semana,Gasolinera,Compañeros de trabajo,Q51 - Q100,CrunchMax BBQ; Fan Chips Jalapeño; Mundialitos Queso Picante,Salado Tradicional,Para Compartir Entre 2 Personas,Q10 - Q15,Sí,Sí,Portugal,Tal vez,Argentina,Kylian Mbappé; Ninguno,Un jugador famoso,2x1,Sí,Edición Con Jugadores Famosos,Premium Alta,Casual,Adulto Maduro (35-54)
1831,2026-01-10,08:28:56,35 - 44 Años,Femenino,Jalapa,Jalapa,Comerciante,1 A 2 Veces Por Semana,Supermercado,Compañeros de trabajo,Q25 - Q50,Fan Chips Jalapeño,Jalapeño,Familiar,Q16 - Q20,Sí,Sí,Alemania,Probablemente sí, ALEMANIA ,Kylian Mbappé,Una selección nacional,2x1,No,Edición Con Jugadores Famosos,Moderada,Casual,Adulto Maduro (35-54)
1832,2026-02-21,18:01:09,18 - 24 Años,Femenino,Guatemala,Santa Catarina Pinula,Empresario,1 A 2 Veces Por Semana,Gasolinera,Amigos,Q25 - Q50,Caramel Goal Popcorn,Jalapeño,Para Compartir Entre 2 Personas,Q16 - Q20,Sí,Sí,Inglaterra,Probablemente sí,Argentina,Harry Kane,Un jugador famoso,Sorteo de viajes,Sí,Edición Con Tarjetas Coleccionables,Moderada,Fanático Target (Alto),Jóvenes (<25)
1833,2026-01-25,20:55:07,25 - 34 Años,Femenino,Baja Verapaz,Cabecera municipal,Profesional Independiente,Rara Vez,Supermercado,Amigos,Q101 - Q150,Hot Stadium Peanuts; Caramel Goal Popcorn; CrunchMax BBQ,Barbacoa,Individual,Q21 - Q30,No,Sí,Argentina,Tal vez,Francia,Cristiano Ronaldo; Neymar Jr.; Harry Kane,Historias de aficionados,Descuento directo,Sí,Edición Mundial Fifa 2026,Sensible Al Precio,Casual,Adulto Joven (25-34)
1834,2026-04-16,20:26:24,18 - 24 Años,Masculino,Guatemala,Santa Catarina Pinula,Otro,Todos Los Días,Supermercado,Familia,Q25 - Q50,CrunchMax BBQ,Jalapeño,Familiar,Q21 - Q30,Sí,Sí,Uruguay,Probablemente no,Canadá,Kylian Mbappé; Neymar Jr.; Cristiano Ronaldo,Una selección nacional,Descuento directo,No,Edición Argentina,Moderada,Espectador Pasivo,Jóvenes (<25)
1835,2026-04-16,21:43:53,25 - 34 Años,Femenino,Guatemala,Mixco,Empleado Privado,Varias Veces Al Mes,Aplicación de delivery,Familia,Q25 - Q50,Fan Chips Jalapeño,Picante Chapín,Individual,Q21 - Q30,Sí,Sí,Brasil,Probablemente sí,Argentina,Lamine Yamal; Lionel Messi; Neymar Jr.,Una selección nacional,Sorteo de viajes,No,Edición Con Tarjetas Coleccionables,Moderada,Casual,Adulto Joven (25-34)
1836,2026-02-05,07:42:48,18 - 24 Años,Femenino,Guatemala,Guatemala,Estudiante,Varias Veces Al Mes,Supermercado,Amigos,Q51 - Q100,Hot Stadium Peanuts; Caramel Goal Popcorn,Picante Chapín,Para Compartir Entre 2 Personas,Q16 - Q20,Sí,Sí,Estados Unidos,Definitivamente sí,Colombia,Neymar Jr.; Lionel Messi,Una selección nacional,Tarjetas coleccionables,No,Edición España,Premium Alta,Espectador Pasivo,Jóvenes (<25)
1837,2026-04-05,19:48:16,Menos De 18 Años,Masculino,Guatemala,Mixco,Empresario,1 A 2 Veces Por Semana,Gasolinera,Compañeros de trabajo,Menos De Q25,Gol Nachos Supreme; Caramel Goal Popcorn,Limón,Individual,Q21 - Q30,Sí,Sí,Colombia,Tal vez,Portugal,Cristiano Ronaldo; Lionel Messi,Un jugador famoso,Producto gratis,No,Edición Francia,Moderada,Espectador Pasivo,Jóvenes (<25)
1838,2026-04-01,10:52:43,35 - 44 Años,Femenino,Sacatepéquez,Jocotenango,Empleado Privado,1 A 2 Veces Por Semana,Gasolinera,Amigos,Menos De Q25,Hot Stadium Peanuts; Energy Crunch Protein; Caramel Goal Popcorn,Chocolate,Familiar,Q10 - Q15,Sí,Sí,Argentina,Tal vez,Argentina,Kylian Mbappé; Lionel Messi; Cristiano Ronaldo,Premios y sorteos,Descuento directo,Sí,Edición Francia,Moderada,Casual,Adulto Maduro (35-54)
1839,2026-02-27,22:42:21,25 - 34 Años,Masculino,Guatemala,Guatemala,Empleado Privado,1 A 2 Veces Por Semana,Supermercado,Familia,Q101 - Q150,Fan Chips Jalapeño,Salado Tradicional,Tamaño Fiesta O Reunión,Q21 - Q30,Sí,Sí,Estados Unidos,Probablemente no,Portugal,Lamine Yamal,Una selección nacional,2x1,No,Edición Con Jugadores Famosos,Moderada,Espectador Pasivo,Adulto Joven (25-34)
1840,2026-04-11,07:00:34,25 - 34 Años,Femenino,Guatemala,Mixco,Empleado Público,Varias Veces Al Mes,Supermercado,Familia,Q25 - Q50,Victory Pretzels; Fan Chips Jalapeño,Jalapeño,Familiar,Q10 - Q15,No,Sí,Portugal,Probablemente sí,Francia,Lamine Yamal; Neymar Jr.,Un jugador famoso,Sorteo de camisetas,No,Edición Francia,Moderada,Casual,Adulto Joven (25-34)
1841,2026-03-25,19:14:07,18 - 24 Años,Femenino,Baja Verapaz,Baja Verapaz,Empleado Público,Todos Los Días,Tienda de barrio,Familia,Q25 - Q50,Mundialitos Queso Picante,Picante Chapín,Individual,Q21 - Q30,Sí,No,Senegal,Tal vez,Francia,Kylian Mbappé,Historias de aficionados,Sorteo de camisetas,Sí,Edición Con Tarjetas Coleccionables,Moderada,Espectador Pasivo,Jóvenes (<25)
1842,2026-04-26,21:25:01,18 - 24 Años,Masculino,Chimaltenango, CHIMALTENANGO ,Empresario,Todos Los Días,Aplicación de delivery,Familia,Menos De Q25,Fan Chips Jalapeño,Salado Tradicional,Tamaño Fiesta O Reunión,Q10 - Q15,No,Sí,Argentina,Definitivamente sí,Argentina,Federico Valverde; Lamine Yamal,Una selección nacional,Descuento directo,Sí,Edición Mundial Fifa 2026,Sensible Al Precio,Casual,Jóvenes (<25)
1843,2026-02-17,21:59:37,35 - 44 Años,Femenino,Guatemala,Mixco,Empresario,Todos Los Días,Tienda de barrio,Familia,Q51 - Q100,Victory Pretzels; CrunchMax BBQ,Queso,Tamaño Fiesta O Reunión,Q10 - Q15,Sí,Sí,Curaçao,Probablemente sí,Portugal,Neymar Jr.; Kylian Mbappé; Cristiano Ronaldo,Premios y sorteos,Sorteo de viajes,No,Edición Argentina,Premium Alta,Casual,Adulto Maduro (35-54)
1844,2026-01-20,18:52:39,35 - 44 Años,Femenino,Sacatepéquez,Sumpango,Ama De Casa,1 A 2 Veces Por Semana,Supermercado,Familia,Q25 - Q50,CrunchMax BBQ; Mundialitos Queso Picante; Fan Chips Jalapeño,Limón,Individual,Q16 - Q20,Sí,Sí,México,Probablemente sí,Portugal,Cristiano Ronaldo,Premios y sorteos,Sorteo de camisetas,Sí,Edición Argentina,Moderada,Fanático Target (Alto),Adulto Maduro (35-54)
1845,2026-02-18,14:14:36,18 - 24 Años,Femenino,Quetzaltenango,Quetzaltenango,Profesional Independiente,Varias Veces Al Mes,Supermercado,Compañeros de trabajo,Q25 - Q50,Caramel Goal Popcorn; Energy Crunch Protein,Jalapeño,Familiar,Q16 - Q20,No,Sí,Panamá,Definitivamente sí,Brasil,Ninguno; Kylian Mbappé; Julián Álvarez,Una selección nacional,Tarjetas coleccionables,Sí,Edición Argentina,Moderada,Casual,Jóvenes (<25)
1846,2026-02-08,11:36:34,Menos De 18 Años,Femenino,El Progreso,Cabecera municipal,Profesional Independiente,Varias Veces Al Mes,Gasolinera,Amigos,Menos De Q25,FutbolMix; ChocoKick Bites; Fan Chips Jalapeño,Jalapeño,Para Compartir Entre 2 Personas,Q10 - Q15,No,Sí,México,Probablemente sí,España,Jude Bellingham,Humor,Sorteo de balones,Sí,Edición Con Jugadores Famosos,Sensible Al Precio,Fanático Target (Alto),Jóvenes (<25)
1847,2026-03-23,22:58:12,25 - 34 Años,Femenino,Guatemala,San Miguel Petapa,Ama De Casa,1 A 2 Veces Por Semana,Supermercado,Familia,Q25 - Q50,CrunchMax BBQ; Mundialitos Queso Picante,Queso,Familiar,Q21 - Q30,No,Sí,Francia,Definitivamente sí,Colombia,Julián Álvarez,Historias de aficionados,2x1,Sí,Edición Argentina,Moderada,Casual,Adulto Joven (25-34)
1848,2026-02-18,19:40:08,25 - 34 Años,Femenino,Santa Rosa,Santa Rosa,Comerciante,1 A 2 Veces Por Semana,Tienda de barrio,Amigos,Q101 - Q150,Gol Nachos Supreme; CrunchMax BBQ; Hot Stadium Peanuts,Limón,Familiar,Q21 - Q30,Sí,Sí,Portugal,Definitivamente sí,Argentina,Neymar Jr.; Cristiano Ronaldo; Vinícius Júnior,Una selección nacional,Descuento directo,Sí,Edición Francia,Moderada,Casual,Adulto Joven (25-34)
1849,2026-02-24,18:38:03,25 - 34 Años,Prefiero No Indicarlo,Petén,San Benito,Empleado Público,Rara Vez,Gasolinera,Familia,Q101 - Q150,Victory Pretzels; Fan Chips Jalapeño,Dulce,Familiar,Q10 - Q15,Sí,Sí,Paraguay,Tal vez,Argentina,Lionel Messi,Premios y sorteos,Descuento directo,Sí,Edición Francia,Moderada,Casual,Adulto Joven (25-34)
1850,2026-04-11,22:42:37,25 - 34 Años,Femenino,San Marcos,San Marcos,Empleado Privado,Varias Veces Al Mes,Supermercado,Amigos,Menos De Q25,Fan Chips Jalapeño,Barbacoa,Para Compartir Entre 2 Personas,Q21 - Q30,No,No,Argentina,Definitivamente sí,Argentina,Cristiano Ronaldo,Un jugador famoso,Descuento directo,Sí,Edición Con Tarjetas Coleccionables,Sensible Al Precio,Espectador Pasivo,Adulto Joven (25-34)
1851,2026-03-04,10:29:14,18 - 24 Años,Femenino,El Progreso,El Progreso,Comerciante,1 A 2 Veces Por Semana,Otro,Familia,Q51 - Q100,Gol Nachos Supreme,Barbacoa,Familiar,Q10 - Q15,No,Sí,México,Definitivamente sí,Brasil,Ninguno; Jude Bellingham,Un jugador famoso,Sorteo de balones,No,Edición Francia,Moderada,Espectador Pasivo,Jóvenes (<25)
1852,2026-03-24,21:17:08,18 - 24 Años,Femenino,Guatemala,San Miguel Petapa,Empleado Privado,Todos Los Días,Supermercado,Familia,Menos De Q25,Gol Nachos Supreme; Energy Crunch Protein,Barbacoa,Tamaño Fiesta O Reunión,Q16 - Q20,Sí,Sí, ARGENTINA ,Tal vez,Argentina,Lamine Yamal; Lionel Messi; Christian Pulisic,Historias de aficionados,2x1,No,Edición Con Jugadores Famosos,Moderada,Espectador Pasivo,Jóvenes (<25)
1853,2026-02-22,08:22:27,35 - 44 Años,Masculino,Jalapa,Otro municipio,Ama De Casa,1 A 2 Veces Por Semana,Tienda de barrio,Amigos,Q51 - Q100,Mundialitos Queso Picante,Limón,Individual,Q10 - Q15,Sí,Sí,Japón,Probablemente sí,Argentina,Cristiano Ronaldo,Premios y sorteos,Sorteo de viajes,Sí,Edición España,Premium Alta,Fanático Target (Alto),Adulto Maduro (35-54)
1854,2026-01-25,08:31:44,25 - 34 Años,Femenino,Zacapa,Cabecera municipal,Empleado Privado,1 A 2 Veces Por Semana,Gasolinera,Compañeros de trabajo,Más De Q150,CrunchMax BBQ; Caramel Goal Popcorn,Picante Chapín,Para Compartir Entre 2 Personas,Q16 - Q20,No,Sí,México,Tal vez,Bélgica,Lionel Messi,Un jugador famoso,2x1,Sí,Edición Brasil,Sensible Al Precio,Casual,Adulto Joven (25-34)
1855,2026-01-10,14:18:36,25 - 34 Años,Masculino,Sacatepéquez,Jocotenango,Empleado Privado,Varias Veces Al Mes,Supermercado,Amigos,Q51 - Q100,Fan Chips Jalapeño; CrunchMax BBQ,Barbacoa,Individual,Q10 - Q15,No,No,Portugal,Probablemente sí,Francia,Rodri; Vinícius Júnior,Premios y sorteos,Descuento directo,Sí,Edición Brasil,Moderada,Espectador Pasivo,Adulto Joven (25-34)
1856,2026-01-26,11:41:44,35 - 44 Años,Femenino,Guatemala,San Miguel Petapa,Estudiante,3 A 5 Veces Por Semana,Otro,Amigos,Q25 - Q50,Energy Crunch Protein,Limón,Familiar,Q21 - Q30,Sí,Sí,Portugal,Tal vez,México,Cristiano Ronaldo; Neymar Jr.; Lionel Messi,Humor,Descuento directo,Sí,Edición Francia,Moderada,Casual,Adulto Maduro (35-54)
1857,2026-03-11,09:00:56,18 - 24 Años,Femenino,Escuintla,Santa Lucía Cotzumalguapa,Profesional Independiente,Varias Veces Al Mes,Aplicación de delivery,Amigos,Q25 - Q50,Hot Stadium Peanuts,Queso,Tamaño Fiesta O Reunión,Q10 - Q15,Sí,Sí,Francia,Probablemente sí,Cabo Verde,Christian Pulisic; Lionel Messi,Humor,2x1,No,Edición Mundial Fifa 2026,Moderada,Casual,Jóvenes (<25)
1858,2026-02-04,19:39:19,35 - 44 Años,Masculino,Guatemala,Santa Catarina Pinula,Empresario,Varias Veces Al Mes,Gasolinera,Amigos,Q51 - Q100,FutbolMix; Caramel Goal Popcorn,Barbacoa,Individual,Q21 - Q30,Sí,Sí,Francia,Probablemente sí,México,Jude Bellingham,Una selección nacional,Tarjetas coleccionables,No,Edición Con Jugadores Famosos,Premium Alta,Casual,Adulto Maduro (35-54)
1859,2026-04-14,09:53:10,25 - 34 Años,Femenino,Guatemala,Villa Nueva,Empleado Privado,1 A 2 Veces Por Semana,Gasolinera,Amigos,Menos De Q25,FutbolMix; Hot Stadium Peanuts; Fan Chips Jalapeño,Jalapeño,Para Compartir Entre 2 Personas,Más De Q30,Sí,Sí,Portugal,Tal vez,Brasil,Christian Pulisic,Una selección nacional,2x1,No,Edición Argentina,Moderada,Espectador Pasivo,Adulto Joven (25-34)
1860,2026-03-01,09:52:07,55 Años O Más,Prefiero No Indicarlo,Guatemala,Mixco,Comerciante,1 A 2 Veces Por Semana,Supermercado,Amigos,Q25 - Q50,Fan Chips Jalapeño; CrunchMax BBQ,Jalapeño,Familiar,Q21 - Q30,Sí,Sí,Portugal,Tal vez,Brasil,Kylian Mbappé; Neymar Jr.; Cristiano Ronaldo,Una selección nacional,Sorteo de camisetas,Sí,Edición Argentina,Moderada,Casual,Adulto Mayor (55+)
1861,2026-02-05,13:18:56,18 - 24 Años,Femenino,Jalapa,Jalapa,Empleado Público,3 A 5 Veces Por Semana,Tienda de barrio,Compañeros de trabajo,Q51 - Q100,Fan Chips Jalapeño; Victory Pretzels; Hot Stadium Peanuts,Dulce,Tamaño Fiesta O Reunión,Q16 - Q20,Sí,No, FRANCIA ,Definitivamente no,Portugal,Lionel Messi,Una selección nacional,2x1,Sí,Edición Brasil,Premium Alta,Espectador Pasivo,Jóvenes (<25)
1862,2026-05-08,08:57:39,45 - 54 Años,Femenino,Sacatepéquez,Antigua Guatemala,Otro,Varias Veces Al Mes,Aplicación de delivery,Amigos,Q51 - Q100,Gol Nachos Supreme; CrunchMax BBQ; ChocoKick Bites,Barbacoa,Individual,Q16 - Q20,Sí,Sí,Brasil,Definitivamente sí,Argentina,Neymar Jr.,Historias de aficionados,Tarjetas coleccionables,No,Edición España,Premium Alta,Espectador Pasivo,Adulto Maduro (35-54)
1863,2026-02-03,17:14:43,35 - 44 Años,Masculino,Zacapa,Cabecera municipal,Otro,3 A 5 Veces Por Semana,Gasolinera,Amigos,Q101 - Q150,Energy Crunch Protein; Gol Nachos Supreme; Caramel Goal Popcorn,Limón,Tamaño Fiesta O Reunión,Q21 - Q30,Sí,Sí,Argentina,Tal vez,Brasil,Vinícius Júnior; Lionel Messi; Neymar Jr.,Premios y sorteos,Descuento directo,No,Edición Argentina,Moderada,Espectador Pasivo,Adulto Maduro (35-54)
1864,2026-03-09,22:49:11,Menos De 18 Años,Masculino,Sacatepéquez,Ciudad Vieja,Ama De Casa,Varias Veces Al Mes,Supermercado,Amigos,Q51 - Q100,Victory Pretzels,Salado Tradicional,Tamaño Fiesta O Reunión,Q16 - Q20,Sí,Sí,Brasil,Definitivamente sí,Francia,Federico Valverde; Jude Bellingham; Lionel Messi,Humor,Sorteo de balones,Sí,Edición Mundial Fifa 2026,Premium Alta,Casual,Jóvenes (<25)
1865,2026-03-11,21:05:31,25 - 34 Años,Femenino,Guatemala,Guatemala,Ama De Casa,3 A 5 Veces Por Semana,Tienda de barrio,Otro,Más De Q150,Mundialitos Queso Picante; CrunchMax BBQ,Queso,Tamaño Fiesta O Reunión,Q10 - Q15,Sí,Sí,México,Tal vez,Argentina,Cristiano Ronaldo; Lionel Messi,Un jugador famoso,Descuento directo,No,Edición Mundial Fifa 2026,Moderada,Espectador Pasivo,Adulto Joven (25-34)
1866,2026-03-08,22:09:15,25 - 34 Años,Femenino,Guatemala,Santa Catarina Pinula,Estudiante,Varias Veces Al Mes,Gasolinera,Amigos,Q101 - Q150,Mundialitos Queso Picante; Fan Chips Jalapeño,Jalapeño,Tamaño Fiesta O Reunión,Q21 - Q30,Sí,No,Brasil,Definitivamente sí,Argentina,Harry Kane,Un jugador famoso,2x1,No,Edición Argentina,Moderada,Espectador Pasivo,Adulto Joven (25-34)
1867,2026-04-06,08:18:00,45 - 54 Años,Masculino,Guatemala,Santa Catarina Pinula,Empresario,1 A 2 Veces Por Semana,Supermercado,Familia,Q25 - Q50,Mundialitos Queso Picante; ChocoKick Bites; CrunchMax BBQ,Barbacoa,Tamaño Fiesta O Reunión,Q10 - Q15,No,No,Portugal,Probablemente sí,México,Julián Álvarez,Un jugador famoso,Descuento directo,No,Edición Brasil,Moderada,Espectador Pasivo,Adulto Maduro (35-54)
1868,2026-02-27,15:00:49,45 - 54 Años,Masculino,Chimaltenango,Tecpán Guatemala,Empleado Privado,Todos Los Días,Tienda de barrio,Familia,Q101 - Q150,ChocoKick Bites; CrunchMax BBQ,Picante Chapín,Individual,Q21 - Q30,Sí,Sí,Argentina,Probablemente no,Francia,Cristiano Ronaldo; Ninguno; Vinícius Júnior,Humor,Sorteo de camisetas,Sí,Edición Argentina,Moderada,Casual,Adulto Maduro (35-54)
1869,2026-01-23,22:39:39,Menos De 18 Años,Masculino,Chimaltenango,Patzún,Estudiante,Todos Los Días,Supermercado,Amigos,Q51 - Q100,Energy Crunch Protein; FutbolMix,Dulce,Familiar,Q16 - Q20,Sí,Sí,Brasil,Probablemente sí,Brasil,Kylian Mbappé,Una selección nacional,Descuento directo,Sí,Edición Mundial Fifa 2026,Premium Alta,Fanático Target (Alto),Jóvenes (<25)
1870,2026-04-28,12:00:10,25 - 34 Años,Femenino,Baja Verapaz,Baja Verapaz,Profesional Independiente,3 A 5 Veces Por Semana,Supermercado,Amigos,Q25 - Q50,Fan Chips Jalapeño; Mundialitos Queso Picante,Jalapeño,Para Compartir Entre 2 Personas,Q16 - Q20,Sí,No,México,Definitivamente no,España,Lionel Messi,Historias de aficionados,Tarjetas coleccionables,Sí,Edición Francia,Moderada,Espectador Pasivo,Adulto Joven (25-34)
1871,2026-02-12,08:42:43,45 - 54 Años,Masculino,Guatemala,Mixco,Empleado Privado,Todos Los Días,Gasolinera,Familia,Q25 - Q50,Hot Stadium Peanuts; CrunchMax BBQ,Picante Chapín,Tamaño Fiesta O Reunión,Q21 - Q30,Sí,No,Brasil,Definitivamente sí,Argentina,Jude Bellingham,Un jugador famoso,2x1,Sí,Edición Con Jugadores Famosos,Moderada,Espectador Pasivo,Adulto Maduro (35-54)
1872,2026-02-13,08:08:40,55 Años O Más,Femenino,Baja Verapaz,Cabecera municipal,Comerciante,3 A 5 Veces Por Semana,Kiosco escolar/universitario,Familia,Q51 - Q100,Fan Chips Jalapeño; Victory Pretzels,Limón,Tamaño Fiesta O Reunión,Q21 - Q30,Sí,Sí,Brasil,Definitivamente sí,Francia,Neymar Jr.; Kylian Mbappé; Julián Álvarez,Una selección nacional,2x1,Sí,Edición Con Jugadores Famosos,Premium Alta,Casual,Adulto Mayor (55+)
1873,2026-05-02,17:42:34,35 - 44 Años,Femenino,Guatemala,San Miguel Petapa,Comerciante,Varias Veces Al Mes,Supermercado,Familia,Q25 - Q50,FutbolMix,Limón,Familiar,Q16 - Q20,Sí,Sí,México,Definitivamente sí,Argentina,Jude Bellingham; Kylian Mbappé,Humor,Producto gratis,Sí,Edición Argentina,Moderada,Casual,Adulto Maduro (35-54)
1874,2026-04-03,18:04:53,25 - 34 Años,Masculino,Huehuetenango,Otro municipio,Empleado Privado,Todos Los Días,Gasolinera,Amigos,Menos De Q25,Mundialitos Queso Picante; CrunchMax BBQ; Fan Chips Jalapeño,Picante Chapín,Familiar,Q16 - Q20,Sí,Sí,Brasil,Tal vez,Austria,Jude Bellingham; Neymar Jr.; Alphonso Davies,Un jugador famoso,Sorteo de camisetas,No,Edición España,Moderada,Espectador Pasivo,Adulto Joven (25-34)
1875,2026-04-25,12:50:53,35 - 44 Años,Femenino,Zacapa,Zacapa,Comerciante,1 A 2 Veces Por Semana,Tienda de barrio,Familia,Q25 - Q50,Fan Chips Jalapeño; FutbolMix,Limón,Individual,Q10 - Q15,Sí,No,Inglaterra,Tal vez,Brasil,Alphonso Davies; Neymar Jr.; Lionel Messi,Premios y sorteos,2x1,Sí,Edición Argentina,Moderada,Espectador Pasivo,Adulto Maduro (35-54)
1876,2026-02-08,19:33:40,25 - 34 Años,Masculino,Petén,,Estudiante,Varias Veces Al Mes,Supermercado,Familia,Menos De Q25,Fan Chips Jalapeño,Chocolate,Familiar,Más De Q30,Sí,Sí,Estados Unidos,Tal vez,Argentina,Cristiano Ronaldo; Neymar Jr.,Humor,Sorteo de viajes,No,Edición Inglaterra,Moderada,Espectador Pasivo,Adulto Joven (25-34)
1877,2026-01-21,22:34:38,18 - 24 Años,Femenino,El Progreso,Cabecera municipal,Estudiante,Varias Veces Al Mes,Supermercado,Amigos,Más De Q150,Mundialitos Queso Picante; Caramel Goal Popcorn,Picante Chapín,Familiar,Q10 - Q15,No,Sí,Inglaterra,Definitivamente no,Portugal,Lamine Yamal; Neymar Jr.; Vinícius Júnior,Una selección nacional,Producto gratis,No,Edición España,Sensible Al Precio,Espectador Pasivo,Jóvenes (<25)
1878,2026-03-29,14:05:57,18 - 24 Años,Masculino,Escuintla,Escuintla,Otro,Todos Los Días,Tienda de barrio,Amigos,Q51 - Q100,Hot Stadium Peanuts; ChocoKick Bites,Caramelo,Individual,Q10 - Q15,No,No,Argentina,Definitivamente sí,Francia,Neymar Jr.; Federico Valverde; Lamine Yamal,Historias de aficionados,Producto gratis,No,Edición Con Jugadores Famosos,Moderada,Espectador Pasivo,Jóvenes (<25)
1879,2026-04-01,13:00:47,25 - 34 Años,Masculino,Escuintla,Santa Lucía Cotzumalguapa,Empleado Privado,1 A 2 Veces Por Semana,Kiosco escolar/universitario,Familia,Q51 - Q100,Mundialitos Queso Picante; FutbolMix; Caramel Goal Popcorn,Picante Chapín,Para Compartir Entre 2 Personas,Q16 - Q20,Sí,No,Estados Unidos,Probablemente sí,Inglaterra,Cristiano Ronaldo,Una selección nacional,2x1,Sí,Edición Francia,Premium Alta,Espectador Pasivo,Adulto Joven (25-34)
1880,2026-03-06,21:22:56,35 - 44 Años,Femenino,Escuintla,Escuintla,Ama De Casa,1 A 2 Veces Por Semana,Gasolinera,Familia,Q51 - Q100,Hot Stadium Peanuts; Mundialitos Queso Picante,Jalapeño,Tamaño Fiesta O Reunión,Q16 - Q20,Sí,Sí,Portugal,Tal vez,Brasil,Neymar Jr.; Federico Valverde,Premios y sorteos,Tarjetas coleccionables,Sí,Edición Brasil,Premium Alta,Casual,Adulto Maduro (35-54)
1881,2026-02-15,07:45:55,25 - 34 Años,Masculino,Guatemala,Mixco,Estudiante,Todos Los Días,Supermercado,Familia,Q25 - Q50,CrunchMax BBQ,Picante Chapín,Individual,Q10 - Q15,Sí,Sí,Uruguay,Definitivamente sí, MÉXICO ,Jude Bellingham; Cristiano Ronaldo,Humor,Producto gratis,Sí,Edición Francia,Moderada,Casual,Adulto Joven (25-34)
1882,2026-01-15,18:34:28,55 Años O Más,Masculino,Escuintla,Escuintla,Comerciante,3 A 5 Veces Por Semana,Otro,Familia,Q25 - Q50,ChocoKick Bites; CrunchMax BBQ,Barbacoa,Familiar,Q10 - Q15,No,Sí,Inglaterra,Probablemente no,México,Lionel Messi; Christian Pulisic; Lamine Yamal,Un jugador famoso,Sorteo de camisetas,Sí,Edición Brasil,Moderada,Casual,Adulto Mayor (55+)
1883,2026-04-08,09:45:44,35 - 44 Años,Femenino,Zacapa,Zacapa,Empleado Privado,3 A 5 Veces Por Semana,Aplicación de delivery,Familia,Q25 - Q50,Hot Stadium Peanuts; Energy Crunch Protein,Picante Chapín,Tamaño Fiesta O Reunión,Q16 - Q20,Sí,Sí,Brasil,Probablemente sí,España,Lionel Messi; Vinícius Júnior; Cristiano Ronaldo,Una selección nacional,Sorteo de camisetas,No,Edición Brasil,Moderada,Casual,Adulto Maduro (35-54)
1884,2026-04-20,07:14:49,18 - 24 Años,Femenino,Sololá,Sololá,Estudiante,Varias Veces Al Mes,Supermercado,Amigos,Q51 - Q100,Fan Chips Jalapeño; Mundialitos Queso Picante,Salado Tradicional,Familiar,Q21 - Q30,Sí,No,Argentina,Definitivamente sí,Francia,Neymar Jr.,Un jugador famoso,Descuento directo,No,Edición Mundial Fifa 2026,Premium Alta,Espectador Pasivo,Jóvenes (<25)
1885,2026-02-11,08:37:26,25 - 34 Años,Masculino,Huehuetenango,Huehuetenango,Estudiante,3 A 5 Veces Por Semana,Kiosco escolar/universitario,Familia,Q51 - Q100,Gol Nachos Supreme; Caramel Goal Popcorn,Limón,Individual,Q21 - Q30,No,Sí,Francia,Probablemente sí,México,Cristiano Ronaldo,Premios y sorteos,Tarjetas coleccionables,Sí,Edición Con Jugadores Famosos,Moderada,Fanático Target (Alto),Adulto Joven (25-34)
1886,2026-05-09,10:59:08,55 Años O Más,Femenino,Escuintla,Palín,Empleado Privado,1 A 2 Veces Por Semana,Supermercado,Familia,Q51 - Q100,Gol Nachos Supreme; Fan Chips Jalapeño; Hot Stadium Peanuts,Picante Chapín,Para Compartir Entre 2 Personas,Q21 - Q30,No,Sí,South Africa,Probablemente sí,Brasil,Lionel Messi; Federico Valverde,Un jugador famoso,2x1,Sí,Edición Inglaterra,Moderada,Fanático Target (Alto),Adulto Mayor (55+)
1887,2026-01-16,17:41:50,25 - 34 Años,Masculino,Quetzaltenango,Olintepeque,Otro,1 A 2 Veces Por Semana,Supermercado,Familia,Q51 - Q100,Fan Chips Jalapeño,Limón,Familiar,Q21 - Q30,Sí,Sí,Brasil,Definitivamente no, COLOMBIA ,Neymar Jr.,Una selección nacional,Producto gratis,No,Edición Inglaterra,Premium Alta,Espectador Pasivo,Adulto Joven (25-34)
1888,2026-02-17,11:08:19,25 - 34 Años,Masculino,Chimaltenango,Chimaltenango,Empleado Público,3 A 5 Veces Por Semana,Tienda de barrio,Amigos,Q51 - Q100,Fan Chips Jalapeño; Gol Nachos Supreme; Mundialitos Queso Picante,Limón,Familiar,Menos De Q10,Sí,Sí,Francia,Probablemente sí,México,Cristiano Ronaldo,Premios y sorteos,2x1,No,Edición Con Jugadores Famosos,Premium Alta,Casual,Adulto Joven (25-34)
1889,2026-04-29,12:59:44,25 - 34 Años,Femenino,Guatemala,Villa Nueva,Empresario,Varias Veces Al Mes,Tienda de barrio,Familia,Q25 - Q50,FutbolMix; Mundialitos Queso Picante,Jalapeño,Familiar,Q21 - Q30,Sí,Sí, BRASIL ,Probablemente sí,Estados Unidos,Lionel Messi; Lamine Yamal; Julián Álvarez,Una selección nacional,Producto gratis,No,Edición Brasil,Moderada,Casual,Adulto Joven (25-34)
1890,2026-04-19,17:00:28,35 - 44 Años,Femenino,Guatemala,Santa Catarina Pinula,Empleado Privado,1 A 2 Veces Por Semana,Supermercado,Familia,Q51 - Q100,ChocoKick Bites; CrunchMax BBQ; Caramel Goal Popcorn,Queso,Individual,Q16 - Q20,No,Sí,Argentina,Definitivamente sí,Austria,Neymar Jr.; Alphonso Davies,Premios y sorteos,Tarjetas coleccionables,No,Edición Francia,Moderada,Espectador Pasivo,Adulto Maduro (35-54)
1891,2026-04-20,11:59:53,25 - 34 Años,Prefiero No Indicarlo,Guatemala,Mixco,Empleado Privado,1 A 2 Veces Por Semana,Tienda de barrio,Amigos,Q25 - Q50,ChocoKick Bites; Caramel Goal Popcorn; CrunchMax BBQ,Barbacoa,Familiar,Menos De Q10,Sí,Sí,Brasil,Tal vez,Francia,Vinícius Júnior; Julián Álvarez; Jude Bellingham,Un jugador famoso,Producto gratis,Sí,Edición Argentina,Moderada,Casual,Adulto Joven (25-34)
1892,2026-03-14,10:02:11,25 - 34 Años,Prefiero No Indicarlo,Izabal,Otro municipio,Estudiante,Rara Vez,Tienda de barrio,Familia,Q51 - Q100,FutbolMix,Salado Tradicional,Para Compartir Entre 2 Personas,Q16 - Q20,Sí,Sí,Portugal,Tal vez,Francia,Jude Bellingham; Vinícius Júnior,Humor,Tarjetas coleccionables,No,Edición Brasil,Premium Alta,Espectador Pasivo,Adulto Joven (25-34)
1893,2026-02-11,16:15:44,18 - 24 Años,Femenino,Guatemala,Santa Catarina Pinula,Profesional Independiente,1 A 2 Veces Por Semana,Aplicación de delivery,Solo,Q51 - Q100,Fan Chips Jalapeño,Limón,Para Compartir Entre 2 Personas,Q10 - Q15,Sí,Sí,México,Tal vez,Argentina,Jude Bellingham,Una selección nacional,2x1,Sí,Edición Inglaterra,Premium Alta,Casual,Jóvenes (<25)
1894,2026-03-20,14:21:21,35 - 44 Años,Prefiero No Indicarlo,Petén,,Empleado Privado,1 A 2 Veces Por Semana,Tienda de barrio,Compañeros de trabajo,Q101 - Q150,Hot Stadium Peanuts; Caramel Goal Popcorn; Victory Pretzels,Dulce,Individual,Q16 - Q20,Sí,Sí,México,Definitivamente sí,Inglaterra,Christian Pulisic; Lionel Messi; Cristiano Ronaldo,Premios y sorteos,Producto gratis,Sí,Edición Mundial Fifa 2026,Moderada,Casual,Adulto Maduro (35-54)
1895,2026-01-29,20:02:31,18 - 24 Años,Femenino,Izabal,Otro municipio,Empresario,1 A 2 Veces Por Semana,Kiosco escolar/universitario,Amigos,Q51 - Q100,Gol Nachos Supreme; Caramel Goal Popcorn; Hot Stadium Peanuts,Queso,Tamaño Fiesta O Reunión,Q21 - Q30,Sí,Sí,Portugal,Probablemente sí,Argentina,Cristiano Ronaldo; Neymar Jr.,Premios y sorteos,Producto gratis,Sí,Edición Brasil,Premium Alta,Fanático Target (Alto),Jóvenes (<25)
1896,2026-03-07,22:27:54,25 - 34 Años,Femenino,Escuintla,Palín,Comerciante,Todos Los Días,Tienda de barrio,Compañeros de trabajo,Q101 - Q150,Fan Chips Jalapeño; Hot Stadium Peanuts; Gol Nachos Supreme,Queso,Para Compartir Entre 2 Personas,Q10 - Q15,Sí,No,Portugal,Probablemente sí,Inglaterra,Ninguno; Cristiano Ronaldo; Julián Álvarez,Historias de aficionados,Tarjetas coleccionables,Sí,Edición Francia,Moderada,Espectador Pasivo,Adulto Joven (25-34)
1897,2026-03-07,20:10:12,35 - 44 Años,Masculino,Chiquimula,Otro municipio,Empresario,Todos Los Días,Aplicación de delivery,Familia,Q51 - Q100,Energy Crunch Protein; Mundialitos Queso Picante,Salado Tradicional,Individual,Q21 - Q30,Sí,No,Francia,Probablemente sí,Francia,Lionel Messi; Cristiano Ronaldo,Un jugador famoso,2x1,Sí,Edición Inglaterra,Premium Alta,Espectador Pasivo,Adulto Maduro (35-54)
1898,2026-03-21,17:16:38,Menos De 18 Años,Masculino,Chiquimula,Cabecera municipal,Empleado Público,Todos Los Días,Supermercado,Amigos,Menos De Q25,CrunchMax BBQ; Mundialitos Queso Picante,Queso,Tamaño Fiesta O Reunión,Q10 - Q15,Sí,Sí,México,Tal vez,Túnez,Jude Bellingham,Historias de aficionados,Tarjetas coleccionables,No,Edición Con Tarjetas Coleccionables,Moderada,Espectador Pasivo,Jóvenes (<25)
1899,2026-04-03,17:40:08,Menos De 18 Años,Masculino,Escuintla,Escuintla,Empleado Público,3 A 5 Veces Por Semana,Gasolinera,Familia,Menos De Q25,CrunchMax BBQ; Mundialitos Queso Picante,Salado Tradicional,Familiar,Q16 - Q20,Sí,Sí,Brasil,Probablemente sí,Inglaterra,Kylian Mbappé,Premios y sorteos,Tarjetas coleccionables,Sí,Edición Con Tarjetas Coleccionables,Moderada,Fanático Target (Alto),Jóvenes (<25)
1900,2026-03-13,16:23:35,25 - 34 Años,Masculino,Guatemala,Villa Nueva,Comerciante,Varias Veces Al Mes,Kiosco escolar/universitario,Amigos,Q25 - Q50,CrunchMax BBQ; Gol Nachos Supreme,Queso,Familiar,Q21 - Q30,No,Sí,Argentina,Probablemente sí,Brasil,Vinícius Júnior; Lionel Messi,Historias de aficionados,Sorteo de camisetas,Sí,Edición Brasil,Moderada,Fanático Target (Alto),Adulto Joven (25-34)
1901,2026-03-10,13:15:29,Menos De 18 Años,Femenino,Zacapa,Otro municipio,Empleado Privado,Todos Los Días,Tienda de barrio,Amigos,Q51 - Q100,FutbolMix; Hot Stadium Peanuts; Caramel Goal Popcorn,Barbacoa,Para Compartir Entre 2 Personas,Q10 - Q15,No,Sí,España,Definitivamente sí,Inglaterra,Julián Álvarez; Neymar Jr.; Lionel Messi,Una selección nacional,Sorteo de viajes,Sí,Edición Argentina,Moderada,Casual,Jóvenes (<25)
1902,2026-04-20,08:58:56,45 - 54 Años,Femenino,Guatemala,Santa Catarina Pinula,Comerciante,Todos Los Días,Tienda de barrio,Amigos,Más De Q150,CrunchMax BBQ; Gol Nachos Supreme,Queso,Individual,,Sí,Sí,Irak,Tal vez,Alemania,Cristiano Ronaldo; Lionel Messi,Una selección nacional,Sorteo de camisetas,Sí,Edición Con Jugadores Famosos,Moderada,Casual,Adulto Maduro (35-54)
1903,2026-04-16,12:49:43,55 Años O Más,Femenino,Guatemala,Guatemala,Comerciante,Varias Veces Al Mes,Tienda de barrio,Amigos,Más De Q150,CrunchMax BBQ,Caramelo,Para Compartir Entre 2 Personas,Q16 - Q20,Sí,Sí,Bélgica,Probablemente sí,Inglaterra,Christian Pulisic; Kylian Mbappé,Historias de aficionados,Sorteo de camisetas,No,Edición Mundial Fifa 2026,Moderada,Casual,Adulto Mayor (55+)
1904,2026-02-28,09:41:09,35 - 44 Años,Masculino,Retalhuleu,Otro municipio,Empleado Privado,1 A 2 Veces Por Semana,Tienda de barrio,Familia,Q51 - Q100,Gol Nachos Supreme; Mundialitos Queso Picante,Barbacoa,Para Compartir Entre 2 Personas,Q10 - Q15,Sí,Sí,Estados Unidos,Definitivamente sí,España,Christian Pulisic,Premios y sorteos,Sorteo de viajes,Sí,Edición Mundial Fifa 2026,Premium Alta,Casual,Adulto Maduro (35-54)
1905,2026-04-02,09:15:01,18 - 24 Años,Masculino,Quetzaltenango,Coatepeque,Empleado Privado,1 A 2 Veces Por Semana,Gasolinera,Compañeros de trabajo,Q25 - Q50,CrunchMax BBQ; Gol Nachos Supreme,Jalapeño,Familiar,Q10 - Q15,Sí,Sí,Brasil,Probablemente no,Portugal,Lionel Messi; Alphonso Davies,Premios y sorteos,Descuento directo,No,Edición España,Moderada,Espectador Pasivo,Jóvenes (<25)
1906,2026-01-28,14:08:14,25 - 34 Años,Masculino,Guatemala,San Miguel Petapa,Ama De Casa,3 A 5 Veces Por Semana,Otro,Compañeros de trabajo,Q51 - Q100,CrunchMax BBQ; Gol Nachos Supreme; Fan Chips Jalapeño,Queso,Tamaño Fiesta O Reunión,Q10 - Q15,Sí,Sí,Portugal,Tal vez,Brasil,Neymar Jr.,Un jugador famoso,Descuento directo,No,Edición Con Tarjetas Coleccionables,Premium Alta,Espectador Pasivo,Adulto Joven (25-34)
1907,2026-01-23,18:49:32,Menos De 18 Años,Masculino,Chiquimula,Otro municipio,Empleado Público,Todos Los Días,Tienda de barrio,Compañeros de trabajo,Q51 - Q100,Gol Nachos Supreme; CrunchMax BBQ,,Para Compartir Entre 2 Personas,Q21 - Q30,Sí,Sí,México,Probablemente sí,Alemania,Neymar Jr.; Federico Valverde,Premios y sorteos,2x1,Sí,Edición Con Jugadores Famosos,Premium Alta,Fanático Target (Alto),Jóvenes (<25)
1908,2026-01-27,08:46:31,18 - 24 Años,Masculino,Guatemala,Villa Nueva,Empleado Privado,Varias Veces Al Mes,Otro,Amigos,Q51 - Q100,Energy Crunch Protein; Gol Nachos Supreme; FutbolMix,Queso,Tamaño Fiesta O Reunión,Q10 - Q15,No,Sí,México,Tal vez,México,Lamine Yamal; Neymar Jr.; Cristiano Ronaldo,Un jugador famoso,Producto gratis,Sí,Edición Brasil,Moderada,Casual,Jóvenes (<25)
1909,2026-02-26,19:34:13,55 Años O Más,Masculino,Sacatepéquez,Ciudad Vieja,Empleado Privado,Todos Los Días,Gasolinera,Familia,Q51 - Q100,CrunchMax BBQ,Picante Chapín,Familiar,Q16 - Q20,No,Sí,Czechia,Probablemente no,Argentina,Lionel Messi; Kylian Mbappé,Premios y sorteos,Descuento directo,No,Edición Con Jugadores Famosos,Moderada,Espectador Pasivo,Adulto Mayor (55+)
1910,2026-02-18,09:50:53,25 - 34 Años,Femenino,Santa Rosa,Otro municipio,Estudiante,1 A 2 Veces Por Semana,Supermercado,Solo,Q51 - Q100,CrunchMax BBQ,Queso,Familiar,Menos De Q10,No,Sí,Brasil,Definitivamente no,Portugal,Vinícius Júnior; Lionel Messi,Premios y sorteos,Descuento directo,No,Edición Argentina,Moderada,Espectador Pasivo,Adulto Joven (25-34)
1911,2026-03-13,22:12:47,25 - 34 Años,Masculino,Escuintla, ESCUINTLA ,Profesional Independiente,Todos Los Días,Aplicación de delivery,Amigos,Q25 - Q50,Gol Nachos Supreme; Mundialitos Queso Picante; Fan Chips Jalapeño,Barbacoa,Familiar,Menos De Q10,No,Sí,México,Definitivamente no,Brasil,Kylian Mbappé; Neymar Jr.; Jude Bellingham,Un jugador famoso,2x1,Sí,Edición Mundial Fifa 2026,Moderada,Casual,Adulto Joven (25-34)
1912,2026-02-20,18:27:50,25 - 34 Años,Femenino,El Progreso,El Progreso,Comerciante,3 A 5 Veces Por Semana,Tienda de barrio,Amigos,Q101 - Q150,Mundialitos Queso Picante,Queso,Para Compartir Entre 2 Personas,Q16 - Q20,No,Sí,México,Probablemente sí,Argentina,Lionel Messi; Cristiano Ronaldo,Un jugador famoso,Sorteo de viajes,Sí,Edición Brasil,Sensible Al Precio,Fanático Target (Alto),Adulto Joven (25-34)
1913,2026-05-05,11:27:50,45 - 54 Años,Masculino,Escuintla,Palín,Empleado Privado,Todos Los Días,Tienda de barrio,Compañeros de trabajo,Q51 - Q100,Energy Crunch Protein; CrunchMax BBQ; ChocoKick Bites,Picante Chapín,Para Compartir Entre 2 Personas,Q16 - Q20,No,Sí,Brasil,Probablemente sí,Argentina,Vinícius Júnior; Cristiano Ronaldo,Un jugador famoso,2x1,No,Edición Inglaterra,Moderada,Casual,Adulto Maduro (35-54)
1914,2026-05-06,14:03:18,18 - 24 Años,Masculino,Sacatepéquez,Jocotenango,Empleado Privado,Varias Veces Al Mes,Supermercado,Solo,Q51 - Q100,Mundialitos Queso Picante; Gol Nachos Supreme; ChocoKick Bites,Queso,Tamaño Fiesta O Reunión,Q10 - Q15,No,No,Alemania,Definitivamente no,Inglaterra,Jude Bellingham; Lionel Messi; Neymar Jr.,Una selección nacional,Descuento directo,Sí,Edición Inglaterra,Moderada,Espectador Pasivo,Jóvenes (<25)
1915,2026-03-19,13:16:17,25 - 34 Años,Masculino,Guatemala,Guatemala,Empleado Privado,Varias Veces Al Mes,Kiosco escolar/universitario,Familia,Más De Q150,Mundialitos Queso Picante,Dulce,Tamaño Fiesta O Reunión,Q16 - Q20,Sí,Sí,México,Probablemente sí,Argentina,Lamine Yamal; Federico Valverde,Premios y sorteos,Sorteo de camisetas,Sí,Edición Mundial Fifa 2026,Moderada,Fanático Target (Alto),Adulto Joven (25-34)
1916,2026-02-27,10:07:51,35 - 44 Años,Masculino,Sacatepéquez,Jocotenango,Profesional Independiente,Todos Los Días,Tienda de barrio,Familia,Q51 - Q100,FutbolMix; CrunchMax BBQ,Queso,Para Compartir Entre 2 Personas,Q16 - Q20,Sí,Sí,Alemania,Tal vez,Portugal,Cristiano Ronaldo,Una selección nacional,2x1,Sí,Edición España,Premium Alta,Casual,Adulto Maduro (35-54)
1917,2026-02-04,09:43:11,25 - 34 Años,Femenino,Jalapa,Jalapa,Profesional Independiente,3 A 5 Veces Por Semana,Kiosco escolar/universitario,Familia,Q101 - Q150,Hot Stadium Peanuts; Fan Chips Jalapeño; Caramel Goal Popcorn,Jalapeño,Para Compartir Entre 2 Personas,Q10 - Q15,Sí,Sí,Argentina,Probablemente no,Brasil,Vinícius Júnior,Premios y sorteos,Tarjetas coleccionables,No,Edición Con Jugadores Famosos,Moderada,Espectador Pasivo,Adulto Joven (25-34)
1918,2026-01-28,12:45:07,18 - 24 Años,Femenino,Quetzaltenango,Olintepeque,Otro,3 A 5 Veces Por Semana,Aplicación de delivery,Amigos,Q51 - Q100,FutbolMix; Energy Crunch Protein; Mundialitos Queso Picante,Queso,Tamaño Fiesta O Reunión,Q10 - Q15,No,Sí,Argentina,Probablemente sí,Argentina,Lionel Messi,Una selección nacional,Tarjetas coleccionables,Sí,Edición Inglaterra,Moderada,Fanático Target (Alto),Jóvenes (<25)
1919,2026-03-01,18:19:27,55 Años O Más,Masculino,Chiquimula,Otro municipio,Empresario,1 A 2 Veces Por Semana,Tienda de barrio,Amigos,Q51 - Q100,Caramel Goal Popcorn,Picante Chapín,Para Compartir Entre 2 Personas,Q16 - Q20,No,Sí,México,Definitivamente sí,Corea del Sur,Ninguno,Premios y sorteos,Sorteo de camisetas,No,Edición España,Moderada,Espectador Pasivo,Adulto Mayor (55+)
1920,2026-02-16,22:08:14,35 - 44 Años,Masculino,Guatemala,Santa Catarina Pinula,Empleado Privado,Todos Los Días,Supermercado,Familia,Q51 - Q100,Victory Pretzels; Caramel Goal Popcorn,Jalapeño,Familiar,Q10 - Q15,Sí,Sí,México,Probablemente no,Canadá,Cristiano Ronaldo; Vinícius Júnior,Un jugador famoso,Descuento directo,Sí,Edición Francia,Premium Alta,Casual,Adulto Maduro (35-54)
1921,2026-03-27,20:39:35,25 - 34 Años,Femenino,Santa Rosa,,Estudiante,3 A 5 Veces Por Semana,Tienda de barrio,Amigos,Q25 - Q50,CrunchMax BBQ; Gol Nachos Supreme; Fan Chips Jalapeño,Jalapeño,Para Compartir Entre 2 Personas,Q10 - Q15,No,Sí, FRANCIA ,Definitivamente no,México,Jude Bellingham; Neymar Jr.,Premios y sorteos,Descuento directo,No,Edición Brasil,Moderada,Espectador Pasivo,Adulto Joven (25-34)
1922,2026-04-06,07:53:59,25 - 34 Años,Masculino,Chimaltenango,Chimaltenango,Ama De Casa,3 A 5 Veces Por Semana,Gasolinera,Familia,Menos De Q25,Mundialitos Queso Picante; Fan Chips Jalapeño,Queso,Familiar,Q16 - Q20,No,Sí,Panamá,Tal vez,Portugal,Lionel Messi,Un jugador famoso,Sorteo de viajes,Sí,Edición Francia,Sensible Al Precio,Casual,Adulto Joven (25-34)
1923,2026-04-05,16:37:17,35 - 44 Años,Masculino,Quiché,Quiché,Empleado Privado,Varias Veces Al Mes,Tienda de barrio,Amigos,Menos De Q25,Fan Chips Jalapeño; FutbolMix,Barbacoa,Individual,Q16 - Q20,Sí,Sí,Argentina,Probablemente no,Austria,Vinícius Júnior; Julián Álvarez; Lionel Messi,Un jugador famoso,2x1,Sí,Edición Brasil,Moderada,Casual,Adulto Maduro (35-54)
1924,2026-04-25,14:12:19,25 - 34 Años,Masculino,Guatemala,San Miguel Petapa,Empleado Privado,3 A 5 Veces Por Semana,Supermercado,Amigos,Menos De Q25,Gol Nachos Supreme; Mundialitos Queso Picante,Jalapeño,Familiar,Q16 - Q20,No,Sí,Portugal,Probablemente sí,Estados Unidos,Cristiano Ronaldo; Jude Bellingham,Premios y sorteos,Sorteo de camisetas,Sí,Edición Mundial Fifa 2026,Sensible Al Precio,Fanático Target (Alto),Adulto Joven (25-34)
1925,2026-01-15,09:52:28,35 - 44 Años,Femenino,Guatemala,Mixco,Estudiante,3 A 5 Veces Por Semana,Supermercado,Familia,Q25 - Q50,ChocoKick Bites,Queso,Para Compartir Entre 2 Personas,Q10 - Q15,No,Sí,Inglaterra,Tal vez,Estados Unidos,Harry Kane,Historias de aficionados,2x1,Sí,Edición Con Jugadores Famosos,Moderada,Casual,Adulto Maduro (35-54)
1926,2026-02-08,13:07:33,25 - 34 Años,Masculino,Chimaltenango,Tecpán Guatemala,Estudiante,Todos Los Días,,Compañeros de trabajo,Menos De Q25,CrunchMax BBQ; Caramel Goal Popcorn; Hot Stadium Peanuts,Chocolate,Tamaño Fiesta O Reunión,Q21 - Q30,No,Sí,Brasil,Definitivamente sí,Brasil,Lamine Yamal,Historias de aficionados,2x1,No,Edición España,Sensible Al Precio,Espectador Pasivo,Adulto Joven (25-34)
1927,2026-02-25,14:06:11,35 - 44 Años,Masculino,Escuintla,Santa Lucía Cotzumalguapa,Empleado Privado,1 A 2 Veces Por Semana,Tienda de barrio,Familia,Q51 - Q100,Caramel Goal Popcorn; CrunchMax BBQ,Queso,Individual,Q16 - Q20,No,Sí,Argentina,Tal vez,Brasil,Cristiano Ronaldo,Una selección nacional,2x1,Sí,Edición Brasil,Moderada,Casual,Adulto Maduro (35-54)
1928,2026-02-09,07:59:47,18 - 24 Años,Femenino,Quetzaltenango,Quetzaltenango,Empleado Público,3 A 5 Veces Por Semana,Tienda de barrio,Amigos,Q25 - Q50,Victory Pretzels,Caramelo,Familiar,Q10 - Q15,Sí,Sí,South Africa,Tal vez,Argentina,Cristiano Ronaldo,Premios y sorteos,Tarjetas coleccionables,No,Edición Con Tarjetas Coleccionables,Moderada,Espectador Pasivo,Jóvenes (<25)
1929,2026-02-27,13:03:31,18 - 24 Años,Masculino,Santa Rosa,Otro municipio,Profesional Independiente,Rara Vez,Tienda de barrio,Solo,Q25 - Q50,FutbolMix; Gol Nachos Supreme; Fan Chips Jalapeño,Barbacoa,Familiar,Q21 - Q30,Sí,Sí,Francia,Definitivamente sí,España,Lamine Yamal,Una selección nacional,Descuento directo,No,Edición Argentina,Moderada,Espectador Pasivo,Jóvenes (<25)
1930,2026-04-23,16:40:57,35 - 44 Años,Femenino,Escuintla,Escuintla,Empleado Privado,Rara Vez,Otro,Amigos,Q51 - Q100,Mundialitos Queso Picante; CrunchMax BBQ,Queso,Tamaño Fiesta O Reunión,Q21 - Q30,Sí,Sí,Argentina,Definitivamente sí, BRASIL ,Jude Bellingham,Premios y sorteos,2x1,No,Edición Argentina,Premium Alta,Espectador Pasivo,Adulto Maduro (35-54)
1932,2026-04-13,08:39:15,55 Años O Más,Masculino,Chimaltenango,Chimaltenango,Estudiante,Varias Veces Al Mes,Otro,Amigos,Q51 - Q100,Gol Nachos Supreme; CrunchMax BBQ; Hot Stadium Peanuts,Barbacoa,Familiar,Menos De Q10,Sí,Sí,México,Probablemente sí,Qatar,Kylian Mbappé; Federico Valverde; Lamine Yamal,Historias de aficionados,Sorteo de balones,No,Edición España,Premium Alta,Casual,Adulto Mayor (55+)
1933,2026-05-08,22:55:35,18 - 24 Años,Femenino,Guatemala,Guatemala,Empleado Privado,Varias Veces Al Mes,Tienda de barrio,Solo,Q101 - Q150,Gol Nachos Supreme,Limón,Familiar,Q16 - Q20,No,Sí,México,Definitivamente sí,México,Rodri,Humor,Tarjetas coleccionables,Sí,Edición Con Tarjetas Coleccionables,Sensible Al Precio,Casual,Jóvenes (<25)
1934,2026-02-19,18:31:38,25 - 34 Años,Femenino,Guatemala,Villa Nueva,Empleado Privado,Todos Los Días,Supermercado,Amigos,Menos De Q25,Caramel Goal Popcorn,Chocolate,Individual,Q16 - Q20,No,No,Argentina,Probablemente sí,Francia,Vinícius Júnior; Cristiano Ronaldo,Un jugador famoso,Sorteo de viajes,Sí,Edición Con Tarjetas Coleccionables,Sensible Al Precio,Espectador Pasivo,Adulto Joven (25-34)
1935,2026-02-28,11:19:36,Menos De 18 Años,Femenino,Quetzaltenango,Olintepeque,Otro,Todos Los Días,Supermercado,Familia,Q101 - Q150,Fan Chips Jalapeño; CrunchMax BBQ; Caramel Goal Popcorn,Barbacoa,Familiar,Q16 - Q20,Sí,Sí,Inglaterra,Probablemente no,Congo DR,Neymar Jr.; Jude Bellingham; Lamine Yamal,Humor,Sorteo de viajes,Sí,Edición Mundial Fifa 2026,Moderada,Casual,Jóvenes (<25)
1936,2026-03-10,12:44:31,18 - 24 Años,Femenino,Guatemala,Villa Nueva,Empleado Privado,Rara Vez,Supermercado,Amigos,Q25 - Q50,CrunchMax BBQ; Mundialitos Queso Picante; Fan Chips Jalapeño,Jalapeño,Tamaño Fiesta O Reunión,Q10 - Q15,Sí,No,Estados Unidos,Tal vez,Argentina,Lamine Yamal,Humor,Descuento directo,Sí,Edición Con Jugadores Famosos,Moderada,Espectador Pasivo,Jóvenes (<25)
1937,2026-02-12,18:22:24,18 - 24 Años,Femenino,Quetzaltenango, OLINTEPEQUE ,Estudiante,1 A 2 Veces Por Semana,Otro,Familia,Menos De Q25,CrunchMax BBQ,Queso,Familiar,Q10 - Q15,Sí,Sí,Francia,Probablemente sí, ARGENTINA ,Neymar Jr.; Julián Álvarez; Lionel Messi,Una selección nacional,Tarjetas coleccionables,No,Edición Con Jugadores Famosos,Moderada,Casual,Jóvenes (<25)
1938,2026-05-02,07:40:08,25 - 34 Años,Masculino,Totonicapán, OTRO MUNICIPIO ,Profesional Independiente,3 A 5 Veces Por Semana,Tienda de barrio,Amigos,Menos De Q25,Gol Nachos Supreme; FutbolMix,Picante Chapín,Para Compartir Entre 2 Personas,Q16 - Q20,No,Sí,Argentina,Definitivamente sí,Argentina,Kylian Mbappé; Neymar Jr.; Julián Álvarez,Premios y sorteos,Producto gratis,No,Edición Mundial Fifa 2026,Sensible Al Precio,Espectador Pasivo,Adulto Joven (25-34)
1939,2026-03-17,14:55:40,55 Años O Más,Femenino,Guatemala,Guatemala,Empleado Privado,Todos Los Días,Otro,Amigos,Q25 - Q50,Fan Chips Jalapeño; Gol Nachos Supreme; Energy Crunch Protein,Chocolate,Para Compartir Entre 2 Personas,Q21 - Q30,Sí,Sí, MÉXICO ,Tal vez,Argentina,Jude Bellingham; Christian Pulisic,Historias de aficionados,Tarjetas coleccionables,Sí,Edición Brasil,Moderada,Casual,Adulto Mayor (55+)
1940,2026-03-21,17:56:56,55 Años O Más,Masculino,Huehuetenango,Huehuetenango,Estudiante,Varias Veces Al Mes,Aplicación de delivery,Familia,Q51 - Q100,Hot Stadium Peanuts; Fan Chips Jalapeño,Barbacoa,Familiar,Q10 - Q15,Sí,Sí,Francia,Definitivamente sí,Inglaterra,Lionel Messi; Cristiano Ronaldo,Historias de aficionados,Sorteo de viajes,Sí,Edición Mundial Fifa 2026,Premium Alta,Casual,Adulto Mayor (55+)
1941,2026-02-14,13:39:18,35 - 44 Años,Prefiero No Indicarlo,Suchitepéquez,Cabecera municipal,Estudiante,Todos Los Días,Supermercado,Familia,Q51 - Q100,CrunchMax BBQ; Gol Nachos Supreme; Hot Stadium Peanuts,Picante Chapín,Para Compartir Entre 2 Personas,Q10 - Q15,No,Sí,Brasil,Probablemente sí,España,Lionel Messi; Cristiano Ronaldo,Una selección nacional,Descuento directo,No,Edición Mundial Fifa 2026,Moderada,Casual,Adulto Maduro (35-54)
1942,2026-02-13,20:43:09,25 - 34 Años,Masculino,Sacatepéquez,Jocotenango,Empleado Privado,Todos Los Días,Tienda de barrio,Familia,Q25 - Q50,Caramel Goal Popcorn; Mundialitos Queso Picante; Gol Nachos Supreme,Picante Chapín,Tamaño Fiesta O Reunión,Menos De Q10,Sí,No,Estados Unidos,Tal vez,Brasil,Harry Kane; Lamine Yamal,Un jugador famoso,Tarjetas coleccionables,Sí,Edición España,Moderada,Espectador Pasivo,Adulto Joven (25-34)
1943,2026-04-11,15:02:19,35 - 44 Años,Masculino,Sololá,Sololá,Estudiante,1 A 2 Veces Por Semana,Otro,Solo,Q51 - Q100,FutbolMix,Dulce,Para Compartir Entre 2 Personas,Q16 - Q20,Sí,Sí,Congo DR,Tal vez,Francia,Lionel Messi; Alphonso Davies,Una selección nacional,2x1,No,Edición España,Premium Alta,Espectador Pasivo,Adulto Maduro (35-54)
1944,2026-04-09,08:03:15,25 - 34 Años,Masculino,Chiquimula,Chiquimula,Empleado Privado,3 A 5 Veces Por Semana,Supermercado,Familia,Menos De Q25,Mundialitos Queso Picante; Gol Nachos Supreme; ChocoKick Bites,Queso,Individual,Q10 - Q15,No,Sí,Argentina,Definitivamente sí,Argentina,Christian Pulisic; Neymar Jr.,Premios y sorteos,Producto gratis,No,Edición Con Jugadores Famosos,Sensible Al Precio,Espectador Pasivo,Adulto Joven (25-34)
1945,2026-01-18,21:40:44,25 - 34 Años,Femenino,Guatemala,Santa Catarina Pinula,Empresario,Rara Vez,Supermercado,Familia,Q25 - Q50,Hot Stadium Peanuts,Barbacoa,Individual,Q10 - Q15,No,Sí,Portugal,Probablemente sí,Francia,Christian Pulisic; Vinícius Júnior; Neymar Jr.,Un jugador famoso,Tarjetas coleccionables,No,Edición Con Jugadores Famosos,Moderada,Casual,Adulto Joven (25-34)
1946,2026-02-28,13:15:07,55 Años O Más,Masculino,Quiché,Cabecera municipal,Profesional Independiente,1 A 2 Veces Por Semana,Tienda de barrio,Familia,Q25 - Q50,ChocoKick Bites; FutbolMix; Mundialitos Queso Picante,Dulce,Para Compartir Entre 2 Personas,Q21 - Q30,Sí,Sí,España,Definitivamente sí,Portugal,Kylian Mbappé; Neymar Jr.; Cristiano Ronaldo,Una selección nacional,Tarjetas coleccionables,Sí,Edición Con Tarjetas Coleccionables,Moderada,Casual,Adulto Mayor (55+)
1947,2026-02-27,17:34:35,45 - 54 Años,Femenino,Sacatepéquez,Antigua Guatemala,Empleado Público,3 A 5 Veces Por Semana,Supermercado,Familia,Q25 - Q50,Caramel Goal Popcorn; Fan Chips Jalapeño; FutbolMix,Queso,Tamaño Fiesta O Reunión,Q16 - Q20,No,Sí,España,Definitivamente sí,Colombia,Lionel Messi,Historias de aficionados,Producto gratis,No,Edición Inglaterra,Moderada,Espectador Pasivo,Adulto Maduro (35-54)
1948,2026-05-02,17:44:28,18 - 24 Años,Femenino,Guatemala,Santa Catarina Pinula,Empleado Privado,1 A 2 Veces Por Semana,Supermercado,Familia,Q101 - Q150,Gol Nachos Supreme; FutbolMix; Caramel Goal Popcorn,Salado Tradicional,Individual,Q21 - Q30,Sí,Sí,España,Tal vez,,Kylian Mbappé; Julián Álvarez,Una selección nacional,Producto gratis,Sí,Edición Inglaterra,Moderada,Casual,Jóvenes (<25)
1949,2026-04-23,20:04:24,25 - 34 Años,Masculino,Guatemala,Villa Nueva,Empleado Privado,Varias Veces Al Mes,Tienda de barrio,Compañeros de trabajo,Q51 - Q100,ChocoKick Bites,Dulce,Familiar,Q21 - Q30,No,Sí,Francia,Probablemente sí,Brasil,Neymar Jr.; Kylian Mbappé,Historias de aficionados,2x1,No,Edición Con Jugadores Famosos,Moderada,Casual,Adulto Joven (25-34)
1950,2026-02-28,22:15:17,25 - 34 Años,Masculino,Chimaltenango,Tecpán Guatemala,Empresario,Varias Veces Al Mes,Supermercado,Familia,Q51 - Q100,Mundialitos Queso Picante; Fan Chips Jalapeño,Jalapeño,Familiar,Q10 - Q15,No,Sí,Inglaterra,Probablemente sí,México,Cristiano Ronaldo; Lamine Yamal,Un jugador famoso,2x1,No,Edición Mundial Fifa 2026,Moderada,Casual,Adulto Joven (25-34)
1951,2026-03-15,10:15:39,18 - 24 Años,Masculino,Guatemala,Villa Nueva,Empleado Público,Todos Los Días,Tienda de barrio,Familia,Q25 - Q50,Victory Pretzels,Barbacoa,Individual,Q16 - Q20,Sí,Sí,Inglaterra,Definitivamente no,Portugal,Lamine Yamal; Lionel Messi; Ninguno,Una selección nacional,Producto gratis,Sí,Edición España,Moderada,Casual,Jóvenes (<25)
1952,2026-03-30,11:51:23,35 - 44 Años,Femenino,Escuintla,Palín,Empleado Privado,1 A 2 Veces Por Semana,Tienda de barrio,Amigos,Q101 - Q150,Mundialitos Queso Picante,Salado Tradicional,Familiar,Más De Q30,Sí,Sí,Portugal,Tal vez,Alemania,Kylian Mbappé,Una selección nacional,Tarjetas coleccionables,No,Edición Argentina,Moderada,Espectador Pasivo,Adulto Maduro (35-54)
1953,2026-02-17,18:15:40,18 - 24 Años,Masculino,Guatemala,Mixco,Ama De Casa,3 A 5 Veces Por Semana,Kiosco escolar/universitario,Amigos,Q25 - Q50,FutbolMix; Hot Stadium Peanuts; Caramel Goal Popcorn,Chocolate,Familiar,Más De Q30,Sí,No,Francia,Probablemente sí,España,Jude Bellingham,Premios y sorteos,Sorteo de viajes,Sí,Edición Mundial Fifa 2026,Moderada,Espectador Pasivo,Jóvenes (<25)
1954,2026-02-08,20:27:26,25 - 34 Años,Femenino,Guatemala,,Comerciante,Varias Veces Al Mes,Gasolinera,Compañeros de trabajo,Menos De Q25,Victory Pretzels; Gol Nachos Supreme,Limón,Individual,Menos De Q10,No,Sí,México,Probablemente no,Alemania,Cristiano Ronaldo; Rodri; Lionel Messi,Premios y sorteos,Descuento directo,Sí,Edición Con Tarjetas Coleccionables,Sensible Al Precio,Casual,Adulto Joven (25-34)
1955,2026-03-06,19:00:03,45 - 54 Años,Masculino,Chimaltenango,Tecpán Guatemala,Empleado Público,Varias Veces Al Mes,Supermercado,Otro,Q51 - Q100,ChocoKick Bites; Gol Nachos Supreme; FutbolMix,Barbacoa,Familiar,Q10 - Q15,No,Sí,España,Tal vez,Brasil,Neymar Jr.; Lionel Messi,Premios y sorteos,Descuento directo,Sí,Edición Con Tarjetas Coleccionables,Moderada,Casual,Adulto Maduro (35-54)
1956,2026-03-27,13:58:33,35 - 44 Años,Masculino,Guatemala,,Empleado Privado,Todos Los Días,Tienda de barrio,Amigos,Menos De Q25,Hot Stadium Peanuts; Mundialitos Queso Picante; ChocoKick Bites,Barbacoa,Individual,Q10 - Q15,No,Sí,México,Definitivamente sí,Argentina,Lionel Messi; Kylian Mbappé; Jude Bellingham,Un jugador famoso,Descuento directo,Sí,Edición Con Tarjetas Coleccionables,Sensible Al Precio,Casual,Adulto Maduro (35-54)
1957,2026-02-21,10:59:08,35 - 44 Años,Masculino,Guatemala,Villa Nueva,Empleado Privado,1 A 2 Veces Por Semana,,Amigos,Menos De Q25,FutbolMix; Gol Nachos Supreme; Hot Stadium Peanuts,Chocolate,Familiar,Q21 - Q30,No,Sí,Francia,Probablemente sí,,Lionel Messi,Historias de aficionados,2x1,No,Edición Brasil,Sensible Al Precio,Casual,Adulto Maduro (35-54)
1958,2026-02-09,22:13:04,Menos De 18 Años,Femenino,Guatemala,Villa Nueva,Profesional Independiente,Todos Los Días,Tienda de barrio,Familia,Q51 - Q100,CrunchMax BBQ; Fan Chips Jalapeño; Victory Pretzels,Caramelo,Individual,Q16 - Q20,Sí,Sí,Argentina,Tal vez, ESTADOS UNIDOS ,Alphonso Davies; Lionel Messi,Un jugador famoso,2x1,Sí,Edición Con Jugadores Famosos,Premium Alta,Casual,Jóvenes (<25)
1959,2026-04-23,07:16:23,18 - 24 Años,Masculino,Guatemala,Santa Catarina Pinula,Otro,Todos Los Días,Supermercado,Amigos,Q25 - Q50,CrunchMax BBQ; ChocoKick Bites; Hot Stadium Peanuts,Jalapeño,Tamaño Fiesta O Reunión,Q10 - Q15,No,Sí,Portugal,Tal vez,Argentina,Julián Álvarez; Lionel Messi,Un jugador famoso,Tarjetas coleccionables,Sí,Edición Brasil,Moderada,Casual,Jóvenes (<25)
1962,2026-04-13,12:48:17,18 - 24 Años,Femenino,Guatemala,Mixco,Empleado Privado,1 A 2 Veces Por Semana,Aplicación de delivery,Compañeros de trabajo,Menos De Q25,ChocoKick Bites; Fan Chips Jalapeño,Limón,Individual,Q21 - Q30,Sí,Sí,Portugal,Probablemente sí,Francia,Cristiano Ronaldo; Federico Valverde,Premios y sorteos,Producto gratis,Sí,Edición Mundial Fifa 2026,Moderada,Fanático Target (Alto),Jóvenes (<25)
1963,2026-03-01,15:20:33,18 - 24 Años,Femenino,Guatemala,Mixco,Otro,3 A 5 Veces Por Semana,Tienda de barrio,Familia,Q51 - Q100,Victory Pretzels; CrunchMax BBQ,Barbacoa,Para Compartir Entre 2 Personas,Q16 - Q20,Sí,Sí,México,Definitivamente sí,Francia,Ninguno,Una selección nacional,2x1,Sí,Edición Con Jugadores Famosos,Premium Alta,Casual,Jóvenes (<25)
1964,2026-01-25,13:14:19,35 - 44 Años,Masculino,Guatemala,Santa Catarina Pinula,Ama De Casa,Varias Veces Al Mes,Gasolinera,Amigos,Q25 - Q50,Fan Chips Jalapeño; CrunchMax BBQ,Picante Chapín,Para Compartir Entre 2 Personas,Q16 - Q20,Sí,No,Portugal,Tal vez,Argentina,Vinícius Júnior; Neymar Jr.; Kylian Mbappé,Una selección nacional,Producto gratis,Sí,Edición Mundial Fifa 2026,Moderada,Espectador Pasivo,Adulto Maduro (35-54)
1965,2026-04-24,07:24:06,45 - 54 Años,Prefiero No Indicarlo,Guatemala,Santa Catarina Pinula,Otro,1 A 2 Veces Por Semana,Otro,Compañeros de trabajo,Q51 - Q100,Mundialitos Queso Picante; CrunchMax BBQ,Picante Chapín,Para Compartir Entre 2 Personas,Q16 - Q20,Sí,Sí,Inglaterra,Probablemente sí,Brasil,Federico Valverde; Harry Kane,Premios y sorteos,Sorteo de balones,Sí,Edición Con Tarjetas Coleccionables,Premium Alta,Fanático Target (Alto),Adulto Maduro (35-54)
1966,2026-03-01,22:31:38,Menos De 18 Años,Masculino,Retalhuleu,Cabecera municipal,Empleado Público,3 A 5 Veces Por Semana,Supermercado,Familia,Menos De Q25,Mundialitos Queso Picante; Caramel Goal Popcorn,Barbacoa,Individual,Menos De Q10,Sí,Sí,Estados Unidos,Probablemente sí,Argentina,Christian Pulisic,Humor,2x1,No,Edición Con Tarjetas Coleccionables,Moderada,Casual,Jóvenes (<25)
1967,2026-02-15,13:31:01,35 - 44 Años,Femenino,Guatemala,Villa Nueva,Empleado Privado,3 A 5 Veces Por Semana,Tienda de barrio,Amigos,Q25 - Q50,Gol Nachos Supreme; FutbolMix; Mundialitos Queso Picante,Dulce,Individual,Q10 - Q15,Sí,Sí,Argentina,Definitivamente no,Argentina,Lionel Messi; Cristiano Ronaldo; Julián Álvarez,Historias de aficionados,2x1,No,Edición Con Tarjetas Coleccionables,Moderada,Espectador Pasivo,Adulto Maduro (35-54)
1968,2026-01-22,15:20:42,18 - 24 Años,Femenino,Sacatepéquez,Sumpango,Empleado Privado,Rara Vez,Tienda de barrio,Solo,Q25 - Q50,Gol Nachos Supreme; Mundialitos Queso Picante; Energy Crunch Protein,Chocolate,Individual,Q16 - Q20,No,Sí,Argentina,Tal vez,Francia,Neymar Jr.; Lamine Yamal,Historias de aficionados,2x1,Sí,Edición Argentina,Moderada,Casual,Jóvenes (<25)
1969,2026-01-14,16:46:36,55 Años O Más,Masculino,Sololá,Cabecera municipal,Otro,Todos Los Días,Tienda de barrio,Compañeros de trabajo,Q25 - Q50,FutbolMix; CrunchMax BBQ,Limón,Para Compartir Entre 2 Personas,Q16 - Q20,Sí,Sí,Marruecos,Definitivamente sí,Estados Unidos,Kylian Mbappé; Cristiano Ronaldo,Premios y sorteos,Producto gratis,Sí,Edición Mundial Fifa 2026,Moderada,Casual,Adulto Mayor (55+)
1970,2026-02-07,17:48:50,45 - 54 Años,Femenino,Guatemala,Santa Catarina Pinula,Empleado Privado,1 A 2 Veces Por Semana,Tienda de barrio,Otro,Menos De Q25,Fan Chips Jalapeño; FutbolMix,Barbacoa,Individual,Q16 - Q20,Sí,Sí,España,Probablemente sí,Francia,Neymar Jr.; Lionel Messi; Vinícius Júnior,Premios y sorteos,Sorteo de viajes,No,Edición Con Tarjetas Coleccionables,Moderada,Casual,Adulto Maduro (35-54)
1971,2026-04-24,13:51:19,18 - 24 Años,Masculino,Zacapa,Otro municipio,Estudiante,Rara Vez,Tienda de barrio,Solo,Q25 - Q50,Energy Crunch Protein,Jalapeño,Individual,Q21 - Q30,No,Sí,México,Probablemente sí,Alemania,Lionel Messi; Ninguno,Humor,Sorteo de balones,Sí,Edición Francia,Moderada,Fanático Target (Alto),Jóvenes (<25)
1972,2026-03-11,09:06:47,25 - 34 Años,Masculino,Zacapa,Otro municipio,Empleado Privado,3 A 5 Veces Por Semana,Tienda de barrio,Familia,Q25 - Q50,FutbolMix; Fan Chips Jalapeño,Picante Chapín,Tamaño Fiesta O Reunión,Q16 - Q20,No,Sí,Argentina,Definitivamente sí,Portugal,Neymar Jr.,Historias de aficionados,2x1,Sí,Edición Mundial Fifa 2026,Moderada,Casual,Adulto Joven (25-34)
1973,2026-02-05,20:21:56,25 - 34 Años,Masculino,Escuintla,Escuintla,Estudiante,1 A 2 Veces Por Semana,Gasolinera,Compañeros de trabajo,Q51 - Q100,Fan Chips Jalapeño; CrunchMax BBQ; FutbolMix,Caramelo,Familiar,Q10 - Q15,Sí,No,Brasil,Probablemente sí,México,Cristiano Ronaldo; Lionel Messi; Jude Bellingham,Una selección nacional,Sorteo de balones,Sí,Edición Brasil,Premium Alta,Espectador Pasivo,Adulto Joven (25-34)
1974,2026-03-03,14:06:01,25 - 34 Años,Femenino,Sacatepéquez,Sumpango,Comerciante,1 A 2 Veces Por Semana,Gasolinera,Familia,Q25 - Q50,CrunchMax BBQ,Queso,Familiar,Q16 - Q20,No,Sí,Portugal,Definitivamente no,Argentina,Lionel Messi; Harry Kane; Kylian Mbappé,Un jugador famoso,Producto gratis,No,Edición Con Tarjetas Coleccionables,Moderada,Espectador Pasivo,Adulto Joven (25-34)
1975,2026-01-20,08:27:43,35 - 44 Años,Masculino,Guatemala,Villa Nueva,Ama De Casa,Rara Vez,Tienda de barrio,Familia,Q51 - Q100,ChocoKick Bites; FutbolMix; Mundialitos Queso Picante,Picante Chapín,Familiar,Q10 - Q15,Sí,Sí,Brasil,Definitivamente sí,Portugal,Cristiano Ronaldo,Un jugador famoso,2x1,No,Edición Con Tarjetas Coleccionables,Premium Alta,Espectador Pasivo,Adulto Maduro (35-54)
1976,2026-03-23,11:45:07,18 - 24 Años,Femenino,Retalhuleu,Retalhuleu,Empresario,Varias Veces Al Mes,Gasolinera,Familia,Q51 - Q100,Gol Nachos Supreme; CrunchMax BBQ; Mundialitos Queso Picante,Limón,Para Compartir Entre 2 Personas,,No,Sí,Inglaterra,Definitivamente sí,España,Lionel Messi; Neymar Jr.; Cristiano Ronaldo,Humor,Descuento directo,No,Edición Argentina,Moderada,Espectador Pasivo,Jóvenes (<25)
1977,2026-03-08,22:19:01,55 Años O Más,Femenino,Quetzaltenango,,Jubilado,Todos Los Días,Supermercado,Familia,Q25 - Q50,Fan Chips Jalapeño; Gol Nachos Supreme,Jalapeño,Familiar,Q16 - Q20,No,Sí,Francia,Definitivamente sí,Brasil,Cristiano Ronaldo; Harry Kane; Vinícius Júnior,Humor,Sorteo de camisetas,Sí,Edición Francia,Moderada,Casual,Adulto Mayor (55+)
1978,2026-04-06,07:42:48,Menos De 18 Años,Masculino,Chimaltenango,Chimaltenango,Comerciante,Todos Los Días,Tienda de barrio,Solo,Q51 - Q100,FutbolMix,Limón,Tamaño Fiesta O Reunión,Q10 - Q15,Sí,Sí,Argentina,Definitivamente sí,Brasil,Lionel Messi,Un jugador famoso,Tarjetas coleccionables,No,Edición Brasil,Premium Alta,Espectador Pasivo,Jóvenes (<25)
1979,2026-03-27,17:04:19,18 - 24 Años,Femenino,Santa Rosa,Santa Rosa,Empleado Privado,3 A 5 Veces Por Semana,Supermercado,Amigos,Q51 - Q100,CrunchMax BBQ,Limón,Para Compartir Entre 2 Personas,Menos De Q10,No,No,Francia,Tal vez,Brasil,Cristiano Ronaldo,Un jugador famoso,2x1,Sí,Edición Francia,Moderada,Espectador Pasivo,Jóvenes (<25)
1980,2026-01-22,11:30:12,18 - 24 Años,Masculino,Guatemala,Villa Nueva,Otro,Todos Los Días,Supermercado,Compañeros de trabajo,Q25 - Q50,Gol Nachos Supreme,Queso,Para Compartir Entre 2 Personas,Q16 - Q20,Sí,Sí,Inglaterra,Definitivamente sí,México,Kylian Mbappé,Premios y sorteos,Producto gratis,No,Edición Con Tarjetas Coleccionables,Moderada,Espectador Pasivo,Jóvenes (<25)
1981,2026-02-12,17:56:49,25 - 34 Años,Masculino,Guatemala,,Profesional Independiente,3 A 5 Veces Por Semana,Supermercado,Familia,Q101 - Q150,CrunchMax BBQ,Queso,Tamaño Fiesta O Reunión,Q16 - Q20,Sí,Sí,Alemania,Definitivamente sí,España,Cristiano Ronaldo; Lionel Messi; Vinícius Júnior,Historias de aficionados,Descuento directo,No,Edición Inglaterra,Moderada,Espectador Pasivo,Adulto Joven (25-34)
1982,2026-04-09,17:20:25,18 - 24 Años,Femenino,Guatemala,Villa Nueva,Jubilado,3 A 5 Veces Por Semana,Otro,Familia,Q51 - Q100,ChocoKick Bites,Limón,Familiar,Q16 - Q20,Sí,Sí,Brasil,Probablemente sí,México,Federico Valverde,Premios y sorteos,Sorteo de viajes,Sí,Edición Brasil,Premium Alta,Fanático Target (Alto),Jóvenes (<25)
1983,2026-02-26,17:16:26,18 - 24 Años,Masculino,Quetzaltenango,Coatepeque,Estudiante,Rara Vez,Gasolinera,Amigos,Menos De Q25,FutbolMix; CrunchMax BBQ,Salado Tradicional,Individual,Q21 - Q30,Sí,Sí,Portugal,Tal vez,Congo DR,Jude Bellingham,Un jugador famoso,Tarjetas coleccionables,Sí,Edición Brasil,Moderada,Casual,Jóvenes (<25)
1984,2026-01-26,11:38:48,25 - 34 Años,Femenino,Guatemala,,Estudiante,Todos Los Días,Supermercado,Familia,Q101 - Q150,Hot Stadium Peanuts; FutbolMix; ChocoKick Bites,Dulce,Tamaño Fiesta O Reunión,Q16 - Q20,Sí,Sí,Portugal,Probablemente no,Alemania,Cristiano Ronaldo,Una selección nacional,2x1,No,Edición Argentina,Moderada,Espectador Pasivo,Adulto Joven (25-34)
1985,2026-01-23,09:55:25,55 Años O Más,Masculino,Guatemala,Mixco,Comerciante,3 A 5 Veces Por Semana,Supermercado,Amigos,Q25 - Q50,Caramel Goal Popcorn,Barbacoa,Para Compartir Entre 2 Personas,Q16 - Q20,Sí,Sí,México,Probablemente no,México,Lamine Yamal; Jude Bellingham,Un jugador famoso,Descuento directo,No,Edición Brasil,Moderada,Espectador Pasivo,Adulto Mayor (55+)
1986,2026-05-07,17:52:30,35 - 44 Años,Masculino,Guatemala,San Miguel Petapa,Empresario,Todos Los Días,Supermercado,Compañeros de trabajo,Q51 - Q100,Fan Chips Jalapeño; Caramel Goal Popcorn,Chocolate,Familiar,Q21 - Q30,No,Sí,Portugal,Definitivamente sí,Brasil,Rodri; Kylian Mbappé; Lionel Messi,Un jugador famoso,Sorteo de viajes,No,Edición Francia,Moderada,Espectador Pasivo,Adulto Maduro (35-54)
1987,2026-05-09,13:29:46,25 - 34 Años,Masculino,Quetzaltenango,Coatepeque,Comerciante,Varias Veces Al Mes,Supermercado,Compañeros de trabajo,Menos De Q25,CrunchMax BBQ; ChocoKick Bites,Picante Chapín,Familiar,Más De Q30,No,Sí,Brasil,Definitivamente no,Argentina,Christian Pulisic,Un jugador famoso,Producto gratis,Sí,Edición Brasil,Sensible Al Precio,Casual,Adulto Joven (25-34)
1988,2026-04-02,16:10:58,35 - 44 Años,Femenino,Guatemala,Santa Catarina Pinula,Comerciante,Todos Los Días,Aplicación de delivery,Amigos,Q101 - Q150,Fan Chips Jalapeño,Barbacoa,Familiar,Q16 - Q20,Sí,Sí, ALEMANIA ,Tal vez,Brasil,Lionel Messi; Neymar Jr.,Historias de aficionados,Producto gratis,No,Edición España,Moderada,Espectador Pasivo,Adulto Maduro (35-54)
1989,2026-01-17,14:43:45,45 - 54 Años,Femenino,Guatemala,Mixco,Estudiante,Varias Veces Al Mes,Gasolinera,Compañeros de trabajo,Q51 - Q100,Caramel Goal Popcorn,Queso,Familiar,Q16 - Q20,Sí,Sí,Argentina,Probablemente sí,Uruguay,Lionel Messi; Cristiano Ronaldo; Neymar Jr.,Un jugador famoso,Sorteo de balones,Sí,Edición Mundial Fifa 2026,Premium Alta,Fanático Target (Alto),Adulto Maduro (35-54)
1990,2026-05-07,07:28:46,18 - 24 Años,Femenino,Guatemala,Villa Nueva,Estudiante,1 A 2 Veces Por Semana,Supermercado,Compañeros de trabajo,Q25 - Q50,Energy Crunch Protein,Queso,Tamaño Fiesta O Reunión,Menos De Q10,No,Sí,Inglaterra,Probablemente sí,Francia,Cristiano Ronaldo; Julián Álvarez,Un jugador famoso,2x1,Sí,Edición Argentina,Moderada,Fanático Target (Alto),Jóvenes (<25)
1991,2026-03-08,20:04:50,45 - 54 Años,Femenino,Guatemala,Mixco,Profesional Independiente,3 A 5 Veces Por Semana,Tienda de barrio,Amigos,Q25 - Q50,ChocoKick Bites; Victory Pretzels,Jalapeño,Para Compartir Entre 2 Personas,Q10 - Q15,Sí,Sí,Uruguay,Probablemente no,Portugal,Cristiano Ronaldo; Kylian Mbappé,Premios y sorteos,Descuento directo,No,Edición Con Jugadores Famosos,Moderada,Espectador Pasivo,Adulto Maduro (35-54)
1992,2026-04-30,20:50:10,25 - 34 Años,Masculino,Guatemala,Mixco,Ama De Casa,3 A 5 Veces Por Semana,Tienda de barrio,Amigos,Q25 - Q50,Gol Nachos Supreme; CrunchMax BBQ,Barbacoa,Para Compartir Entre 2 Personas,Q21 - Q30,Sí,Sí,Francia,Probablemente sí,Argentina,Cristiano Ronaldo; Kylian Mbappé,Una selección nacional,Sorteo de balones,Sí,Edición Francia,Moderada,Fanático Target (Alto),Adulto Joven (25-34)
1993,2026-04-04,17:09:41,18 - 24 Años,Femenino,Chimaltenango,Tecpán Guatemala,,Todos Los Días,Tienda de barrio,Compañeros de trabajo,Más De Q150,Hot Stadium Peanuts; Energy Crunch Protein; ChocoKick Bites,Limón,Tamaño Fiesta O Reunión,Q16 - Q20,Sí,Sí,Brasil,Tal vez,México,Lionel Messi,Una selección nacional,2x1,No,Edición Brasil,Moderada,Espectador Pasivo,Jóvenes (<25)
1994,2026-03-27,17:56:15,18 - 24 Años,Masculino,Guatemala,Villa Nueva,Comerciante,1 A 2 Veces Por Semana,Tienda de barrio,Solo,Q51 - Q100,Gol Nachos Supreme; Mundialitos Queso Picante; CrunchMax BBQ,Picante Chapín,Individual,Q16 - Q20,Sí,Sí,Francia,Definitivamente sí,Ghana,Lamine Yamal,Un jugador famoso,Descuento directo,Sí,Edición Inglaterra,Premium Alta,Casual,Jóvenes (<25)
1995,2026-01-16,16:49:19,25 - 34 Años,Masculino,El Progreso,Otro municipio,Comerciante,Rara Vez,Gasolinera,Familia,Q25 - Q50,Gol Nachos Supreme; Caramel Goal Popcorn; Hot Stadium Peanuts,Jalapeño,Tamaño Fiesta O Reunión,Q21 - Q30,Sí,Sí,Francia,Tal vez,Argentina,Lionel Messi; Neymar Jr.; Cristiano Ronaldo,Un jugador famoso,Sorteo de viajes,Sí,Edición Brasil,Moderada,Casual,Adulto Joven (25-34)
1996,2026-01-22,12:10:13,45 - 54 Años,Prefiero No Indicarlo,Quetzaltenango,Coatepeque,Empleado Privado,1 A 2 Veces Por Semana,Tienda de barrio,Otro,Q51 - Q100,Fan Chips Jalapeño,Queso,Individual,Q10 - Q15,No,Sí,Argentina,Probablemente sí,Argentina,Lionel Messi; Cristiano Ronaldo; Jude Bellingham,Historias de aficionados,Descuento directo,Sí,Edición Inglaterra,Moderada,Fanático Target (Alto),Adulto Maduro (35-54)
1997,2026-03-30,12:33:42,18 - 24 Años,Masculino,Jalapa,Jalapa,Empleado Privado,Todos Los Días,Otro,Familia,Menos De Q25,CrunchMax BBQ; FutbolMix,Jalapeño,Individual,Q10 - Q15,Sí,Sí,Portugal,Tal vez,Inglaterra,Cristiano Ronaldo,Un jugador famoso,Tarjetas coleccionables,Sí,Edición Brasil,Moderada,Casual,Jóvenes (<25)
1998,2026-04-20,18:16:39,35 - 44 Años,Masculino,Guatemala,Mixco,Empleado Privado,1 A 2 Veces Por Semana,Gasolinera,Amigos,Q25 - Q50,Fan Chips Jalapeño,Limón,Familiar,Q16 - Q20,Sí,Sí,Argentina,Probablemente sí,Colombia,Lamine Yamal; Lionel Messi,Un jugador famoso,Sorteo de balones,Sí,Edición Brasil,Moderada,Fanático Target (Alto),Adulto Maduro (35-54)
1999,2026-04-16,10:31:30,18 - 24 Años,Femenino,Guatemala,San Miguel Petapa,Empleado Privado,1 A 2 Veces Por Semana,Tienda de barrio,Familia,Q25 - Q50,ChocoKick Bites; CrunchMax BBQ,Picante Chapín,Para Compartir Entre 2 Personas,Q10 - Q15,Sí,Sí,Francia,Tal vez,Argentina,Lionel Messi; Cristiano Ronaldo; Lamine Yamal,Un jugador famoso,2x1,Sí,Edición Inglaterra,Moderada,Casual,Jóvenes (<25)
2000,2026-03-10,16:14:43,25 - 34 Años,Masculino,Jalapa,Otro municipio,Estudiante,Varias Veces Al Mes,Supermercado,Familia,Q51 - Q100,Victory Pretzels,Salado Tradicional,Familiar,Q10 - Q15,Sí,Sí,Alemania,Probablemente sí,Brasil,Lamine Yamal,Historias de aficionados,Sorteo de viajes,Sí,Edición Argentina,Premium Alta,Fanático Target (Alto),Adulto Joven (25-34)
2001,2026-05-09,20:48:45,55 Años O Más,Masculino,Guatemala,San Miguel Petapa,Jubilado,3 A 5 Veces Por Semana,Tienda de barrio,Amigos,Q25 - Q50,Fan Chips Jalapeño,Limón,Tamaño Fiesta O Reunión,Q21 - Q30,No,Sí,Uruguay,Definitivamente sí,Egipto,Lionel Messi; Lamine Yamal,Una selección nacional,Sorteo de camisetas,Sí,Edición Argentina,Moderada,Casual,Adulto Mayor (55+)
2002,2026-04-27,10:54:53,45 - 54 Años,Femenino,Retalhuleu,Otro municipio,Empleado Público,Todos Los Días,Supermercado,Familia,Q101 - Q150,Hot Stadium Peanuts; ChocoKick Bites; Caramel Goal Popcorn,Barbacoa,Individual,Q21 - Q30,Sí,Sí,Alemania,Probablemente sí,Francia,Rodri; Kylian Mbappé; Lamine Yamal,Historias de aficionados,Sorteo de balones,Sí,Edición Mundial Fifa 2026,Moderada,Fanático Target (Alto),Adulto Maduro (35-54)
2003,2026-02-06,13:03:19,45 - 54 Años,Masculino,Suchitepéquez,Otro municipio,Empleado Privado,Todos Los Días,Kiosco escolar/universitario,Familia,Q25 - Q50,Victory Pretzels; Fan Chips Jalapeño; Mundialitos Queso Picante,Limón,Para Compartir Entre 2 Personas,Q16 - Q20,No,Sí,España,Definitivamente sí,Francia,Kylian Mbappé; Harry Kane; Cristiano Ronaldo,Humor,2x1,No,Edición Argentina,Moderada,Espectador Pasivo,Adulto Maduro (35-54)
2004,2026-02-15,20:33:02,25 - 34 Años,Masculino,Jutiapa,Jutiapa,Empleado Privado,1 A 2 Veces Por Semana,Supermercado,Familia,Menos De Q25,FutbolMix; Fan Chips Jalapeño,Picante Chapín,Individual,Q16 - Q20,Sí,Sí,Colombia,Definitivamente no,Portugal,Neymar Jr.; Rodri; Christian Pulisic,Humor,Sorteo de viajes,No,Edición Argentina,Moderada,Espectador Pasivo,Adulto Joven (25-34)
2005,2026-05-06,19:15:05,18 - 24 Años,Masculino,Jalapa, JALAPA ,Comerciante,Todos Los Días,Gasolinera,Familia,Q101 - Q150,CrunchMax BBQ; Hot Stadium Peanuts,Caramelo,Para Compartir Entre 2 Personas,Q16 - Q20,No,Sí,España,Probablemente sí,México,Lionel Messi; Jude Bellingham; Julián Álvarez,Un jugador famoso,Sorteo de camisetas,Sí,Edición Mundial Fifa 2026,Sensible Al Precio,Fanático Target (Alto),Jóvenes (<25)
2006,2026-04-11,20:37:20,45 - 54 Años,Masculino,Chimaltenango,Patzún,Empleado Privado,Todos Los Días,Tienda de barrio,Familia,Menos De Q25,CrunchMax BBQ; ChocoKick Bites; Mundialitos Queso Picante,Chocolate,Familiar,Q21 - Q30,Sí,Sí,Argentina,Tal vez,Haití,Ninguno; Lionel Messi; Neymar Jr.,Una selección nacional,2x1,No,Edición Brasil,Moderada,Espectador Pasivo,Adulto Maduro (35-54)
2007,2026-03-20,07:41:56,25 - 34 Años,Femenino,Baja Verapaz,Otro municipio,Comerciante,1 A 2 Veces Por Semana,Supermercado,Familia,Q51 - Q100,Fan Chips Jalapeño; CrunchMax BBQ; ChocoKick Bites,Chocolate,Tamaño Fiesta O Reunión,Q21 - Q30,Sí,Sí,Francia,Definitivamente sí,Francia,Vinícius Júnior; Lamine Yamal; Neymar Jr.,Una selección nacional,Sorteo de viajes,Sí,Edición Brasil,Premium Alta,Casual,Adulto Joven (25-34)
2008,2026-01-11,09:44:58,35 - 44 Años,Femenino,Guatemala,San Miguel Petapa,Comerciante,Varias Veces Al Mes,Supermercado,Familia,Q51 - Q100,ChocoKick Bites; Hot Stadium Peanuts,Queso,Para Compartir Entre 2 Personas,Q16 - Q20,No,No,Portugal,Probablemente sí,Portugal,Lamine Yamal,Humor,Producto gratis,Sí,Edición Mundial Fifa 2026,Moderada,Espectador Pasivo,Adulto Maduro (35-54)
2009,2026-04-08,16:14:13,25 - 34 Años,Femenino,Guatemala,Santa Catarina Pinula,Estudiante,Varias Veces Al Mes,Supermercado,Familia,Q25 - Q50,CrunchMax BBQ,Barbacoa,Para Compartir Entre 2 Personas,Menos De Q10,Sí,Sí,México,Definitivamente sí,Argentina,Lionel Messi,Un jugador famoso,Tarjetas coleccionables,No,Edición Argentina,Moderada,Espectador Pasivo,Adulto Joven (25-34)
2010,2026-03-18,09:09:32,25 - 34 Años,Masculino,Izabal,Cabecera municipal,Empleado Privado,3 A 5 Veces Por Semana,Gasolinera,Familia,Menos De Q25,CrunchMax BBQ,Barbacoa,Tamaño Fiesta O Reunión,Menos De Q10,No,No,España,Definitivamente sí,Portugal,Kylian Mbappé; Vinícius Júnior,Un jugador famoso,Sorteo de viajes,Sí,Edición España,Sensible Al Precio,Espectador Pasivo,Adulto Joven (25-34)
2011,2026-01-18,18:42:38,35 - 44 Años,Femenino,Jutiapa,Jutiapa,Estudiante,Varias Veces Al Mes,Supermercado,Familia,Q51 - Q100,Gol Nachos Supreme; Hot Stadium Peanuts; FutbolMix,Salado Tradicional,Familiar,Q21 - Q30,No,Sí,Inglaterra,Definitivamente sí,Senegal,Neymar Jr.; Cristiano Ronaldo; Kylian Mbappé,Una selección nacional,2x1,Sí,Edición España,Moderada,Casual,Adulto Maduro (35-54)
2012,2026-02-11,17:00:23,25 - 34 Años,Masculino,Santa Rosa,Otro municipio,Ama De Casa,Rara Vez,Gasolinera,Amigos,Q25 - Q50,ChocoKick Bites,Jalapeño,Familiar,Q21 - Q30,Sí,Sí,España,Probablemente sí,Argentina,Lamine Yamal,Un jugador famoso,Descuento directo,Sí,Edición Argentina,Moderada,Fanático Target (Alto),Adulto Joven (25-34)
2013,2026-04-26,18:42:25,35 - 44 Años,Masculino,Retalhuleu,Retalhuleu,Empleado Privado,Varias Veces Al Mes,Tienda de barrio,Otro,Q25 - Q50,ChocoKick Bites,Dulce,Familiar,Menos De Q10,Sí,No,México,Definitivamente no,Argentina,Lionel Messi; Alphonso Davies; Federico Valverde,Un jugador famoso,Tarjetas coleccionables,Sí,Edición Mundial Fifa 2026,Moderada,Espectador Pasivo,Adulto Maduro (35-54)
2014,2026-01-23,12:08:53,18 - 24 Años,Femenino,Chimaltenango,Patzún,Estudiante,Varias Veces Al Mes,Aplicación de delivery,Familia,Q101 - Q150,Fan Chips Jalapeño,Barbacoa,Individual,Q16 - Q20,Sí,Sí,Estados Unidos,Definitivamente sí,Brasil,Vinícius Júnior; Alphonso Davies,Un jugador famoso,Sorteo de balones,Sí,Edición Francia,Moderada,Casual,Jóvenes (<25)
2015,2026-01-23,21:21:16,35 - 44 Años,Femenino,Guatemala,Villa Nueva,Estudiante,Todos Los Días,Tienda de barrio,Solo,Menos De Q25,FutbolMix,Jalapeño,Individual,Q10 - Q15,Sí,Sí,Portugal,Probablemente sí,Bélgica,Vinícius Júnior; Harry Kane,Un jugador famoso,Producto gratis,No,Edición Brasil,Moderada,Casual,Adulto Maduro (35-54)
2016,2026-01-22,08:53:38,25 - 34 Años,Femenino,Sacatepéquez,Ciudad Vieja,Empleado Público,1 A 2 Veces Por Semana,Aplicación de delivery,Solo,Q25 - Q50,Hot Stadium Peanuts; Fan Chips Jalapeño,Barbacoa,Tamaño Fiesta O Reunión,Q16 - Q20,Sí,Sí,Francia,Definitivamente sí,México,Cristiano Ronaldo; Kylian Mbappé; Lionel Messi,Un jugador famoso,2x1,Sí,Edición Brasil,Moderada,Casual,Adulto Joven (25-34)
2017,2026-02-25,08:25:53,55 Años O Más,Femenino,Guatemala,Santa Catarina Pinula,Profesional Independiente,1 A 2 Veces Por Semana,Gasolinera,Solo,Q101 - Q150,Fan Chips Jalapeño; Mundialitos Queso Picante,Barbacoa,Individual,Q10 - Q15,No,Sí,Uruguay,Probablemente no,España,Jude Bellingham; Vinícius Júnior,Humor,Producto gratis,Sí,Edición Con Tarjetas Coleccionables,Sensible Al Precio,Casual,Adulto Mayor (55+)
2018,2026-02-06,22:08:17,18 - 24 Años,Masculino,Guatemala,San Miguel Petapa,Ama De Casa,Varias Veces Al Mes,Supermercado,Solo,Q25 - Q50,Mundialitos Queso Picante,Barbacoa,Para Compartir Entre 2 Personas,Q10 - Q15,No,Sí,México,Probablemente sí,Francia,Jude Bellingham; Lionel Messi,Una selección nacional,2x1,Sí,Edición Mundial Fifa 2026,Moderada,Fanático Target (Alto),Jóvenes (<25)
2019,2026-02-04,12:35:05,25 - 34 Años,Femenino,Chimaltenango,Patzún,Estudiante,Todos Los Días,Supermercado,Amigos,Q25 - Q50,Hot Stadium Peanuts; Caramel Goal Popcorn; Energy Crunch Protein,,Individual,Q21 - Q30,Sí,Sí,Francia,Probablemente sí,Argelia,Neymar Jr.; Vinícius Júnior; Rodri,Una selección nacional,Tarjetas coleccionables,Sí,Edición Argentina,Moderada,Fanático Target (Alto),Adulto Joven (25-34)
2020,2026-02-16,15:06:28,35 - 44 Años,Femenino,Guatemala,Mixco,Empleado Privado,3 A 5 Veces Por Semana,Supermercado,Amigos,Q25 - Q50,Gol Nachos Supreme; Hot Stadium Peanuts,Picante Chapín,Tamaño Fiesta O Reunión,Q10 - Q15,Sí,No,Francia,Tal vez,Inglaterra,Vinícius Júnior; Kylian Mbappé,Premios y sorteos,2x1,No,Edición Con Jugadores Famosos,Moderada,Espectador Pasivo,Adulto Maduro (35-54)
2021,2026-04-10,21:09:14,25 - 34 Años,Masculino,Quetzaltenango,Quetzaltenango,Jubilado,1 A 2 Veces Por Semana,Aplicación de delivery,Compañeros de trabajo,Q25 - Q50,Caramel Goal Popcorn; Gol Nachos Supreme,Picante Chapín,Para Compartir Entre 2 Personas,Q16 - Q20,Sí,Sí,Inglaterra,Probablemente sí,Argentina,Lionel Messi; Alphonso Davies; Neymar Jr.,Premios y sorteos,Descuento directo,No,Edición Francia,Moderada,Casual,Adulto Joven (25-34)
2022,2026-04-07,14:07:19,18 - 24 Años,Masculino,Chimaltenango,Patzún,Comerciante,3 A 5 Veces Por Semana,Supermercado,Familia,Q51 - Q100,Victory Pretzels,Caramelo,Tamaño Fiesta O Reunión,Q21 - Q30,No,Sí,Argentina,Probablemente sí,Argentina,Lionel Messi; Neymar Jr.,Una selección nacional,2x1,Sí,Edición Francia,Moderada,Fanático Target (Alto),Jóvenes (<25)
2023,2026-03-12,07:47:22,18 - 24 Años,Masculino,Guatemala,San Miguel Petapa,Ama De Casa,Varias Veces Al Mes,Gasolinera,Otro,Q25 - Q50,Gol Nachos Supreme,Chocolate,Individual,Menos De Q10,Sí,Sí,México,Definitivamente sí,Argentina,Cristiano Ronaldo,Premios y sorteos,Descuento directo,No,Edición Mundial Fifa 2026,Moderada,Espectador Pasivo,Jóvenes (<25)
2024,2026-01-23,19:25:16,35 - 44 Años,Femenino,Guatemala,San Miguel Petapa,Estudiante,1 A 2 Veces Por Semana,Supermercado,Familia,Q51 - Q100,CrunchMax BBQ,Barbacoa,Familiar,Q21 - Q30,Sí,Sí,Francia,Definitivamente sí,Alemania,Cristiano Ronaldo; Neymar Jr.,Una selección nacional,2x1,Sí,Edición Argentina,Premium Alta,Casual,Adulto Maduro (35-54)
2025,2026-02-23,13:59:39,25 - 34 Años,Masculino,Guatemala,Santa Catarina Pinula,Estudiante,3 A 5 Veces Por Semana,Supermercado,Compañeros de trabajo,Q101 - Q150,Mundialitos Queso Picante,Jalapeño,Familiar,Q16 - Q20,No,Sí,España,Probablemente sí,Inglaterra,Neymar Jr.; Kylian Mbappé; Vinícius Júnior,Premios y sorteos,Tarjetas coleccionables,No,Edición Inglaterra,Sensible Al Precio,Casual,Adulto Joven (25-34)
2026,2026-02-10,16:15:01,25 - 34 Años,Masculino,Guatemala,San Miguel Petapa,Empleado Privado,Varias Veces Al Mes,Tienda de barrio,Familia,Q25 - Q50,Caramel Goal Popcorn,Jalapeño,Para Compartir Entre 2 Personas,Q10 - Q15,No,Sí,Brasil,Probablemente sí,Argentina,Lionel Messi,Humor,Descuento directo,No,Edición Mundial Fifa 2026,Moderada,Casual,Adulto Joven (25-34)
2027,2026-02-18,10:17:34,55 Años O Más,Masculino,Escuintla,Escuintla,Empleado Privado,Todos Los Días,Otro,Familia,Q25 - Q50,Gol Nachos Supreme; Caramel Goal Popcorn,Queso,Individual,Q10 - Q15,No,Sí,Francia,Probablemente sí,Argentina,Lionel Messi; Neymar Jr.,Un jugador famoso,Tarjetas coleccionables,Sí,Edición Mundial Fifa 2026,Moderada,Fanático Target (Alto),Adulto Mayor (55+)
2028,2026-02-01,07:57:06,35 - 44 Años,Masculino,Guatemala,Villa Nueva,Empleado Privado,3 A 5 Veces Por Semana,Tienda de barrio,Amigos,Q101 - Q150,Energy Crunch Protein; Fan Chips Jalapeño; Gol Nachos Supreme,Jalapeño,Para Compartir Entre 2 Personas,Q10 - Q15,No,Sí,México,Definitivamente sí,Francia,Julián Álvarez; Neymar Jr.,Premios y sorteos,2x1,Sí,Edición Con Jugadores Famosos,Sensible Al Precio,Casual,Adulto Maduro (35-54)
2029,2026-03-29,21:27:11,18 - 24 Años,Femenino,Chimaltenango,Tecpán Guatemala,Empleado Privado,Varias Veces Al Mes,Tienda de barrio,Amigos,Q25 - Q50,ChocoKick Bites,Jalapeño,Para Compartir Entre 2 Personas,Q21 - Q30,Sí,Sí,Francia,Probablemente no,Francia,Ninguno,Premios y sorteos,Producto gratis,Sí,Edición Francia,Moderada,Casual,Jóvenes (<25)
2030,2026-04-21,13:12:28,Menos De 18 Años,Masculino,Guatemala,Mixco,Estudiante,Todos Los Días,Supermercado,Amigos,Menos De Q25,Gol Nachos Supreme,Salado Tradicional,Familiar,Q10 - Q15,Sí,Sí,Portugal,Tal vez,Argentina,Lionel Messi,Historias de aficionados,2x1,Sí,Edición Francia,Moderada,Casual,Jóvenes (<25)
2031,2026-02-22,13:39:55,25 - 34 Años,Masculino,Guatemala,Villa Nueva,Empleado Privado,1 A 2 Veces Por Semana,Supermercado,Familia,Q51 - Q100,Fan Chips Jalapeño,Picante Chapín,Para Compartir Entre 2 Personas,Q21 - Q30,Sí,No,Inglaterra,Definitivamente sí,Francia,Alphonso Davies,Un jugador famoso,2x1,Sí,Edición Inglaterra,Premium Alta,Espectador Pasivo,Adulto Joven (25-34)
2032,2026-04-04,20:14:21,Menos De 18 Años,Femenino,Guatemala, MIXCO ,Empleado Privado,Todos Los Días,Supermercado,Amigos,Q51 - Q100,FutbolMix; Mundialitos Queso Picante,Limón,Familiar,Q16 - Q20,No,Sí,Brasil,Probablemente sí,Portugal,Christian Pulisic; Kylian Mbappé,Humor,Sorteo de camisetas,Sí,Edición Con Jugadores Famosos,Moderada,Fanático Target (Alto),Jóvenes (<25)
2033,2026-04-05,11:06:58,Menos De 18 Años,Masculino,Escuintla,Santa Lucía Cotzumalguapa,Empleado Privado,1 A 2 Veces Por Semana,Gasolinera,Amigos,Q25 - Q50,ChocoKick Bites; Hot Stadium Peanuts,Barbacoa,Familiar,Más De Q30,Sí,Sí,México,Definitivamente sí,España,Cristiano Ronaldo; Lamine Yamal; Ninguno,Historias de aficionados,2x1,No,Edición Con Tarjetas Coleccionables,Moderada,Espectador Pasivo,Jóvenes (<25)
2034,2026-03-04,12:47:55,35 - 44 Años,Femenino,Retalhuleu,Cabecera municipal,Ama De Casa,Rara Vez,Otro,Familia,Q101 - Q150,CrunchMax BBQ; Caramel Goal Popcorn; Mundialitos Queso Picante,Limón,Individual,Q16 - Q20,No,Sí,Francia,Probablemente sí,Brasil,Lionel Messi,Premios y sorteos,2x1,Sí,Edición Mundial Fifa 2026,Sensible Al Precio,Fanático Target (Alto),Adulto Maduro (35-54)
2035,2026-03-09,17:58:00,25 - 34 Años,Femenino,Guatemala,Mixco,Estudiante,3 A 5 Veces Por Semana,Gasolinera,Familia,Q25 - Q50,Mundialitos Queso Picante; Gol Nachos Supreme,Dulce,Para Compartir Entre 2 Personas,Q10 - Q15,No,Sí,Brasil,Definitivamente no,Inglaterra,Lionel Messi,Premios y sorteos,Sorteo de viajes,Sí,Edición España,Moderada,Casual,Adulto Joven (25-34)
2036,2026-03-30,15:43:34,18 - 24 Años,Femenino,Sacatepéquez,Antigua Guatemala,Empleado Privado,1 A 2 Veces Por Semana,Tienda de barrio,Familia,Menos De Q25,Mundialitos Queso Picante; Hot Stadium Peanuts; Fan Chips Jalapeño,Barbacoa,Tamaño Fiesta O Reunión,Q10 - Q15,Sí,No,Argentina,Probablemente sí,Argentina,Ninguno; Neymar Jr.,Un jugador famoso,Sorteo de viajes,No,Edición Argentina,Moderada,Espectador Pasivo,Jóvenes (<25)
2037,2026-01-15,11:40:45,35 - 44 Años,Masculino,Guatemala,Santa Catarina Pinula,Estudiante,Rara Vez,Gasolinera,Compañeros de trabajo,Q25 - Q50,Caramel Goal Popcorn; Gol Nachos Supreme,Dulce,Para Compartir Entre 2 Personas,Q10 - Q15,No,Sí,Costa de Marfil,Tal vez,Argentina,Kylian Mbappé,Historias de aficionados,Sorteo de balones,Sí,Edición Argentina,Moderada,Casual,Adulto Maduro (35-54)
2038,2026-05-07,21:45:28,18 - 24 Años,Masculino,Guatemala,Villa Nueva,Otro,Todos Los Días,Tienda de barrio,Familia,Menos De Q25,Gol Nachos Supreme; CrunchMax BBQ,Limón,Para Compartir Entre 2 Personas,Q10 - Q15,Sí,Sí,Brasil,Tal vez,México,Christian Pulisic; Lionel Messi; Lamine Yamal,Historias de aficionados,Sorteo de viajes,Sí,Edición España,Moderada,Casual,Jóvenes (<25)
2039,2026-01-29,22:43:18,35 - 44 Años,Femenino,Guatemala,Guatemala,Estudiante,1 A 2 Veces Por Semana,Gasolinera,Amigos,Q51 - Q100,CrunchMax BBQ; Caramel Goal Popcorn,Jalapeño,Para Compartir Entre 2 Personas,Menos De Q10,Sí,Sí, BRASIL ,Probablemente no,Francia,Jude Bellingham; Vinícius Júnior,Humor,Sorteo de camisetas,Sí,Edición Mundial Fifa 2026,Premium Alta,Casual,Adulto Maduro (35-54)
2040,2026-03-13,16:25:21,25 - 34 Años,Masculino,Chiquimula,Otro municipio,Otro,Todos Los Días,Gasolinera,Amigos,Q51 - Q100,FutbolMix; Gol Nachos Supreme; CrunchMax BBQ,Dulce,Individual,Q16 - Q20,Sí,Sí,Francia,Definitivamente no,Francia,Neymar Jr.; Christian Pulisic; Ninguno,Premios y sorteos,Tarjetas coleccionables,No,Edición Con Jugadores Famosos,Premium Alta,Espectador Pasivo,Adulto Joven (25-34)
2041,2026-04-26,16:14:06,18 - 24 Años,Masculino,Sacatepéquez,Antigua Guatemala,Estudiante,Rara Vez,Tienda de barrio,Solo,Q101 - Q150,ChocoKick Bites; FutbolMix,Queso,Familiar,Q21 - Q30,Sí,Sí,Argentina,Definitivamente sí,Francia,Lionel Messi; Vinícius Júnior; Federico Valverde,Una selección nacional,Sorteo de viajes,Sí,Edición Francia,Moderada,Casual,Jóvenes (<25)
2042,2026-01-16,21:10:12,25 - 34 Años,Masculino,Guatemala,San Miguel Petapa,Empresario,Varias Veces Al Mes,Gasolinera,Compañeros de trabajo,Q51 - Q100,Caramel Goal Popcorn; CrunchMax BBQ; FutbolMix,Picante Chapín,Para Compartir Entre 2 Personas,Q21 - Q30,No,Sí,España,Probablemente sí,España,Kylian Mbappé; Lionel Messi,Humor,Descuento directo,Sí,Edición Brasil,Moderada,Fanático Target (Alto),Adulto Joven (25-34)
2043,2026-03-27,18:45:04,35 - 44 Años,Femenino,Escuintla,Escuintla,Otro,1 A 2 Veces Por Semana,Aplicación de delivery,Familia,Q25 - Q50,Victory Pretzels; ChocoKick Bites,Jalapeño,Individual,Q10 - Q15,Sí,Sí,Argentina,Tal vez,Ecuador,Neymar Jr.; Lionel Messi,Historias de aficionados,Descuento directo,No,Edición Mundial Fifa 2026,Moderada,Espectador Pasivo,Adulto Maduro (35-54)
2044,2026-04-13,22:10:36,25 - 34 Años,Femenino,Guatemala,Santa Catarina Pinula,,Todos Los Días,Tienda de barrio,Familia,Q25 - Q50,Hot Stadium Peanuts; Energy Crunch Protein; Caramel Goal Popcorn,Jalapeño,Para Compartir Entre 2 Personas,Q10 - Q15,No,No,Qatar,Tal vez,Suecia,Ninguno; Lionel Messi,Una selección nacional,Tarjetas coleccionables,Sí,Edición Argentina,Moderada,Espectador Pasivo,Adulto Joven (25-34)
2045,2026-05-04,10:15:46,Menos De 18 Años,Masculino,Escuintla,Santa Lucía Cotzumalguapa,Empresario,Todos Los Días,Tienda de barrio,Compañeros de trabajo,Menos De Q25,FutbolMix; Mundialitos Queso Picante; Caramel Goal Popcorn,Salado Tradicional,Familiar,Q10 - Q15,Sí,Sí,Francia,Tal vez,México,Jude Bellingham; Cristiano Ronaldo; Christian Pulisic,Premios y sorteos,Descuento directo,Sí,Edición Con Tarjetas Coleccionables,Moderada,Casual,Jóvenes (<25)
2046,2026-03-04,07:55:42,25 - 34 Años,Masculino,Escuintla,Palín,Empleado Público,Todos Los Días,,Amigos,Q51 - Q100,Mundialitos Queso Picante; FutbolMix; Gol Nachos Supreme,Queso,Para Compartir Entre 2 Personas,Menos De Q10,Sí,Sí,Brasil,Probablemente no,Argentina,Lionel Messi; Lamine Yamal; Neymar Jr.,Una selección nacional,Tarjetas coleccionables,No,Edición Con Jugadores Famosos,Premium Alta,Espectador Pasivo,Adulto Joven (25-34)
2047,2026-03-26,15:03:13,25 - 34 Años,Femenino,Guatemala,San Miguel Petapa,Estudiante,Todos Los Días,Aplicación de delivery,Familia,Q101 - Q150,Caramel Goal Popcorn; FutbolMix,Barbacoa,Para Compartir Entre 2 Personas,Q21 - Q30,Sí,No,Inglaterra,Definitivamente sí,España,Rodri; Lionel Messi,Premios y sorteos,2x1,Sí,Edición Con Jugadores Famosos,Moderada,Espectador Pasivo,Adulto Joven (25-34)
2048,2026-01-25,20:44:43,35 - 44 Años,Femenino,Chimaltenango,Patzún,Empleado Privado,3 A 5 Veces Por Semana,Gasolinera,Familia,Q101 - Q150,CrunchMax BBQ; Fan Chips Jalapeño,Jalapeño,Familiar,Q16 - Q20,Sí,Sí,Portugal,Tal vez,Haití,Neymar Jr.; Lionel Messi; Jude Bellingham,Historias de aficionados,Sorteo de camisetas,Sí,Edición Inglaterra,Moderada,Casual,Adulto Maduro (35-54)
2049,2026-04-23,19:26:30,18 - 24 Años,Femenino,Guatemala,Villa Nueva,Comerciante,1 A 2 Veces Por Semana,Supermercado,Familia,Q101 - Q150,Energy Crunch Protein; Mundialitos Queso Picante,Limón,Familiar,Menos De Q10,Sí,Sí,South Africa,Probablemente sí,España,Vinícius Júnior; Christian Pulisic; Lamine Yamal,Una selección nacional,Sorteo de camisetas,Sí,Edición Con Tarjetas Coleccionables,Moderada,Fanático Target (Alto),Jóvenes (<25)
2050,2026-04-04,15:43:20,25 - 34 Años,Masculino,Izabal,Cabecera municipal,Empleado Público,1 A 2 Veces Por Semana,Otro,Solo,Q25 - Q50,Energy Crunch Protein; Fan Chips Jalapeño; FutbolMix,Queso,Tamaño Fiesta O Reunión,Q10 - Q15,No,Sí, BRASIL ,Probablemente no,Brasil,Neymar Jr.,Historias de aficionados,Tarjetas coleccionables,Sí,Edición Con Tarjetas Coleccionables,Moderada,Casual,Adulto Joven (25-34)
2051,2026-01-22,19:14:10,Menos De 18 Años,Femenino,Chimaltenango,Tecpán Guatemala,Empleado Privado,Varias Veces Al Mes,Supermercado,Familia,Q51 - Q100,Fan Chips Jalapeño; Hot Stadium Peanuts; Energy Crunch Protein,Picante Chapín,Familiar,Q16 - Q20,No,Sí,Inglaterra,Probablemente no,Francia,Kylian Mbappé; Cristiano Ronaldo; Lionel Messi,Premios y sorteos,Descuento directo,Sí,Edición España,Moderada,Casual,Jóvenes (<25)
2052,2026-05-06,13:07:23,25 - 34 Años,Masculino,Guatemala,San Miguel Petapa,Comerciante,Todos Los Días,Supermercado,Amigos,Q51 - Q100,Gol Nachos Supreme; ChocoKick Bites; CrunchMax BBQ,Jalapeño,Familiar,Q16 - Q20,Sí,No,Argentina,Definitivamente sí,Argentina,Cristiano Ronaldo; Federico Valverde; Neymar Jr.,Un jugador famoso,Tarjetas coleccionables,Sí,Edición Mundial Fifa 2026,Premium Alta,Espectador Pasivo,Adulto Joven (25-34)
2053,2026-04-03,21:38:57,35 - 44 Años,Masculino,Guatemala,Mixco,Empleado Privado,Todos Los Días,Gasolinera,Amigos,Q25 - Q50,Mundialitos Queso Picante,Jalapeño,Tamaño Fiesta O Reunión,Q16 - Q20,No,Sí,Qatar,Definitivamente sí,Argentina,Lamine Yamal,Un jugador famoso,Sorteo de camisetas,Sí,Edición España,Moderada,Casual,Adulto Maduro (35-54)
2054,2026-04-19,21:09:20,Menos De 18 Años,Masculino,Guatemala,Santa Catarina Pinula,Estudiante,Varias Veces Al Mes,Tienda de barrio,Solo,Q25 - Q50,FutbolMix; Hot Stadium Peanuts,Queso,Familiar,Q10 - Q15,Sí,Sí,Portugal,Definitivamente no,México,Alphonso Davies; Lionel Messi; Julián Álvarez,Premios y sorteos,Descuento directo,Sí,Edición Argentina,Moderada,Casual,Jóvenes (<25)
2055,2026-01-25,11:13:54,45 - 54 Años,Femenino,Guatemala,Guatemala,Empleado Privado,3 A 5 Veces Por Semana,Gasolinera,Amigos,Q25 - Q50,CrunchMax BBQ; FutbolMix; Caramel Goal Popcorn,Picante Chapín,Para Compartir Entre 2 Personas,Q10 - Q15,No,Sí,Brasil,Tal vez,México,Ninguno,Un jugador famoso,Producto gratis,Sí,Edición Con Jugadores Famosos,Moderada,Casual,Adulto Maduro (35-54)
2056,2026-03-11,21:35:26,Menos De 18 Años,Femenino,Alta Verapaz,Cabecera municipal,Empleado Privado,1 A 2 Veces Por Semana,Supermercado,Amigos,Q25 - Q50,ChocoKick Bites; CrunchMax BBQ,Limón,Familiar,Q16 - Q20,No,No,Inglaterra,Probablemente sí,Portugal,Cristiano Ronaldo,Historias de aficionados,Sorteo de viajes,Sí,Edición Mundial Fifa 2026,Moderada,Espectador Pasivo,Jóvenes (<25)
2057,2026-02-24,21:08:55,Menos De 18 Años,Femenino,Quetzaltenango,Quetzaltenango,Profesional Independiente,1 A 2 Veces Por Semana,Tienda de barrio,Familia,Menos De Q25,Hot Stadium Peanuts,Jalapeño,Para Compartir Entre 2 Personas,Menos De Q10,Sí,Sí,Australia,Definitivamente sí,Brasil,Lionel Messi,Una selección nacional,Sorteo de camisetas,Sí,Edición Con Jugadores Famosos,Moderada,Casual,Jóvenes (<25)
2058,2026-04-14,15:37:24,25 - 34 Años,Masculino,Chimaltenango,Chimaltenango,Empleado Privado,3 A 5 Veces Por Semana,Tienda de barrio,Familia,Q101 - Q150,Caramel Goal Popcorn; FutbolMix; Victory Pretzels,Queso,Familiar,Q16 - Q20,No,No,México,Probablemente sí,Brasil,Kylian Mbappé; Lionel Messi,Una selección nacional,Sorteo de camisetas,Sí,Edición Con Tarjetas Coleccionables,Sensible Al Precio,Espectador Pasivo,Adulto Joven (25-34)
2059,2026-05-07,08:29:01,18 - 24 Años,Femenino,Guatemala,Villa Nueva,Estudiante,Varias Veces Al Mes,Supermercado,Compañeros de trabajo,Q51 - Q100,FutbolMix; ChocoKick Bites,Caramelo,Familiar,Q10 - Q15,Sí,Sí,Brasil,Probablemente sí,Alemania,Vinícius Júnior; Cristiano Ronaldo; Christian Pulisic,Un jugador famoso,Tarjetas coleccionables,Sí,Edición Brasil,Premium Alta,Fanático Target (Alto),Jóvenes (<25)
2060,2026-03-19,13:05:28,25 - 34 Años,Femenino,Guatemala,Santa Catarina Pinula,,3 A 5 Veces Por Semana,Aplicación de delivery,Familia,Q25 - Q50,Mundialitos Queso Picante; ChocoKick Bites,Queso,Tamaño Fiesta O Reunión,Q16 - Q20,Sí,Sí,Uruguay,Definitivamente sí,Brasil,Lionel Messi; Lamine Yamal; Rodri,Premios y sorteos,Descuento directo,No,Edición Brasil,Moderada,Espectador Pasivo,Adulto Joven (25-34)
2061,2026-01-19,12:35:40,25 - 34 Años,Femenino,Escuintla,Santa Lucía Cotzumalguapa,Profesional Independiente,Rara Vez,Supermercado,Amigos,Q51 - Q100,Mundialitos Queso Picante; CrunchMax BBQ; FutbolMix,Salado Tradicional,Familiar,Q10 - Q15,No,Sí,Francia,Tal vez,Portugal,Ninguno,Premios y sorteos,2x1,No,Edición Francia,Moderada,Espectador Pasivo,Adulto Joven (25-34)
2062,2026-03-09,20:26:45,35 - 44 Años,Prefiero No Indicarlo,Guatemala,Mixco,Empleado Privado,Todos Los Días,Gasolinera,Solo,Q51 - Q100,FutbolMix,Queso,Para Compartir Entre 2 Personas,Más De Q30,Sí,Sí,Argentina,Definitivamente sí,Inglaterra,Harry Kane; Cristiano Ronaldo,Una selección nacional,Sorteo de camisetas,Sí,Edición Con Tarjetas Coleccionables,Premium Alta,Casual,Adulto Maduro (35-54)
2063,2026-02-26,08:04:23,25 - 34 Años,Masculino,Zacapa,Cabecera municipal,Estudiante,Varias Veces Al Mes,Tienda de barrio,Solo,Q25 - Q50,FutbolMix; CrunchMax BBQ,Queso,Familiar,Q16 - Q20,No,Sí,Haití,Tal vez,Congo DR,Jude Bellingham; Vinícius Júnior,Humor,2x1,No,Edición Brasil,Moderada,Espectador Pasivo,Adulto Joven (25-34)
2064,2026-02-26,15:14:28,35 - 44 Años,Femenino,Chimaltenango, PATZÚN ,Ama De Casa,3 A 5 Veces Por Semana,Aplicación de delivery,Amigos,Q25 - Q50,CrunchMax BBQ; Gol Nachos Supreme,Jalapeño,Familiar,Q21 - Q30,Sí,Sí,España,Probablemente sí,Cabo Verde,Christian Pulisic; Neymar Jr.; Lionel Messi,Una selección nacional,Sorteo de viajes,No,Edición Argentina,Moderada,Casual,Adulto Maduro (35-54)
2065,2026-04-11,22:02:42,18 - 24 Años,Masculino,Guatemala,,Comerciante,1 A 2 Veces Por Semana,Kiosco escolar/universitario,Familia,Q51 - Q100,Victory Pretzels; Gol Nachos Supreme,Queso,Individual,Menos De Q10,Sí,Sí,Alemania,Probablemente sí,México,Jude Bellingham; Federico Valverde,Una selección nacional,Descuento directo,Sí,Edición Con Jugadores Famosos,Premium Alta,Fanático Target (Alto),Jóvenes (<25)
2066,2026-04-02,09:28:51,45 - 54 Años,Femenino,Guatemala,Villa Nueva,Comerciante,1 A 2 Veces Por Semana,Gasolinera,Amigos,Menos De Q25,Fan Chips Jalapeño; ChocoKick Bites,Barbacoa,Para Compartir Entre 2 Personas,Más De Q30,No,Sí,Brasil,Definitivamente sí,Argentina,Christian Pulisic; Cristiano Ronaldo,Un jugador famoso,2x1,No,Edición Con Jugadores Famosos,Sensible Al Precio,Espectador Pasivo,Adulto Maduro (35-54)
2067,2026-03-15,21:13:40,55 Años O Más,Femenino,Sacatepéquez,Sumpango,Profesional Independiente,Todos Los Días,Tienda de barrio,Compañeros de trabajo,Q25 - Q50,Gol Nachos Supreme; FutbolMix; Fan Chips Jalapeño,Salado Tradicional,Para Compartir Entre 2 Personas,Q16 - Q20,Sí,Sí,Inglaterra,Definitivamente sí,Argentina,Cristiano Ronaldo; Kylian Mbappé; Jude Bellingham,Un jugador famoso,Producto gratis,Sí,Edición Con Jugadores Famosos,Moderada,Casual,Adulto Mayor (55+)
2068,2026-02-22,16:15:17,18 - 24 Años,Prefiero No Indicarlo,San Marcos,San Marcos,Empleado Privado,1 A 2 Veces Por Semana,Supermercado,Amigos,Más De Q150,FutbolMix; Mundialitos Queso Picante,Queso,Familiar,Q10 - Q15,Sí,Sí,Argentina,Probablemente sí,Portugal,Julián Álvarez; Lamine Yamal; Alphonso Davies,Un jugador famoso,2x1,Sí,Edición Con Tarjetas Coleccionables,Moderada,Fanático Target (Alto),Jóvenes (<25)
2069,2026-03-25,21:13:52,18 - 24 Años,Masculino,Totonicapán,Totonicapán,Empleado Privado,3 A 5 Veces Por Semana,Gasolinera,Familia,Q101 - Q150,Mundialitos Queso Picante,Chocolate,Individual,Q16 - Q20,Sí,Sí,Francia,Probablemente sí,México,Ninguno; Neymar Jr.; Lamine Yamal,Un jugador famoso,Descuento directo,No,Edición Argentina,Moderada,Casual,Jóvenes (<25)
2070,2026-03-22,12:28:20,35 - 44 Años,Masculino,Jutiapa,Otro municipio,Comerciante,3 A 5 Veces Por Semana,Supermercado,Amigos,Q51 - Q100,CrunchMax BBQ; Victory Pretzels,Queso,Para Compartir Entre 2 Personas,Q16 - Q20,No,Sí,Brasil,Probablemente sí,Brasil,Rodri; Neymar Jr.,Una selección nacional,Tarjetas coleccionables,Sí,Edición Con Jugadores Famosos,Moderada,Fanático Target (Alto),Adulto Maduro (35-54)
2071,2026-05-03,10:33:52,35 - 44 Años,Femenino,Jutiapa,Cabecera municipal,Estudiante,Todos Los Días,Tienda de barrio,Amigos,Q25 - Q50,Gol Nachos Supreme,Chocolate,Tamaño Fiesta O Reunión,Q16 - Q20,Sí,Sí,Brasil,Definitivamente no,Argentina,Vinícius Júnior; Lamine Yamal; Jude Bellingham,Una selección nacional,2x1,Sí,Edición Argentina,Moderada,Casual,Adulto Maduro (35-54)
2072,2026-02-24,10:39:34,55 Años O Más,Masculino,Sacatepéquez,Ciudad Vieja,Estudiante,3 A 5 Veces Por Semana,Tienda de barrio,Familia,Menos De Q25,Fan Chips Jalapeño; Hot Stadium Peanuts,Limón,Familiar,Q16 - Q20,Sí,Sí,México,Probablemente sí,Bosnia y Herzegovina,Vinícius Júnior; Federico Valverde; Kylian Mbappé,Una selección nacional,Tarjetas coleccionables,No,Edición Mundial Fifa 2026,Moderada,Casual,Adulto Mayor (55+)
2073,2026-01-23,18:05:48,35 - 44 Años,Femenino,Quetzaltenango,Olintepeque,Profesional Independiente,Varias Veces Al Mes,Tienda de barrio,Amigos,Q25 - Q50,Mundialitos Queso Picante; Hot Stadium Peanuts,Chocolate,Familiar,Q21 - Q30,No,Sí,Portugal,Probablemente sí,Inglaterra,Cristiano Ronaldo,Una selección nacional,2x1,Sí,Edición Con Jugadores Famosos,Moderada,Fanático Target (Alto),Adulto Maduro (35-54)
2074,2026-05-05,17:02:12,18 - 24 Años,Femenino,Chimaltenango, PATZÚN ,Otro,Varias Veces Al Mes,Tienda de barrio,Familia,Q51 - Q100,Hot Stadium Peanuts; Energy Crunch Protein,Jalapeño,Familiar,Q10 - Q15,Sí,Sí,Alemania,Definitivamente sí,México,Lionel Messi; Cristiano Ronaldo,Una selección nacional,Producto gratis,No,Edición Con Tarjetas Coleccionables,Premium Alta,Espectador Pasivo,Jóvenes (<25)
2075,2026-01-20,10:31:18,18 - 24 Años,Masculino,Escuintla,Santa Lucía Cotzumalguapa,Ama De Casa,3 A 5 Veces Por Semana,Tienda de barrio,Familia,Q51 - Q100,Fan Chips Jalapeño; Gol Nachos Supreme; Mundialitos Queso Picante,Picante Chapín,Para Compartir Entre 2 Personas,Más De Q30,No,Sí,Brasil,Probablemente no,Argentina,Kylian Mbappé,Un jugador famoso,Sorteo de viajes,Sí,Edición Con Tarjetas Coleccionables,Moderada,Casual,Jóvenes (<25)
2076,2026-03-18,22:48:00,55 Años O Más,Femenino,Quetzaltenango,Quetzaltenango,Empleado Privado,1 A 2 Veces Por Semana,Supermercado,Familia,Q51 - Q100,Victory Pretzels; CrunchMax BBQ; ChocoKick Bites,Queso,Tamaño Fiesta O Reunión,Q10 - Q15,Sí,Sí,Croacia,Probablemente no,Portugal,Neymar Jr.; Cristiano Ronaldo; Lamine Yamal,Historias de aficionados,Descuento directo,No,Edición Brasil,Premium Alta,Espectador Pasivo,Adulto Mayor (55+)
2077,2026-01-20,16:27:48,35 - 44 Años,Femenino,Guatemala,Villa Nueva,Profesional Independiente,3 A 5 Veces Por Semana,Tienda de barrio,Familia,Más De Q150,FutbolMix,Caramelo,Individual,Más De Q30,Sí,Sí,Brasil,Definitivamente sí,Portugal,Lionel Messi; Lamine Yamal; Cristiano Ronaldo,Un jugador famoso,Sorteo de camisetas,No,Edición Brasil,Moderada,Espectador Pasivo,Adulto Maduro (35-54)
2078,2026-03-06,19:40:13,35 - 44 Años,Masculino,Guatemala,Villa Nueva,Estudiante,1 A 2 Veces Por Semana,Otro,Amigos,Q25 - Q50,ChocoKick Bites; Mundialitos Queso Picante,Limón,Individual,Q21 - Q30,Sí,Sí,México,Probablemente no,Argentina,Neymar Jr.; Cristiano Ronaldo,Un jugador famoso,Tarjetas coleccionables,Sí,Edición Mundial Fifa 2026,Moderada,Casual,Adulto Maduro (35-54)
2079,2026-03-28,13:18:26,25 - 34 Años,Masculino,Santa Rosa,Santa Rosa,Estudiante,3 A 5 Veces Por Semana,Supermercado,Familia,Q101 - Q150,ChocoKick Bites; Gol Nachos Supreme; Fan Chips Jalapeño,Queso,Familiar,Q16 - Q20,Sí,Sí,México,Definitivamente sí,Estados Unidos,Vinícius Júnior; Christian Pulisic,Premios y sorteos,Sorteo de camisetas,Sí,Edición Con Tarjetas Coleccionables,Moderada,Casual,Adulto Joven (25-34)
2080,2026-03-14,15:12:52,35 - 44 Años,Masculino,Guatemala,Villa Nueva,Estudiante,Varias Veces Al Mes,Supermercado,Solo,Q51 - Q100,Mundialitos Queso Picante; Gol Nachos Supreme; FutbolMix,Caramelo,Familiar,Q21 - Q30,No,Sí,Brasil,Definitivamente sí,Inglaterra,Christian Pulisic; Harry Kane,Un jugador famoso,2x1,No,Edición España,Moderada,Espectador Pasivo,Adulto Maduro (35-54)
2081,2026-01-22,16:59:39,Menos De 18 Años,Masculino,Guatemala,Santa Catarina Pinula,Ama De Casa,3 A 5 Veces Por Semana,Tienda de barrio,Compañeros de trabajo,Menos De Q25,Gol Nachos Supreme; Energy Crunch Protein,Picante Chapín,Tamaño Fiesta O Reunión,Q10 - Q15,No,Sí,Brasil,Definitivamente sí,Brasil,Cristiano Ronaldo,Un jugador famoso,Sorteo de camisetas,No,Edición Con Jugadores Famosos,Sensible Al Precio,Espectador Pasivo,Jóvenes (<25)
2082,2026-01-12,21:50:02,35 - 44 Años,Prefiero No Indicarlo,Guatemala,Villa Nueva,Ama De Casa,3 A 5 Veces Por Semana,Supermercado,Solo,Q25 - Q50,Energy Crunch Protein; CrunchMax BBQ; Mundialitos Queso Picante,Picante Chapín,Familiar,Q21 - Q30,Sí,Sí,Argentina,Probablemente sí,Brasil,Vinícius Júnior; Lionel Messi; Neymar Jr.,Un jugador famoso,Tarjetas coleccionables,Sí,Edición Argentina,Moderada,Fanático Target (Alto),Adulto Maduro (35-54)
2083,2026-04-22,14:31:10,45 - 54 Años,Femenino,Quetzaltenango,Quetzaltenango,Estudiante,Varias Veces Al Mes,Tienda de barrio,Amigos,Q25 - Q50,ChocoKick Bites; CrunchMax BBQ; FutbolMix,Barbacoa,Familiar,Q16 - Q20,Sí,Sí,Argentina,Definitivamente no,Argentina,Lionel Messi; Alphonso Davies,Una selección nacional,Descuento directo,Sí,Edición Inglaterra,Moderada,Casual,Adulto Maduro (35-54)
2084,2026-04-30,13:32:03,25 - 34 Años,Masculino,Sacatepéquez,Ciudad Vieja,Jubilado,3 A 5 Veces Por Semana,Gasolinera,Amigos,Q25 - Q50,Mundialitos Queso Picante,Caramelo,Para Compartir Entre 2 Personas,Q16 - Q20,Sí,Sí,Uruguay,Tal vez,Argentina,Kylian Mbappé; Lamine Yamal,Premios y sorteos,2x1,Sí,Edición Inglaterra,Moderada,Casual,Adulto Joven (25-34)
2085,2026-02-01,14:55:05,25 - 34 Años,Masculino,Retalhuleu,Otro municipio,Empleado Privado,Todos Los Días,Kiosco escolar/universitario,Familia,Q101 - Q150,Energy Crunch Protein; Hot Stadium Peanuts,Queso,Para Compartir Entre 2 Personas,Q10 - Q15,Sí,Sí,Alemania,Tal vez,Argentina,Neymar Jr.; Christian Pulisic; Jude Bellingham,Un jugador famoso,Sorteo de viajes,No,Edición Con Tarjetas Coleccionables,Moderada,Espectador Pasivo,Adulto Joven (25-34)
2086,2026-03-11,17:48:08,18 - 24 Años,Femenino,Guatemala,Mixco,Empleado Privado,1 A 2 Veces Por Semana,Supermercado,Amigos,Q101 - Q150,Mundialitos Queso Picante,Barbacoa,Familiar,Menos De Q10,Sí,Sí,Suiza,Tal vez,México,Alphonso Davies; Cristiano Ronaldo; Lionel Messi,Premios y sorteos,Sorteo de balones,No,Edición Argentina,Moderada,Espectador Pasivo,Jóvenes (<25)
2087,2026-03-07,15:43:35,18 - 24 Años,Femenino,Guatemala,Santa Catarina Pinula,Comerciante,Rara Vez,Supermercado,Familia,Menos De Q25,FutbolMix; Fan Chips Jalapeño; Mundialitos Queso Picante,Chocolate,Familiar,Q16 - Q20,No,Sí,Argentina,Probablemente sí,Alemania,Cristiano Ronaldo,Humor,Sorteo de camisetas,Sí,Edición Francia,Sensible Al Precio,Fanático Target (Alto),Jóvenes (<25)
2088,2026-05-05,16:42:45,35 - 44 Años,Masculino,Guatemala,Villa Nueva,Empresario,Rara Vez,Supermercado,Familia,Q25 - Q50,Fan Chips Jalapeño,Dulce,Familiar,Q16 - Q20,Sí,Sí,Argentina,Tal vez,Estados Unidos,Federico Valverde,Historias de aficionados,Tarjetas coleccionables,Sí,Edición Brasil,Moderada,Casual,Adulto Maduro (35-54)
2090,2026-02-05,14:53:21,25 - 34 Años,Femenino,Guatemala,Mixco,Comerciante,1 A 2 Veces Por Semana,Kiosco escolar/universitario,Otro,Q25 - Q50,Mundialitos Queso Picante; Fan Chips Jalapeño,Picante Chapín,Para Compartir Entre 2 Personas,Q10 - Q15,No,Sí,Portugal,Probablemente sí,Uruguay,Neymar Jr.,Una selección nacional,Tarjetas coleccionables,Sí,Edición Mundial Fifa 2026,Moderada,Fanático Target (Alto),Adulto Joven (25-34)
2091,2026-05-04,10:41:38,55 Años O Más,Femenino,Chimaltenango,Chimaltenango,Estudiante,3 A 5 Veces Por Semana,Tienda de barrio,Amigos,Q25 - Q50,Gol Nachos Supreme; FutbolMix; Hot Stadium Peanuts,Limón,Individual,,No,Sí,Estados Unidos,Tal vez,Argentina,Cristiano Ronaldo; Lionel Messi; Vinícius Júnior,Un jugador famoso,Descuento directo,No,Edición Brasil,Moderada,Espectador Pasivo,Adulto Mayor (55+)
2092,2026-02-05,20:09:30,35 - 44 Años,Femenino,Guatemala,San Miguel Petapa,Estudiante,Varias Veces Al Mes,Tienda de barrio,Amigos,Q51 - Q100,Hot Stadium Peanuts; Mundialitos Queso Picante; Energy Crunch Protein,Picante Chapín,Para Compartir Entre 2 Personas,Q21 - Q30,Sí,Sí,Portugal,Tal vez,España,Lionel Messi; Neymar Jr.; Lamine Yamal,Un jugador famoso,Tarjetas coleccionables,No,Edición Con Jugadores Famosos,Premium Alta,Espectador Pasivo,Adulto Maduro (35-54)
2093,2026-01-26,10:56:25,18 - 24 Años,Femenino,Guatemala,Mixco,Comerciante,3 A 5 Veces Por Semana,Gasolinera,Amigos,Q25 - Q50,Gol Nachos Supreme; ChocoKick Bites,Picante Chapín,Tamaño Fiesta O Reunión,Q10 - Q15,Sí,Sí,Brasil,Probablemente sí,Portugal,Federico Valverde; Lionel Messi; Cristiano Ronaldo,Una selección nacional,Descuento directo,Sí,Edición Mundial Fifa 2026,Moderada,Fanático Target (Alto),Jóvenes (<25)
2094,2026-03-27,07:20:01,35 - 44 Años,Masculino,Chimaltenango,Tecpán Guatemala,Empleado Público,Varias Veces Al Mes,Supermercado,Familia,Q51 - Q100,Mundialitos Queso Picante; Caramel Goal Popcorn,Queso,Individual,Q10 - Q15,No,Sí,Colombia,Definitivamente sí,México,Kylian Mbappé,Un jugador famoso,Sorteo de camisetas,No,Edición España,Moderada,Espectador Pasivo,Adulto Maduro (35-54)
2095,2026-02-09,12:49:20,45 - 54 Años,Femenino,Quetzaltenango,Coatepeque,Comerciante,1 A 2 Veces Por Semana,Kiosco escolar/universitario,Solo,Menos De Q25,Gol Nachos Supreme,Dulce,Familiar,Menos De Q10,No,Sí,México,Definitivamente sí,Marruecos,Lamine Yamal; Christian Pulisic,Premios y sorteos,Producto gratis,Sí,Edición Argentina,Sensible Al Precio,Casual,Adulto Maduro (35-54)
2096,2026-03-26,12:40:20,55 Años O Más,Masculino,Guatemala,,Estudiante,1 A 2 Veces Por Semana,Supermercado,Amigos,Más De Q150,Gol Nachos Supreme; ChocoKick Bites; Hot Stadium Peanuts,Picante Chapín,Individual,Q10 - Q15,Sí,Sí,Argentina,Definitivamente sí,Argentina,Neymar Jr.,Una selección nacional,2x1,No,Edición Con Jugadores Famosos,Moderada,Espectador Pasivo,Adulto Mayor (55+)
2097,2026-02-17,15:33:42,25 - 34 Años,Masculino,Guatemala,Guatemala,Empleado Privado,3 A 5 Veces Por Semana,Supermercado,Familia,Menos De Q25,FutbolMix; Fan Chips Jalapeño,Queso,Familiar,Q10 - Q15,No,Sí,Portugal,Definitivamente sí,Bélgica,Lionel Messi; Christian Pulisic,Un jugador famoso,Producto gratis,Sí,Edición Argentina,Sensible Al Precio,Casual,Adulto Joven (25-34)
2098,2026-02-24,22:54:37,45 - 54 Años,Masculino,Chimaltenango,Tecpán Guatemala,Empleado Privado,3 A 5 Veces Por Semana,Tienda de barrio,Familia,Q25 - Q50,ChocoKick Bites,Limón,Tamaño Fiesta O Reunión,Q16 - Q20,No,Sí,Brasil,Probablemente sí,Estados Unidos,Vinícius Júnior; Lamine Yamal; Lionel Messi,Historias de aficionados,Producto gratis,No,Edición Con Tarjetas Coleccionables,Moderada,Casual,Adulto Maduro (35-54)
2099,2026-05-07,09:10:17,25 - 34 Años,Masculino,Huehuetenango,Otro municipio,,3 A 5 Veces Por Semana,Gasolinera,Amigos,Q51 - Q100,FutbolMix; Victory Pretzels,Barbacoa,Familiar,Q16 - Q20,Sí,Sí,Francia,Definitivamente sí,Alemania,Cristiano Ronaldo; Kylian Mbappé,Un jugador famoso,Sorteo de balones,Sí,Edición España,Premium Alta,Casual,Adulto Joven (25-34)
2100,2026-05-08,20:17:33,25 - 34 Años,Femenino,Quetzaltenango,Coatepeque,Profesional Independiente,3 A 5 Veces Por Semana,Aplicación de delivery,Familia,Q25 - Q50,Hot Stadium Peanuts; Energy Crunch Protein,Jalapeño,Tamaño Fiesta O Reunión,Q10 - Q15,Sí,Sí,Alemania,Probablemente sí,Argentina,Cristiano Ronaldo; Kylian Mbappé,Historias de aficionados,Tarjetas coleccionables,Sí,Edición Mundial Fifa 2026,Moderada,Fanático Target (Alto),Adulto Joven (25-34)
2101,2026-02-12,13:40:58,25 - 34 Años,Masculino,Guatemala,Guatemala,Estudiante,Varias Veces Al Mes,Supermercado,Compañeros de trabajo,Q25 - Q50,Fan Chips Jalapeño; FutbolMix; Gol Nachos Supreme,Picante Chapín,Familiar,Más De Q30,No,Sí,Estados Unidos,Probablemente sí,Brasil,Harry Kane; Kylian Mbappé; Neymar Jr.,Premios y sorteos,Producto gratis,No,Edición Inglaterra,Moderada,Casual,Adulto Joven (25-34)
2102,2026-03-20,22:28:39,35 - 44 Años,Masculino,Guatemala,Villa Nueva,Empleado Privado,3 A 5 Veces Por Semana,Tienda de barrio,Compañeros de trabajo,Q25 - Q50,CrunchMax BBQ; Hot Stadium Peanuts; FutbolMix,Queso,Para Compartir Entre 2 Personas,Q16 - Q20,Sí,Sí,México,Tal vez,Portugal,Cristiano Ronaldo; Federico Valverde,Un jugador famoso,Producto gratis,Sí,Edición Francia,Moderada,Casual,Adulto Maduro (35-54)
2103,2026-03-23,13:53:21,35 - 44 Años,Femenino,Guatemala,San Miguel Petapa,Comerciante,Todos Los Días,Gasolinera,Amigos,Q25 - Q50,CrunchMax BBQ; Caramel Goal Popcorn; Gol Nachos Supreme,,Para Compartir Entre 2 Personas,Q21 - Q30,Sí,Sí,Inglaterra,Probablemente sí,España,Cristiano Ronaldo; Vinícius Júnior; Jude Bellingham,Un jugador famoso,Descuento directo,No,Edición Inglaterra,Moderada,Casual,Adulto Maduro (35-54)
2104,2026-02-24,18:33:13,35 - 44 Años,Masculino,Quiché,Cabecera municipal,Jubilado,Todos Los Días,Supermercado,Familia,Q25 - Q50,Mundialitos Queso Picante; CrunchMax BBQ; Fan Chips Jalapeño,Queso,Para Compartir Entre 2 Personas,Menos De Q10,Sí,Sí,Francia,Probablemente no,Colombia,Lamine Yamal,Premios y sorteos,2x1,Sí,Edición Brasil,Moderada,Casual,Adulto Maduro (35-54)
2105,2026-03-18,20:57:56,Menos De 18 Años,Femenino,Guatemala,Guatemala,Empleado Privado,1 A 2 Veces Por Semana,Gasolinera,Amigos,Q51 - Q100,Energy Crunch Protein,Barbacoa,Para Compartir Entre 2 Personas,Más De Q30,Sí,Sí,Francia,Tal vez,Australia,Kylian Mbappé; Neymar Jr.,Premios y sorteos,2x1,No,Edición Brasil,Premium Alta,Espectador Pasivo,Jóvenes (<25)
2106,2026-03-17,13:24:48,25 - 34 Años,Femenino,Guatemala,Villa Nueva,Estudiante,Varias Veces Al Mes,Supermercado,Familia,Q51 - Q100,Mundialitos Queso Picante; ChocoKick Bites,Chocolate,Para Compartir Entre 2 Personas,Q16 - Q20,No,Sí,Inglaterra,Definitivamente sí,Portugal,Vinícius Júnior; Jude Bellingham; Christian Pulisic,Una selección nacional,2x1,No,Edición Mundial Fifa 2026,Moderada,Espectador Pasivo,Adulto Joven (25-34)
2107,2026-01-18,22:59:25,18 - 24 Años,Masculino,Guatemala,San Miguel Petapa,Empleado Público,3 A 5 Veces Por Semana,Tienda de barrio,Compañeros de trabajo,Más De Q150,Mundialitos Queso Picante; FutbolMix; ChocoKick Bites,,Individual,Menos De Q10,Sí,Sí,Brasil,Tal vez,México,Lionel Messi; Lamine Yamal; Vinícius Júnior,Una selección nacional,Producto gratis,No,Edición Mundial Fifa 2026,Moderada,Espectador Pasivo,Jóvenes (<25)
2108,2026-01-10,10:44:29,25 - 34 Años,Masculino,Guatemala,Mixco,Empresario,1 A 2 Veces Por Semana,Supermercado,Familia,Q25 - Q50,Victory Pretzels; ChocoKick Bites,Jalapeño,Individual,Q16 - Q20,No,Sí,Jordania,Probablemente no,México,Christian Pulisic; Cristiano Ronaldo; Lamine Yamal,Un jugador famoso,Sorteo de viajes,Sí,Edición Brasil,Moderada,Casual,Adulto Joven (25-34)
2109,2026-04-01,19:05:06,18 - 24 Años,Femenino,Chiquimula,Cabecera municipal,Empleado Privado,1 A 2 Veces Por Semana,Gasolinera,Familia,Q101 - Q150,Energy Crunch Protein; Mundialitos Queso Picante; ChocoKick Bites,Chocolate,Tamaño Fiesta O Reunión,Menos De Q10,Sí,Sí, TÚNEZ ,Definitivamente sí,Croacia,Lionel Messi; Neymar Jr.,Humor,Descuento directo,Sí,Edición Argentina,Moderada,Casual,Jóvenes (<25)
2110,2026-03-20,18:10:17,25 - 34 Años,Femenino,Suchitepéquez,Suchitepéquez,Otro,Varias Veces Al Mes,Supermercado,Amigos,Q101 - Q150,Caramel Goal Popcorn; Gol Nachos Supreme,Barbacoa,Individual,Q16 - Q20,No,No,Portugal,Probablemente sí,Argentina,Christian Pulisic,Premios y sorteos,2x1,No,Edición Argentina,Sensible Al Precio,Espectador Pasivo,Adulto Joven (25-34)
2111,2026-04-18,16:18:29,25 - 34 Años,Masculino,Guatemala,Mixco,Estudiante,Rara Vez,Supermercado,Amigos,Q25 - Q50,ChocoKick Bites; Mundialitos Queso Picante; Caramel Goal Popcorn,Chocolate,Para Compartir Entre 2 Personas,Q16 - Q20,No,Sí,Estados Unidos,Definitivamente no,Argentina,Neymar Jr.; Vinícius Júnior; Kylian Mbappé,Humor,2x1,No,Edición Inglaterra,Moderada,Espectador Pasivo,Adulto Joven (25-34)
2112,2026-04-05,10:22:47,45 - 54 Años,Femenino,Guatemala,Mixco,Estudiante,Varias Veces Al Mes,Gasolinera,Amigos,Q25 - Q50,Hot Stadium Peanuts; Fan Chips Jalapeño; Energy Crunch Protein,Picante Chapín,Tamaño Fiesta O Reunión,Q10 - Q15,No,Sí,Inglaterra,Probablemente sí,Japón,Christian Pulisic,Una selección nacional,2x1,No,Edición Con Jugadores Famosos,Moderada,Casual,Adulto Maduro (35-54)
2113,2026-02-21,12:36:59,25 - 34 Años,Masculino,Guatemala,Santa Catarina Pinula,Empleado Público,Varias Veces Al Mes,Supermercado,Amigos,Q51 - Q100,Gol Nachos Supreme; Energy Crunch Protein,Picante Chapín,Para Compartir Entre 2 Personas,Q10 - Q15,Sí,Sí,Argentina,Probablemente sí,México,Cristiano Ronaldo; Neymar Jr.; Kylian Mbappé,Un jugador famoso,Tarjetas coleccionables,Sí,Edición Argentina,Premium Alta,Fanático Target (Alto),Adulto Joven (25-34)
2114,2026-03-09,16:56:10,18 - 24 Años,Masculino,Sacatepéquez,Sumpango,Empleado Privado,Rara Vez,Gasolinera,Solo,Q25 - Q50,FutbolMix; Fan Chips Jalapeño,Dulce,Individual,Q10 - Q15,Sí,Sí,México,Probablemente sí,Portugal,Alphonso Davies,Humor,Producto gratis,Sí,Edición Brasil,Moderada,Fanático Target (Alto),Jóvenes (<25)
2115,2026-03-01,17:27:18,35 - 44 Años,Femenino,Quetzaltenango,Olintepeque,Estudiante,3 A 5 Veces Por Semana,Supermercado,Familia,Q25 - Q50,Mundialitos Queso Picante; FutbolMix,Chocolate,Familiar,Q21 - Q30,No,Sí,España,Tal vez, PORTUGAL ,Jude Bellingham; Cristiano Ronaldo; Neymar Jr.,Un jugador famoso,Producto gratis,No,Edición Francia,Moderada,Espectador Pasivo,Adulto Maduro (35-54)
2116,2026-04-16,11:16:58,25 - 34 Años,Masculino,Santa Rosa,Cabecera municipal,Empleado Privado,1 A 2 Veces Por Semana,Kiosco escolar/universitario,Familia,Menos De Q25,Mundialitos Queso Picante; Gol Nachos Supreme,Chocolate,Para Compartir Entre 2 Personas,Q10 - Q15,No,Sí,México,Tal vez,México,Cristiano Ronaldo,Premios y sorteos,Descuento directo,Sí,Edición España,Sensible Al Precio,Casual,Adulto Joven (25-34)
2117,2026-03-23,11:27:15,55 Años O Más,Femenino,Guatemala,San Miguel Petapa,Estudiante,1 A 2 Veces Por Semana,Supermercado,Amigos,Q25 - Q50,CrunchMax BBQ,Queso,Para Compartir Entre 2 Personas,Q16 - Q20,Sí,Sí,Türkiye,Definitivamente sí,España,Cristiano Ronaldo,Historias de aficionados,Descuento directo,Sí,Edición España,Moderada,Casual,Adulto Mayor (55+)
2118,2026-04-26,07:34:16,25 - 34 Años,Masculino,Guatemala,San Miguel Petapa,Empleado Privado,3 A 5 Veces Por Semana,Supermercado,Solo,Q51 - Q100,Mundialitos Queso Picante; Hot Stadium Peanuts; Gol Nachos Supreme,Salado Tradicional,Familiar,Q16 - Q20,Sí,No,México,Definitivamente no,Argentina,Ninguno; Neymar Jr.,Historias de aficionados,Tarjetas coleccionables,Sí,Edición Francia,Premium Alta,Espectador Pasivo,Adulto Joven (25-34)
2119,2026-02-21,18:11:53,25 - 34 Años,Masculino,Guatemala,Villa Nueva,Estudiante,Varias Veces Al Mes,Tienda de barrio,Compañeros de trabajo,Q25 - Q50,Fan Chips Jalapeño; ChocoKick Bites,Limón,Individual,Q10 - Q15,Sí,Sí,Francia,Tal vez,Croacia,Lionel Messi; Kylian Mbappé,Humor,Descuento directo,Sí,Edición Con Jugadores Famosos,Moderada,Casual,Adulto Joven (25-34)
2120,2026-04-18,11:29:31,35 - 44 Años,Femenino,Guatemala,Santa Catarina Pinula,Comerciante,1 A 2 Veces Por Semana,Aplicación de delivery,Familia,Q101 - Q150,Mundialitos Queso Picante,Limón,Para Compartir Entre 2 Personas,Más De Q30,No,Sí,Inglaterra,Probablemente sí,Argelia,Lionel Messi,Una selección nacional,2x1,Sí,Edición Brasil,Sensible Al Precio,Fanático Target (Alto),Adulto Maduro (35-54)
2121,2026-02-04,12:28:24,18 - 24 Años,Masculino,Guatemala,Guatemala,Profesional Independiente,Todos Los Días,Supermercado,Otro,Q51 - Q100,Gol Nachos Supreme; CrunchMax BBQ,Caramelo,Para Compartir Entre 2 Personas,Q10 - Q15,No,Sí,Argentina,Definitivamente sí,Portugal,Neymar Jr.; Vinícius Júnior; Lionel Messi,Una selección nacional,Tarjetas coleccionables,No,Edición Francia,Moderada,Espectador Pasivo,Jóvenes (<25)
2122,2026-04-14,22:49:05,35 - 44 Años,Femenino,Guate,Santa Catarina Pinula,Empresario,Varias Veces Al Mes,Supermercado,Familia,Q25 - Q50,Mundialitos Queso Picante; FutbolMix; Victory Pretzels,Dulce,Para Compartir Entre 2 Personas,Q16 - Q20,No,Sí,Argentina,Probablemente sí,,Lamine Yamal; Jude Bellingham; Lionel Messi,Una selección nacional,Sorteo de viajes,No,Edición Mundial Fifa 2026,Moderada,Casual,Adulto Maduro (35-54)
2123,2026-01-31,08:38:08,18 - 24 Años,Masculino,Suchitepéquez,Cabecera municipal,Empleado Privado,1 A 2 Veces Por Semana,Tienda de barrio,Amigos,Q101 - Q150,FutbolMix,Queso,Para Compartir Entre 2 Personas,Q10 - Q15,No,No,México,Definitivamente sí, PORTUGAL ,Lionel Messi; Vinícius Júnior,Premios y sorteos,Sorteo de balones,Sí,Edición Francia,Sensible Al Precio,Espectador Pasivo,Jóvenes (<25)
2124,2026-03-03,19:35:24,25 - 34 Años,Masculino,Guatemala,Santa Catarina Pinula,Estudiante,1 A 2 Veces Por Semana,Kiosco escolar/universitario,Familia,Menos De Q25,Gol Nachos Supreme; Caramel Goal Popcorn; Fan Chips Jalapeño,Barbacoa,Familiar,Q16 - Q20,Sí,Sí,Portugal,Probablemente sí,Argentina,Cristiano Ronaldo; Lionel Messi,Premios y sorteos,Tarjetas coleccionables,Sí,Edición Brasil,Moderada,Fanático Target (Alto),Adulto Joven (25-34)
2125,2026-04-10,14:17:15,Menos De 18 Años,Femenino,Quetzaltenango,Coatepeque,Estudiante,1 A 2 Veces Por Semana,Tienda de barrio,Compañeros de trabajo,Q51 - Q100,CrunchMax BBQ,Picante Chapín,Para Compartir Entre 2 Personas,Q16 - Q20,Sí,Sí,Colombia,Probablemente no,Brasil,Vinícius Júnior; Cristiano Ronaldo; Jude Bellingham,Historias de aficionados,Descuento directo,Sí,Edición Mundial Fifa 2026,Premium Alta,Casual,Jóvenes (<25)
2126,2026-02-24,11:41:01,Menos De 18 Años,Femenino,Guatemala,Santa Catarina Pinula,Empleado Privado,Varias Veces Al Mes,Supermercado,Amigos,Q25 - Q50,Caramel Goal Popcorn,Jalapeño,Familiar,Q16 - Q20,No,Sí,Brasil,Tal vez,España,Lionel Messi,Un jugador famoso,2x1,Sí,Edición Con Tarjetas Coleccionables,Moderada,Casual,Jóvenes (<25)
2127,2026-03-20,11:02:23,25 - 34 Años,Femenino,Quetzaltenango,Quetzaltenango,Empresario,Varias Veces Al Mes,Tienda de barrio,Amigos,Q25 - Q50,Mundialitos Queso Picante,Barbacoa,Tamaño Fiesta O Reunión,Q10 - Q15,Sí,Sí,Argentina,Probablemente sí,Brasil,Jude Bellingham; Kylian Mbappé; Neymar Jr.,Un jugador famoso,Tarjetas coleccionables,No,Edición Argentina,Moderada,Casual,Adulto Joven (25-34)
2128,2026-01-27,07:46:16,18 - 24 Años,Femenino,Suchitepéquez,Otro municipio,Comerciante,Todos Los Días,Supermercado,Familia,Q25 - Q50,Hot Stadium Peanuts,Chocolate,Familiar,Q10 - Q15,Sí,Sí,Alemania,Definitivamente no,Portugal,Jude Bellingham; Lamine Yamal; Vinícius Júnior,Una selección nacional,Descuento directo,No,Edición Inglaterra,Moderada,Espectador Pasivo,Jóvenes (<25)
2129,2026-04-25,17:18:20,25 - 34 Años,Femenino,Jalapa,Otro municipio,Empleado Privado,1 A 2 Veces Por Semana,Tienda de barrio,Familia,Q101 - Q150,Gol Nachos Supreme; Fan Chips Jalapeño; Hot Stadium Peanuts,Barbacoa,Tamaño Fiesta O Reunión,,Sí,Sí,Brasil,Tal vez,México,Vinícius Júnior; Lionel Messi; Neymar Jr.,Humor,Tarjetas coleccionables,No,Edición Argentina,Moderada,Espectador Pasivo,Adulto Joven (25-34)
2130,2026-04-16,11:01:54,18 - 24 Años,Prefiero No Indicarlo,Guatemala,Mixco,Profesional Independiente,1 A 2 Veces Por Semana,Gasolinera,Familia,Q25 - Q50,Gol Nachos Supreme; Energy Crunch Protein,Chocolate,Tamaño Fiesta O Reunión,Menos De Q10,Sí,Sí,Argentina,Tal vez,Portugal,Cristiano Ronaldo; Kylian Mbappé; Lionel Messi,Premios y sorteos,2x1,Sí,Edición España,Moderada,Casual,Jóvenes (<25)
2131,2026-01-23,13:49:22,55 Años O Más,Masculino,Suchitepéquez,Cabecera municipal,Profesional Independiente,3 A 5 Veces Por Semana,Tienda de barrio,Familia,Menos De Q25,Mundialitos Queso Picante,Chocolate,Tamaño Fiesta O Reunión,Q10 - Q15,Sí,Sí,España,Probablemente no,Inglaterra,Vinícius Júnior; Federico Valverde; Kylian Mbappé,Premios y sorteos,Descuento directo,No,Edición Inglaterra,Moderada,Espectador Pasivo,Adulto Mayor (55+)
2132,2026-04-23,20:59:29,25 - 34 Años,Masculino,Baja Verapaz,Otro municipio,Comerciante,Todos Los Días,Tienda de barrio,Familia,Q101 - Q150,Mundialitos Queso Picante; FutbolMix; Gol Nachos Supreme,Limón,Familiar,Menos De Q10,Sí,Sí,Argentina,Probablemente sí,España,Lionel Messi,Humor,Tarjetas coleccionables,No,Edición Inglaterra,Moderada,Casual,Adulto Joven (25-34)
2133,2026-01-12,13:33:00,25 - 34 Años,Femenino,Quetzaltenango,Olintepeque,Estudiante,3 A 5 Veces Por Semana,Supermercado,Amigos,Menos De Q25,Gol Nachos Supreme; ChocoKick Bites; Hot Stadium Peanuts,Picante Chapín,Familiar,Q10 - Q15,Sí,Sí,Brasil,Tal vez,Haití,Federico Valverde,Humor,Tarjetas coleccionables,No,Edición Brasil,Moderada,Espectador Pasivo,Adulto Joven (25-34)
2134,2026-04-28,12:18:35,35 - 44 Años,Femenino,Guatemala,Villa Nueva,Estudiante,Varias Veces Al Mes,Aplicación de delivery,Amigos,Q51 - Q100,Victory Pretzels; ChocoKick Bites,Chocolate,Familiar,Q16 - Q20,No,Sí,España,Definitivamente sí,Escocia,Neymar Jr.,Premios y sorteos,Producto gratis,Sí,Edición Brasil,Moderada,Casual,Adulto Maduro (35-54)
2135,2026-01-14,11:24:36,25 - 34 Años,Femenino,San Marcos,San Marcos,Estudiante,3 A 5 Veces Por Semana,Kiosco escolar/universitario,Amigos,Q25 - Q50,Caramel Goal Popcorn; FutbolMix,Picante Chapín,Individual,Q10 - Q15,No,Sí,Portugal,Probablemente no,México,Neymar Jr.; Cristiano Ronaldo,Historias de aficionados,2x1,Sí,Edición Brasil,Moderada,Casual,Adulto Joven (25-34)
2136,2026-03-16,15:33:19,45 - 54 Años,Masculino,Guatemala,Guatemala,Estudiante,Varias Veces Al Mes,Kiosco escolar/universitario,Amigos,Menos De Q25,Gol Nachos Supreme; Mundialitos Queso Picante,Limón,Familiar,Q16 - Q20,No,Sí,México,Probablemente sí,México,Lionel Messi,Un jugador famoso,Descuento directo,No,Edición Mundial Fifa 2026,Sensible Al Precio,Casual,Adulto Maduro (35-54)
2137,2026-01-30,13:56:10,25 - 34 Años,Masculino,Guatemala,San Miguel Petapa,Ama De Casa,Todos Los Días,Supermercado,Familia,Q25 - Q50,Mundialitos Queso Picante; Caramel Goal Popcorn; CrunchMax BBQ,Queso,Familiar,,No,Sí,Inglaterra,Definitivamente no,España,Cristiano Ronaldo; Lionel Messi,Humor,Sorteo de camisetas,Sí,Edición España,Moderada,Casual,Adulto Joven (25-34)
2138,2026-05-10,14:35:01,35 - 44 Años,Femenino,Escuintla,Santa Lucía Cotzumalguapa,Empresario,3 A 5 Veces Por Semana,Supermercado,Familia,Q25 - Q50,Victory Pretzels; FutbolMix; Mundialitos Queso Picante,Chocolate,Tamaño Fiesta O Reunión,Más De Q30,Sí,Sí,Francia,Definitivamente sí,Francia,Neymar Jr.,Premios y sorteos,Tarjetas coleccionables,Sí,Edición Argentina,Moderada,Casual,Adulto Maduro (35-54)
2139,2026-03-12,19:06:58,25 - 34 Años,Masculino,Sacatepéquez,Sumpango,,3 A 5 Veces Por Semana,Supermercado,Otro,Q25 - Q50,ChocoKick Bites; Hot Stadium Peanuts,Queso,Individual,Q16 - Q20,Sí,Sí,Panamá,Definitivamente sí,Inglaterra,Kylian Mbappé; Jude Bellingham; Neymar Jr.,Premios y sorteos,Sorteo de camisetas,Sí,Edición Mundial Fifa 2026,Moderada,Casual,Adulto Joven (25-34)
2140,2026-05-02,12:43:38,18 - 24 Años,Masculino,Huehuetenango,Huehuetenango,Comerciante,3 A 5 Veces Por Semana,Tienda de barrio,Amigos,Q51 - Q100,CrunchMax BBQ,Salado Tradicional,Para Compartir Entre 2 Personas,Q10 - Q15,Sí,Sí,Argentina,Definitivamente sí,Portugal,Neymar Jr.; Vinícius Júnior; Jude Bellingham,Una selección nacional,Sorteo de camisetas,No,Edición Con Jugadores Famosos,Premium Alta,Espectador Pasivo,Jóvenes (<25)
2141,2026-04-29,17:16:48,18 - 24 Años,Femenino,Jutiapa,Jutiapa,Empleado Privado,Rara Vez,Aplicación de delivery,Amigos,Q25 - Q50,Gol Nachos Supreme; FutbolMix; Fan Chips Jalapeño,,Para Compartir Entre 2 Personas,Q16 - Q20,Sí,Sí,Arabia Saudita,Probablemente sí,España,Cristiano Ronaldo; Lionel Messi; Lamine Yamal,Un jugador famoso,Tarjetas coleccionables,Sí,Edición Con Jugadores Famosos,Moderada,Fanático Target (Alto),Jóvenes (<25)
2142,2026-04-07,18:00:45,18 - 24 Años,Masculino,Guatemala,Villa Nueva,Empleado Privado,1 A 2 Veces Por Semana,Aplicación de delivery,Amigos,Menos De Q25,FutbolMix; ChocoKick Bites; Hot Stadium Peanuts,Jalapeño,Tamaño Fiesta O Reunión,Q16 - Q20,Sí,Sí,México,Probablemente sí,España,Lionel Messi,Una selección nacional,Producto gratis,Sí,Edición Argentina,Moderada,Fanático Target (Alto),Jóvenes (<25)
2143,2026-04-29,07:07:32,25 - 34 Años,Femenino,Guatemala,Santa Catarina Pinula,Empresario,3 A 5 Veces Por Semana,Gasolinera,Solo,Q25 - Q50,FutbolMix; Mundialitos Queso Picante,Barbacoa,Familiar,Q21 - Q30,No,Sí,Portugal,Definitivamente no,Brasil,Vinícius Júnior,Premios y sorteos,Sorteo de camisetas,Sí,Edición Argentina,Moderada,Casual,Adulto Joven (25-34)
2144,2026-02-16,08:36:28,55 Años O Más,Femenino,Chimaltenango,Tecpán Guatemala,Ama De Casa,Varias Veces Al Mes,Gasolinera,Familia,Q51 - Q100,Mundialitos Queso Picante; Victory Pretzels,Queso,Familiar,Q10 - Q15,No,Sí,España,Definitivamente sí,Brasil,Cristiano Ronaldo; Federico Valverde; Lionel Messi,Un jugador famoso,Descuento directo,No,Edición Con Jugadores Famosos,Moderada,Espectador Pasivo,Adulto Mayor (55+)
2145,2026-02-17,13:10:02,18 - 24 Años,Masculino,Guatemala,Guatemala,Otro,3 A 5 Veces Por Semana,Supermercado,Solo,Q25 - Q50,CrunchMax BBQ,Queso,Individual,Q10 - Q15,Sí,Sí,Argentina,Definitivamente sí,South Africa,Lionel Messi; Vinícius Júnior; Harry Kane,Una selección nacional,2x1,No,Edición Mundial Fifa 2026,Moderada,Espectador Pasivo,Jóvenes (<25)
2146,2026-05-06,09:54:10,25 - 34 Años,Femenino,Quetzaltenango,Olintepeque,Empleado Privado,3 A 5 Veces Por Semana,Aplicación de delivery,Familia,Q25 - Q50,FutbolMix,Barbacoa,Para Compartir Entre 2 Personas,Q16 - Q20,Sí,Sí,México,Probablemente no,España,Kylian Mbappé; Neymar Jr.; Lionel Messi,Historias de aficionados,Producto gratis,No,Edición Inglaterra,Moderada,Espectador Pasivo,Adulto Joven (25-34)
2147,2026-03-11,12:32:02,25 - 34 Años,Masculino,El Progreso,Cabecera municipal,Comerciante,1 A 2 Veces Por Semana,Kiosco escolar/universitario,Otro,Q51 - Q100,Hot Stadium Peanuts; CrunchMax BBQ,Jalapeño,Individual,Q21 - Q30,Sí,Sí,Alemania,Tal vez,Estados Unidos,Kylian Mbappé,Un jugador famoso,Descuento directo,Sí,Edición Inglaterra,Premium Alta,Casual,Adulto Joven (25-34)
2148,2026-03-11,12:44:02,25 - 34 Años,Masculino,Guatemala,Guatemala,Empleado Privado,Todos Los Días,Tienda de barrio,Solo,Q101 - Q150,Energy Crunch Protein; ChocoKick Bites; Caramel Goal Popcorn,Salado Tradicional,Para Compartir Entre 2 Personas,Q16 - Q20,Sí,Sí,México,Probablemente sí,Suiza,Neymar Jr.; Christian Pulisic; Rodri,Humor,Tarjetas coleccionables,Sí,Edición Argentina,Moderada,Fanático Target (Alto),Adulto Joven (25-34)
2149,2026-02-20,11:44:53,18 - 24 Años,Femenino,Guatemala,Guatemala,Empleado Privado,3 A 5 Veces Por Semana,Tienda de barrio,Familia,Q25 - Q50,Hot Stadium Peanuts; FutbolMix; Mundialitos Queso Picante,Limón,Individual,Q16 - Q20,No,Sí,Francia,Tal vez,Portugal,Cristiano Ronaldo; Rodri; Jude Bellingham,Un jugador famoso,Descuento directo,No,Edición Con Tarjetas Coleccionables,Moderada,Espectador Pasivo,Jóvenes (<25)
2150,2026-02-22,14:51:42,25 - 34 Años,Femenino,Guatemala,San Miguel Petapa,Empleado Público,Varias Veces Al Mes,Tienda de barrio,Amigos,Menos De Q25,Victory Pretzels; CrunchMax BBQ,Queso,Familiar,Q21 - Q30,No,Sí,Portugal,Tal vez,Panamá,Lionel Messi,Historias de aficionados,Descuento directo,Sí,Edición Con Jugadores Famosos,Sensible Al Precio,Casual,Adulto Joven (25-34)
2151,2026-02-03,21:47:27,35 - 44 Años,Masculino,Guatemala,Mixco,Comerciante,Varias Veces Al Mes,Gasolinera,Amigos,Q51 - Q100,CrunchMax BBQ,Jalapeño,Familiar,Q21 - Q30,No,Sí,Inglaterra,Definitivamente sí,Inglaterra,Neymar Jr.,Una selección nacional,Sorteo de viajes,Sí,Edición Mundial Fifa 2026,Moderada,Casual,Adulto Maduro (35-54)
2152,2026-03-05,16:40:51,18 - 24 Años,Masculino,Guatemala,Guatemala,Comerciante,Varias Veces Al Mes,Supermercado,Familia,Q51 - Q100,ChocoKick Bites; CrunchMax BBQ; FutbolMix,Dulce,Familiar,Q21 - Q30,Sí,Sí,Uruguay,Probablemente sí,México,Neymar Jr.; Julián Álvarez; Cristiano Ronaldo,Una selección nacional,Sorteo de camisetas,Sí,Edición Brasil,Premium Alta,Fanático Target (Alto),Jóvenes (<25)
2153,2026-04-19,09:44:53,35 - 44 Años,Prefiero No Indicarlo,Guatemala,Guatemala,Jubilado,1 A 2 Veces Por Semana,Supermercado,Familia,Q25 - Q50,Hot Stadium Peanuts; Fan Chips Jalapeño,Caramelo,Para Compartir Entre 2 Personas,Q16 - Q20,Sí,Sí,Argentina,Definitivamente no,Argentina,Lionel Messi; Harry Kane; Christian Pulisic,Historias de aficionados,Sorteo de balones,No,Edición Con Jugadores Famosos,Moderada,Espectador Pasivo,Adulto Maduro (35-54)
2154,2026-01-25,16:47:23,25 - 34 Años,Masculino,Guatemala,Santa Catarina Pinula,Comerciante,1 A 2 Veces Por Semana,Kiosco escolar/universitario,Familia,Q51 - Q100,CrunchMax BBQ,Salado Tradicional,Familiar,Q16 - Q20,Sí,Sí,Portugal,Definitivamente no,Argentina,Kylian Mbappé; Neymar Jr.,Una selección nacional,Sorteo de camisetas,No,Edición Con Tarjetas Coleccionables,Premium Alta,Espectador Pasivo,Adulto Joven (25-34)
2155,2026-04-25,19:10:12,35 - 44 Años,Femenino,Quetzaltenango,Coatepeque,Comerciante,3 A 5 Veces Por Semana,Supermercado,Familia,Q51 - Q100,CrunchMax BBQ; FutbolMix,Queso,Individual,Q16 - Q20,Sí,No,Inglaterra,Probablemente sí,South Africa,Vinícius Júnior; Lamine Yamal; Cristiano Ronaldo,Una selección nacional,Sorteo de viajes,Sí,Edición Brasil,Premium Alta,Espectador Pasivo,Adulto Maduro (35-54)
2156,2026-04-07,12:36:06,45 - 54 Años,Femenino,Santa Rosa,Cabecera municipal,Empresario,3 A 5 Veces Por Semana,Gasolinera,Familia,Q51 - Q100,Hot Stadium Peanuts; Fan Chips Jalapeño,Salado Tradicional,Familiar,Q10 - Q15,Sí,Sí,Portugal,Probablemente sí,Brasil,Harry Kane; Vinícius Júnior,Historias de aficionados,Sorteo de camisetas,Sí,Edición Argentina,Premium Alta,Fanático Target (Alto),Adulto Maduro (35-54)
2157,2026-03-18,19:30:17,Menos De 18 Años,Masculino,Quetzaltenango,Olintepeque,Estudiante,Varias Veces Al Mes,Supermercado,Familia,Q25 - Q50,Victory Pretzels,Jalapeño,Familiar,Q10 - Q15,Sí,Sí,Brasil,Probablemente sí,Francia,Lionel Messi; Cristiano Ronaldo,Una selección nacional,Sorteo de camisetas,Sí,Edición Mundial Fifa 2026,Moderada,Fanático Target (Alto),Jóvenes (<25)
2158,2026-01-11,16:36:34,55 Años O Más,Masculino,Chimaltenango, TECPÁN GUATEMALA ,Empleado Público,1 A 2 Veces Por Semana,Tienda de barrio,Amigos,Q25 - Q50,CrunchMax BBQ; Fan Chips Jalapeño; Mundialitos Queso Picante,Chocolate,Familiar,Q16 - Q20,No,Sí,Francia,Definitivamente sí,Francia,Neymar Jr.; Cristiano Ronaldo; Vinícius Júnior,Una selección nacional,Producto gratis,Sí,Edición Argentina,Moderada,Casual,Adulto Mayor (55+)
2159,2026-02-27,21:58:59,18 - 24 Años,Masculino,Escuintla,Escuintla,Jubilado,1 A 2 Veces Por Semana,Gasolinera,Familia,Menos De Q25,Mundialitos Queso Picante; FutbolMix,Queso,Familiar,Menos De Q10,No,Sí, FRANCIA ,Definitivamente sí,Francia,Lionel Messi; Lamine Yamal; Alphonso Davies,Premios y sorteos,Descuento directo,No,Edición Inglaterra,Sensible Al Precio,Espectador Pasivo,Jóvenes (<25)
2160,2026-01-15,18:18:20,25 - 34 Años,Femenino,Guatemala,Santa Catarina Pinula,Profesional Independiente,Todos Los Días,Tienda de barrio,Familia,Q51 - Q100,Hot Stadium Peanuts; Gol Nachos Supreme,Queso,Tamaño Fiesta O Reunión,Q21 - Q30,Sí,Sí,Portugal,Probablemente sí,Uruguay,Christian Pulisic,Un jugador famoso,Sorteo de camisetas,Sí,Edición Con Jugadores Famosos,Premium Alta,Fanático Target (Alto),Adulto Joven (25-34)
2161,2026-03-22,16:41:33,18 - 24 Años,Masculino,Guatemala,Guatemala,Ama De Casa,3 A 5 Veces Por Semana,Supermercado,Amigos,Q25 - Q50,ChocoKick Bites; Energy Crunch Protein,Salado Tradicional,Familiar,Q10 - Q15,No,Sí,Inglaterra,Tal vez,Argentina,Cristiano Ronaldo,Una selección nacional,Sorteo de viajes,Sí,Edición Con Tarjetas Coleccionables,Moderada,Casual,Jóvenes (<25)
2162,2026-01-12,14:24:52,25 - 34 Años,Masculino,Guatemala,Santa Catarina Pinula,Estudiante,Todos Los Días,Tienda de barrio,Amigos,Q51 - Q100,Gol Nachos Supreme; Mundialitos Queso Picante; Victory Pretzels,Caramelo,Individual,Q10 - Q15,Sí,Sí,Alemania,Tal vez,Argentina,Alphonso Davies; Lionel Messi; Harry Kane,Humor,Producto gratis,Sí,Edición Con Jugadores Famosos,Premium Alta,Casual,Adulto Joven (25-34)
2163,2026-04-08,17:47:25,45 - 54 Años,Masculino,Guatemala,Guatemala,Estudiante,1 A 2 Veces Por Semana,Kiosco escolar/universitario,Amigos,Q51 - Q100,Caramel Goal Popcorn; CrunchMax BBQ; FutbolMix,Queso,Individual,Q16 - Q20,No,Sí,Argentina,Definitivamente sí,Portugal,Cristiano Ronaldo; Neymar Jr.; Vinícius Júnior,Una selección nacional,Sorteo de balones,No,Edición Inglaterra,Moderada,Espectador Pasivo,Adulto Maduro (35-54)
2164,2026-04-16,22:43:19,18 - 24 Años,Masculino,Petén,San Benito,Empleado Privado,Varias Veces Al Mes,Supermercado,Familia,Menos De Q25,Victory Pretzels; Hot Stadium Peanuts; Caramel Goal Popcorn,Picante Chapín,Familiar,Q16 - Q20,Sí,Sí,Francia,Tal vez,México,Jude Bellingham; Vinícius Júnior; Kylian Mbappé,Una selección nacional,Descuento directo,Sí,Edición Mundial Fifa 2026,Moderada,Casual,Jóvenes (<25)
2165,2026-02-17,08:49:58,35 - 44 Años,Femenino,Alta Verapaz,Alta Verapaz,Estudiante,Todos Los Días,Tienda de barrio,Familia,Q25 - Q50,ChocoKick Bites,Limón,Para Compartir Entre 2 Personas,Q10 - Q15,Sí,Sí,España,Probablemente no,Irán,Lionel Messi,Historias de aficionados,Descuento directo,Sí,Edición Con Jugadores Famosos,Moderada,Casual,Adulto Maduro (35-54)
2166,2026-03-31,20:39:46,55 Años O Más,Femenino,Guatemala,San Miguel Petapa,Empleado Privado,Todos Los Días,Supermercado,Familia,Menos De Q25,ChocoKick Bites; FutbolMix,Queso,Para Compartir Entre 2 Personas,Q21 - Q30,Sí,Sí,Brasil,Tal vez,Portugal,Ninguno,Una selección nacional,Tarjetas coleccionables,Sí,Edición Mundial Fifa 2026,Moderada,Casual,Adulto Mayor (55+)
2167,2026-04-30,12:49:07,25 - 34 Años,Masculino,Guatemala,Villa Nueva,Ama De Casa,1 A 2 Veces Por Semana,Gasolinera,Familia,Q51 - Q100,Victory Pretzels; ChocoKick Bites,Salado Tradicional,Familiar,Q10 - Q15,No,Sí,Brasil,Definitivamente sí,Estados Unidos,Jude Bellingham,Premios y sorteos,Descuento directo,Sí,Edición Con Jugadores Famosos,Moderada,Casual,Adulto Joven (25-34)
2168,2026-02-11,19:59:07,18 - 24 Años,Masculino,El Progreso,Otro municipio,Estudiante,1 A 2 Veces Por Semana,Tienda de barrio,Solo,Q101 - Q150,Energy Crunch Protein,Chocolate,Familiar,Q10 - Q15,No,Sí,Argentina,Definitivamente sí,Brasil,Kylian Mbappé,Humor,2x1,Sí,Edición Mundial Fifa 2026,Sensible Al Precio,Casual,Jóvenes (<25)
2169,2026-04-25,14:34:12,35 - 44 Años,Femenino,Escuintla,Santa Lucía Cotzumalguapa,Profesional Independiente,Todos Los Días,Supermercado,Familia,Q25 - Q50,Hot Stadium Peanuts,Jalapeño,Para Compartir Entre 2 Personas,Q21 - Q30,No,Sí,Estados Unidos,Definitivamente sí,Estados Unidos,Neymar Jr.; Kylian Mbappé,Humor,Producto gratis,No,Edición Brasil,Moderada,Espectador Pasivo,Adulto Maduro (35-54)
2170,2026-05-02,21:34:22,35 - 44 Años,Femenino,Escuintla,Escuintla,Empleado Público,1 A 2 Veces Por Semana,Supermercado,Amigos,Más De Q150,ChocoKick Bites; Gol Nachos Supreme; Caramel Goal Popcorn,Chocolate,Familiar,Q16 - Q20,No,Sí,Haití,Definitivamente no,Brasil,Lionel Messi; Vinícius Júnior; Cristiano Ronaldo,Historias de aficionados,Descuento directo,Sí,Edición Francia,Sensible Al Precio,Casual,Adulto Maduro (35-54)
2171,2026-05-07,10:07:16,25 - 34 Años,Femenino,Guatemala,Santa Catarina Pinula,Comerciante,1 A 2 Veces Por Semana,Supermercado,Compañeros de trabajo,Menos De Q25,Hot Stadium Peanuts; Victory Pretzels; Caramel Goal Popcorn,Limón,Familiar,Q10 - Q15,Sí,Sí,Brasil,Tal vez,Argentina,Rodri; Neymar Jr.; Federico Valverde,Historias de aficionados,Descuento directo,Sí,Edición Mundial Fifa 2026,Moderada,Casual,Adulto Joven (25-34)
2172,2026-02-27,13:40:39,18 - 24 Años,Femenino,Quiché,Quiché,Profesional Independiente,3 A 5 Veces Por Semana,Otro,Compañeros de trabajo,Menos De Q25,FutbolMix; Gol Nachos Supreme,Picante Chapín,Familiar,Q16 - Q20,Sí,Sí,Argentina,Tal vez,Estados Unidos,Neymar Jr.,Humor,2x1,Sí,Edición Inglaterra,Moderada,Casual,Jóvenes (<25)
2173,2026-03-18,12:02:32,35 - 44 Años,Femenino,Guatemala,Mixco,Profesional Independiente,1 A 2 Veces Por Semana,Gasolinera,Solo,Menos De Q25,Fan Chips Jalapeño; Mundialitos Queso Picante,Picante Chapín,Tamaño Fiesta O Reunión,Q16 - Q20,Sí,Sí,Portugal,Definitivamente sí,Argentina,Rodri; Lamine Yamal,Humor,Sorteo de viajes,Sí,Edición Mundial Fifa 2026,Moderada,Casual,Adulto Maduro (35-54)
2174,2026-04-23,22:22:27,18 - 24 Años,Femenino,Sacatepéquez,Antigua Guatemala,Profesional Independiente,1 A 2 Veces Por Semana,Tienda de barrio,Familia,Q51 - Q100,Energy Crunch Protein; ChocoKick Bites,Picante Chapín,Familiar,Q16 - Q20,Sí,Sí,Czechia,Definitivamente sí,Colombia,Alphonso Davies; Neymar Jr.,Un jugador famoso,Producto gratis,Sí,Edición Con Tarjetas Coleccionables,Premium Alta,Casual,Jóvenes (<25)
2175,2026-03-02,20:15:48,25 - 34 Años,Femenino,Santa Rosa,Otro municipio,Estudiante,Todos Los Días,Tienda de barrio,Otro,Q25 - Q50,FutbolMix,Barbacoa,Para Compartir Entre 2 Personas,Q10 - Q15,Sí,Sí,Inglaterra,Probablemente no,Argentina,Lionel Messi,Un jugador famoso,Producto gratis,No,Edición Con Jugadores Famosos,Moderada,Espectador Pasivo,Adulto Joven (25-34)
2176,2026-01-13,09:55:16,25 - 34 Años,Femenino,Retalhuleu,Retalhuleu,Empleado Privado,1 A 2 Veces Por Semana,Tienda de barrio,Familia,Q101 - Q150,Mundialitos Queso Picante; CrunchMax BBQ,Picante Chapín,Familiar,Q21 - Q30,No,Sí,Argentina,Definitivamente no,México,Neymar Jr.,Un jugador famoso,2x1,No,Edición Mundial Fifa 2026,Sensible Al Precio,Espectador Pasivo,Adulto Joven (25-34)
2177,2026-04-09,13:40:02,18 - 24 Años,Masculino,Guatemala,San Miguel Petapa,Comerciante,1 A 2 Veces Por Semana,Tienda de barrio,Solo,Menos De Q25,CrunchMax BBQ,Barbacoa,Individual,Q21 - Q30,Sí,Sí,Brasil,Definitivamente sí,Brasil,Kylian Mbappé; Cristiano Ronaldo,Premios y sorteos,Descuento directo,Sí,Edición Mundial Fifa 2026,Moderada,Casual,Jóvenes (<25)
2178,2026-04-22,09:27:41,45 - 54 Años,Masculino,Escuintla,Santa Lucía Cotzumalguapa,Otro,Varias Veces Al Mes,Otro,Amigos,Q101 - Q150,Fan Chips Jalapeño,Barbacoa,Para Compartir Entre 2 Personas,Q16 - Q20,Sí,Sí,Colombia,Probablemente sí,Brasil,Alphonso Davies; Lionel Messi; Harry Kane,Premios y sorteos,Descuento directo,Sí,Edición Brasil,Moderada,Fanático Target (Alto),Adulto Maduro (35-54)
2179,2026-04-29,19:11:19,25 - 34 Años,Femenino,San Marcos,San Marcos,Estudiante,1 A 2 Veces Por Semana,Tienda de barrio,Familia,Q51 - Q100,Fan Chips Jalapeño; Caramel Goal Popcorn; Gol Nachos Supreme,Limón,Para Compartir Entre 2 Personas,,Sí,Sí,Brasil,Definitivamente sí,Francia,Alphonso Davies; Lamine Yamal,Humor,Descuento directo,No,Edición Argentina,Premium Alta,Espectador Pasivo,Adulto Joven (25-34)
2180,2026-05-06,21:00:42,Menos De 18 Años,Masculino,Alta Verapaz,Cabecera municipal,Profesional Independiente,1 A 2 Veces Por Semana,Tienda de barrio,Familia,Q25 - Q50,Gol Nachos Supreme; Caramel Goal Popcorn; Mundialitos Queso Picante,Salado Tradicional,Tamaño Fiesta O Reunión,Q10 - Q15,No,Sí,Brasil,Definitivamente no,Portugal,Rodri,Humor,Producto gratis,No,Edición Con Jugadores Famosos,Moderada,Espectador Pasivo,Jóvenes (<25)
2181,2026-02-20,22:54:38,55 Años O Más,Masculino,Guatemala,San Miguel Petapa,Estudiante,1 A 2 Veces Por Semana,Supermercado,Amigos,Q101 - Q150,FutbolMix; ChocoKick Bites,Jalapeño,Tamaño Fiesta O Reunión,Q21 - Q30,Sí,Sí,Argentina,Definitivamente no,Argentina,Lionel Messi,Una selección nacional,Tarjetas coleccionables,Sí,Edición Argentina,Moderada,Casual,Adulto Mayor (55+)
2182,2026-02-24,09:44:09,18 - 24 Años,Masculino,Guatemala,Guatemala,Estudiante,Todos Los Días,Tienda de barrio,Amigos,Q51 - Q100,Fan Chips Jalapeño; Caramel Goal Popcorn; Hot Stadium Peanuts,Jalapeño,Para Compartir Entre 2 Personas,Q10 - Q15,No,Sí,Portugal,Tal vez,Argentina,Neymar Jr.; Ninguno,Una selección nacional,Tarjetas coleccionables,Sí,Edición Inglaterra,Moderada,Casual,Jóvenes (<25)
2183,2026-02-23,17:59:08,25 - 34 Años,Femenino,Chimaltenango,Tecpán Guatemala,Profesional Independiente,Todos Los Días,Supermercado,Familia,Q25 - Q50,ChocoKick Bites; Victory Pretzels; Fan Chips Jalapeño,Limón,Familiar,Q10 - Q15,Sí,Sí,España,Probablemente no,Francia,Federico Valverde; Vinícius Júnior; Lionel Messi,Historias de aficionados,Descuento directo,Sí,Edición Argentina,Moderada,Casual,Adulto Joven (25-34)
2184,2026-01-19,15:16:51,25 - 34 Años,Masculino,Guate,Santa Catarina Pinula,Profesional Independiente,1 A 2 Veces Por Semana,Supermercado,Amigos,Q25 - Q50,FutbolMix; CrunchMax BBQ,Chocolate,Para Compartir Entre 2 Personas,Q10 - Q15,Sí,Sí,Brasil,Probablemente sí,Brasil,Cristiano Ronaldo; Rodri; Alphonso Davies,Una selección nacional,Producto gratis,Sí,Edición Argentina,Moderada,Fanático Target (Alto),Adulto Joven (25-34)
2185,2026-01-24,08:36:03,18 - 24 Años,Femenino,Sacatepéquez,Antigua Guatemala,Ama De Casa,3 A 5 Veces Por Semana,Supermercado,Familia,Q51 - Q100,ChocoKick Bites,Jalapeño,Individual,Q10 - Q15,Sí,Sí,Portugal,Probablemente sí, PORTUGAL ,Cristiano Ronaldo; Neymar Jr.; Lionel Messi,Premios y sorteos,Sorteo de camisetas,Sí,Edición Argentina,Premium Alta,Fanático Target (Alto),Jóvenes (<25)
2186,2026-04-13,13:54:31,25 - 34 Años,Masculino,Guatemala,Santa Catarina Pinula,Profesional Independiente,Varias Veces Al Mes,Aplicación de delivery,Compañeros de trabajo,Q25 - Q50,Caramel Goal Popcorn,Salado Tradicional,Individual,Q16 - Q20,Sí,Sí,Francia,Definitivamente sí,Argentina,Cristiano Ronaldo,Un jugador famoso,Producto gratis,No,Edición Inglaterra,Moderada,Espectador Pasivo,Adulto Joven (25-34)
2187,2026-01-23,17:34:34,18 - 24 Años,Masculino,Chimaltenango,Patzún,Empleado Público,3 A 5 Veces Por Semana,Tienda de barrio,Amigos,Menos De Q25,Fan Chips Jalapeño; FutbolMix; Hot Stadium Peanuts,Limón,Familiar,Q16 - Q20,No,Sí,Francia,Probablemente sí,México,Lamine Yamal; Neymar Jr.,Un jugador famoso,Descuento directo,No,Edición Argentina,Sensible Al Precio,Casual,Jóvenes (<25)
2188,2026-03-02,16:55:19,35 - 44 Años,Masculino,Totonicapán,Otro municipio,Empleado Privado,3 A 5 Veces Por Semana,Supermercado,Amigos,Q25 - Q50,Fan Chips Jalapeño; ChocoKick Bites,Picante Chapín,Para Compartir Entre 2 Personas,Menos De Q10,No,No,México,Definitivamente sí,Francia,Cristiano Ronaldo; Lionel Messi,Una selección nacional,Producto gratis,Sí,Edición Mundial Fifa 2026,Moderada,Espectador Pasivo,Adulto Maduro (35-54)
2189,2026-03-31,13:03:12,55 Años O Más,Masculino,El Progreso,Otro municipio,Estudiante,3 A 5 Veces Por Semana,Aplicación de delivery,Familia,Q51 - Q100,FutbolMix,Picante Chapín,Familiar,Q21 - Q30,No,Sí,Brasil,Probablemente sí,Brasil,Lionel Messi; Jude Bellingham; Ninguno,Una selección nacional,Tarjetas coleccionables,Sí,Edición Con Jugadores Famosos,Moderada,Fanático Target (Alto),Adulto Mayor (55+)
2190,2026-03-31,17:50:18,25 - 34 Años,Femenino,Guatemala,Guatemala,Ama De Casa,3 A 5 Veces Por Semana,Supermercado,Amigos,Menos De Q25,Gol Nachos Supreme; FutbolMix,Queso,Individual,Q16 - Q20,Sí,Sí,México,Definitivamente sí,Argentina,Rodri,Una selección nacional,Sorteo de camisetas,Sí,Edición Con Tarjetas Coleccionables,Moderada,Casual,Adulto Joven (25-34)
2191,2026-01-28,13:53:59,45 - 54 Años,Prefiero No Indicarlo,Santa Rosa,Cabecera municipal,Empleado Privado,3 A 5 Veces Por Semana,Otro,Familia,Q101 - Q150,Fan Chips Jalapeño,Barbacoa,Tamaño Fiesta O Reunión,Más De Q30,Sí,Sí,Argentina,Tal vez,México,Vinícius Júnior; Jude Bellingham,Humor,Descuento directo,Sí,Edición Con Tarjetas Coleccionables,Moderada,Casual,Adulto Maduro (35-54)
2192,2026-04-20,07:55:39,25 - 34 Años,Masculino,Alta Verapaz,Alta Verapaz,Estudiante,Varias Veces Al Mes,Aplicación de delivery,Familia,Q51 - Q100,FutbolMix,Queso,Tamaño Fiesta O Reunión,Q10 - Q15,Sí,Sí,Francia,Probablemente sí,México,Neymar Jr.; Lionel Messi; Lamine Yamal,Premios y sorteos,2x1,No,Edición Con Tarjetas Coleccionables,Premium Alta,Casual,Adulto Joven (25-34)
2193,2026-02-14,11:04:31,Menos De 18 Años,Masculino,Quetzaltenango, COATEPEQUE ,Jubilado,3 A 5 Veces Por Semana,Tienda de barrio,Familia,Q25 - Q50,Hot Stadium Peanuts,Dulce,Familiar,Q21 - Q30,No,No,Alemania,Definitivamente no,Inglaterra,Harry Kane,Premios y sorteos,Sorteo de camisetas,No,Edición Francia,Moderada,Espectador Pasivo,Jóvenes (<25)
2194,2026-04-05,08:00:25,25 - 34 Años,Masculino,Chimaltenango,Patzún,Empresario,Varias Veces Al Mes,Supermercado,Compañeros de trabajo,Q25 - Q50,ChocoKick Bites; Gol Nachos Supreme; CrunchMax BBQ,Barbacoa,Individual,Q10 - Q15,No,Sí,Brasil,Definitivamente no,Uruguay,Cristiano Ronaldo,Premios y sorteos,Producto gratis,No,Edición Argentina,Moderada,Espectador Pasivo,Adulto Joven (25-34)
2195,2026-04-28,16:44:14,35 - 44 Años,Masculino,Guatemala,Villa Nueva,Comerciante,Todos Los Días,Supermercado,Familia,Menos De Q25,Caramel Goal Popcorn; Fan Chips Jalapeño,Jalapeño,Para Compartir Entre 2 Personas,Q10 - Q15,No,Sí,Portugal,Definitivamente sí,Argelia,Cristiano Ronaldo; Vinícius Júnior,Humor,Sorteo de camisetas,Sí,Edición Con Tarjetas Coleccionables,Sensible Al Precio,Casual,Adulto Maduro (35-54)
2196,2026-03-07,14:36:35,45 - 54 Años,Femenino,Escuintla,Palín,Empleado Privado,Varias Veces Al Mes,Tienda de barrio,Compañeros de trabajo,Q51 - Q100,Gol Nachos Supreme,Queso,Tamaño Fiesta O Reunión,Q21 - Q30,No,Sí,Países Bajos,Definitivamente sí,Croacia,Neymar Jr.; Lionel Messi; Kylian Mbappé,Una selección nacional,Sorteo de camisetas,No,Edición Francia,Moderada,Espectador Pasivo,Adulto Maduro (35-54)
2197,2026-04-03,08:16:39,18 - 24 Años,Masculino,Jutiapa,Cabecera municipal,Ama De Casa,1 A 2 Veces Por Semana,Aplicación de delivery,Compañeros de trabajo,Q25 - Q50,Mundialitos Queso Picante,Queso,Para Compartir Entre 2 Personas,Q16 - Q20,Sí,Sí,España,Definitivamente sí,Brasil,Ninguno; Cristiano Ronaldo; Federico Valverde,Una selección nacional,Producto gratis,No,Edición Francia,Moderada,Espectador Pasivo,Jóvenes (<25)
2198,2026-04-03,21:54:59,18 - 24 Años,Masculino,Chimaltenango,Tecpán Guatemala,Empleado Privado,Todos Los Días,Supermercado,Amigos,Menos De Q25,Mundialitos Queso Picante; Gol Nachos Supreme; Fan Chips Jalapeño,Dulce,Individual,Q16 - Q20,No,Sí,México,Definitivamente sí,Estados Unidos,Lionel Messi; Cristiano Ronaldo; Christian Pulisic,Premios y sorteos,Sorteo de camisetas,Sí,Edición Francia,Sensible Al Precio,Casual,Jóvenes (<25)
2200,2026-02-28,11:37:33,18 - 24 Años,Femenino,Zacapa,Zacapa,Empleado Privado,3 A 5 Veces Por Semana,Supermercado,Familia,Q51 - Q100,Hot Stadium Peanuts,Picante Chapín,Familiar,Menos De Q10,Sí,Sí,Estados Unidos,Tal vez,España,Alphonso Davies; Lionel Messi; Cristiano Ronaldo,Una selección nacional,Sorteo de balones,No,Edición Mundial Fifa 2026,Premium Alta,Espectador Pasivo,Jóvenes (<25)
2201,2026-03-03,19:30:41,45 - 54 Años,Masculino,Guatemala,Mixco,Empleado Privado,Todos Los Días,Tienda de barrio,Familia,Menos De Q25,Gol Nachos Supreme; Mundialitos Queso Picante; Fan Chips Jalapeño,Dulce,Familiar,Q10 - Q15,Sí,Sí,Argentina,Probablemente sí,Argentina,Cristiano Ronaldo; Lamine Yamal; Federico Valverde,Un jugador famoso,2x1,No,Edición Argentina,Moderada,Casual,Adulto Maduro (35-54)
2202,2026-01-13,20:50:47,18 - 24 Años,Masculino,Guate,Guatemala,Empresario,1 A 2 Veces Por Semana,Otro,Amigos,Q51 - Q100,Hot Stadium Peanuts; Mundialitos Queso Picante,Jalapeño,Individual,Q10 - Q15,Sí,No,Brasil,Probablemente sí,Uruguay,Jude Bellingham,Humor,Sorteo de balones,No,Edición España,Premium Alta,Espectador Pasivo,Jóvenes (<25)
2203,2026-03-27,08:28:06,45 - 54 Años,Masculino,Guatemala,San Miguel Petapa,Empleado Privado,Varias Veces Al Mes,Tienda de barrio,Amigos,Q25 - Q50,Mundialitos Queso Picante; CrunchMax BBQ; Gol Nachos Supreme,Barbacoa,Familiar,Q10 - Q15,Sí,Sí,España,Definitivamente sí, INGLATERRA ,Neymar Jr.; Jude Bellingham,Una selección nacional,Sorteo de camisetas,Sí,Edición Con Jugadores Famosos,Moderada,Casual,Adulto Maduro (35-54)
2204,2026-01-23,14:02:47,25 - 34 Años,Femenino,Guatemala, SANTA CATARINA PINULA ,Empleado Privado,Todos Los Días,Gasolinera,Familia,Q51 - Q100,Gol Nachos Supreme; Victory Pretzels; Fan Chips Jalapeño,Picante Chapín,Individual,Q16 - Q20,Sí,Sí,Portugal,Probablemente sí,Uruguay,Cristiano Ronaldo; Neymar Jr.,Historias de aficionados,Tarjetas coleccionables,Sí,Edición Brasil,Premium Alta,Fanático Target (Alto),Adulto Joven (25-34)
2205,2026-04-18,16:55:47,55 Años O Más,Femenino,Guatemala,Guatemala,Comerciante,Todos Los Días,Tienda de barrio,Familia,Q25 - Q50,Fan Chips Jalapeño,Picante Chapín,Para Compartir Entre 2 Personas,Q16 - Q20,No,No, COLOMBIA ,Probablemente sí,Uruguay,Lionel Messi; Lamine Yamal; Vinícius Júnior,Humor,2x1,No,Edición Francia,Moderada,Espectador Pasivo,Adulto Mayor (55+)
2206,2026-04-30,16:53:26,18 - 24 Años,Femenino,Jalapa,Cabecera municipal,,3 A 5 Veces Por Semana,Gasolinera,Solo,Q25 - Q50,Gol Nachos Supreme,Caramelo,Individual,Q21 - Q30,Sí,Sí,Brasil,Probablemente no,Colombia,Christian Pulisic,Un jugador famoso,Tarjetas coleccionables,Sí,Edición Inglaterra,Moderada,Casual,Jóvenes (<25)
2207,2026-04-11,11:10:08,35 - 44 Años,Femenino,Guatemala,Santa Catarina Pinula,Empleado Privado,1 A 2 Veces Por Semana,Aplicación de delivery,Compañeros de trabajo,Más De Q150,CrunchMax BBQ; Gol Nachos Supreme; FutbolMix,Dulce,Familiar,Q16 - Q20,Sí,Sí,España,Probablemente sí,Brasil,Alphonso Davies; Lionel Messi,Historias de aficionados,Descuento directo,No,Edición Argentina,Moderada,Casual,Adulto Maduro (35-54)
2208,2026-01-26,14:28:18,Menos De 18 Años,Femenino,Escuintla,Palín,Estudiante,1 A 2 Veces Por Semana,Gasolinera,Amigos,Q25 - Q50,Caramel Goal Popcorn; Fan Chips Jalapeño; Gol Nachos Supreme,Dulce,Tamaño Fiesta O Reunión,Q16 - Q20,No,Sí,Inglaterra,Probablemente sí,Inglaterra,Cristiano Ronaldo; Neymar Jr.,Humor,Descuento directo,Sí,Edición Con Jugadores Famosos,Moderada,Fanático Target (Alto),Jóvenes (<25)
2209,2026-02-15,13:12:15,18 - 24 Años,Femenino,Guatemala,Mixco,Estudiante,Todos Los Días,Tienda de barrio,Amigos,Q25 - Q50,Victory Pretzels; FutbolMix,Barbacoa,Tamaño Fiesta O Reunión,Q10 - Q15,Sí,Sí,España,Tal vez,Argentina,Neymar Jr.; Rodri; Vinícius Júnior,Un jugador famoso,Descuento directo,Sí,Edición España,Moderada,Casual,Jóvenes (<25)
2210,2026-01-18,20:50:44,18 - 24 Años,Masculino,Guatemala,Guatemala,Estudiante,Varias Veces Al Mes,Tienda de barrio,Amigos,Q51 - Q100,CrunchMax BBQ; Mundialitos Queso Picante,Limón,Tamaño Fiesta O Reunión,Más De Q30,Sí,Sí,Argentina,Definitivamente sí,Argentina,Lionel Messi; Rodri; Harry Kane,Historias de aficionados,Descuento directo,No,Edición Francia,Premium Alta,Espectador Pasivo,Jóvenes (<25)
2211,2026-04-24,20:51:25,35 - 44 Años,Femenino,Santa Rosa,Cabecera municipal,Empleado Público,Todos Los Días,Aplicación de delivery,Amigos,Q101 - Q150,Fan Chips Jalapeño; ChocoKick Bites,Queso,Individual,Q21 - Q30,Sí,Sí,Brasil,Probablemente no,México,Vinícius Júnior,Una selección nacional,2x1,No,Edición Argentina,Moderada,Espectador Pasivo,Adulto Maduro (35-54)
2212,2026-04-23,18:09:25,25 - 34 Años,Femenino,Quetzaltenango,Quetzaltenango,Jubilado,Varias Veces Al Mes,Tienda de barrio,Solo,Q51 - Q100,Gol Nachos Supreme; Victory Pretzels,Queso,Para Compartir Entre 2 Personas,Q10 - Q15,No,Sí, ESTADOS UNIDOS ,Probablemente sí,Brasil,Julián Álvarez; Jude Bellingham,Un jugador famoso,Producto gratis,Sí,Edición Con Tarjetas Coleccionables,Moderada,Fanático Target (Alto),Adulto Joven (25-34)
2213,2026-02-24,17:47:06,18 - 24 Años,Femenino,Guatemala,Guatemala,Jubilado,1 A 2 Veces Por Semana,Kiosco escolar/universitario,Familia,Menos De Q25,Caramel Goal Popcorn,Queso,Familiar,Menos De Q10,Sí,Sí,Brasil,Definitivamente sí,Portugal,Cristiano Ronaldo,Un jugador famoso,Sorteo de balones,Sí,Edición Con Tarjetas Coleccionables,Moderada,Casual,Jóvenes (<25)
2214,2026-03-02,21:24:23,Menos De 18 Años,Prefiero No Indicarlo,Guatemala,San Miguel Petapa,Empleado Privado,Todos Los Días,,Amigos,Menos De Q25,Energy Crunch Protein,Dulce,Individual,Q10 - Q15,Sí,Sí,Argentina,Tal vez,México,Cristiano Ronaldo; Harry Kane,Una selección nacional,Descuento directo,Sí,Edición Francia,Moderada,Casual,Jóvenes (<25)
2215,2026-05-03,08:16:20,25 - 34 Años,Masculino,Suchitepéquez,Cabecera municipal,Empresario,1 A 2 Veces Por Semana,Supermercado,Amigos,Q51 - Q100,Hot Stadium Peanuts; Mundialitos Queso Picante; Fan Chips Jalapeño,Limón,Familiar,Q21 - Q30,Sí,Sí,México,Probablemente sí,Inglaterra,Lionel Messi,Un jugador famoso,2x1,Sí,Edición Mundial Fifa 2026,Premium Alta,Fanático Target (Alto),Adulto Joven (25-34)
2216,2026-03-31,19:37:00,25 - 34 Años,Femenino,Zacapa, OTRO MUNICIPIO ,,Varias Veces Al Mes,Supermercado,Familia,Más De Q150,Fan Chips Jalapeño,Jalapeño,Para Compartir Entre 2 Personas,Q21 - Q30,No,Sí,España,Tal vez,México,Neymar Jr.,Premios y sorteos,Producto gratis,Sí,Edición Francia,Sensible Al Precio,Casual,Adulto Joven (25-34)
2217,2026-04-05,21:20:25,25 - 34 Años,Femenino,Sacatepéquez,Ciudad Vieja,Otro,3 A 5 Veces Por Semana,Tienda de barrio,Compañeros de trabajo,Menos De Q25,Hot Stadium Peanuts,Dulce,Familiar,Q16 - Q20,Sí,Sí,Francia,Tal vez,Francia,Cristiano Ronaldo; Kylian Mbappé; Lamine Yamal,Un jugador famoso,2x1,Sí,Edición Argentina,Moderada,Casual,Adulto Joven (25-34)
2218,2026-02-23,10:17:14,55 Años O Más,Masculino,Guatemala,Villa Nueva,Empleado Privado,Varias Veces Al Mes,Aplicación de delivery,Familia,Menos De Q25,Caramel Goal Popcorn,Barbacoa,Tamaño Fiesta O Reunión,Menos De Q10,Sí,Sí,España,Probablemente sí,Argentina,Neymar Jr.; Lionel Messi; Christian Pulisic,Una selección nacional,2x1,No,Edición Mundial Fifa 2026,Moderada,Casual,Adulto Mayor (55+)
2219,2026-04-26,08:29:08,18 - 24 Años,Prefiero No Indicarlo,Totonicapán,Otro municipio,Empleado Privado,Varias Veces Al Mes,Supermercado,Amigos,Q25 - Q50,Caramel Goal Popcorn; Gol Nachos Supreme; CrunchMax BBQ,Queso,Tamaño Fiesta O Reunión,Q10 - Q15,No,No,Colombia,Probablemente sí,Argentina,Julián Álvarez; Jude Bellingham,Premios y sorteos,Descuento directo,Sí,Edición Con Jugadores Famosos,Moderada,Espectador Pasivo,Jóvenes (<25)
2220,2026-01-18,18:08:26,35 - 44 Años,Masculino,Baja Verapaz,Otro municipio,Estudiante,Todos Los Días,Supermercado,Amigos,Q25 - Q50,Mundialitos Queso Picante; Gol Nachos Supreme; Energy Crunch Protein,Barbacoa,Para Compartir Entre 2 Personas,Q10 - Q15,No,No,México,Probablemente sí,España,Alphonso Davies,Una selección nacional,2x1,No,Edición España,Moderada,Espectador Pasivo,Adulto Maduro (35-54)
2221,2026-04-13,09:53:48,18 - 24 Años,Femenino,Quetzaltenango,Coatepeque,Comerciante,3 A 5 Veces Por Semana,Tienda de barrio,Familia,Menos De Q25,Caramel Goal Popcorn,Queso,Familiar,Q21 - Q30,Sí,Sí,Portugal,Definitivamente sí,Portugal,Rodri,Premios y sorteos,Descuento directo,Sí,Edición Argentina,Moderada,Casual,Jóvenes (<25)
2222,2026-04-23,09:26:30,45 - 54 Años,Femenino,Guatemala,Mixco,Estudiante,Rara Vez,Aplicación de delivery,Amigos,Menos De Q25,Caramel Goal Popcorn,Jalapeño,Familiar,Q21 - Q30,Sí,Sí,Argentina,Definitivamente sí,Inglaterra,Cristiano Ronaldo,Un jugador famoso,Tarjetas coleccionables,Sí,Edición Con Tarjetas Coleccionables,Moderada,Casual,Adulto Maduro (35-54)
2223,2026-01-12,15:34:50,18 - 24 Años,Masculino,Guatemala,Mixco,Empleado Privado,3 A 5 Veces Por Semana,Supermercado,Amigos,Q51 - Q100,Hot Stadium Peanuts,Barbacoa,Familiar,Q10 - Q15,Sí,Sí, URUGUAY ,Definitivamente sí,Portugal,Neymar Jr.,Humor,Tarjetas coleccionables,No,Edición Mundial Fifa 2026,Premium Alta,Espectador Pasivo,Jóvenes (<25)
2224,2026-02-24,11:48:06,25 - 34 Años,Femenino,Guatemala,Santa Catarina Pinula,Comerciante,Varias Veces Al Mes,Tienda de barrio,Familia,Q101 - Q150,Gol Nachos Supreme; Fan Chips Jalapeño,Salado Tradicional,Tamaño Fiesta O Reunión,Q21 - Q30,Sí,Sí,Estados Unidos,Probablemente sí,México,Cristiano Ronaldo,Un jugador famoso,Sorteo de camisetas,Sí,Edición Con Jugadores Famosos,Moderada,Fanático Target (Alto),Adulto Joven (25-34)
2225,2026-03-31,07:22:43,18 - 24 Años,Masculino,Guatemala,Villa Nueva,Otro,3 A 5 Veces Por Semana,Supermercado,Amigos,Q25 - Q50,Fan Chips Jalapeño; CrunchMax BBQ,Picante Chapín,Individual,Q16 - Q20,Sí,Sí,Inglaterra,Probablemente no,Inglaterra,Cristiano Ronaldo; Neymar Jr.,Una selección nacional,Sorteo de viajes,No,Edición España,Moderada,Espectador Pasivo,Jóvenes (<25)
2226,2026-01-19,22:26:45,25 - 34 Años,Masculino,Guatemala,Villa Nueva,Empleado Privado,3 A 5 Veces Por Semana,Supermercado,Familia,Q51 - Q100,Mundialitos Queso Picante,Jalapeño,Tamaño Fiesta O Reunión,Q10 - Q15,Sí,Sí,Nueva Zelanda,Probablemente sí,Argentina,Neymar Jr.; Kylian Mbappé,Un jugador famoso,2x1,Sí,Edición Argentina,Premium Alta,Fanático Target (Alto),Adulto Joven (25-34)
2227,2026-03-18,11:21:29,Menos De 18 Años,Masculino,Guatemala,Santa Catarina Pinula,Empleado Privado,1 A 2 Veces Por Semana,Supermercado,Amigos,Q51 - Q100,Hot Stadium Peanuts,Jalapeño,Individual,Q16 - Q20,Sí,No,Alemania,Probablemente sí,Portugal,Kylian Mbappé,Un jugador famoso,2x1,No,Edición Argentina,Premium Alta,Espectador Pasivo,Jóvenes (<25)
2228,2026-04-11,14:09:29,45 - 54 Años,Masculino,Suchitepéquez,Suchitepéquez,Profesional Independiente,Varias Veces Al Mes,Tienda de barrio,Familia,Menos De Q25,CrunchMax BBQ,Queso,Para Compartir Entre 2 Personas,Más De Q30,No,Sí,España,Tal vez,Argentina,Lamine Yamal; Cristiano Ronaldo,Una selección nacional,Tarjetas coleccionables,Sí,Edición Francia,Sensible Al Precio,Casual,Adulto Maduro (35-54)
2229,2026-02-17,10:45:21,25 - 34 Años,Masculino,Quetzaltenango,Coatepeque,Empleado Privado,1 A 2 Veces Por Semana,Otro,Amigos,Q51 - Q100,CrunchMax BBQ; Mundialitos Queso Picante,Chocolate,Familiar,Q16 - Q20,Sí,Sí,Portugal,Probablemente sí,Portugal,Lamine Yamal,Una selección nacional,Producto gratis,Sí,Edición Brasil,Premium Alta,Fanático Target (Alto),Adulto Joven (25-34)
2230,2026-04-10,12:58:20,Menos De 18 Años,Femenino,Escuintla,Santa Lucía Cotzumalguapa,Estudiante,Rara Vez,Tienda de barrio,Familia,Q25 - Q50,CrunchMax BBQ,Limón,Familiar,Q16 - Q20,No,Sí,Brasil,Definitivamente sí, SUECIA ,Christian Pulisic,Un jugador famoso,2x1,No,Edición Argentina,Moderada,Espectador Pasivo,Jóvenes (<25)
2231,2026-05-03,10:16:19,35 - 44 Años,Femenino,Santa Rosa,Otro municipio,Comerciante,3 A 5 Veces Por Semana,Supermercado,Familia,Q25 - Q50,CrunchMax BBQ; Energy Crunch Protein; Caramel Goal Popcorn,Queso,Individual,Q21 - Q30,Sí,Sí,Argentina,Definitivamente sí,Inglaterra,Kylian Mbappé; Lamine Yamal; Lionel Messi,Un jugador famoso,2x1,Sí,Edición Brasil,Moderada,Casual,Adulto Maduro (35-54)
2232,2026-01-23,15:59:52,45 - 54 Años,Femenino,Guatemala,Santa Catarina Pinula,Empleado Privado,3 A 5 Veces Por Semana,Aplicación de delivery,Amigos,Q101 - Q150,FutbolMix; CrunchMax BBQ,Barbacoa,Familiar,Q10 - Q15,No,Sí,Portugal,Definitivamente sí,Australia,Cristiano Ronaldo,Premios y sorteos,2x1,Sí,Edición Inglaterra,Sensible Al Precio,Casual,Adulto Maduro (35-54)
2233,2026-04-30,17:48:10,55 Años O Más,Femenino,Quetzaltenango,Olintepeque,Estudiante,Rara Vez,Aplicación de delivery,Familia,Q25 - Q50,Caramel Goal Popcorn; Hot Stadium Peanuts,Dulce,Individual,Q10 - Q15,Sí,Sí,España,Tal vez,Escocia,Cristiano Ronaldo; Christian Pulisic,Premios y sorteos,Tarjetas coleccionables,Sí,Edición Argentina,Moderada,Casual,Adulto Mayor (55+)
2234,2026-04-09,19:26:10,18 - 24 Años,Femenino,Escuintla,Palín,Otro,Todos Los Días,Gasolinera,Amigos,Q51 - Q100,Mundialitos Queso Picante; FutbolMix,Barbacoa,Familiar,Q10 - Q15,Sí,Sí,México,Definitivamente sí,Brasil,Lamine Yamal,Historias de aficionados,Descuento directo,Sí,Edición Argentina,Premium Alta,Casual,Jóvenes (<25)
2235,2026-02-23,16:19:57,45 - 54 Años,Masculino,Chimaltenango,Patzún,Empleado Privado,1 A 2 Veces Por Semana,Otro,Amigos,Q51 - Q100,Hot Stadium Peanuts; Caramel Goal Popcorn,Queso,Familiar,Q10 - Q15,Sí,Sí,México,Definitivamente no,Argentina,Lionel Messi; Cristiano Ronaldo; Neymar Jr.,Un jugador famoso,Tarjetas coleccionables,No,Edición Mundial Fifa 2026,Premium Alta,Espectador Pasivo,Adulto Maduro (35-54)
2236,2026-05-07,19:44:50,45 - 54 Años,Masculino,Guatemala,Guatemala,Ama De Casa,1 A 2 Veces Por Semana,Tienda de barrio,Amigos,Q25 - Q50,Gol Nachos Supreme,Chocolate,Para Compartir Entre 2 Personas,Q10 - Q15,Sí,Sí,Brasil,Probablemente no,México,Vinícius Júnior,Un jugador famoso,Tarjetas coleccionables,Sí,Edición Con Tarjetas Coleccionables,Moderada,Casual,Adulto Maduro (35-54)
2237,2026-04-30,09:06:35,25 - 34 Años,Femenino,Guatemala,Guatemala,Profesional Independiente,Varias Veces Al Mes,Supermercado,Solo,Q101 - Q150,Fan Chips Jalapeño,Picante Chapín,Para Compartir Entre 2 Personas,Q16 - Q20,Sí,Sí,Nueva Zelanda,Tal vez,Colombia,Federico Valverde; Lionel Messi; Cristiano Ronaldo,Un jugador famoso,Tarjetas coleccionables,Sí,Edición Con Jugadores Famosos,Moderada,Casual,Adulto Joven (25-34)
2238,2026-03-18,12:53:36,35 - 44 Años,Masculino,Suchitepéquez,Cabecera municipal,Estudiante,3 A 5 Veces Por Semana,Tienda de barrio,Solo,Q25 - Q50,Mundialitos Queso Picante,Limón,Tamaño Fiesta O Reunión,Q21 - Q30,Sí,Sí,México,Definitivamente sí,Argentina,Alphonso Davies; Julián Álvarez; Harry Kane,Un jugador famoso,2x1,Sí,Edición España,Moderada,Casual,Adulto Maduro (35-54)
2239,2026-01-12,07:20:17,18 - 24 Años,Masculino,Jalapa,Otro municipio,Estudiante,3 A 5 Veces Por Semana,Supermercado,Familia,Q101 - Q150,CrunchMax BBQ,Barbacoa,Tamaño Fiesta O Reunión,Q10 - Q15,Sí,Sí,Brasil,Probablemente no,México,Christian Pulisic; Cristiano Ronaldo; Lionel Messi,Humor,2x1,Sí,Edición Con Tarjetas Coleccionables,Moderada,Casual,Jóvenes (<25)
2240,2026-03-10,22:19:24,45 - 54 Años,Masculino,Escuintla,Santa Lucía Cotzumalguapa,Empleado Público,3 A 5 Veces Por Semana,Supermercado,Amigos,Q25 - Q50,Fan Chips Jalapeño,Barbacoa,Individual,Q10 - Q15,No,Sí,Francia,Probablemente sí,Alemania,Alphonso Davies,Humor,Sorteo de viajes,No,Edición Mundial Fifa 2026,Moderada,Casual,Adulto Maduro (35-54)
2241,2026-02-01,18:22:51,35 - 44 Años,Femenino,Quetzaltenango,,Empresario,Varias Veces Al Mes,Supermercado,Familia,Más De Q150,Mundialitos Queso Picante; Fan Chips Jalapeño; ChocoKick Bites,Jalapeño,Para Compartir Entre 2 Personas,Menos De Q10,Sí,Sí,Argentina,Probablemente sí,Canadá,Cristiano Ronaldo; Julián Álvarez,Una selección nacional,Descuento directo,No,Edición Con Tarjetas Coleccionables,Moderada,Casual,Adulto Maduro (35-54)
2242,2026-04-22,17:07:16,45 - 54 Años,Masculino,Escuintla,Santa Lucía Cotzumalguapa,Otro,1 A 2 Veces Por Semana,Tienda de barrio,Compañeros de trabajo,Menos De Q25,ChocoKick Bites,Chocolate,Individual,Q16 - Q20,Sí,Sí,España,Probablemente sí,Inglaterra,Alphonso Davies,Una selección nacional,Sorteo de balones,Sí,Edición Brasil,Moderada,Fanático Target (Alto),Adulto Maduro (35-54)
2243,2026-01-29,17:14:04,25 - 34 Años,Masculino,San Marcos,San Marcos,Empleado Privado,Varias Veces Al Mes,Tienda de barrio,Amigos,Q51 - Q100,Gol Nachos Supreme; Fan Chips Jalapeño; CrunchMax BBQ,Picante Chapín,Individual,Q16 - Q20,No,Sí,Estados Unidos,Definitivamente sí,Inglaterra,Jude Bellingham; Neymar Jr.; Lionel Messi,Premios y sorteos,2x1,Sí,Edición Con Tarjetas Coleccionables,Moderada,Casual,Adulto Joven (25-34)
2244,2026-04-15,14:36:24,18 - 24 Años,Masculino,Guatemala,Guatemala,Comerciante,Varias Veces Al Mes,Supermercado,Familia,Q25 - Q50,Mundialitos Queso Picante; Fan Chips Jalapeño; Gol Nachos Supreme,Chocolate,Familiar,Q10 - Q15,Sí,No,Nueva Zelanda,Probablemente no,Canadá,Alphonso Davies,Una selección nacional,2x1,No,Edición Inglaterra,Moderada,Espectador Pasivo,Jóvenes (<25)
2245,2026-05-05,19:53:04,45 - 54 Años,Masculino,Guatemala,San Miguel Petapa,Empleado Privado,Todos Los Días,Gasolinera,Amigos,Menos De Q25,Fan Chips Jalapeño; CrunchMax BBQ,Jalapeño,Familiar,Q10 - Q15,Sí,Sí,Portugal,Definitivamente sí,Brasil,Neymar Jr.,Historias de aficionados,2x1,Sí,Edición España,Moderada,Casual,Adulto Maduro (35-54)
2246,2026-01-19,12:26:02,18 - 24 Años,Femenino,Sacatepéquez,Ciudad Vieja,Estudiante,3 A 5 Veces Por Semana,Tienda de barrio,Compañeros de trabajo,Q25 - Q50,Caramel Goal Popcorn,Barbacoa,Familiar,Más De Q30,No,Sí,Colombia,Tal vez,Estados Unidos,Jude Bellingham,Humor,Sorteo de viajes,Sí,Edición Mundial Fifa 2026,Moderada,Casual,Jóvenes (<25)
2247,2026-02-11,14:00:11,Menos De 18 Años,Masculino,Sololá,Sololá,,Rara Vez,Supermercado,Familia,Q51 - Q100,ChocoKick Bites; FutbolMix; CrunchMax BBQ,Barbacoa,Para Compartir Entre 2 Personas,Más De Q30,Sí,Sí,Argentina,Probablemente sí,Argentina,Lionel Messi; Alphonso Davies; Kylian Mbappé,Una selección nacional,Sorteo de camisetas,Sí,Edición Argentina,Premium Alta,Fanático Target (Alto),Jóvenes (<25)
2248,2026-02-28,21:59:47,Menos De 18 Años,Femenino,Guatemala,Santa Catarina Pinula,Ama De Casa,1 A 2 Veces Por Semana,Tienda de barrio,Compañeros de trabajo,Q25 - Q50,FutbolMix; Caramel Goal Popcorn; CrunchMax BBQ,Picante Chapín,Individual,Q16 - Q20,Sí,Sí,Corea del Sur,Definitivamente no,Argentina,Neymar Jr.,Un jugador famoso,Descuento directo,Sí,Edición Mundial Fifa 2026,Moderada,Casual,Jóvenes (<25)
2249,2026-04-10,08:42:29,18 - 24 Años,Masculino,Guatemala,San Miguel Petapa,Comerciante,1 A 2 Veces Por Semana,Otro,Solo,Menos De Q25,Gol Nachos Supreme,Barbacoa,Familiar,Menos De Q10,Sí,Sí,Inglaterra,Probablemente sí,Argentina,Lamine Yamal; Vinícius Júnior,Una selección nacional,Tarjetas coleccionables,No,Edición Con Tarjetas Coleccionables,Moderada,Casual,Jóvenes (<25)
2250,2026-02-22,15:32:11,45 - 54 Años,Masculino,Quetzaltenango,Coatepeque,Estudiante,3 A 5 Veces Por Semana,Tienda de barrio,Otro,Q101 - Q150,Fan Chips Jalapeño; ChocoKick Bites,Limón,Individual,Menos De Q10,Sí,No,España,Definitivamente sí,Argentina,Neymar Jr.; Lionel Messi,Una selección nacional,Sorteo de viajes,No,Edición Francia,Moderada,Espectador Pasivo,Adulto Maduro (35-54)
2251,2026-01-14,07:37:35,25 - 34 Años,Masculino,Guatemala,Mixco,Estudiante,Rara Vez,Aplicación de delivery,Amigos,Q101 - Q150,FutbolMix; Gol Nachos Supreme,Queso,Familiar,Q16 - Q20,No,Sí,Alemania,Probablemente sí,Argentina,Lionel Messi; Jude Bellingham,Historias de aficionados,Sorteo de camisetas,Sí,Edición Con Jugadores Famosos,Sensible Al Precio,Fanático Target (Alto),Adulto Joven (25-34)
2252,2026-03-01,08:07:36,55 Años O Más,Masculino,Baja Verapaz, CABECERA MUNICIPAL ,Empleado Privado,3 A 5 Veces Por Semana,Aplicación de delivery,Otro,Q51 - Q100,Gol Nachos Supreme; Hot Stadium Peanuts,Limón,Individual,Q16 - Q20,Sí,Sí,Inglaterra,Tal vez, ESTADOS UNIDOS ,Lamine Yamal,Historias de aficionados,Sorteo de viajes,No,Edición Inglaterra,Premium Alta,Espectador Pasivo,Adulto Mayor (55+)
2253,2026-03-04,14:32:17,45 - 54 Años,Prefiero No Indicarlo,Alta Verapaz,Cabecera municipal,Otro,1 A 2 Veces Por Semana,Gasolinera,Solo,Q25 - Q50,Caramel Goal Popcorn,Barbacoa,Familiar,Q10 - Q15,Sí,Sí,Inglaterra,Tal vez,Portugal,Neymar Jr.; Vinícius Júnior,Un jugador famoso,Sorteo de camisetas,No,Edición España,Moderada,Espectador Pasivo,Adulto Maduro (35-54)
2254,2026-02-07,14:54:30,25 - 34 Años,Masculino,Quetzaltenango,Quetzaltenango,Empresario,1 A 2 Veces Por Semana,Tienda de barrio,Amigos,Menos De Q25,Gol Nachos Supreme; CrunchMax BBQ; FutbolMix,Queso,Familiar,Más De Q30,Sí,Sí,Inglaterra,Definitivamente sí, MÉXICO ,Vinícius Júnior,Un jugador famoso,2x1,Sí,Edición Inglaterra,Moderada,Casual,Adulto Joven (25-34)
2255,2026-03-10,18:49:16,25 - 34 Años,Masculino,Guatemala,Mixco,Comerciante,3 A 5 Veces Por Semana,Tienda de barrio,Amigos,Q51 - Q100,Fan Chips Jalapeño; Mundialitos Queso Picante,Salado Tradicional,Individual,Q16 - Q20,No,Sí,Francia,Definitivamente sí,Portugal,Cristiano Ronaldo; Vinícius Júnior,Historias de aficionados,Sorteo de viajes,Sí,Edición Mundial Fifa 2026,Moderada,Casual,Adulto Joven (25-34)
2256,2026-03-08,16:52:58,25 - 34 Años,Femenino,Quetzaltenango,Quetzaltenango,Empresario,Varias Veces Al Mes,Supermercado,Familia,Q51 - Q100,CrunchMax BBQ,Limón,Familiar,Q16 - Q20,Sí,Sí,Cabo Verde,Tal vez,Inglaterra,Cristiano Ronaldo; Vinícius Júnior,Premios y sorteos,Descuento directo,No,Edición Inglaterra,Premium Alta,Espectador Pasivo,Adulto Joven (25-34)
2257,2026-02-16,10:42:50,55 Años O Más,Prefiero No Indicarlo,Guatemala,San Miguel Petapa,Estudiante,1 A 2 Veces Por Semana,Gasolinera,Solo,Menos De Q25,Fan Chips Jalapeño,Caramelo,Individual,Q10 - Q15,No,Sí,Portugal,Definitivamente no,,Kylian Mbappé; Lamine Yamal,Un jugador famoso,Sorteo de viajes,Sí,Edición Mundial Fifa 2026,Sensible Al Precio,Casual,Adulto Mayor (55+)
2258,2026-04-28,10:47:53,35 - 44 Años,Masculino,Guatemala,Villa Nueva,Comerciante,3 A 5 Veces Por Semana,Aplicación de delivery,Familia,Q25 - Q50,FutbolMix; Hot Stadium Peanuts; Gol Nachos Supreme,Picante Chapín,Para Compartir Entre 2 Personas,Menos De Q10,No,Sí,Francia,Tal vez,Czechia,Christian Pulisic,Humor,Producto gratis,Sí,Edición Brasil,Moderada,Casual,Adulto Maduro (35-54)
2259,2026-04-21,07:49:44,25 - 34 Años,Femenino,Escuintla,,Otro,Varias Veces Al Mes,Tienda de barrio,Solo,Q101 - Q150,Mundialitos Queso Picante,Chocolate,Para Compartir Entre 2 Personas,Q10 - Q15,No,Sí,Francia,Definitivamente sí,Francia,Lionel Messi; Lamine Yamal; Kylian Mbappé,Una selección nacional,Sorteo de balones,Sí,Edición España,Sensible Al Precio,Casual,Adulto Joven (25-34)
2260,2026-02-25,22:20:31,45 - 54 Años,Masculino,Quetzaltenango,Coatepeque,Empleado Privado,Rara Vez,Tienda de barrio,Familia,Q51 - Q100,Gol Nachos Supreme; ChocoKick Bites,Picante Chapín,Familiar,Q21 - Q30,Sí,Sí,Argentina,Probablemente sí,España,Lionel Messi; Vinícius Júnior; Christian Pulisic,Historias de aficionados,Producto gratis,No,Edición Con Tarjetas Coleccionables,Premium Alta,Casual,Adulto Maduro (35-54)
2261,2026-02-03,21:01:45,18 - 24 Años,Femenino,Guatemala,San Miguel Petapa,Estudiante,3 A 5 Veces Por Semana,Gasolinera,Familia,Menos De Q25,CrunchMax BBQ,Limón,Familiar,Q16 - Q20,No,Sí,Francia,Tal vez,Brasil,Federico Valverde,Premios y sorteos,2x1,Sí,Edición España,Sensible Al Precio,Casual,Jóvenes (<25)
2262,2026-05-04,08:03:56,25 - 34 Años,Masculino,Chimaltenango,Chimaltenango,Comerciante,3 A 5 Veces Por Semana,,Familia,Q25 - Q50,FutbolMix; Gol Nachos Supreme; Fan Chips Jalapeño,Picante Chapín,Individual,Q10 - Q15,Sí,Sí,México,Definitivamente no,Argentina,Vinícius Júnior; Alphonso Davies; Ninguno,Humor,Sorteo de viajes,Sí,Edición Brasil,Moderada,Casual,Adulto Joven (25-34)
2263,2026-02-08,13:55:30,25 - 34 Años,Femenino,Huehuetenango,Cabecera municipal,Estudiante,1 A 2 Veces Por Semana,Tienda de barrio,Familia,Menos De Q25,FutbolMix,Jalapeño,Familiar,Q16 - Q20,Sí,Sí,Brasil,Probablemente sí,Brasil,Cristiano Ronaldo,Un jugador famoso,2x1,Sí,Edición Mundial Fifa 2026,Moderada,Fanático Target (Alto),Adulto Joven (25-34)
2264,2026-03-17,22:49:42,25 - 34 Años,Masculino,Guatemala, GUATEMALA ,Empleado Privado,Varias Veces Al Mes,Supermercado,Familia,Más De Q150,Fan Chips Jalapeño; Caramel Goal Popcorn; FutbolMix,Picante Chapín,Para Compartir Entre 2 Personas,Q16 - Q20,Sí,Sí, BRASIL ,Definitivamente sí,Panamá,Lionel Messi,Historias de aficionados,Tarjetas coleccionables,No,Edición Inglaterra,Moderada,Espectador Pasivo,Adulto Joven (25-34)
2265,2026-02-11,20:26:00,Menos De 18 Años,Femenino,Alta Verapaz,Cabecera municipal,Comerciante,3 A 5 Veces Por Semana,Gasolinera,Compañeros de trabajo,Más De Q150,Hot Stadium Peanuts; FutbolMix,Barbacoa,Individual,Q10 - Q15,Sí,Sí,España,Tal vez,España,Lionel Messi; Cristiano Ronaldo; Vinícius Júnior,Una selección nacional,Descuento directo,Sí,Edición Argentina,Moderada,Casual,Jóvenes (<25)
2266,2026-04-20,08:49:41,35 - 44 Años,Femenino,Jalapa,Cabecera municipal,Empresario,Varias Veces Al Mes,Supermercado,Familia,Q25 - Q50,Energy Crunch Protein,Barbacoa,Para Compartir Entre 2 Personas,Q10 - Q15,Sí,Sí,Estados Unidos,Definitivamente no,Argentina,Neymar Jr.; Alphonso Davies,Historias de aficionados,Descuento directo,Sí,Edición Francia,Moderada,Casual,Adulto Maduro (35-54)
2267,2026-01-25,10:39:40,45 - 54 Años,Femenino,Santa Rosa, OTRO MUNICIPIO ,Otro,1 A 2 Veces Por Semana,Tienda de barrio,Compañeros de trabajo,Q25 - Q50,Fan Chips Jalapeño; Caramel Goal Popcorn,Chocolate,Individual,Q16 - Q20,No,Sí,Portugal,Probablemente sí,Alemania,Cristiano Ronaldo; Lionel Messi; Julián Álvarez,Un jugador famoso,Sorteo de balones,Sí,Edición Mundial Fifa 2026,Moderada,Fanático Target (Alto),Adulto Maduro (35-54)
2268,2026-04-03,11:42:42,25 - 34 Años,Masculino,Chimaltenango,Patzún,Empleado Privado,1 A 2 Veces Por Semana,Tienda de barrio,Familia,Q101 - Q150,Gol Nachos Supreme; Mundialitos Queso Picante; CrunchMax BBQ,Queso,Tamaño Fiesta O Reunión,Q10 - Q15,Sí,Sí,Argentina,Definitivamente sí,Estados Unidos,Kylian Mbappé,Un jugador famoso,Tarjetas coleccionables,Sí,Edición España,Moderada,Casual,Adulto Joven (25-34)
2269,2026-04-28,14:56:47,18 - 24 Años,Femenino,El Progreso,Cabecera municipal,Empleado Público,Varias Veces Al Mes,Gasolinera,Amigos,Q101 - Q150,Mundialitos Queso Picante,Limón,Familiar,Más De Q30,Sí,Sí,Argentina,Probablemente sí,Argentina,Neymar Jr.,Un jugador famoso,Descuento directo,No,Edición Con Jugadores Famosos,Moderada,Casual,Jóvenes (<25)
2270,2026-03-22,07:12:04,18 - 24 Años,Masculino,Sacatepéquez,Jocotenango,Profesional Independiente,Todos Los Días,Gasolinera,Amigos,Menos De Q25,CrunchMax BBQ,Barbacoa,Familiar,Q10 - Q15,No,Sí,Inglaterra,Tal vez,Portugal,Vinícius Júnior; Cristiano Ronaldo; Jude Bellingham,Un jugador famoso,Producto gratis,Sí,Edición Inglaterra,Sensible Al Precio,Casual,Jóvenes (<25)
2271,2026-05-06,11:37:39,Menos De 18 Años,Femenino,Guatemala,San Miguel Petapa,Profesional Independiente,3 A 5 Veces Por Semana,Gasolinera,Compañeros de trabajo,Q25 - Q50,Mundialitos Queso Picante; ChocoKick Bites; Hot Stadium Peanuts,Dulce,Para Compartir Entre 2 Personas,Q21 - Q30,Sí,Sí,Argentina,Tal vez,Francia,Lionel Messi; Cristiano Ronaldo,Una selección nacional,2x1,Sí,Edición Con Jugadores Famosos,Moderada,Casual,Jóvenes (<25)
2272,2026-03-20,09:11:58,35 - 44 Años,Femenino,Jalapa,Otro municipio,Empleado Privado,3 A 5 Veces Por Semana,Gasolinera,Solo,Q25 - Q50,Gol Nachos Supreme,Jalapeño,Familiar,Q16 - Q20,No,Sí,Estados Unidos,Probablemente no,Czechia,Lionel Messi; Neymar Jr.; Cristiano Ronaldo,Humor,Tarjetas coleccionables,No,Edición Mundial Fifa 2026,Moderada,Espectador Pasivo,Adulto Maduro (35-54)
2273,2026-04-25,16:56:44,18 - 24 Años,Femenino,Santa Rosa,Santa Rosa,Empleado Privado,3 A 5 Veces Por Semana,Aplicación de delivery,Amigos,Más De Q150,CrunchMax BBQ; Fan Chips Jalapeño; Hot Stadium Peanuts,Dulce,Tamaño Fiesta O Reunión,Q10 - Q15,Sí,Sí,Inglaterra,Definitivamente sí,Portugal,Julián Álvarez; Neymar Jr.; Kylian Mbappé,Historias de aficionados,Sorteo de viajes,Sí,Edición Argentina,Moderada,Casual,Jóvenes (<25)
2274,2026-04-14,14:31:12,35 - 44 Años,Femenino,Guatemala,Villa Nueva,Estudiante,Varias Veces Al Mes,Gasolinera,Amigos,Menos De Q25,Gol Nachos Supreme,Jalapeño,Individual,Q10 - Q15,Sí,Sí,México,Tal vez,Uruguay,Neymar Jr.,Un jugador famoso,2x1,Sí,Edición Argentina,Moderada,Casual,Adulto Maduro (35-54)
2275,2026-01-15,19:24:35,18 - 24 Años,Femenino,Chimaltenango,Chimaltenango,Profesional Independiente,Varias Veces Al Mes,Aplicación de delivery,Amigos,Q25 - Q50,FutbolMix; Fan Chips Jalapeño; Mundialitos Queso Picante,Salado Tradicional,Individual,Q10 - Q15,No,Sí,Alemania,Tal vez,España,Cristiano Ronaldo,Premios y sorteos,Sorteo de viajes,Sí,Edición Con Jugadores Famosos,Moderada,Casual,Jóvenes (<25)
2276,2026-05-07,13:58:33,45 - 54 Años,Masculino,Baja Verapaz,Baja Verapaz,Empleado Privado,3 A 5 Veces Por Semana,Tienda de barrio,Amigos,Q101 - Q150,Victory Pretzels; CrunchMax BBQ; FutbolMix,Caramelo,Familiar,Q16 - Q20,Sí,Sí, CROACIA ,Definitivamente no,Argentina,Lionel Messi; Kylian Mbappé,Historias de aficionados,Tarjetas coleccionables,Sí,Edición Argentina,Moderada,Casual,Adulto Maduro (35-54)
2277,2026-04-21,12:27:34,55 Años O Más,Prefiero No Indicarlo,Guatemala,Mixco,Empleado Público,Varias Veces Al Mes,Tienda de barrio,Amigos,Q51 - Q100,Energy Crunch Protein,Queso,Para Compartir Entre 2 Personas,Q16 - Q20,Sí,Sí,Türkiye,Tal vez,Argentina,Jude Bellingham; Lionel Messi; Vinícius Júnior,Premios y sorteos,2x1,Sí,Edición Mundial Fifa 2026,Premium Alta,Casual,Adulto Mayor (55+)
2278,2026-02-21,16:28:41,25 - 34 Años,Masculino,Quiché,Cabecera municipal,Ama De Casa,3 A 5 Veces Por Semana,Kiosco escolar/universitario,Familia,Q25 - Q50,Gol Nachos Supreme; Energy Crunch Protein,Chocolate,Familiar,Q16 - Q20,Sí,No,Argentina,Definitivamente sí,Alemania,Julián Álvarez; Lionel Messi; Vinícius Júnior,Una selección nacional,2x1,No,Edición Argentina,Moderada,Espectador Pasivo,Adulto Joven (25-34)
2279,2026-01-21,08:52:10,55 Años O Más,Masculino,Sacatepéquez,Sumpango,Profesional Independiente,1 A 2 Veces Por Semana,Supermercado,Familia,Más De Q150,Hot Stadium Peanuts; Energy Crunch Protein; ChocoKick Bites,Salado Tradicional,Para Compartir Entre 2 Personas,Q10 - Q15,Sí,Sí,Portugal,Tal vez,Argentina,Neymar Jr.,Una selección nacional,Tarjetas coleccionables,No,Edición Brasil,Moderada,Espectador Pasivo,Adulto Mayor (55+)
2280,2026-02-21,16:33:10,25 - 34 Años,Femenino,Petén,Flores,Empleado Privado,3 A 5 Veces Por Semana,Tienda de barrio,Familia,Más De Q150,Mundialitos Queso Picante; Gol Nachos Supreme; Hot Stadium Peanuts,Chocolate,Familiar,Q10 - Q15,No,Sí,Portugal,Definitivamente sí,Uruguay,Kylian Mbappé,Una selección nacional,Descuento directo,No,Edición Brasil,Sensible Al Precio,Espectador Pasivo,Adulto Joven (25-34)
2281,2026-04-14,18:01:14,25 - 34 Años,Prefiero No Indicarlo,Guatemala,Guatemala,Empleado Privado,Varias Veces Al Mes,Tienda de barrio,Amigos,Menos De Q25,Fan Chips Jalapeño; Mundialitos Queso Picante,Picante Chapín,Para Compartir Entre 2 Personas,Q10 - Q15,No,Sí,Japón,Probablemente sí,Brasil,Neymar Jr.; Lionel Messi; Lamine Yamal,Premios y sorteos,Sorteo de balones,Sí,Edición Argentina,Sensible Al Precio,Fanático Target (Alto),Adulto Joven (25-34)
2282,2026-04-18,09:38:35,45 - 54 Años,Femenino,Escuintla,Palín,Empleado Público,Todos Los Días,Tienda de barrio,Amigos,Q25 - Q50,Fan Chips Jalapeño; CrunchMax BBQ,Picante Chapín,Para Compartir Entre 2 Personas,Menos De Q10,Sí,Sí,Inglaterra,Definitivamente sí,Francia,Christian Pulisic,Un jugador famoso,2x1,Sí,Edición Brasil,Moderada,Casual,Adulto Maduro (35-54)
2283,2026-02-14,16:23:38,35 - 44 Años,Femenino,Alta Verapaz,Otro municipio,Estudiante,1 A 2 Veces Por Semana,Tienda de barrio,Amigos,Q101 - Q150,Fan Chips Jalapeño; Hot Stadium Peanuts; FutbolMix,Limón,Tamaño Fiesta O Reunión,Q16 - Q20,Sí,Sí,Inglaterra,Probablemente sí,Alemania,Lionel Messi; Christian Pulisic,Un jugador famoso,Sorteo de camisetas,No,Edición Argentina,Moderada,Casual,Adulto Maduro (35-54)
2284,2026-02-27,18:45:35,Menos De 18 Años,Femenino,Chiquimula,Cabecera municipal,Comerciante,Todos Los Días,Supermercado,Familia,Q51 - Q100,Hot Stadium Peanuts; Fan Chips Jalapeño; ChocoKick Bites,Limón,Tamaño Fiesta O Reunión,Q16 - Q20,No,No,España,Tal vez,Portugal,Kylian Mbappé; Cristiano Ronaldo; Lamine Yamal,Un jugador famoso,2x1,Sí,Edición España,Moderada,Espectador Pasivo,Jóvenes (<25)
2285,2026-01-16,14:43:58,25 - 34 Años,Masculino,Escuintla,Escuintla,Empleado Privado,Todos Los Días,Tienda de barrio,Amigos,Q51 - Q100,Hot Stadium Peanuts; ChocoKick Bites; Caramel Goal Popcorn,Barbacoa,Familiar,Q16 - Q20,Sí,Sí,Argentina,Probablemente sí,Brasil,Cristiano Ronaldo; Neymar Jr.,Un jugador famoso,Tarjetas coleccionables,No,Edición Argentina,Premium Alta,Casual,Adulto Joven (25-34)
2286,2026-03-28,13:23:54,25 - 34 Años,Masculino,Escuintla,Santa Lucía Cotzumalguapa,Empleado Público,Rara Vez,Gasolinera,Solo,Más De Q150,Mundialitos Queso Picante; ChocoKick Bites,Picante Chapín,Familiar,Q16 - Q20,Sí,No,Brasil,Probablemente sí,Brasil,Jude Bellingham; Cristiano Ronaldo; Lamine Yamal,Humor,2x1,Sí,Edición Con Tarjetas Coleccionables,Moderada,Espectador Pasivo,Adulto Joven (25-34)
2287,2026-03-01,09:29:01,55 Años O Más,Femenino,Guatemala,Mixco,Ama De Casa,Varias Veces Al Mes,Supermercado,Amigos,Más De Q150,Caramel Goal Popcorn; Fan Chips Jalapeño; Gol Nachos Supreme,Picante Chapín,Familiar,Q10 - Q15,Sí,Sí, MÉXICO ,Tal vez,Francia,Neymar Jr.,Premios y sorteos,2x1,Sí,Edición Argentina,Moderada,Casual,Adulto Mayor (55+)
2288,2026-02-24,08:22:53,45 - 54 Años,Femenino,Sacatepéquez,Ciudad Vieja,Comerciante,Todos Los Días,Kiosco escolar/universitario,Familia,Más De Q150,Fan Chips Jalapeño; CrunchMax BBQ; Caramel Goal Popcorn,Picante Chapín,Tamaño Fiesta O Reunión,Menos De Q10,Sí,Sí,Francia,Probablemente sí,Inglaterra,Lamine Yamal; Cristiano Ronaldo; Lionel Messi,Premios y sorteos,Descuento directo,Sí,Edición España,Moderada,Fanático Target (Alto),Adulto Maduro (35-54)
2289,2026-03-08,07:45:46,45 - 54 Años,Masculino,Guatemala,Villa Nueva,Estudiante,Todos Los Días,Kiosco escolar/universitario,Familia,Q25 - Q50,Fan Chips Jalapeño; Mundialitos Queso Picante; FutbolMix,Salado Tradicional,Para Compartir Entre 2 Personas,Q10 - Q15,Sí,No,Brasil,Probablemente no,Francia,Kylian Mbappé; Lionel Messi,Historias de aficionados,Sorteo de viajes,Sí,Edición Francia,Moderada,Espectador Pasivo,Adulto Maduro (35-54)
2290,2026-03-10,15:23:56,18 - 24 Años,Masculino,Izabal,Otro municipio,Comerciante,1 A 2 Veces Por Semana,Kiosco escolar/universitario,Compañeros de trabajo,Q51 - Q100,CrunchMax BBQ; Mundialitos Queso Picante; ChocoKick Bites,Queso,Tamaño Fiesta O Reunión,Q16 - Q20,Sí,Sí,Czechia,Probablemente sí,Francia,Lionel Messi; Cristiano Ronaldo,Historias de aficionados,Sorteo de camisetas,Sí,Edición Argentina,Premium Alta,Fanático Target (Alto),Jóvenes (<25)
2291,2026-04-25,13:51:45,45 - 54 Años,Femenino,Sololá,Cabecera municipal,Empleado Privado,Rara Vez,Aplicación de delivery,Amigos,Más De Q150,FutbolMix; Fan Chips Jalapeño,Salado Tradicional,Para Compartir Entre 2 Personas,Q21 - Q30,Sí,No,Estados Unidos,Definitivamente sí,España,Neymar Jr.; Lionel Messi; Julián Álvarez,Un jugador famoso,Sorteo de viajes,No,Edición Mundial Fifa 2026,Moderada,Espectador Pasivo,Adulto Maduro (35-54)
2292,2026-01-27,10:20:33,Menos De 18 Años,Femenino,Sacatepéquez,Sumpango,Comerciante,3 A 5 Veces Por Semana,Supermercado,Amigos,Q25 - Q50,Caramel Goal Popcorn; Mundialitos Queso Picante; ChocoKick Bites,Caramelo,Tamaño Fiesta O Reunión,Q16 - Q20,Sí,Sí,España,Probablemente sí,Colombia,Vinícius Júnior; Cristiano Ronaldo; Kylian Mbappé,Una selección nacional,Tarjetas coleccionables,Sí,Edición Mundial Fifa 2026,Moderada,Fanático Target (Alto),Jóvenes (<25)
2293,2026-01-22,12:56:16,18 - 24 Años,Masculino,Suchitepéquez,Suchitepéquez,Empleado Privado,Varias Veces Al Mes,Supermercado,Familia,Menos De Q25,Victory Pretzels,Barbacoa,Individual,Q10 - Q15,Sí,Sí,España,Tal vez,Francia,Cristiano Ronaldo,Una selección nacional,Tarjetas coleccionables,Sí,Edición Francia,Moderada,Casual,Jóvenes (<25)
2294,2026-03-04,09:17:26,55 Años O Más,Masculino,Sacatepéquez,Jocotenango,Empleado Privado,1 A 2 Veces Por Semana,Kiosco escolar/universitario,Familia,Q25 - Q50,FutbolMix; Mundialitos Queso Picante,Queso,Familiar,,No,Sí,México,Definitivamente sí,Colombia,Lionel Messi,Premios y sorteos,Sorteo de camisetas,Sí,Edición Mundial Fifa 2026,Moderada,Casual,Adulto Mayor (55+)
2295,2026-03-23,14:20:24,45 - 54 Años,Masculino,Guatemala,Santa Catarina Pinula,Empleado Privado,Varias Veces Al Mes,Supermercado,Otro,Q51 - Q100,Victory Pretzels,Chocolate,Familiar,Q10 - Q15,No,No,España,Tal vez,Argentina,Lionel Messi,Un jugador famoso,Tarjetas coleccionables,No,Edición Con Tarjetas Coleccionables,Moderada,Espectador Pasivo,Adulto Maduro (35-54)
2296,2026-04-12,10:13:06,25 - 34 Años,Masculino,Izabal,Otro municipio,Empresario,Varias Veces Al Mes,Supermercado,Amigos,Q25 - Q50,Energy Crunch Protein; ChocoKick Bites; CrunchMax BBQ,Caramelo,Individual,Q10 - Q15,Sí,Sí,Francia,Probablemente no,México,Lionel Messi; Cristiano Ronaldo; Lamine Yamal,Historias de aficionados,Sorteo de viajes,Sí,Edición España,Moderada,Casual,Adulto Joven (25-34)
2297,2026-02-09,13:04:22,25 - 34 Años,Masculino,Sacatepéquez,Ciudad Vieja,Empresario,3 A 5 Veces Por Semana,Gasolinera,Amigos,Q101 - Q150,CrunchMax BBQ; Fan Chips Jalapeño; Mundialitos Queso Picante,Chocolate,Individual,Q16 - Q20,Sí,Sí,Francia,Probablemente sí,Senegal,Harry Kane,Historias de aficionados,2x1,Sí,Edición Francia,Moderada,Fanático Target (Alto),Adulto Joven (25-34)
2298,2026-01-29,12:49:56,Menos De 18 Años,Femenino,Guatemala,Santa Catarina Pinula,,Todos Los Días,Otro,Amigos,Q101 - Q150,Mundialitos Queso Picante,Picante Chapín,Individual,Q10 - Q15,Sí,Sí,Uruguay,Tal vez,Uruguay,Alphonso Davies; Ninguno; Neymar Jr.,Un jugador famoso,Sorteo de camisetas,No,Edición Brasil,Moderada,Espectador Pasivo,Jóvenes (<25)
2299,2026-02-25,14:53:41,25 - 34 Años,Femenino,Zacapa,Otro municipio,Estudiante,Varias Veces Al Mes,Supermercado,Familia,Q25 - Q50,FutbolMix,Jalapeño,Para Compartir Entre 2 Personas,Más De Q30,Sí,Sí,Países Bajos,Tal vez,Brasil,Lionel Messi; Lamine Yamal; Vinícius Júnior,Una selección nacional,Sorteo de camisetas,No,Edición Brasil,Moderada,Espectador Pasivo,Adulto Joven (25-34)
2300,2026-01-13,17:43:33,Menos De 18 Años,Masculino,Guatemala,Villa Nueva,Empleado Privado,1 A 2 Veces Por Semana,Otro,Familia,Q51 - Q100,Mundialitos Queso Picante,Picante Chapín,Tamaño Fiesta O Reunión,Q16 - Q20,No,Sí,Argentina,Probablemente no, ARGENTINA ,Cristiano Ronaldo,Premios y sorteos,Producto gratis,Sí,Edición Con Jugadores Famosos,Moderada,Casual,Jóvenes (<25)
2301,2026-02-10,11:46:23,25 - 34 Años,Masculino,Santa Rosa,Otro municipio,Profesional Independiente,1 A 2 Veces Por Semana,Tienda de barrio,Familia,Q25 - Q50,Gol Nachos Supreme; CrunchMax BBQ; Energy Crunch Protein,Barbacoa,Individual,Q16 - Q20,Sí,Sí,Argentina,Probablemente sí,Brasil,Cristiano Ronaldo; Lamine Yamal; Neymar Jr.,Un jugador famoso,Sorteo de camisetas,Sí,Edición Brasil,Moderada,Fanático Target (Alto),Adulto Joven (25-34)
2302,2026-02-15,21:30:28,35 - 44 Años,Masculino,Escuintla,Palín,Empleado Privado,3 A 5 Veces Por Semana,Tienda de barrio,Familia,Q101 - Q150,FutbolMix; CrunchMax BBQ; Gol Nachos Supreme,Caramelo,Familiar,Q16 - Q20,No,Sí,Francia,Definitivamente no,Uruguay,Cristiano Ronaldo,Historias de aficionados,2x1,Sí,Edición Inglaterra,Sensible Al Precio,Casual,Adulto Maduro (35-54)
2303,2026-04-11,10:48:15,35 - 44 Años,Femenino,Guatemala,Guatemala,Empleado Privado,Todos Los Días,Kiosco escolar/universitario,Amigos,Q101 - Q150,FutbolMix; Gol Nachos Supreme,Picante Chapín,Familiar,Q16 - Q20,No,Sí,Croacia,Probablemente sí,Argentina,Vinícius Júnior; Lamine Yamal,Un jugador famoso,Producto gratis,No,Edición Mundial Fifa 2026,Sensible Al Precio,Casual,Adulto Maduro (35-54)
2304,2026-03-07,10:58:17,45 - 54 Años,Femenino,Sacatepéquez,Jocotenango,Profesional Independiente,1 A 2 Veces Por Semana,Tienda de barrio,Familia,Q25 - Q50,CrunchMax BBQ; Energy Crunch Protein; Caramel Goal Popcorn,Chocolate,Individual,Q16 - Q20,Sí,Sí,Francia,Definitivamente sí,Brasil,Ninguno; Cristiano Ronaldo; Vinícius Júnior,Un jugador famoso,Sorteo de camisetas,No,Edición Brasil,Moderada,Espectador Pasivo,Adulto Maduro (35-54)
2305,2026-01-29,08:41:23,45 - 54 Años,Masculino,Santa Rosa,Cabecera municipal,Comerciante,1 A 2 Veces Por Semana,Tienda de barrio,Familia,Q25 - Q50,Hot Stadium Peanuts; Gol Nachos Supreme,Jalapeño,Familiar,Menos De Q10,Sí,Sí,México,Definitivamente sí,Brasil,Lionel Messi; Kylian Mbappé; Neymar Jr.,Un jugador famoso,Descuento directo,Sí,Edición Brasil,Moderada,Casual,Adulto Maduro (35-54)
2306,2026-04-23,07:54:58,25 - 34 Años,Prefiero No Indicarlo,Zacapa,Otro municipio,Ama De Casa,3 A 5 Veces Por Semana,Kiosco escolar/universitario,Compañeros de trabajo,Q101 - Q150,Fan Chips Jalapeño; Hot Stadium Peanuts,Dulce,Tamaño Fiesta O Reunión,Q10 - Q15,No,No,España,Probablemente sí,Inglaterra,Cristiano Ronaldo; Lionel Messi,Premios y sorteos,2x1,Sí,Edición Con Jugadores Famosos,Sensible Al Precio,Espectador Pasivo,Adulto Joven (25-34)
2307,2026-03-14,18:27:53,18 - 24 Años,Masculino,Guatemala,San Miguel Petapa,Empleado Privado,1 A 2 Veces Por Semana,Supermercado,Familia,Más De Q150,FutbolMix; Victory Pretzels; Caramel Goal Popcorn,Limón,Familiar,Q10 - Q15,Sí,Sí,Portugal,Probablemente sí,Inglaterra,Cristiano Ronaldo,Premios y sorteos,2x1,No,Edición Inglaterra,Moderada,Casual,Jóvenes (<25)
2308,2026-01-25,08:39:08,Menos De 18 Años,Femenino,Sacatepéquez,Jocotenango,Empleado Privado,3 A 5 Veces Por Semana,Gasolinera,Amigos,Más De Q150,Victory Pretzels; Gol Nachos Supreme,Queso,Familiar,Q21 - Q30,Sí,Sí,Francia,Tal vez,Brasil,Vinícius Júnior; Lionel Messi,Un jugador famoso,2x1,Sí,Edición Con Jugadores Famosos,Moderada,Casual,Jóvenes (<25)
2309,2026-04-09,21:07:07,25 - 34 Años,Masculino,Guatemala,,Profesional Independiente,3 A 5 Veces Por Semana,Tienda de barrio,Familia,Q25 - Q50,Caramel Goal Popcorn,Salado Tradicional,Para Compartir Entre 2 Personas,Q16 - Q20,Sí,Sí,México,Tal vez,Brasil,Lionel Messi; Jude Bellingham; Federico Valverde,Una selección nacional,Tarjetas coleccionables,No,Edición Inglaterra,Moderada,Espectador Pasivo,Adulto Joven (25-34)
2310,2026-01-10,08:19:43,25 - 34 Años,Masculino,Alta Verapaz,Otro municipio,Profesional Independiente,1 A 2 Veces Por Semana,Tienda de barrio,Solo,Q25 - Q50,Mundialitos Queso Picante; Gol Nachos Supreme,Barbacoa,Tamaño Fiesta O Reunión,Q16 - Q20,No,Sí,Francia,Definitivamente sí,España,Jude Bellingham; Vinícius Júnior,Un jugador famoso,Producto gratis,No,Edición Con Tarjetas Coleccionables,Moderada,Espectador Pasivo,Adulto Joven (25-34)
2311,2026-04-07,11:30:20,35 - 44 Años,Masculino,Guatemala,Santa Catarina Pinula,Comerciante,3 A 5 Veces Por Semana,Gasolinera,Otro,Q51 - Q100,Energy Crunch Protein; Gol Nachos Supreme; CrunchMax BBQ,Chocolate,Familiar,Q10 - Q15,Sí,Sí,México,Tal vez,Inglaterra,Lamine Yamal; Kylian Mbappé; Christian Pulisic,Humor,2x1,Sí,Edición Francia,Premium Alta,Casual,Adulto Maduro (35-54)
2312,2026-05-08,15:12:44,45 - 54 Años,Masculino,Sololá,Otro municipio,Empresario,1 A 2 Veces Por Semana,Tienda de barrio,Amigos,Q25 - Q50,Mundialitos Queso Picante,Queso,Familiar,Menos De Q10,Sí,Sí,Argentina,Definitivamente sí,Argentina,Kylian Mbappé; Cristiano Ronaldo; Neymar Jr.,Una selección nacional,Tarjetas coleccionables,Sí,Edición Francia,Moderada,Casual,Adulto Maduro (35-54)
2313,2026-02-04,18:50:16,45 - 54 Años,Femenino,Baja Verapaz,Otro municipio,Comerciante,Todos Los Días,Supermercado,Familia,Menos De Q25,Gol Nachos Supreme; FutbolMix; Fan Chips Jalapeño,Queso,Familiar,Q21 - Q30,No,No,México,Probablemente sí,Argentina,Lionel Messi; Julián Álvarez,Un jugador famoso,Sorteo de viajes,Sí,Edición Argentina,Sensible Al Precio,Espectador Pasivo,Adulto Maduro (35-54)
2314,2026-04-01,10:28:29,35 - 44 Años,Femenino,Guatemala,Santa Catarina Pinula,Comerciante,1 A 2 Veces Por Semana,Kiosco escolar/universitario,Familia,Q51 - Q100,Gol Nachos Supreme; Mundialitos Queso Picante,Queso,Para Compartir Entre 2 Personas,Q21 - Q30,No,No,Brasil,Definitivamente no,Marruecos,Harry Kane,Un jugador famoso,2x1,Sí,Edición Argentina,Moderada,Espectador Pasivo,Adulto Maduro (35-54)
2315,2026-03-01,21:58:23,18 - 24 Años,Prefiero No Indicarlo,Guatemala,,Empresario,Varias Veces Al Mes,Kiosco escolar/universitario,Amigos,Q51 - Q100,Fan Chips Jalapeño,Limón,Individual,Q21 - Q30,No,Sí, ARGENTINA ,Definitivamente sí,Portugal,Neymar Jr.,Un jugador famoso,2x1,Sí,Edición Mundial Fifa 2026,Moderada,Casual,Jóvenes (<25)
2316,2026-03-13,17:41:21,25 - 34 Años,Femenino,Retalhuleu,Otro municipio,Estudiante,Todos Los Días,Supermercado,Familia,Q51 - Q100,CrunchMax BBQ; Mundialitos Queso Picante; Caramel Goal Popcorn,Picante Chapín,Para Compartir Entre 2 Personas,Q10 - Q15,Sí,Sí,Uruguay,Tal vez,Portugal,Neymar Jr.; Lamine Yamal,Una selección nacional,Sorteo de camisetas,Sí,Edición España,Premium Alta,Casual,Adulto Joven (25-34)
2317,2026-01-22,21:46:20,25 - 34 Años,Masculino,Sacatepéquez,Antigua Guatemala,Empleado Privado,1 A 2 Veces Por Semana,Supermercado,Amigos,Q25 - Q50,Mundialitos Queso Picante,Chocolate,Para Compartir Entre 2 Personas,Q16 - Q20,Sí,No,México,Definitivamente sí,Colombia,Kylian Mbappé; Neymar Jr.,Un jugador famoso,Producto gratis,No,Edición Mundial Fifa 2026,Moderada,Espectador Pasivo,Adulto Joven (25-34)
2318,2026-04-06,09:59:45,45 - 54 Años,Femenino,Chimaltenango,Patzún,Empresario,Varias Veces Al Mes,Gasolinera,Amigos,Q51 - Q100,CrunchMax BBQ; FutbolMix; Gol Nachos Supreme,Salado Tradicional,Individual,Q16 - Q20,No,Sí,Uruguay,Probablemente no,Colombia,Lionel Messi; Kylian Mbappé,Historias de aficionados,Sorteo de viajes,No,Edición Argentina,Moderada,Espectador Pasivo,Adulto Maduro (35-54)
2319,2026-01-28,20:50:17,35 - 44 Años,Femenino,Escuintla,Santa Lucía Cotzumalguapa,Empleado Privado,1 A 2 Veces Por Semana,Tienda de barrio,Otro,Q25 - Q50,Hot Stadium Peanuts,Picante Chapín,Para Compartir Entre 2 Personas,Q16 - Q20,Sí,Sí,Argentina,Tal vez,Argentina,Kylian Mbappé; Cristiano Ronaldo; Vinícius Júnior,Premios y sorteos,2x1,No,Edición Con Tarjetas Coleccionables,Moderada,Espectador Pasivo,Adulto Maduro (35-54)
2320,2026-01-11,21:55:14,45 - 54 Años,Masculino,Guatemala,Villa Nueva,Empleado Privado,Todos Los Días,Gasolinera,Familia,Q51 - Q100,Fan Chips Jalapeño; Hot Stadium Peanuts,Queso,Para Compartir Entre 2 Personas,Q21 - Q30,No,Sí,México,Definitivamente sí,Francia,Cristiano Ronaldo; Neymar Jr.; Rodri,Premios y sorteos,Tarjetas coleccionables,No,Edición Con Tarjetas Coleccionables,Moderada,Espectador Pasivo,Adulto Maduro (35-54)
2321,2026-03-20,11:09:51,25 - 34 Años,Femenino,Guatemala,Guatemala,Comerciante,Varias Veces Al Mes,Tienda de barrio,Familia,Q101 - Q150,Gol Nachos Supreme; CrunchMax BBQ; ChocoKick Bites,Salado Tradicional,Para Compartir Entre 2 Personas,Q21 - Q30,Sí,Sí,Brasil,Definitivamente sí,Francia,Neymar Jr.; Rodri,Un jugador famoso,2x1,Sí,Edición Con Tarjetas Coleccionables,Moderada,Casual,Adulto Joven (25-34)
2322,2026-05-05,11:50:43,35 - 44 Años,Masculino,Guatemala,Villa Nueva,Comerciante,Todos Los Días,Tienda de barrio,Compañeros de trabajo,Menos De Q25,Victory Pretzels; Hot Stadium Peanuts,Queso,Individual,Q21 - Q30,Sí,Sí,Francia,Tal vez,Portugal,Neymar Jr.; Lionel Messi,Premios y sorteos,Producto gratis,Sí,Edición Brasil,Moderada,Casual,Adulto Maduro (35-54)
2323,2026-03-06,12:22:40,55 Años O Más,Masculino,Guatemala,San Miguel Petapa,Comerciante,Todos Los Días,Aplicación de delivery,Amigos,Q101 - Q150,CrunchMax BBQ; Caramel Goal Popcorn; Hot Stadium Peanuts,Salado Tradicional,Para Compartir Entre 2 Personas,Q10 - Q15,Sí,Sí,Brasil,Probablemente sí,Portugal,Vinícius Júnior,Una selección nacional,Sorteo de balones,Sí,Edición Con Jugadores Famosos,Moderada,Fanático Target (Alto),Adulto Mayor (55+)
2324,2026-01-11,08:17:49,Menos De 18 Años,Femenino,Guatemala,San Miguel Petapa,Empleado Público,Varias Veces Al Mes,Tienda de barrio,Amigos,Menos De Q25,CrunchMax BBQ,Chocolate,Familiar,Q10 - Q15,Sí,Sí,España,Definitivamente sí,México,Lionel Messi; Jude Bellingham,Un jugador famoso,Tarjetas coleccionables,Sí,Edición Brasil,Moderada,Casual,Jóvenes (<25)
2325,2026-01-14,13:18:36,25 - 34 Años,Masculino,Escuintla,Santa Lucía Cotzumalguapa,Empleado Privado,Varias Veces Al Mes,Tienda de barrio,Amigos,Q51 - Q100,Mundialitos Queso Picante; Fan Chips Jalapeño,Dulce,Para Compartir Entre 2 Personas,Q21 - Q30,Sí,Sí,Brasil,Probablemente no,Colombia,Cristiano Ronaldo; Vinícius Júnior,Un jugador famoso,Producto gratis,Sí,Edición Con Jugadores Famosos,Premium Alta,Casual,Adulto Joven (25-34)
2326,2026-03-31,08:34:26,25 - 34 Años,Masculino,Quetzaltenango, OLINTEPEQUE ,Estudiante,3 A 5 Veces Por Semana,Tienda de barrio,Compañeros de trabajo,Q101 - Q150,Gol Nachos Supreme,Limón,Familiar,Q21 - Q30,Sí,Sí,México,Definitivamente sí,Portugal,Neymar Jr.; Jude Bellingham; Alphonso Davies,Un jugador famoso,2x1,Sí,Edición Con Tarjetas Coleccionables,Moderada,Casual,Adulto Joven (25-34)
2327,2026-01-11,19:34:40,25 - 34 Años,Masculino,Escuintla,Palín,Empleado Privado,Varias Veces Al Mes,Tienda de barrio,Amigos,Q51 - Q100,FutbolMix; Fan Chips Jalapeño,Queso,Individual,Q16 - Q20,Sí,Sí,Colombia,Tal vez,Portugal,Kylian Mbappé,Humor,Sorteo de viajes,No,Edición Con Tarjetas Coleccionables,Premium Alta,Espectador Pasivo,Adulto Joven (25-34)
2328,2026-01-31,12:50:35,35 - 44 Años,Femenino,Guatemala,San Miguel Petapa,Comerciante,1 A 2 Veces Por Semana,Tienda de barrio,Amigos,Q51 - Q100,Fan Chips Jalapeño; Mundialitos Queso Picante,Queso,Familiar,Q16 - Q20,Sí,Sí,Brasil,Probablemente sí,México,Christian Pulisic; Lionel Messi,Una selección nacional,Sorteo de balones,No,Edición Brasil,Premium Alta,Casual,Adulto Maduro (35-54)
2329,2026-04-12,21:56:04,25 - 34 Años,Femenino,Guatemala,San Miguel Petapa,Empleado Privado,Varias Veces Al Mes,Aplicación de delivery,Amigos,Más De Q150,Victory Pretzels; Fan Chips Jalapeño; Hot Stadium Peanuts,Limón,Familiar,Q16 - Q20,No,Sí,Inglaterra,Tal vez,Brasil,Cristiano Ronaldo; Harry Kane,Una selección nacional,Descuento directo,Sí,Edición Argentina,Sensible Al Precio,Casual,Adulto Joven (25-34)
2174,2026-04-23,22:22:27,18 - 24 Años,Femenino,Sacatepéquez,Antigua Guatemala,Profesional Independiente,1 A 2 Veces Por Semana,Tienda de barrio,Familia,Q51 - Q100,Energy Crunch Protein; ChocoKick Bites,Picante Chapín,Familiar,Q16 - Q20,Sí,Sí,Czechia,Definitivamente sí,Colombia,Alphonso Davies; Neymar Jr.,Un jugador famoso,Producto gratis,Sí,Edición Con Tarjetas Coleccionables,Premium Alta,Casual,Jóvenes (<25)
2331,2026-02-21,15:57:45,18 - 24 Años,Prefiero No Indicarlo,Quetzaltenango,Coatepeque,Empleado Privado,1 A 2 Veces Por Semana,Gasolinera,Amigos,Q51 - Q100,Energy Crunch Protein; CrunchMax BBQ; Gol Nachos Supreme,Chocolate,Individual,Q21 - Q30,Sí,Sí,México,Probablemente no,Argentina,Lionel Messi; Cristiano Ronaldo,Una selección nacional,2x1,Sí,Edición España,Premium Alta,Casual,Jóvenes (<25)
2332,2026-02-10,16:04:50,55 Años O Más,Femenino,Zacapa,Zacapa,Empleado Privado,1 A 2 Veces Por Semana,Gasolinera,Familia,Q25 - Q50,Gol Nachos Supreme; Caramel Goal Popcorn,Salado Tradicional,Individual,Q10 - Q15,Sí,Sí,Brasil,Definitivamente sí,Francia,Lionel Messi,Premios y sorteos,Tarjetas coleccionables,No,Edición Mundial Fifa 2026,Moderada,Espectador Pasivo,Adulto Mayor (55+)
2333,2026-03-03,09:38:24,25 - 34 Años,Femenino,Santa Rosa,Santa Rosa,Empleado Público,3 A 5 Veces Por Semana,Supermercado,Familia,Menos De Q25,CrunchMax BBQ,Salado Tradicional,Para Compartir Entre 2 Personas,Q10 - Q15,Sí,Sí,Brasil,Probablemente sí,Uruguay,Cristiano Ronaldo; Lionel Messi; Kylian Mbappé,Un jugador famoso,Sorteo de balones,No,Edición Brasil,Moderada,Casual,Adulto Joven (25-34)
2334,2026-04-06,15:27:04,55 Años O Más,Masculino,Guatemala,Villa Nueva,Estudiante,Varias Veces Al Mes,Tienda de barrio,Familia,Q101 - Q150,ChocoKick Bites; Caramel Goal Popcorn; Hot Stadium Peanuts,Jalapeño,Individual,Q10 - Q15,Sí,Sí,Argentina,Probablemente sí,Inglaterra,Lionel Messi; Federico Valverde; Christian Pulisic,Un jugador famoso,2x1,No,Edición Mundial Fifa 2026,Moderada,Casual,Adulto Mayor (55+)
2335,2026-04-23,20:12:39,55 Años O Más,Femenino,Quetzaltenango,Quetzaltenango,Empleado Privado,Rara Vez,Gasolinera,Compañeros de trabajo,Q25 - Q50,Gol Nachos Supreme; Energy Crunch Protein,Queso,Familiar,,No,Sí,Portugal,Probablemente no,Argentina,Cristiano Ronaldo,Historias de aficionados,Sorteo de balones,No,Edición Inglaterra,Moderada,Espectador Pasivo,Adulto Mayor (55+)
2336,2026-02-21,10:31:09,45 - 54 Años,Masculino,El Progreso,Cabecera municipal,Estudiante,Varias Veces Al Mes,Supermercado,Familia,Q25 - Q50,ChocoKick Bites; FutbolMix; Gol Nachos Supreme,Chocolate,Para Compartir Entre 2 Personas,Más De Q30,Sí,Sí,Portugal,Tal vez,Francia,Cristiano Ronaldo,Humor,Descuento directo,No,Edición Francia,Moderada,Espectador Pasivo,Adulto Maduro (35-54)
2337,2026-04-14,16:55:49,25 - 34 Años,Femenino,Escuintla,Escuintla,Empleado Privado,1 A 2 Veces Por Semana,Tienda de barrio,Amigos,Q101 - Q150,CrunchMax BBQ; Mundialitos Queso Picante; FutbolMix,Queso,Tamaño Fiesta O Reunión,Q16 - Q20,Sí,Sí,Francia,Tal vez,Francia,Lamine Yamal,Historias de aficionados,2x1,Sí,Edición España,Moderada,Casual,Adulto Joven (25-34)
2338,2026-05-01,20:35:15,25 - 34 Años,Femenino,Guatemala,Mixco,Profesional Independiente,Rara Vez,Tienda de barrio,Compañeros de trabajo,Q51 - Q100,FutbolMix; ChocoKick Bites,Jalapeño,Familiar,Q21 - Q30,No,Sí,Brasil,Probablemente sí,México,Cristiano Ronaldo; Lionel Messi; Christian Pulisic,Un jugador famoso,Descuento directo,Sí,Edición Mundial Fifa 2026,Moderada,Fanático Target (Alto),Adulto Joven (25-34)
2339,2026-02-04,12:55:40,45 - 54 Años,Femenino,Zacapa,Cabecera municipal,Empleado Público,Todos Los Días,Tienda de barrio,Solo,Menos De Q25,ChocoKick Bites; Gol Nachos Supreme,Chocolate,Individual,Q21 - Q30,Sí,Sí,Estados Unidos,Definitivamente sí,Estados Unidos,Julián Álvarez; Lionel Messi; Lamine Yamal,Humor,2x1,No,Edición España,Moderada,Espectador Pasivo,Adulto Maduro (35-54)
2340,2026-01-23,14:02:18,18 - 24 Años,Femenino,Guatemala,San Miguel Petapa,Ama De Casa,Todos Los Días,Supermercado,Amigos,Q101 - Q150,Gol Nachos Supreme; Hot Stadium Peanuts,Barbacoa,Familiar,Q10 - Q15,Sí,Sí,Argentina,Definitivamente sí,Portugal,Lamine Yamal; Lionel Messi; Kylian Mbappé,Premios y sorteos,Descuento directo,Sí,Edición Francia,Moderada,Casual,Jóvenes (<25)
2341,2026-03-22,14:53:26,25 - 34 Años,Masculino,Chimaltenango,Chimaltenango,Empleado Privado,1 A 2 Veces Por Semana,Supermercado,Amigos,Q51 - Q100,Gol Nachos Supreme; CrunchMax BBQ; Mundialitos Queso Picante,Picante Chapín,Tamaño Fiesta O Reunión,Q21 - Q30,Sí,Sí,Irán,Tal vez,Francia,Kylian Mbappé,Historias de aficionados,Tarjetas coleccionables,Sí,Edición Brasil,Premium Alta,Casual,Adulto Joven (25-34)
2342,2026-04-12,21:58:36,Menos De 18 Años,Masculino,Guatemala,San Miguel Petapa,Ama De Casa,3 A 5 Veces Por Semana,Otro,Amigos,Q51 - Q100,Fan Chips Jalapeño,Picante Chapín,Familiar,Q10 - Q15,No,Sí,Inglaterra,Tal vez,Argentina,Alphonso Davies; Lamine Yamal; Christian Pulisic,Humor,Descuento directo,No,Edición Con Tarjetas Coleccionables,Moderada,Espectador Pasivo,Jóvenes (<25)
2343,2026-02-08,09:34:12,25 - 34 Años,Femenino,Sacatepéquez,Antigua Guatemala,Estudiante,Rara Vez,Tienda de barrio,Familia,Q25 - Q50,Gol Nachos Supreme,Limón,Para Compartir Entre 2 Personas,Más De Q30,No,Sí,Brasil,Tal vez,Brasil,Federico Valverde,Un jugador famoso,Producto gratis,No,Edición Inglaterra,Moderada,Espectador Pasivo,Adulto Joven (25-34)
2344,2026-02-21,19:12:49,55 Años O Más,Masculino,Guatemala,Mixco,Profesional Independiente,Todos Los Días,Tienda de barrio,Familia,Menos De Q25,CrunchMax BBQ; Caramel Goal Popcorn; Fan Chips Jalapeño,Salado Tradicional,Tamaño Fiesta O Reunión,Q21 - Q30,No,Sí,México,Definitivamente no,Ecuador,Christian Pulisic,Una selección nacional,2x1,Sí,Edición España,Sensible Al Precio,Casual,Adulto Mayor (55+)
2345,2026-02-01,10:06:12,18 - 24 Años,Femenino,Quiché,Otro municipio,Empleado Privado,Rara Vez,Tienda de barrio,Familia,Q51 - Q100,FutbolMix; Mundialitos Queso Picante,Picante Chapín,Individual,Q16 - Q20,No,Sí,Argentina,Definitivamente sí,Argentina,Federico Valverde; Cristiano Ronaldo; Vinícius Júnior,Una selección nacional,Descuento directo,No,Edición Con Tarjetas Coleccionables,Moderada,Espectador Pasivo,Jóvenes (<25)
2346,2026-04-30,14:50:00,35 - 44 Años,Prefiero No Indicarlo,Guatemala,Santa Catarina Pinula,Comerciante,3 A 5 Veces Por Semana,Supermercado,Amigos,Q25 - Q50,Energy Crunch Protein,Caramelo,Familiar,Q21 - Q30,No,No,Brasil,Definitivamente sí,España,Lamine Yamal; Cristiano Ronaldo; Jude Bellingham,Un jugador famoso,Producto gratis,Sí,Edición Argentina,Moderada,Espectador Pasivo,Adulto Maduro (35-54)
2347,2026-04-22,16:11:13,Menos De 18 Años,Masculino,Guatemala,Santa Catarina Pinula,Ama De Casa,Todos Los Días,Supermercado,Compañeros de trabajo,Q25 - Q50,Victory Pretzels,Salado Tradicional,Para Compartir Entre 2 Personas,Q16 - Q20,Sí,Sí,Inglaterra,Tal vez,Argentina,Rodri; Lionel Messi; Cristiano Ronaldo,Historias de aficionados,Tarjetas coleccionables,Sí,Edición Mundial Fifa 2026,Moderada,Casual,Jóvenes (<25)
2348,2026-03-22,13:28:38,18 - 24 Años,Femenino,Sacatepéquez,Jocotenango,Profesional Independiente,1 A 2 Veces Por Semana,Gasolinera,Amigos,Q51 - Q100,Fan Chips Jalapeño; ChocoKick Bites; Victory Pretzels,Chocolate,Para Compartir Entre 2 Personas,Q16 - Q20,No,Sí,Alemania,Definitivamente sí,Brasil,Lionel Messi,Historias de aficionados,Producto gratis,Sí,Edición Con Tarjetas Coleccionables,Moderada,Casual,Jóvenes (<25)
2349,2026-01-12,13:34:50,25 - 34 Años,Masculino,Quetzaltenango,Quetzaltenango,Estudiante,Todos Los Días,Supermercado,Familia,Q51 - Q100,Fan Chips Jalapeño; ChocoKick Bites; Caramel Goal Popcorn,Barbacoa,Individual,Q16 - Q20,No,Sí,Cabo Verde,Tal vez,México,Cristiano Ronaldo; Julián Álvarez,Humor,Producto gratis,No,Edición España,Moderada,Espectador Pasivo,Adulto Joven (25-34)
2350,2026-03-25,15:39:00,18 - 24 Años,Femenino,Retalhuleu,Otro municipio,Empleado Privado,Varias Veces Al Mes,Supermercado,Compañeros de trabajo,Q25 - Q50,ChocoKick Bites; Mundialitos Queso Picante; CrunchMax BBQ,Jalapeño,Individual,Q10 - Q15,No,Sí,México,Probablemente no,México,Ninguno,Premios y sorteos,2x1,Sí,Edición Argentina,Moderada,Casual,Jóvenes (<25)
2351,2026-01-29,16:01:29,35 - 44 Años,Masculino,Guatemala,Villa Nueva,Profesional Independiente,1 A 2 Veces Por Semana,Kiosco escolar/universitario,Familia,Q51 - Q100,Gol Nachos Supreme; Mundialitos Queso Picante; Fan Chips Jalapeño,Limón,Familiar,Q21 - Q30,No,Sí,Estados Unidos,Definitivamente sí,Argentina,Julián Álvarez,Premios y sorteos,Producto gratis,Sí,Edición Brasil,Moderada,Casual,Adulto Maduro (35-54)
2352,2026-01-22,12:18:20,45 - 54 Años,Masculino,Guatemala,San Miguel Petapa,Empleado Público,Todos Los Días,Supermercado,Amigos,Q101 - Q150,Caramel Goal Popcorn,Chocolate,Individual,Q10 - Q15,No,Sí,Brasil,Tal vez,Francia,Lionel Messi; Kylian Mbappé,Un jugador famoso,Sorteo de camisetas,Sí,Edición Mundial Fifa 2026,Sensible Al Precio,Casual,Adulto Maduro (35-54)
2353,2026-03-24,22:40:25,45 - 54 Años,Masculino,Guatemala,Santa Catarina Pinula,Empleado Privado,Todos Los Días,Supermercado,Amigos,Q101 - Q150,ChocoKick Bites; FutbolMix; Mundialitos Queso Picante,Barbacoa,Familiar,Q16 - Q20,Sí,Sí,Argentina,Definitivamente sí,Francia,Neymar Jr.; Cristiano Ronaldo,Premios y sorteos,Sorteo de balones,Sí,Edición Con Jugadores Famosos,Moderada,Casual,Adulto Maduro (35-54)
2354,2026-02-11,21:15:20,35 - 44 Años,Masculino,Guatemala,Santa Catarina Pinula,Comerciante,Todos Los Días,Tienda de barrio,Amigos,Q25 - Q50,Hot Stadium Peanuts,Picante Chapín,Tamaño Fiesta O Reunión,Más De Q30,Sí,Sí,México,Probablemente sí,Uruguay,Lionel Messi,Humor,Tarjetas coleccionables,Sí,Edición Brasil,Moderada,Fanático Target (Alto),Adulto Maduro (35-54)
2355,2026-03-20,17:31:46,35 - 44 Años,Femenino,Retalhuleu,Retalhuleu,Estudiante,3 A 5 Veces Por Semana,Supermercado,Familia,Q25 - Q50,Victory Pretzels,Picante Chapín,Familiar,Q21 - Q30,No,Sí,Brasil,Probablemente sí,Francia,Cristiano Ronaldo,Humor,Producto gratis,No,Edición Francia,Moderada,Casual,Adulto Maduro (35-54)
2356,2026-01-14,10:56:57,25 - 34 Años,Femenino,Escuintla,Escuintla,Otro,1 A 2 Veces Por Semana,Tienda de barrio,Amigos,Q51 - Q100,CrunchMax BBQ; Gol Nachos Supreme; Mundialitos Queso Picante,Jalapeño,Para Compartir Entre 2 Personas,Q10 - Q15,No,Sí,Argentina,Tal vez,Brasil,Jude Bellingham,Una selección nacional,Sorteo de viajes,Sí,Edición Argentina,Moderada,Casual,Adulto Joven (25-34)
2357,2026-04-16,07:23:25,25 - 34 Años,Femenino,Quetzaltenango,Quetzaltenango,Empleado Privado,Todos Los Días,Tienda de barrio,Amigos,Menos De Q25,Mundialitos Queso Picante; Energy Crunch Protein,Caramelo,Para Compartir Entre 2 Personas,Q10 - Q15,No,Sí,Argentina,Definitivamente sí,Argentina,Vinícius Júnior; Alphonso Davies; Julián Álvarez,Historias de aficionados,2x1,Sí,Edición Mundial Fifa 2026,Sensible Al Precio,Casual,Adulto Joven (25-34)
2358,2026-01-20,22:17:59,35 - 44 Años,Masculino,Quetzaltenango,Quetzaltenango,Empleado Público,Rara Vez,Supermercado,Amigos,Q25 - Q50,Caramel Goal Popcorn; FutbolMix,Limón,Familiar,Q10 - Q15,No,No,Francia,Tal vez,Brasil,Kylian Mbappé; Cristiano Ronaldo; Neymar Jr.,Un jugador famoso,Descuento directo,No,Edición Argentina,Moderada,Espectador Pasivo,Adulto Maduro (35-54)
2359,2026-04-02,18:22:57,35 - 44 Años,Masculino,Guatemala,Santa Catarina Pinula,Empleado Privado,1 A 2 Veces Por Semana,Aplicación de delivery,Amigos,Q101 - Q150,Hot Stadium Peanuts; ChocoKick Bites; Mundialitos Queso Picante,Limón,Tamaño Fiesta O Reunión,Q21 - Q30,No,Sí,México,Definitivamente sí,Brasil,Neymar Jr.; Vinícius Júnior,Un jugador famoso,Sorteo de camisetas,Sí,Edición Inglaterra,Sensible Al Precio,Casual,Adulto Maduro (35-54)
2360,2026-04-15,21:39:44,18 - 24 Años,Femenino,Sacatepéquez,Jocotenango,Empleado Privado,Rara Vez,Gasolinera,Compañeros de trabajo,Q51 - Q100,CrunchMax BBQ; Hot Stadium Peanuts; Fan Chips Jalapeño,Jalapeño,Tamaño Fiesta O Reunión,Q16 - Q20,Sí,Sí,Inglaterra,Definitivamente no,Estados Unidos,Lionel Messi,Una selección nacional,Tarjetas coleccionables,Sí,Edición Mundial Fifa 2026,Premium Alta,Casual,Jóvenes (<25)
2361,2026-03-27,17:09:23,45 - 54 Años,Masculino,Chiquimula,Otro municipio,Empleado Privado,Todos Los Días,Kiosco escolar/universitario,Amigos,Q25 - Q50,Fan Chips Jalapeño; Hot Stadium Peanuts; Gol Nachos Supreme,Jalapeño,Individual,Q10 - Q15,Sí,Sí,Estados Unidos,Probablemente sí,Colombia,Cristiano Ronaldo,Una selección nacional,Sorteo de camisetas,Sí,Edición Argentina,Moderada,Fanático Target (Alto),Adulto Maduro (35-54)
2362,2026-02-11,20:28:53,18 - 24 Años,Femenino,Retalhuleu,Cabecera municipal,Empleado Privado,Todos Los Días,Tienda de barrio,Familia,Q101 - Q150,FutbolMix; Energy Crunch Protein,Barbacoa,Individual,Q16 - Q20,Sí,Sí,Portugal,Probablemente sí,Francia,Jude Bellingham; Vinícius Júnior; Neymar Jr.,Un jugador famoso,Tarjetas coleccionables,Sí,Edición Argentina,Moderada,Fanático Target (Alto),Jóvenes (<25)
2363,2026-04-17,17:02:20,18 - 24 Años,Masculino,Guatemala,Santa Catarina Pinula,Estudiante,1 A 2 Veces Por Semana,Tienda de barrio,Compañeros de trabajo,Menos De Q25,Fan Chips Jalapeño; Gol Nachos Supreme; Hot Stadium Peanuts,Queso,Tamaño Fiesta O Reunión,Q16 - Q20,Sí,Sí,Estados Unidos,Tal vez,México,Jude Bellingham; Kylian Mbappé,Una selección nacional,2x1,No,Edición Francia,Moderada,Espectador Pasivo,Jóvenes (<25)
2364,2026-01-30,11:08:31,18 - 24 Años,Masculino,San Marcos,Otro municipio,Estudiante,Todos Los Días,Aplicación de delivery,Familia,Q25 - Q50,Hot Stadium Peanuts; ChocoKick Bites; FutbolMix,Barbacoa,Para Compartir Entre 2 Personas,Q10 - Q15,No,Sí,España,Tal vez,España,Lionel Messi; Lamine Yamal,Un jugador famoso,Sorteo de camisetas,No,Edición Brasil,Moderada,Espectador Pasivo,Jóvenes (<25)
2365,2026-02-05,16:14:38,18 - 24 Años,Masculino,Sacatepéquez,Antigua Guatemala,Empleado Privado,1 A 2 Veces Por Semana,Tienda de barrio,Amigos,Q25 - Q50,CrunchMax BBQ,Picante Chapín,Individual,Menos De Q10,Sí,Sí,Argentina,Probablemente sí,Portugal,Vinícius Júnior,Historias de aficionados,Producto gratis,Sí,Edición Francia,Moderada,Fanático Target (Alto),Jóvenes (<25)
2366,2026-01-19,07:06:24,45 - 54 Años,Masculino,Chimaltenango,Chimaltenango,Empleado Privado,1 A 2 Veces Por Semana,Gasolinera,Familia,Q25 - Q50,Fan Chips Jalapeño,Jalapeño,Individual,Q10 - Q15,No,Sí,Argentina,Probablemente sí,Estados Unidos,Lionel Messi; Vinícius Júnior,Premios y sorteos,2x1,Sí,Edición Francia,Moderada,Fanático Target (Alto),Adulto Maduro (35-54)
2367,2026-05-01,12:42:46,Menos De 18 Años,Femenino,Guatemala,Guatemala,Empresario,Todos Los Días,Gasolinera,Familia,Menos De Q25,Caramel Goal Popcorn; Gol Nachos Supreme,Picante Chapín,Familiar,Q16 - Q20,No,Sí,Argentina,Probablemente no, ARGENTINA ,Neymar Jr.; Vinícius Júnior; Alphonso Davies,Una selección nacional,2x1,Sí,Edición España,Sensible Al Precio,Casual,Jóvenes (<25)
2368,2026-02-21,19:19:59,25 - 34 Años,Masculino,Guatemala,Mixco,Empleado Privado,Todos Los Días,Supermercado,Familia,Más De Q150,Hot Stadium Peanuts; Caramel Goal Popcorn,Caramelo,Familiar,Q16 - Q20,No,Sí,Portugal,Definitivamente sí,Argentina,Lionel Messi,Un jugador famoso,Descuento directo,No,Edición Brasil,Sensible Al Precio,Espectador Pasivo,Adulto Joven (25-34)
2369,2026-04-18,21:06:32,35 - 44 Años,Masculino,Guatemala,San Miguel Petapa,Estudiante,Todos Los Días,Supermercado,Familia,Q51 - Q100,Fan Chips Jalapeño,Picante Chapín,Familiar,Q21 - Q30,No,Sí,Estados Unidos,Definitivamente sí,Francia,Cristiano Ronaldo; Julián Álvarez,Premios y sorteos,Tarjetas coleccionables,Sí,Edición Inglaterra,Moderada,Casual,Adulto Maduro (35-54)
2370,2026-04-02,11:28:15,Menos De 18 Años,Femenino,Santa Rosa,Cabecera municipal,Empleado Privado,Varias Veces Al Mes,Tienda de barrio,Amigos,Q25 - Q50,Mundialitos Queso Picante,Barbacoa,Familiar,Menos De Q10,Sí,No,Francia,Probablemente no,Estados Unidos,Lionel Messi; Kylian Mbappé,Historias de aficionados,2x1,No,Edición Brasil,Moderada,Espectador Pasivo,Jóvenes (<25)
2371,2026-02-21,10:10:23,35 - 44 Años,Femenino,Guatemala,San Miguel Petapa,Comerciante,3 A 5 Veces Por Semana,Kiosco escolar/universitario,Amigos,Q25 - Q50,Energy Crunch Protein; FutbolMix,Chocolate,Para Compartir Entre 2 Personas,Q10 - Q15,Sí,Sí,Brasil,Tal vez,Argentina,Jude Bellingham; Lamine Yamal,Premios y sorteos,Descuento directo,Sí,Edición Brasil,Moderada,Casual,Adulto Maduro (35-54)
2372,2026-01-13,13:54:29,35 - 44 Años,Femenino,Suchitepéquez,Otro municipio,Otro,Varias Veces Al Mes,Kiosco escolar/universitario,Amigos,Q101 - Q150,Mundialitos Queso Picante; FutbolMix,Jalapeño,Individual,,Sí,Sí,Jordania,Probablemente sí,Portugal,Harry Kane,Una selección nacional,Sorteo de viajes,Sí,Edición Mundial Fifa 2026,Moderada,Fanático Target (Alto),Adulto Maduro (35-54)
2373,2026-05-04,21:58:58,25 - 34 Años,Femenino,Quetzaltenango,Quetzaltenango,Empleado Privado,3 A 5 Veces Por Semana,Tienda de barrio,Amigos,Q25 - Q50,Mundialitos Queso Picante; Gol Nachos Supreme,Caramelo,Familiar,Q16 - Q20,Sí,Sí,Brasil,Tal vez,Argentina,Lionel Messi; Jude Bellingham; Lamine Yamal,Humor,2x1,Sí,Edición Argentina,Moderada,Casual,Adulto Joven (25-34)
2374,2026-04-27,14:04:35,35 - 44 Años,Femenino,Quetzaltenango,Olintepeque,Otro,Todos Los Días,Tienda de barrio,Solo,Q51 - Q100,Caramel Goal Popcorn; Gol Nachos Supreme,Limón,Familiar,Más De Q30,Sí,Sí,Argentina,Tal vez,Francia,Kylian Mbappé,Un jugador famoso,Sorteo de camisetas,Sí,Edición Francia,Premium Alta,Casual,Adulto Maduro (35-54)
2375,2026-03-29,14:03:02,45 - 54 Años,Femenino,Escuintla,Palín,Empleado Privado,Todos Los Días,Tienda de barrio,Solo,Menos De Q25,Gol Nachos Supreme; Energy Crunch Protein,Queso,Tamaño Fiesta O Reunión,Q16 - Q20,Sí,Sí,Alemania,Probablemente sí,Argentina,Neymar Jr.; Federico Valverde,Humor,Descuento directo,Sí,Edición Francia,Moderada,Fanático Target (Alto),Adulto Maduro (35-54)
2376,2026-02-24,22:34:35,35 - 44 Años,Femenino,Guatemala,Mixco,Comerciante,1 A 2 Veces Por Semana,Kiosco escolar/universitario,Familia,Q25 - Q50,CrunchMax BBQ,Picante Chapín,Individual,Q21 - Q30,Sí,Sí,España,Probablemente sí,México,Rodri; Lionel Messi; Cristiano Ronaldo,Una selección nacional,2x1,Sí,Edición Con Jugadores Famosos,Moderada,Fanático Target (Alto),Adulto Maduro (35-54)
2377,2026-04-19,08:58:10,35 - 44 Años,Femenino,Escuintla,Escuintla,Empresario,3 A 5 Veces Por Semana,Supermercado,Amigos,Q25 - Q50,Fan Chips Jalapeño,Chocolate,Familiar,Q10 - Q15,Sí,Sí,Argentina,Probablemente sí,Argentina,Kylian Mbappé; Neymar Jr.; Cristiano Ronaldo,Historias de aficionados,Sorteo de camisetas,Sí,Edición Con Jugadores Famosos,Moderada,Fanático Target (Alto),Adulto Maduro (35-54)
2378,2026-01-21,17:00:25,18 - 24 Años,Masculino,Chimaltenango,Chimaltenango,Empresario,Varias Veces Al Mes,Otro,Familia,Q25 - Q50,Energy Crunch Protein,Dulce,Tamaño Fiesta O Reunión,Q21 - Q30,Sí,Sí,España,Definitivamente sí,México,Kylian Mbappé,Una selección nacional,2x1,Sí,Edición Brasil,Moderada,Casual,Jóvenes (<25)
2379,2026-04-29,17:49:04,35 - 44 Años,Masculino,Sacatepéquez,Ciudad Vieja,Comerciante,Varias Veces Al Mes,Supermercado,Solo,Q25 - Q50,Energy Crunch Protein; Caramel Goal Popcorn; Mundialitos Queso Picante,Limón,Individual,Menos De Q10,No,Sí,Portugal,Tal vez,Inglaterra,Lamine Yamal; Vinícius Júnior; Neymar Jr.,Premios y sorteos,2x1,No,Edición Francia,Moderada,Espectador Pasivo,Adulto Maduro (35-54)
2380,2026-01-19,16:42:37,Menos De 18 Años,Femenino,Guatemala,Santa Catarina Pinula,Empleado Público,3 A 5 Veces Por Semana,Supermercado,Amigos,Más De Q150,ChocoKick Bites; Mundialitos Queso Picante,Salado Tradicional,Individual,Q16 - Q20,Sí,Sí,Inglaterra,Probablemente no,Curaçao,Kylian Mbappé; Vinícius Júnior,Una selección nacional,2x1,Sí,Edición Con Jugadores Famosos,Moderada,Casual,Jóvenes (<25)
2381,2026-05-10,10:08:58,25 - 34 Años,Femenino,Guatemala,San Miguel Petapa,Profesional Independiente,Todos Los Días,Aplicación de delivery,Familia,Q51 - Q100,FutbolMix; Victory Pretzels,Queso,Tamaño Fiesta O Reunión,Q16 - Q20,No,Sí,Brasil,Probablemente sí, ARGENTINA ,Lionel Messi,Una selección nacional,Producto gratis,No,Edición Con Tarjetas Coleccionables,Moderada,Casual,Adulto Joven (25-34)
2382,2026-01-22,16:20:56,18 - 24 Años,Masculino,Guatemala,Mixco,Ama De Casa,Todos Los Días,Supermercado,Familia,Q25 - Q50,Gol Nachos Supreme; Hot Stadium Peanuts,Barbacoa,Para Compartir Entre 2 Personas,Q16 - Q20,Sí,Sí,Argentina,Tal vez,Jordania,Alphonso Davies; Cristiano Ronaldo; Lionel Messi,Historias de aficionados,Tarjetas coleccionables,No,Edición Argentina,Moderada,Espectador Pasivo,Jóvenes (<25)
2383,2026-03-28,15:52:00,18 - 24 Años,Femenino,Jutiapa,Jutiapa,Empleado Privado,Varias Veces Al Mes,Supermercado,Amigos,Q25 - Q50,Gol Nachos Supreme; FutbolMix; Fan Chips Jalapeño,Picante Chapín,Para Compartir Entre 2 Personas,Q10 - Q15,No,Sí,Brasil,Definitivamente sí,Brasil,Neymar Jr.,Un jugador famoso,2x1,Sí,Edición Con Tarjetas Coleccionables,Moderada,Casual,Jóvenes (<25)
2384,2026-02-27,20:01:43,55 Años O Más,Femenino,Guatemala,Mixco,Estudiante,Varias Veces Al Mes,Aplicación de delivery,Otro,Q51 - Q100,Mundialitos Queso Picante; Caramel Goal Popcorn,Picante Chapín,Familiar,Q10 - Q15,Sí,Sí,Portugal,Definitivamente sí,Portugal,Kylian Mbappé; Neymar Jr.,Premios y sorteos,Sorteo de camisetas,Sí,Edición Con Jugadores Famosos,Premium Alta,Casual,Adulto Mayor (55+)
2385,2026-04-13,13:57:23,Menos De 18 Años,Masculino,San Marcos,Cabecera municipal,Estudiante,1 A 2 Veces Por Semana,Tienda de barrio,Compañeros de trabajo,Q101 - Q150,FutbolMix; Fan Chips Jalapeño,Picante Chapín,Familiar,Q16 - Q20,No,Sí,Argentina,Tal vez,Francia,Cristiano Ronaldo; Neymar Jr.; Lionel Messi,Una selección nacional,Tarjetas coleccionables,Sí,Edición Con Jugadores Famosos,Sensible Al Precio,Casual,Jóvenes (<25)
2386,2026-03-30,12:30:45,45 - 54 Años,Femenino,Izabal,Izabal,Estudiante,Varias Veces Al Mes,Kiosco escolar/universitario,Otro,Q25 - Q50,ChocoKick Bites,Dulce,Para Compartir Entre 2 Personas,Q16 - Q20,Sí,Sí,Argentina,Tal vez,Brasil,Lionel Messi; Cristiano Ronaldo; Kylian Mbappé,Un jugador famoso,2x1,No,Edición Argentina,Moderada,Espectador Pasivo,Adulto Maduro (35-54)
2387,2026-01-15,22:32:29,18 - 24 Años,Femenino,El Progreso,Cabecera municipal,Profesional Independiente,3 A 5 Veces Por Semana,Tienda de barrio,Amigos,Q51 - Q100,FutbolMix,Barbacoa,Para Compartir Entre 2 Personas,Q10 - Q15,Sí,Sí,Argentina,Probablemente sí,México,Kylian Mbappé; Neymar Jr.,Un jugador famoso,2x1,Sí,Edición Argentina,Premium Alta,Fanático Target (Alto),Jóvenes (<25)
2388,2026-03-24,09:12:01,35 - 44 Años,Femenino,Retalhuleu,Cabecera municipal,Comerciante,3 A 5 Veces Por Semana,Tienda de barrio,Amigos,Q25 - Q50,Victory Pretzels; CrunchMax BBQ; FutbolMix,Picante Chapín,Individual,Q21 - Q30,No,Sí,México,Probablemente no,Argentina,Harry Kane; Ninguno; Lionel Messi,Una selección nacional,Tarjetas coleccionables,Sí,Edición Con Tarjetas Coleccionables,Moderada,Casual,Adulto Maduro (35-54)
2389,2026-05-10,14:48:24,35 - 44 Años,Femenino,El Progreso,Cabecera municipal,Estudiante,Varias Veces Al Mes,Aplicación de delivery,Amigos,Q101 - Q150,ChocoKick Bites; Fan Chips Jalapeño; Mundialitos Queso Picante,Picante Chapín,Individual,Q16 - Q20,Sí,Sí,México,Probablemente sí,Francia,Cristiano Ronaldo,Una selección nacional,Sorteo de camisetas,No,Edición Francia,Moderada,Casual,Adulto Maduro (35-54)
2390,2026-01-30,13:47:22,18 - 24 Años,Femenino,Quetzaltenango,Coatepeque,Empleado Privado,1 A 2 Veces Por Semana,Gasolinera,Amigos,Q101 - Q150,Gol Nachos Supreme,Barbacoa,Individual,Q21 - Q30,Sí,Sí,España,Definitivamente no,Portugal,Christian Pulisic; Lionel Messi; Kylian Mbappé,Historias de aficionados,2x1,No,Edición Argentina,Moderada,Espectador Pasivo,Jóvenes (<25)
2391,2026-04-11,07:42:50,18 - 24 Años,Femenino,Guatemala,Guatemala,Comerciante,3 A 5 Veces Por Semana,Tienda de barrio,Otro,Q101 - Q150,CrunchMax BBQ; FutbolMix,Barbacoa,Individual,Q10 - Q15,No,Sí,Bélgica,Tal vez,México,Lamine Yamal; Kylian Mbappé; Jude Bellingham,Una selección nacional,2x1,Sí,Edición Con Tarjetas Coleccionables,Sensible Al Precio,Casual,Jóvenes (<25)
2392,2026-03-29,07:56:16,Menos De 18 Años,Masculino,Totonicapán,Otro municipio,Estudiante,Varias Veces Al Mes,Tienda de barrio,Solo,Q101 - Q150,Fan Chips Jalapeño; Victory Pretzels,Queso,Tamaño Fiesta O Reunión,Q21 - Q30,Sí,Sí,Argentina,Tal vez,Brasil,Cristiano Ronaldo; Lionel Messi; Neymar Jr.,Una selección nacional,Producto gratis,No,Edición Argentina,Moderada,Espectador Pasivo,Jóvenes (<25)
2393,2026-01-26,13:31:59,35 - 44 Años,Masculino,Guatemala,Villa Nueva,Empleado Público,1 A 2 Veces Por Semana,Tienda de barrio,Solo,Q51 - Q100,CrunchMax BBQ,Picante Chapín,Para Compartir Entre 2 Personas,Q16 - Q20,Sí,Sí,Inglaterra,Tal vez,Inglaterra,Harry Kane; Federico Valverde,Humor,Descuento directo,Sí,Edición Brasil,Premium Alta,Casual,Adulto Maduro (35-54)
2394,2026-04-25,09:32:35,35 - 44 Años,Femenino,Sacatepéquez,Jocotenango,Empleado Privado,Rara Vez,,Familia,Q25 - Q50,CrunchMax BBQ; Caramel Goal Popcorn,Queso,Tamaño Fiesta O Reunión,Q16 - Q20,Sí,Sí,Alemania,Definitivamente sí,México,Lionel Messi; Neymar Jr.; Vinícius Júnior,Premios y sorteos,Tarjetas coleccionables,No,Edición Con Jugadores Famosos,Moderada,Espectador Pasivo,Adulto Maduro (35-54)
2395,2026-02-17,16:34:33,45 - 54 Años,Masculino,Escuintla,Escuintla,Comerciante,Rara Vez,Tienda de barrio,Familia,Q25 - Q50,Energy Crunch Protein,Queso,Individual,Q16 - Q20,No,Sí,Portugal,Tal vez,México,Christian Pulisic,Premios y sorteos,Producto gratis,No,Edición Brasil,Moderada,Espectador Pasivo,Adulto Maduro (35-54)
2396,2026-04-30,11:24:24,35 - 44 Años,Masculino,Sacatepéquez,Sumpango,Empleado Privado,3 A 5 Veces Por Semana,Kiosco escolar/universitario,Familia,Q51 - Q100,ChocoKick Bites; FutbolMix; Fan Chips Jalapeño,Picante Chapín,Familiar,Q10 - Q15,No,Sí,México,Tal vez,Uruguay,Vinícius Júnior; Cristiano Ronaldo,Premios y sorteos,Tarjetas coleccionables,Sí,Edición Brasil,Moderada,Casual,Adulto Maduro (35-54)
2397,2026-02-25,11:10:09,25 - 34 Años,Masculino,Guatemala,Mixco,Empresario,1 A 2 Veces Por Semana,Gasolinera,Otro,Q25 - Q50,FutbolMix,Jalapeño,Para Compartir Entre 2 Personas,Q10 - Q15,No,Sí,España,Definitivamente sí,Francia,Julián Álvarez; Vinícius Júnior; Lionel Messi,Un jugador famoso,2x1,No,Edición Argentina,Moderada,Espectador Pasivo,Adulto Joven (25-34)
2398,2026-03-04,09:54:04,18 - 24 Años,Femenino,Guatemala,Guatemala,Ama De Casa,3 A 5 Veces Por Semana,Supermercado,Familia,Menos De Q25,Hot Stadium Peanuts,Queso,Para Compartir Entre 2 Personas,Menos De Q10,No,Sí,Argentina,Probablemente sí,Alemania,Cristiano Ronaldo; Kylian Mbappé,Historias de aficionados,Tarjetas coleccionables,No,Edición Argentina,Sensible Al Precio,Casual,Jóvenes (<25)
2399,2026-03-02,18:31:58,18 - 24 Años,Femenino,Guatemala,San Miguel Petapa,Profesional Independiente,3 A 5 Veces Por Semana,Kiosco escolar/universitario,Familia,Q25 - Q50,CrunchMax BBQ; Caramel Goal Popcorn; Gol Nachos Supreme,Limón,Tamaño Fiesta O Reunión,Q16 - Q20,No,Sí,Argentina,Probablemente sí,Argentina,Cristiano Ronaldo; Kylian Mbappé,Historias de aficionados,Sorteo de camisetas,Sí,Edición Con Jugadores Famosos,Moderada,Fanático Target (Alto),Jóvenes (<25)
2400,2026-04-08,17:13:09,45 - 54 Años,Masculino,Guatemala,San Miguel Petapa,Empleado Privado,Varias Veces Al Mes,Aplicación de delivery,Otro,Q25 - Q50,CrunchMax BBQ; Mundialitos Queso Picante; Gol Nachos Supreme,Barbacoa,Familiar,Q21 - Q30,No,Sí,South Africa,Definitivamente no,Francia,Cristiano Ronaldo,Un jugador famoso,Descuento directo,Sí,Edición Mundial Fifa 2026,Moderada,Casual,Adulto Maduro (35-54)
2401,2026-02-23,14:52:24,25 - 34 Años,Masculino,Chiquimula,Cabecera municipal,Comerciante,1 A 2 Veces Por Semana,Gasolinera,Familia,Q51 - Q100,CrunchMax BBQ; Victory Pretzels,Chocolate,Familiar,Q16 - Q20,Sí,Sí,España,Tal vez,Portugal,Lionel Messi; Kylian Mbappé; Jude Bellingham,Una selección nacional,Sorteo de balones,Sí,Edición Brasil,Premium Alta,Casual,Adulto Joven (25-34)
2402,2026-01-31,12:38:09,18 - 24 Años,Femenino,Guatemala,Villa Nueva,Empleado Privado,Varias Veces Al Mes,Gasolinera,Amigos,Q25 - Q50,CrunchMax BBQ,Chocolate,Familiar,Q21 - Q30,No,Sí,México,Definitivamente sí,Suecia,Vinícius Júnior; Lionel Messi; Neymar Jr.,Premios y sorteos,Tarjetas coleccionables,No,Edición Brasil,Moderada,Espectador Pasivo,Jóvenes (<25)
2403,2026-01-19,17:46:56,Menos De 18 Años,Masculino,Sololá,Sololá,Estudiante,Todos Los Días,Supermercado,Amigos,Menos De Q25,Energy Crunch Protein; Mundialitos Queso Picante; CrunchMax BBQ,Queso,Individual,Q16 - Q20,Sí,Sí,Francia,Tal vez,Brasil,Lamine Yamal; Cristiano Ronaldo,Historias de aficionados,Tarjetas coleccionables,Sí,Edición Con Jugadores Famosos,Moderada,Casual,Jóvenes (<25)
2404,2026-03-02,22:50:00,18 - 24 Años,Femenino,Escuintla,Escuintla,Empresario,Todos Los Días,Tienda de barrio,Amigos,Q101 - Q150,Mundialitos Queso Picante; Caramel Goal Popcorn; Energy Crunch Protein,Picante Chapín,Para Compartir Entre 2 Personas,Menos De Q10,Sí,Sí,Argentina,Tal vez,Portugal,Lionel Messi; Rodri,Premios y sorteos,Descuento directo,No,Edición España,Moderada,Espectador Pasivo,Jóvenes (<25)
2405,2026-04-01,12:22:20,25 - 34 Años,Femenino,Guatemala,,Profesional Independiente,3 A 5 Veces Por Semana,Supermercado,Amigos,Q51 - Q100,FutbolMix; Mundialitos Queso Picante; Victory Pretzels,Queso,Individual,Q16 - Q20,Sí,Sí,Portugal,Probablemente sí,México,Cristiano Ronaldo,Una selección nacional,2x1,Sí,Edición Inglaterra,Premium Alta,Fanático Target (Alto),Adulto Joven (25-34)
2406,2026-04-14,14:13:14,25 - 34 Años,Masculino,Quiché,Cabecera municipal,Empresario,Varias Veces Al Mes,Tienda de barrio,Familia,Q101 - Q150,Gol Nachos Supreme,Queso,Familiar,Más De Q30,Sí,Sí,Inglaterra,Tal vez,Argentina,Vinícius Júnior; Christian Pulisic; Kylian Mbappé,Humor,2x1,Sí,Edición Con Tarjetas Coleccionables,Moderada,Casual,Adulto Joven (25-34)
2407,2026-02-20,17:08:23,45 - 54 Años,Masculino,Chiquimula,Chiquimula,Empleado Privado,3 A 5 Veces Por Semana,Tienda de barrio,Amigos,Q51 - Q100,Caramel Goal Popcorn,Dulce,Para Compartir Entre 2 Personas,,Sí,Sí,Brasil,Probablemente sí,Inglaterra,Kylian Mbappé,Un jugador famoso,Descuento directo,Sí,Edición Brasil,Premium Alta,Fanático Target (Alto),Adulto Maduro (35-54)
2408,2026-02-24,20:38:24,25 - 34 Años,Femenino,Quiché,Cabecera municipal,Estudiante,Varias Veces Al Mes,Aplicación de delivery,Familia,Q51 - Q100,Energy Crunch Protein; Gol Nachos Supreme; Fan Chips Jalapeño,Chocolate,Familiar,Q16 - Q20,Sí,Sí,España,Definitivamente no,Francia,Ninguno; Lionel Messi,Premios y sorteos,2x1,Sí,Edición Francia,Premium Alta,Casual,Adulto Joven (25-34)
2409,2026-01-25,17:44:40,18 - 24 Años,Femenino,Guatemala,Mixco,Empleado Privado,Rara Vez,Supermercado,Amigos,Menos De Q25,FutbolMix,Queso,Tamaño Fiesta O Reunión,Q16 - Q20,No,Sí,Argentina,Probablemente sí,Argentina,Cristiano Ronaldo; Christian Pulisic,Historias de aficionados,Sorteo de camisetas,Sí,Edición Argentina,Sensible Al Precio,Fanático Target (Alto),Jóvenes (<25)
2410,2026-02-11,20:44:11,18 - 24 Años,Masculino,Chiquimula,Cabecera municipal,Profesional Independiente,Todos Los Días,Tienda de barrio,Amigos,Q25 - Q50,Mundialitos Queso Picante; Gol Nachos Supreme; CrunchMax BBQ,Picante Chapín,Individual,Más De Q30,Sí,Sí,Francia,Probablemente sí,México,Harry Kane,Humor,Sorteo de camisetas,Sí,Edición Argentina,Moderada,Fanático Target (Alto),Jóvenes (<25)
2411,2026-05-10,15:31:23,18 - 24 Años,Masculino,Totonicapán,Cabecera municipal,Empleado Privado,1 A 2 Veces Por Semana,Supermercado,Familia,Más De Q150,Gol Nachos Supreme; ChocoKick Bites,Jalapeño,Tamaño Fiesta O Reunión,Q16 - Q20,Sí,Sí,Alemania,Definitivamente sí,Alemania,Lamine Yamal; Jude Bellingham,Premios y sorteos,Descuento directo,No,Edición Con Tarjetas Coleccionables,Moderada,Espectador Pasivo,Jóvenes (<25)
2412,2026-05-03,16:17:32,35 - 44 Años,Masculino,Guatemala,Mixco,Empleado Privado,Varias Veces Al Mes,Supermercado,Familia,Q25 - Q50,Mundialitos Queso Picante; Caramel Goal Popcorn,Picante Chapín,Tamaño Fiesta O Reunión,Q10 - Q15,Sí,Sí, BRASIL ,Definitivamente no,México,Lionel Messi,Historias de aficionados,Sorteo de viajes,Sí,Edición Con Jugadores Famosos,Moderada,Casual,Adulto Maduro (35-54)
2413,2026-04-06,09:37:14,35 - 44 Años,Masculino,Jutiapa,Otro municipio,Empresario,Todos Los Días,Tienda de barrio,Familia,Q25 - Q50,FutbolMix; Mundialitos Queso Picante,Caramelo,Para Compartir Entre 2 Personas,Q10 - Q15,Sí,Sí,Brasil,Definitivamente no,España,Neymar Jr.; Vinícius Júnior; Kylian Mbappé,Un jugador famoso,2x1,Sí,Edición Con Tarjetas Coleccionables,Moderada,Casual,Adulto Maduro (35-54)
2414,2026-02-05,22:41:16,35 - 44 Años,Masculino,Quetzaltenango,Quetzaltenango,Profesional Independiente,Todos Los Días,Supermercado,Amigos,Menos De Q25,CrunchMax BBQ,Dulce,Individual,Q10 - Q15,Sí,Sí,Corea del Sur,Probablemente sí,México,Cristiano Ronaldo; Jude Bellingham; Neymar Jr.,Un jugador famoso,2x1,Sí,Edición Con Jugadores Famosos,Moderada,Fanático Target (Alto),Adulto Maduro (35-54)
2415,2026-03-19,22:01:36,25 - 34 Años,Masculino,Alta Verapaz,Cabecera municipal,Ama De Casa,3 A 5 Veces Por Semana,Supermercado,Familia,Q101 - Q150,FutbolMix,Barbacoa,Familiar,Q16 - Q20,No,Sí,Brasil,Probablemente sí,Argentina,Lionel Messi; Vinícius Júnior,Un jugador famoso,Descuento directo,Sí,Edición Mundial Fifa 2026,Sensible Al Precio,Fanático Target (Alto),Adulto Joven (25-34)
2416,2026-04-30,09:59:01,25 - 34 Años,Femenino,Quetzaltenango,Quetzaltenango,Comerciante,1 A 2 Veces Por Semana,Tienda de barrio,Compañeros de trabajo,Q51 - Q100,Hot Stadium Peanuts; ChocoKick Bites; CrunchMax BBQ,Salado Tradicional,Individual,Q10 - Q15,Sí,Sí,Paraguay,Tal vez,Portugal,Alphonso Davies; Kylian Mbappé; Cristiano Ronaldo,Una selección nacional,Tarjetas coleccionables,Sí,Edición Inglaterra,Premium Alta,Casual,Adulto Joven (25-34)
2417,2026-02-12,10:52:39,45 - 54 Años,Masculino,Chimaltenango,Patzún,Comerciante,Varias Veces Al Mes,Supermercado,Familia,Q25 - Q50,Caramel Goal Popcorn; Hot Stadium Peanuts; Mundialitos Queso Picante,Jalapeño,Individual,Q16 - Q20,No,Sí,México,Definitivamente no,Francia,Lionel Messi; Vinícius Júnior; Neymar Jr.,Un jugador famoso,Sorteo de camisetas,Sí,Edición Brasil,Moderada,Casual,Adulto Maduro (35-54)
2418,2026-03-20,13:00:44,55 Años O Más,Femenino,Guatemala,San Miguel Petapa,Profesional Independiente,1 A 2 Veces Por Semana,Tienda de barrio,Familia,Q25 - Q50,FutbolMix,Barbacoa,Individual,Q16 - Q20,Sí,Sí,Francia,Tal vez,México,Kylian Mbappé; Lionel Messi,Historias de aficionados,Sorteo de camisetas,Sí,Edición Con Jugadores Famosos,Moderada,Casual,Adulto Mayor (55+)
2419,2026-02-04,22:09:25,35 - 44 Años,Masculino,Retalhuleu,Otro municipio,Estudiante,3 A 5 Veces Por Semana,Tienda de barrio,Familia,Q25 - Q50,Caramel Goal Popcorn,Chocolate,Individual,Q16 - Q20,No,Sí,México,Definitivamente sí,Estados Unidos,Lamine Yamal; Cristiano Ronaldo,Una selección nacional,Descuento directo,Sí,Edición Brasil,Moderada,Casual,Adulto Maduro (35-54)
2420,2026-02-09,09:02:53,25 - 34 Años,Prefiero No Indicarlo,Guatemala,Guatemala,Ama De Casa,Todos Los Días,Supermercado,Familia,Q25 - Q50,Caramel Goal Popcorn; Gol Nachos Supreme,Dulce,Tamaño Fiesta O Reunión,Q10 - Q15,No,Sí, MÉXICO ,Probablemente sí,Colombia,Neymar Jr.,Un jugador famoso,Producto gratis,Sí,Edición Con Jugadores Famosos,Moderada,Fanático Target (Alto),Adulto Joven (25-34)
2421,2026-05-08,07:59:06,25 - 34 Años,Femenino,Guatemala,Guatemala,Estudiante,Varias Veces Al Mes,,Familia,Q101 - Q150,ChocoKick Bites; Hot Stadium Peanuts; FutbolMix,Picante Chapín,Para Compartir Entre 2 Personas,Q16 - Q20,Sí,No,Alemania,Definitivamente no,Portugal,Vinícius Júnior; Kylian Mbappé; Lionel Messi,Una selección nacional,Sorteo de viajes,Sí,Edición Argentina,Moderada,Espectador Pasivo,Adulto Joven (25-34)
2422,2026-03-09,08:43:49,18 - 24 Años,Masculino,Guatemala,Santa Catarina Pinula,Estudiante,Varias Veces Al Mes,Aplicación de delivery,Solo,Q101 - Q150,Mundialitos Queso Picante; FutbolMix,,Familiar,Q10 - Q15,No,Sí,Brasil,Definitivamente sí,Argentina,Neymar Jr.,Humor,Tarjetas coleccionables,Sí,Edición Brasil,Sensible Al Precio,Casual,Jóvenes (<25)
2423,2026-02-23,22:05:12,25 - 34 Años,Femenino,Guatemala,Guatemala,Comerciante,3 A 5 Veces Por Semana,Supermercado,Otro,Menos De Q25,Hot Stadium Peanuts,,Individual,Q10 - Q15,No,Sí,México,Probablemente sí,Francia,Lionel Messi; Jude Bellingham; Neymar Jr.,Una selección nacional,Descuento directo,Sí,Edición Con Tarjetas Coleccionables,Sensible Al Precio,Fanático Target (Alto),Adulto Joven (25-34)
2424,2026-04-02,13:24:02,35 - 44 Años,Prefiero No Indicarlo,Quetzaltenango,Olintepeque,Empleado Privado,Varias Veces Al Mes,Gasolinera,Familia,Q25 - Q50,Victory Pretzels,Picante Chapín,Individual,Q21 - Q30,Sí,Sí,España,Tal vez,Argentina,Lionel Messi; Kylian Mbappé; Federico Valverde,Un jugador famoso,Descuento directo,Sí,Edición Brasil,Moderada,Casual,Adulto Maduro (35-54)
2425,2026-02-25,19:15:28,45 - 54 Años,Masculino,Petén,Flores,Estudiante,3 A 5 Veces Por Semana,Tienda de barrio,Familia,Q101 - Q150,Gol Nachos Supreme,Jalapeño,Tamaño Fiesta O Reunión,Q16 - Q20,Sí,Sí,Brasil,Probablemente sí, PORTUGAL ,Vinícius Júnior; Julián Álvarez,Una selección nacional,Tarjetas coleccionables,Sí,Edición Brasil,Moderada,Fanático Target (Alto),Adulto Maduro (35-54)
2426,2026-03-03,18:16:51,Menos De 18 Años,Masculino,Sacatepéquez,Jocotenango,Empleado Privado,Varias Veces Al Mes,Tienda de barrio,Amigos,Q25 - Q50,Mundialitos Queso Picante; ChocoKick Bites,Picante Chapín,Familiar,Q16 - Q20,No,Sí,Brasil,Tal vez,México,Cristiano Ronaldo,Un jugador famoso,Producto gratis,No,Edición Mundial Fifa 2026,Moderada,Espectador Pasivo,Jóvenes (<25)
2427,2026-02-09,21:18:07,55 Años O Más,Masculino,Sololá,Otro municipio,Comerciante,1 A 2 Veces Por Semana,Supermercado,Amigos,Q25 - Q50,Mundialitos Queso Picante; Energy Crunch Protein; Fan Chips Jalapeño,Barbacoa,Familiar,Q10 - Q15,Sí,Sí,Inglaterra,Probablemente sí,México,Lamine Yamal; Jude Bellingham,Historias de aficionados,Producto gratis,No,Edición Mundial Fifa 2026,Moderada,Casual,Adulto Mayor (55+)
2428,2026-04-21,20:32:00,18 - 24 Años,Masculino,Guatemala,San Miguel Petapa,Profesional Independiente,Todos Los Días,Tienda de barrio,Amigos,Q101 - Q150,ChocoKick Bites; FutbolMix; Gol Nachos Supreme,Limón,Individual,Q10 - Q15,Sí,No,Argentina,Tal vez,Inglaterra,Cristiano Ronaldo,Una selección nacional,Sorteo de camisetas,No,Edición Francia,Moderada,Espectador Pasivo,Jóvenes (<25)
2429,2026-04-12,17:29:34,25 - 34 Años,Masculino,Guatemala,Mixco,Profesional Independiente,1 A 2 Veces Por Semana,Supermercado,Familia,Q51 - Q100,CrunchMax BBQ; Gol Nachos Supreme; Fan Chips Jalapeño,Salado Tradicional,Familiar,Q10 - Q15,Sí,Sí,Argentina,Tal vez,Portugal,Cristiano Ronaldo; Kylian Mbappé,Un jugador famoso,Producto gratis,Sí,Edición Con Tarjetas Coleccionables,Premium Alta,Casual,Adulto Joven (25-34)
2430,2026-04-13,21:09:08,25 - 34 Años,Femenino,Quetzaltenango,Coatepeque,Empresario,3 A 5 Veces Por Semana,Kiosco escolar/universitario,Familia,Q25 - Q50,CrunchMax BBQ; Mundialitos Queso Picante,Salado Tradicional,Tamaño Fiesta O Reunión,Q16 - Q20,Sí,Sí,México,Probablemente sí,Argentina,Cristiano Ronaldo,Una selección nacional,Sorteo de camisetas,Sí,Edición Mundial Fifa 2026,Moderada,Fanático Target (Alto),Adulto Joven (25-34)
2431,2026-01-14,21:14:36,35 - 44 Años,Masculino,Escuintla,Escuintla,Comerciante,Varias Veces Al Mes,Aplicación de delivery,Amigos,Q101 - Q150,FutbolMix,Picante Chapín,Familiar,Q16 - Q20,Sí,Sí,Haití,Definitivamente sí,Brasil,Kylian Mbappé; Christian Pulisic,Premios y sorteos,Producto gratis,No,Edición Inglaterra,Moderada,Espectador Pasivo,Adulto Maduro (35-54)
2432,2026-03-25,17:05:19,45 - 54 Años,Masculino,Guatemala,Mixco,Estudiante,Rara Vez,Supermercado,Amigos,Q101 - Q150,Energy Crunch Protein; Mundialitos Queso Picante; Caramel Goal Popcorn,Limón,Familiar,Q21 - Q30,Sí,Sí,Argentina,Tal vez,Inglaterra,Neymar Jr.; Harry Kane,Un jugador famoso,Descuento directo,Sí,Edición Mundial Fifa 2026,Moderada,Casual,Adulto Maduro (35-54)
2433,2026-01-23,14:30:03,18 - 24 Años,Masculino,Totonicapán,Totonicapán,Estudiante,1 A 2 Veces Por Semana,Gasolinera,Amigos,Q101 - Q150,CrunchMax BBQ,Picante Chapín,Familiar,Q10 - Q15,Sí,No,México,Probablemente sí,Argentina,Cristiano Ronaldo,Humor,Sorteo de viajes,Sí,Edición Con Jugadores Famosos,Moderada,Espectador Pasivo,Jóvenes (<25)
2434,2026-02-24,20:40:13,35 - 44 Años,Masculino,Alta Verapaz,Alta Verapaz,Empleado Privado,Todos Los Días,Aplicación de delivery,Solo,Q25 - Q50,CrunchMax BBQ; Hot Stadium Peanuts,Picante Chapín,Familiar,Q10 - Q15,No,Sí,Brasil,Probablemente no,Argentina,Cristiano Ronaldo,Una selección nacional,Tarjetas coleccionables,No,Edición Francia,Moderada,Espectador Pasivo,Adulto Maduro (35-54)
2435,2026-02-01,22:01:41,25 - 34 Años,Femenino,Sololá, OTRO MUNICIPIO ,Empleado Privado,Rara Vez,Aplicación de delivery,Amigos,Q25 - Q50,Mundialitos Queso Picante; CrunchMax BBQ; Victory Pretzels,Picante Chapín,Tamaño Fiesta O Reunión,Q10 - Q15,Sí,No,España,Probablemente sí,España,Neymar Jr.; Lamine Yamal; Lionel Messi,Historias de aficionados,Sorteo de camisetas,Sí,Edición Argentina,Moderada,Espectador Pasivo,Adulto Joven (25-34)
2436,2026-02-13,10:36:08,18 - 24 Años,Masculino,Baja Verapaz,,Empleado Privado,3 A 5 Veces Por Semana,Supermercado,Familia,Q25 - Q50,Hot Stadium Peanuts; Energy Crunch Protein; CrunchMax BBQ,Queso,Individual,Q10 - Q15,Sí,Sí,México,Definitivamente sí,Alemania,Jude Bellingham; Christian Pulisic,Una selección nacional,Descuento directo,Sí,Edición Con Tarjetas Coleccionables,Moderada,Casual,Jóvenes (<25)
2437,2026-04-23,07:18:06,25 - 34 Años,Femenino,Guatemala,Villa Nueva,Jubilado,Varias Veces Al Mes,Gasolinera,Amigos,Q101 - Q150,Energy Crunch Protein,Jalapeño,Para Compartir Entre 2 Personas,Q16 - Q20,No,Sí,Portugal,Tal vez,Inglaterra,Lionel Messi; Christian Pulisic; Vinícius Júnior,Un jugador famoso,2x1,Sí,Edición Francia,Sensible Al Precio,Casual,Adulto Joven (25-34)
2438,2026-02-09,16:48:56,25 - 34 Años,Femenino,Petén,Poptún,Profesional Independiente,Varias Veces Al Mes,Tienda de barrio,Amigos,Q25 - Q50,FutbolMix,Barbacoa,Para Compartir Entre 2 Personas,Q10 - Q15,No,Sí,Colombia,Definitivamente sí,Argentina,Kylian Mbappé,Un jugador famoso,Tarjetas coleccionables,No,Edición Con Jugadores Famosos,Moderada,Espectador Pasivo,Adulto Joven (25-34)
2439,2026-02-17,19:27:22,18 - 24 Años,Femenino,Guatemala,Mixco,Estudiante,3 A 5 Veces Por Semana,Otro,Familia,Más De Q150,CrunchMax BBQ; Hot Stadium Peanuts,Dulce,Familiar,Q16 - Q20,Sí,Sí, MÉXICO ,Probablemente sí,Brasil,Kylian Mbappé,Una selección nacional,Sorteo de balones,Sí,Edición Francia,Moderada,Fanático Target (Alto),Jóvenes (<25)
2440,2026-04-25,16:31:42,18 - 24 Años,Masculino,Guatemala, VILLA NUEVA ,Empresario,3 A 5 Veces Por Semana,Tienda de barrio,Familia,Menos De Q25,FutbolMix; Fan Chips Jalapeño; Caramel Goal Popcorn,Queso,Familiar,Q10 - Q15,Sí,Sí,Brasil,Definitivamente sí,Argentina,Rodri; Cristiano Ronaldo; Jude Bellingham,Una selección nacional,Producto gratis,Sí,Edición Francia,Moderada,Casual,Jóvenes (<25)
2441,2026-05-07,18:06:53,18 - 24 Años,Masculino,El Progreso,El Progreso,Profesional Independiente,3 A 5 Veces Por Semana,Supermercado,Familia,Q51 - Q100,Caramel Goal Popcorn; Fan Chips Jalapeño,Barbacoa,Individual,Q16 - Q20,Sí,Sí, FRANCIA ,Probablemente no,España,Lamine Yamal; Cristiano Ronaldo; Neymar Jr.,Una selección nacional,Producto gratis,Sí,Edición Brasil,Premium Alta,Casual,Jóvenes (<25)
2442,2026-03-07,15:24:09,18 - 24 Años,Femenino,Escuintla,Palín,Estudiante,3 A 5 Veces Por Semana,Tienda de barrio,Otro,Q51 - Q100,FutbolMix; Fan Chips Jalapeño; ChocoKick Bites,Queso,Familiar,Q16 - Q20,No,Sí,España,Probablemente sí,México,Harry Kane; Kylian Mbappé,Un jugador famoso,2x1,Sí,Edición Con Tarjetas Coleccionables,Moderada,Fanático Target (Alto),Jóvenes (<25)
2443,2026-01-26,10:28:34,25 - 34 Años,Masculino,Quetzaltenango,Olintepeque,Comerciante,Rara Vez,Supermercado,Amigos,Q25 - Q50,FutbolMix,Caramelo,Familiar,Menos De Q10,Sí,Sí,Argentina,Probablemente sí,Inglaterra,Julián Álvarez; Lionel Messi,Un jugador famoso,Sorteo de balones,Sí,Edición Con Jugadores Famosos,Moderada,Fanático Target (Alto),Adulto Joven (25-34)
2444,2026-01-16,09:08:59,Menos De 18 Años,Prefiero No Indicarlo,Jalapa,,Empleado Privado,Varias Veces Al Mes,Kiosco escolar/universitario,Familia,Q25 - Q50,FutbolMix,Limón,Familiar,Q10 - Q15,Sí,Sí,Estados Unidos,Tal vez,España,Lionel Messi; Jude Bellingham; Harry Kane,Historias de aficionados,2x1,No,Edición Mundial Fifa 2026,Moderada,Espectador Pasivo,Jóvenes (<25)
2445,2026-02-13,10:57:34,18 - 24 Años,Masculino,Huehuetenango,Otro municipio,Estudiante,Rara Vez,Supermercado,Amigos,Q51 - Q100,Gol Nachos Supreme; Mundialitos Queso Picante,Limón,Tamaño Fiesta O Reunión,Q16 - Q20,Sí,No,Argentina,Probablemente sí,Brasil,Vinícius Júnior; Jude Bellingham; Federico Valverde,Un jugador famoso,Sorteo de viajes,Sí,Edición Con Jugadores Famosos,Premium Alta,Espectador Pasivo,Jóvenes (<25)
2446,2026-01-29,11:13:33,18 - 24 Años,Femenino,Quetzaltenango,Coatepeque,Empleado Privado,Varias Veces Al Mes,Aplicación de delivery,Compañeros de trabajo,Q51 - Q100,Caramel Goal Popcorn; CrunchMax BBQ; Gol Nachos Supreme,Chocolate,Familiar,Q16 - Q20,Sí,Sí,Brasil,Definitivamente sí,Argentina,Rodri; Kylian Mbappé,Una selección nacional,2x1,No,Edición Argentina,Premium Alta,Espectador Pasivo,Jóvenes (<25)
2447,2026-01-24,13:59:17,Menos De 18 Años,Masculino,Sacatepéquez,Sumpango,Empleado Público,Varias Veces Al Mes,Gasolinera,Amigos,Q25 - Q50,Fan Chips Jalapeño; CrunchMax BBQ; FutbolMix,Limón,Familiar,Q16 - Q20,Sí,Sí,Colombia,Definitivamente sí,México,Jude Bellingham; Lamine Yamal,Humor,Producto gratis,No,Edición Con Tarjetas Coleccionables,Moderada,Espectador Pasivo,Jóvenes (<25)
2448,2026-02-05,10:56:20,18 - 24 Años,Femenino,Escuintla,Santa Lucía Cotzumalguapa,Estudiante,1 A 2 Veces Por Semana,Tienda de barrio,Solo,Q51 - Q100,Caramel Goal Popcorn,Chocolate,Tamaño Fiesta O Reunión,Q16 - Q20,No,Sí,Alemania,Tal vez,Argentina,Cristiano Ronaldo; Neymar Jr.; Lionel Messi,Una selección nacional,Producto gratis,Sí,Edición Francia,Moderada,Casual,Jóvenes (<25)
2449,2026-03-06,16:34:19,55 Años O Más,Femenino,Guatemala,San Miguel Petapa,Estudiante,Varias Veces Al Mes,Supermercado,Amigos,Menos De Q25,Mundialitos Queso Picante; Fan Chips Jalapeño,Queso,Tamaño Fiesta O Reunión,Menos De Q10,No,Sí,Francia,Definitivamente no,Estados Unidos,Neymar Jr.; Christian Pulisic; Cristiano Ronaldo,Premios y sorteos,Sorteo de camisetas,Sí,Edición Mundial Fifa 2026,Sensible Al Precio,Casual,Adulto Mayor (55+)
2450,2026-02-02,14:42:38,25 - 34 Años,Masculino,Quetzaltenango,Quetzaltenango,Comerciante,1 A 2 Veces Por Semana,Tienda de barrio,Familia,Q51 - Q100,Mundialitos Queso Picante; Caramel Goal Popcorn; ChocoKick Bites,Limón,Familiar,Q10 - Q15,Sí,Sí,México,Probablemente sí,Brasil,Rodri; Neymar Jr.,Un jugador famoso,Tarjetas coleccionables,Sí,Edición Con Tarjetas Coleccionables,Premium Alta,Fanático Target (Alto),Adulto Joven (25-34)
2451,2026-01-21,15:45:18,18 - 24 Años,Femenino,Suchitepéquez,Suchitepéquez,Empleado Público,1 A 2 Veces Por Semana,Kiosco escolar/universitario,Solo,Q101 - Q150,Mundialitos Queso Picante,Barbacoa,Individual,Q10 - Q15,Sí,Sí,México,Definitivamente sí,Uruguay,Lionel Messi; Kylian Mbappé,Premios y sorteos,Tarjetas coleccionables,No,Edición Brasil,Moderada,Espectador Pasivo,Jóvenes (<25)
2452,2026-02-16,20:06:25,Menos De 18 Años,Femenino,Guatemala,San Miguel Petapa,Empresario,3 A 5 Veces Por Semana,Supermercado,Familia,Q25 - Q50,Caramel Goal Popcorn; Fan Chips Jalapeño; FutbolMix,Dulce,Para Compartir Entre 2 Personas,,Sí,No,México,Tal vez,Inglaterra,Cristiano Ronaldo; Vinícius Júnior,Un jugador famoso,Descuento directo,No,Edición Con Jugadores Famosos,Moderada,Espectador Pasivo,Jóvenes (<25)
2453,2026-03-31,08:19:08,35 - 44 Años,Masculino,Chimaltenango,Tecpán Guatemala,Empleado Privado,Todos Los Días,Supermercado,Familia,Q25 - Q50,FutbolMix,Jalapeño,Individual,Q21 - Q30,No,Sí,España,Definitivamente sí,Argentina,Christian Pulisic,Premios y sorteos,2x1,No,Edición Francia,Moderada,Espectador Pasivo,Adulto Maduro (35-54)
2454,2026-02-25,15:10:21,25 - 34 Años,Femenino,Guatemala,Mixco,Comerciante,3 A 5 Veces Por Semana,Gasolinera,Amigos,Menos De Q25,FutbolMix,Queso,Familiar,Q16 - Q20,Sí,Sí,España,Probablemente sí,Brasil,Cristiano Ronaldo; Ninguno,Humor,Producto gratis,Sí,Edición Con Jugadores Famosos,Moderada,Fanático Target (Alto),Adulto Joven (25-34)
2455,2026-04-30,15:13:10,55 Años O Más,Masculino,Sololá,Otro municipio,Profesional Independiente,Todos Los Días,,Amigos,Q101 - Q150,Gol Nachos Supreme; Caramel Goal Popcorn,Picante Chapín,Tamaño Fiesta O Reunión,Q16 - Q20,Sí,Sí,España,Probablemente sí,Brasil,Neymar Jr.; Federico Valverde; Lionel Messi,Una selección nacional,Descuento directo,No,Edición España,Moderada,Casual,Adulto Mayor (55+)
2456,2026-03-11,17:35:47,18 - 24 Años,Femenino,Guatemala,Mixco,Profesional Independiente,Todos Los Días,Kiosco escolar/universitario,Familia,Más De Q150,Mundialitos Queso Picante; Hot Stadium Peanuts,Barbacoa,Individual,Q16 - Q20,No,Sí, ALEMANIA ,Tal vez,Brasil,Vinícius Júnior,Una selección nacional,2x1,No,Edición Argentina,Sensible Al Precio,Espectador Pasivo,Jóvenes (<25)
2457,2026-01-29,10:00:34,25 - 34 Años,Femenino,Chiquimula,Otro municipio,Empleado Público,Todos Los Días,Tienda de barrio,Familia,Menos De Q25,ChocoKick Bites; Victory Pretzels,Salado Tradicional,Familiar,Q16 - Q20,Sí,Sí,Argentina,Definitivamente sí,Brasil,Neymar Jr.,Premios y sorteos,Sorteo de viajes,Sí,Edición Mundial Fifa 2026,Moderada,Casual,Adulto Joven (25-34)
2458,2026-05-02,22:07:32,25 - 34 Años,Femenino,Sacatepéquez,Antigua Guatemala,,Rara Vez,Tienda de barrio,Familia,Q51 - Q100,Energy Crunch Protein; Fan Chips Jalapeño,Picante Chapín,Familiar,Q16 - Q20,No,Sí,Argentina,Definitivamente sí,Portugal,Cristiano Ronaldo; Neymar Jr.; Christian Pulisic,Un jugador famoso,2x1,No,Edición Brasil,Moderada,Espectador Pasivo,Adulto Joven (25-34)
2459,2026-01-18,11:28:29,25 - 34 Años,Masculino,Sacatepéquez,,Estudiante,1 A 2 Veces Por Semana,Supermercado,Familia,Q25 - Q50,FutbolMix,Jalapeño,Familiar,Más De Q30,No,Sí,Francia,Tal vez,Estados Unidos,Lionel Messi,Una selección nacional,Producto gratis,No,Edición Con Tarjetas Coleccionables,Moderada,Espectador Pasivo,Adulto Joven (25-34)
2460,2026-01-21,14:33:05,35 - 44 Años,Femenino,Guatemala,Villa Nueva,Estudiante,Varias Veces Al Mes,Tienda de barrio,Familia,Q101 - Q150,Mundialitos Queso Picante; FutbolMix; Gol Nachos Supreme,Picante Chapín,Para Compartir Entre 2 Personas,Q21 - Q30,Sí,No,Nueva Zelanda,Probablemente no,Uruguay,Lionel Messi; Lamine Yamal,Premios y sorteos,Tarjetas coleccionables,Sí,Edición Con Jugadores Famosos,Moderada,Espectador Pasivo,Adulto Maduro (35-54)
2461,2026-01-15,18:14:02,Menos De 18 Años,Masculino,Santa Rosa,Cabecera municipal,Ama De Casa,1 A 2 Veces Por Semana,Supermercado,Familia,Q101 - Q150,Caramel Goal Popcorn,Salado Tradicional,Para Compartir Entre 2 Personas,Q16 - Q20,Sí,Sí,Brasil,Definitivamente no,Portugal,Kylian Mbappé; Rodri,Un jugador famoso,Descuento directo,No,Edición Con Jugadores Famosos,Moderada,Espectador Pasivo,Jóvenes (<25)
2462,2026-04-07,07:20:35,25 - 34 Años,Masculino,Chiquimula,Chiquimula,Empleado Privado,Rara Vez,Tienda de barrio,Solo,Q25 - Q50,FutbolMix; Fan Chips Jalapeño; Energy Crunch Protein,Salado Tradicional,Para Compartir Entre 2 Personas,Q21 - Q30,No,Sí,Colombia,Definitivamente sí,México,Federico Valverde; Lionel Messi,Humor,Sorteo de viajes,Sí,Edición Con Jugadores Famosos,Moderada,Casual,Adulto Joven (25-34)
2463,2026-04-10,13:25:58,35 - 44 Años,Masculino,Chiquimula,Otro municipio,Otro,Varias Veces Al Mes,Tienda de barrio,Amigos,Q101 - Q150,CrunchMax BBQ,Queso,Individual,Q16 - Q20,No,Sí,Argentina,Probablemente sí,Brasil,Lionel Messi; Cristiano Ronaldo,Historias de aficionados,Descuento directo,No,Edición Con Tarjetas Coleccionables,Sensible Al Precio,Casual,Adulto Maduro (35-54)
2464,2026-05-05,07:09:14,Menos De 18 Años,Femenino,Guatemala,Guatemala,Profesional Independiente,3 A 5 Veces Por Semana,Otro,Familia,Q25 - Q50,ChocoKick Bites; CrunchMax BBQ; Hot Stadium Peanuts,Picante Chapín,Familiar,Q10 - Q15,No,Sí,Colombia,Probablemente no,Uruguay,Lionel Messi,Una selección nacional,Descuento directo,No,Edición Francia,Moderada,Espectador Pasivo,Jóvenes (<25)
2465,2026-04-13,08:30:26,18 - 24 Años,Masculino,Guatemala,Guatemala,Empleado Público,3 A 5 Veces Por Semana,Supermercado,Familia,Q51 - Q100,Mundialitos Queso Picante; CrunchMax BBQ,Chocolate,Para Compartir Entre 2 Personas,Q21 - Q30,No,No,España,Tal vez,Argentina,Julián Álvarez; Rodri,Una selección nacional,2x1,Sí,Edición Mundial Fifa 2026,Moderada,Espectador Pasivo,Jóvenes (<25)
2466,2026-01-29,17:27:41,Menos De 18 Años,Femenino,Sacatepéquez,Jocotenango,Empleado Privado,3 A 5 Veces Por Semana,Gasolinera,Amigos,Menos De Q25,Energy Crunch Protein; CrunchMax BBQ; Gol Nachos Supreme,Queso,Para Compartir Entre 2 Personas,Q21 - Q30,No,Sí,México,Probablemente sí,Brasil,Lamine Yamal; Vinícius Júnior; Lionel Messi,Premios y sorteos,Descuento directo,No,Edición Argentina,Sensible Al Precio,Casual,Jóvenes (<25)
2467,2026-03-21,10:08:14,25 - 34 Años,Femenino,Guatemala,Mixco,Empleado Privado,Todos Los Días,Gasolinera,Compañeros de trabajo,Q51 - Q100,Gol Nachos Supreme; Fan Chips Jalapeño; Caramel Goal Popcorn,Jalapeño,Individual,Más De Q30,Sí,Sí,Argentina,Tal vez,Argentina,Harry Kane; Christian Pulisic,Una selección nacional,Sorteo de viajes,Sí,Edición Mundial Fifa 2026,Premium Alta,Casual,Adulto Joven (25-34)
2468,2026-03-22,10:28:53,55 Años O Más,Femenino,Guatemala,Mixco,Profesional Independiente,3 A 5 Veces Por Semana,Supermercado,Solo,Q25 - Q50,Hot Stadium Peanuts,Barbacoa,Individual,Q21 - Q30,No,Sí,España,Probablemente sí,México,Lionel Messi; Vinícius Júnior; Kylian Mbappé,Una selección nacional,Sorteo de balones,No,Edición Argentina,Moderada,Casual,Adulto Mayor (55+)
2469,2026-01-16,14:17:54,45 - 54 Años,Masculino,Retalhuleu,Retalhuleu,Comerciante,1 A 2 Veces Por Semana,Supermercado,Amigos,Q25 - Q50,Hot Stadium Peanuts; Gol Nachos Supreme; CrunchMax BBQ,Barbacoa,Individual,Q16 - Q20,No,Sí,Congo DR,Definitivamente sí,Uzbekistán,Lionel Messi; Kylian Mbappé,Historias de aficionados,2x1,Sí,Edición Brasil,Moderada,Casual,Adulto Maduro (35-54)
2470,2026-03-22,09:12:16,35 - 44 Años,Femenino,Chimaltenango,Chimaltenango,Empresario,1 A 2 Veces Por Semana,Tienda de barrio,Amigos,Q25 - Q50,Gol Nachos Supreme; Mundialitos Queso Picante; Caramel Goal Popcorn,Jalapeño,Tamaño Fiesta O Reunión,Q10 - Q15,Sí,Sí,México,Probablemente sí,Argentina,Lionel Messi,Historias de aficionados,Tarjetas coleccionables,No,Edición Con Jugadores Famosos,Moderada,Casual,Adulto Maduro (35-54)
2471,2026-04-11,09:40:53,25 - 34 Años,Masculino,Quiché,Quiché,Comerciante,Todos Los Días,Kiosco escolar/universitario,Familia,Más De Q150,CrunchMax BBQ; Caramel Goal Popcorn,Queso,Para Compartir Entre 2 Personas,Q10 - Q15,No,No,México,Probablemente sí,Portugal,Alphonso Davies,Premios y sorteos,Sorteo de viajes,No,Edición Francia,Sensible Al Precio,Espectador Pasivo,Adulto Joven (25-34)
2472,2026-03-20,11:29:48,25 - 34 Años,Femenino,Guatemala,Villa Nueva,Empleado Privado,3 A 5 Veces Por Semana,Tienda de barrio,Amigos,Q25 - Q50,CrunchMax BBQ; ChocoKick Bites; FutbolMix,Barbacoa,Individual,Q16 - Q20,Sí,Sí,España,Probablemente sí,Argentina,Lionel Messi; Vinícius Júnior; Cristiano Ronaldo,Premios y sorteos,Sorteo de viajes,No,Edición Argentina,Moderada,Casual,Adulto Joven (25-34)
2473,2026-03-12,15:14:10,45 - 54 Años,Femenino,Guatemala,Mixco,Empleado Privado,Varias Veces Al Mes,Aplicación de delivery,Familia,Q25 - Q50,ChocoKick Bites; Fan Chips Jalapeño,Caramelo,Tamaño Fiesta O Reunión,Q16 - Q20,No,Sí,México,Definitivamente sí,Argentina,Lionel Messi,Una selección nacional,2x1,No,Edición Inglaterra,Moderada,Espectador Pasivo,Adulto Maduro (35-54)
2474,2026-02-05,11:12:41,Menos De 18 Años,Femenino,Guatemala,San Miguel Petapa,Estudiante,Varias Veces Al Mes,Supermercado,Solo,Más De Q150,Fan Chips Jalapeño,Chocolate,Tamaño Fiesta O Reunión,Q16 - Q20,Sí,Sí,Colombia,Probablemente no,Brasil,Neymar Jr.,Premios y sorteos,2x1,No,Edición Brasil,Moderada,Espectador Pasivo,Jóvenes (<25)
2475,2026-02-10,13:11:13,18 - 24 Años,Masculino,Guatemala,Mixco,Estudiante,1 A 2 Veces Por Semana,Tienda de barrio,Amigos,Q51 - Q100,Energy Crunch Protein,Salado Tradicional,Para Compartir Entre 2 Personas,Q16 - Q20,Sí,Sí,México,Definitivamente sí,Argentina,Christian Pulisic; Vinícius Júnior; Lamine Yamal,Una selección nacional,2x1,No,Edición Con Tarjetas Coleccionables,Premium Alta,Espectador Pasivo,Jóvenes (<25)
2476,2026-04-20,22:21:22,25 - 34 Años,Masculino,Guatemala,Guatemala,Empleado Privado,Todos Los Días,Supermercado,Familia,Q51 - Q100,Energy Crunch Protein; Gol Nachos Supreme,Queso,Para Compartir Entre 2 Personas,Q10 - Q15,No,Sí,Argentina,Tal vez,Costa de Marfil,Cristiano Ronaldo; Lamine Yamal; Neymar Jr.,Un jugador famoso,2x1,No,Edición Con Tarjetas Coleccionables,Moderada,Espectador Pasivo,Adulto Joven (25-34)
2477,2026-03-01,21:54:09,35 - 44 Años,Masculino,Guatemala,San Miguel Petapa,Empleado Privado,Rara Vez,Tienda de barrio,Familia,Q51 - Q100,Mundialitos Queso Picante; CrunchMax BBQ; Caramel Goal Popcorn,Chocolate,Para Compartir Entre 2 Personas,Q16 - Q20,Sí,Sí,Portugal,Probablemente sí, BRASIL ,Harry Kane; Cristiano Ronaldo,Un jugador famoso,Descuento directo,Sí,Edición España,Premium Alta,Fanático Target (Alto),Adulto Maduro (35-54)
2478,2026-03-10,14:23:30,18 - 24 Años,Femenino,Guatemala, VILLA NUEVA ,Comerciante,1 A 2 Veces Por Semana,Supermercado,Compañeros de trabajo,Q101 - Q150,FutbolMix,Salado Tradicional,Individual,Q10 - Q15,Sí,Sí,Brasil,Tal vez, ESPAÑA ,Cristiano Ronaldo; Federico Valverde,Humor,Descuento directo,Sí,Edición Argentina,Moderada,Casual,Jóvenes (<25)
2479,2026-02-13,22:31:22,45 - 54 Años,Femenino,Jalapa,Otro municipio,Comerciante,3 A 5 Veces Por Semana,Tienda de barrio,Amigos,Menos De Q25,Victory Pretzels; Hot Stadium Peanuts,Limón,Familiar,,No,No,Estados Unidos,Tal vez,Brasil,Vinícius Júnior; Jude Bellingham,Un jugador famoso,Producto gratis,No,Edición Inglaterra,Sensible Al Precio,Espectador Pasivo,Adulto Maduro (35-54)
2480,2026-03-13,22:57:23,35 - 44 Años,Femenino,Chiquimula,Chiquimula,Estudiante,Todos Los Días,Supermercado,Familia,Q25 - Q50,Mundialitos Queso Picante; ChocoKick Bites,Queso,Familiar,Q16 - Q20,Sí,Sí,Alemania,Definitivamente sí,Brasil,Neymar Jr.; Kylian Mbappé; Alphonso Davies,Humor,Sorteo de viajes,Sí,Edición Brasil,Moderada,Casual,Adulto Maduro (35-54)
2481,2026-02-24,22:07:33,18 - 24 Años,Femenino,Guatemala,Mixco,Empleado Privado,Varias Veces Al Mes,Supermercado,Amigos,Q51 - Q100,Gol Nachos Supreme,Salado Tradicional,Familiar,Menos De Q10,Sí,No,Portugal,Probablemente no,Portugal,Lionel Messi; Kylian Mbappé,Humor,2x1,No,Edición Brasil,Premium Alta,Espectador Pasivo,Jóvenes (<25)
2482,2026-01-13,09:14:23,35 - 44 Años,Masculino,Petén,San Benito,Comerciante,Varias Veces Al Mes,Supermercado,Familia,Menos De Q25,CrunchMax BBQ; FutbolMix,Queso,Familiar,Q10 - Q15,No,Sí,Brasil,Probablemente sí,Alemania,Lionel Messi,Una selección nacional,Producto gratis,Sí,Edición Con Tarjetas Coleccionables,Sensible Al Precio,Fanático Target (Alto),Adulto Maduro (35-54)
2483,2026-03-31,07:34:39,35 - 44 Años,Femenino,Chiquimula,Cabecera municipal,Estudiante,Todos Los Días,Supermercado,Amigos,Menos De Q25,Fan Chips Jalapeño; CrunchMax BBQ; Hot Stadium Peanuts,Limón,Familiar,Q16 - Q20,No,Sí,Estados Unidos,Tal vez,Portugal,Lionel Messi,Humor,Sorteo de viajes,Sí,Edición España,Sensible Al Precio,Casual,Adulto Maduro (35-54)
2484,2026-04-15,14:44:36,25 - 34 Años,Femenino,Quetzaltenango,Coatepeque,Comerciante,Varias Veces Al Mes,Supermercado,Amigos,Q51 - Q100,Victory Pretzels; Hot Stadium Peanuts; Energy Crunch Protein,Jalapeño,Tamaño Fiesta O Reunión,Más De Q30,No,Sí,Qatar,Definitivamente no, BRASIL ,Alphonso Davies; Neymar Jr.,Premios y sorteos,Producto gratis,No,Edición Mundial Fifa 2026,Moderada,Espectador Pasivo,Adulto Joven (25-34)
2485,2026-03-21,16:30:35,55 Años O Más,Masculino,Guatemala,Santa Catarina Pinula,Profesional Independiente,3 A 5 Veces Por Semana,Tienda de barrio,Familia,Q101 - Q150,CrunchMax BBQ,Dulce,Tamaño Fiesta O Reunión,Q10 - Q15,Sí,No,Argentina,Definitivamente sí,Brasil,Alphonso Davies; Julián Álvarez; Lionel Messi,Humor,Sorteo de viajes,No,Edición Brasil,Moderada,Espectador Pasivo,Adulto Mayor (55+)
2486,2026-03-04,18:51:39,35 - 44 Años,Femenino,Guatemala,Mixco,Estudiante,Todos Los Días,Supermercado,Familia,Q25 - Q50,ChocoKick Bites,Jalapeño,Familiar,Q21 - Q30,No,Sí,Portugal,Probablemente sí,México,Neymar Jr.,Premios y sorteos,Producto gratis,Sí,Edición Mundial Fifa 2026,Moderada,Fanático Target (Alto),Adulto Maduro (35-54)
2487,2026-01-19,21:36:16,Menos De 18 Años,Prefiero No Indicarlo,Petén,San Benito,Estudiante,3 A 5 Veces Por Semana,Supermercado,Familia,Q25 - Q50,FutbolMix; ChocoKick Bites,Queso,Para Compartir Entre 2 Personas,Q16 - Q20,No,Sí,Argentina,Probablemente no,Marruecos,Lionel Messi,Premios y sorteos,Tarjetas coleccionables,Sí,Edición Con Jugadores Famosos,Moderada,Casual,Jóvenes (<25)
2488,2026-04-16,10:23:46,35 - 44 Años,Femenino,Sacatepéquez,Ciudad Vieja,Empresario,Varias Veces Al Mes,Supermercado,Familia,Menos De Q25,Gol Nachos Supreme; FutbolMix; ChocoKick Bites,Caramelo,Para Compartir Entre 2 Personas,Menos De Q10,Sí,Sí,Irak,Probablemente sí,México,Lamine Yamal; Vinícius Júnior; Cristiano Ronaldo,Una selección nacional,Sorteo de balones,Sí,Edición Con Tarjetas Coleccionables,Moderada,Fanático Target (Alto),Adulto Maduro (35-54)
2489,2026-04-05,07:45:06,Menos De 18 Años,Femenino,Quetzaltenango,Olintepeque,Empleado Privado,1 A 2 Veces Por Semana,Tienda de barrio,Amigos,Menos De Q25,CrunchMax BBQ; Fan Chips Jalapeño,Barbacoa,Familiar,Q21 - Q30,No,Sí,Inglaterra,Probablemente sí,México,Cristiano Ronaldo,Un jugador famoso,Tarjetas coleccionables,No,Edición Inglaterra,Sensible Al Precio,Casual,Jóvenes (<25)
2490,2026-05-07,14:36:58,18 - 24 Años,Masculino,Retalhuleu,Cabecera municipal,Profesional Independiente,Todos Los Días,Tienda de barrio,Familia,Q25 - Q50,Hot Stadium Peanuts; Caramel Goal Popcorn; CrunchMax BBQ,Salado Tradicional,Para Compartir Entre 2 Personas,Más De Q30,Sí,Sí,Estados Unidos,Probablemente sí,Inglaterra,Lionel Messi; Rodri; Cristiano Ronaldo,Un jugador famoso,2x1,Sí,Edición Argentina,Moderada,Fanático Target (Alto),Jóvenes (<25)
2491,2026-04-17,08:43:03,45 - 54 Años,Masculino,Quetzaltenango,Coatepeque,Estudiante,1 A 2 Veces Por Semana,Tienda de barrio,Familia,Q25 - Q50,CrunchMax BBQ,Dulce,Tamaño Fiesta O Reunión,Q16 - Q20,Sí,Sí,Portugal,Probablemente sí,Inglaterra,Lionel Messi,Premios y sorteos,Sorteo de camisetas,Sí,Edición Brasil,Moderada,Fanático Target (Alto),Adulto Maduro (35-54)
2492,2026-02-01,20:53:29,Menos De 18 Años,Femenino,Guatemala,Villa Nueva,Empresario,3 A 5 Veces Por Semana,Tienda de barrio,Familia,Q101 - Q150,Mundialitos Queso Picante,Barbacoa,Para Compartir Entre 2 Personas,Q16 - Q20,Sí,No, FRANCIA ,Probablemente no,Argentina,Vinícius Júnior,Una selección nacional,Descuento directo,Sí,Edición Con Tarjetas Coleccionables,Moderada,Espectador Pasivo,Jóvenes (<25)
2493,2026-01-16,17:55:16,35 - 44 Años,Masculino,Escuintla,Santa Lucía Cotzumalguapa,Estudiante,1 A 2 Veces Por Semana,Aplicación de delivery,Familia,Q51 - Q100,CrunchMax BBQ; FutbolMix,Queso,Individual,Q16 - Q20,No,Sí,Alemania,Tal vez,España,Jude Bellingham; Cristiano Ronaldo; Christian Pulisic,Un jugador famoso,Tarjetas coleccionables,Sí,Edición Brasil,Moderada,Casual,Adulto Maduro (35-54)
2494,2026-04-18,18:24:15,45 - 54 Años,Masculino,Chimaltenango,Chimaltenango,Empleado Privado,Rara Vez,Supermercado,Familia,Menos De Q25,Caramel Goal Popcorn; Victory Pretzels,Picante Chapín,Para Compartir Entre 2 Personas,Q16 - Q20,Sí,Sí,Argentina,Probablemente sí,Canadá,Kylian Mbappé,Historias de aficionados,Producto gratis,Sí,Edición Con Tarjetas Coleccionables,Moderada,Fanático Target (Alto),Adulto Maduro (35-54)
2495,2026-01-31,13:50:29,Menos De 18 Años,Femenino,Guatemala,Santa Catarina Pinula,Empresario,1 A 2 Veces Por Semana,Kiosco escolar/universitario,Amigos,Q101 - Q150,Energy Crunch Protein; CrunchMax BBQ,Chocolate,Familiar,Q10 - Q15,No,Sí,Argentina,Probablemente no,Argentina,Harry Kane,Una selección nacional,2x1,Sí,Edición Con Tarjetas Coleccionables,Sensible Al Precio,Casual,Jóvenes (<25)
2496,2026-02-06,16:04:26,25 - 34 Años,Masculino,Guatemala,Mixco,Empleado Privado,1 A 2 Veces Por Semana,Gasolinera,Familia,Q51 - Q100,Fan Chips Jalapeño; Gol Nachos Supreme; FutbolMix,Picante Chapín,Familiar,Q10 - Q15,Sí,Sí,Brasil,Probablemente no,Brasil,Vinícius Júnior; Kylian Mbappé; Lamine Yamal,Premios y sorteos,Producto gratis,Sí,Edición Brasil,Premium Alta,Casual,Adulto Joven (25-34)
2497,2026-02-07,19:19:55,45 - 54 Años,Masculino,San Marcos,Cabecera municipal,Empresario,1 A 2 Veces Por Semana,Tienda de barrio,Amigos,Q51 - Q100,FutbolMix,Caramelo,Familiar,Q16 - Q20,Sí,Sí,México,Tal vez,Brasil,Lamine Yamal; Jude Bellingham; Neymar Jr.,Premios y sorteos,2x1,No,Edición Con Jugadores Famosos,Premium Alta,Espectador Pasivo,Adulto Maduro (35-54)
2498,2026-02-15,12:58:05,Menos De 18 Años,Masculino,Quetzaltenango,Olintepeque,Profesional Independiente,Rara Vez,Supermercado,Amigos,Menos De Q25,CrunchMax BBQ; Mundialitos Queso Picante; Gol Nachos Supreme,Salado Tradicional,Familiar,Q16 - Q20,Sí,Sí,Argentina,Tal vez,Argentina,Lionel Messi; Neymar Jr.; Jude Bellingham,Humor,Descuento directo,Sí,Edición Francia,Moderada,Casual,Jóvenes (<25)
2499,2026-05-05,13:38:20,45 - 54 Años,Femenino,Guatemala,Santa Catarina Pinula,Empleado Público,Varias Veces Al Mes,Gasolinera,Amigos,Q25 - Q50,CrunchMax BBQ,Dulce,Familiar,Q10 - Q15,Sí,Sí,México,Tal vez,Francia,Neymar Jr.,Un jugador famoso,Tarjetas coleccionables,No,Edición Mundial Fifa 2026,Moderada,Espectador Pasivo,Adulto Maduro (35-54)
2500,2026-02-25,20:53:28,35 - 44 Años,Femenino,Sacatepéquez,Sumpango,Empleado Privado,Todos Los Días,Supermercado,Amigos,Más De Q150,CrunchMax BBQ; Gol Nachos Supreme; Hot Stadium Peanuts,Limón,Para Compartir Entre 2 Personas,Q10 - Q15,No,Sí,Portugal,Definitivamente sí,Portugal,Christian Pulisic; Neymar Jr.; Lionel Messi,Un jugador famoso,2x1,Sí,Edición Inglaterra,Sensible Al Precio,Casual,Adulto Maduro (35-54)
