EncuestaID,RangoEdad,Genero,Departamento,FrecuenciaConsumoSnacks,SaborPreferido,Snack
1,55 Años O Más,Femenino,Guatemala,Varias Veces Al Mes,Dulce,Futbolmix
1,55 Años O Más,Femenino,Guatemala,Varias Veces Al Mes,Dulce,Hot Stadium Peanuts
1,55 Años O Más,Femenino,Guatemala,Varias Veces Al Mes,Dulce,Caramel Goal Popcorn
2,18 - 24 Años,Masculino,Guatemala,1 A 2 Veces Por Semana,Caramelo,Chocokick Bites
2,18 - 24 Años,Masculino,Guatemala,1 A 2 Veces Por Semana,Caramelo,Crunchmax Bbq
3,35 - 44 Años,Masculino,Alta Verapaz,Varias Veces Al Mes,Picante Chapín,Chocokick Bites
3,35 - 44 Años,Masculino,Alta Verapaz,Varias Veces Al Mes,Picante Chapín,Fan Chips Jalapeño
3,35 - 44 Años,Masculino,Alta Verapaz,Varias Veces Al Mes,Picante Chapín,Victory Pretzels
4,25 - 34 Años,Femenino,Guatemala,3 A 5 Veces Por Semana,Limón,Fan Chips Jalapeño
4,25 - 34 Años,Femenino,Guatemala,3 A 5 Veces Por Semana,Limón,Crunchmax Bbq
5,25 - 34 Años,Femenino,Guatemala,Varias Veces Al Mes,Queso,Caramel Goal Popcorn
5,25 - 34 Años,Femenino,Guatemala,Varias Veces Al Mes,Queso,Futbolmix
6,18 - 24 Años,Masculino,Quetzaltenango,1 A 2 Veces Por Semana,Jalapeño,Crunchmax Bbq
7,35 - 44 Años,Masculino,Sacatepéquez,3 A 5 Veces Por Semana,Dulce,Chocokick Bites
8,25 - 34 Años,Prefiero No Indicarlo,Guatemala,3 A 5 Veces Por Semana,Chocolate,Hot Stadium Peanuts
8,25 - 34 Años,Prefiero No Indicarlo,Guatemala,3 A 5 Veces Por Semana,Chocolate,Caramel Goal Popcorn
8,25 - 34 Años,Prefiero No Indicarlo,Guatemala,3 A 5 Veces Por Semana,Chocolate,Fan Chips Jalapeño
9,25 - 34 Años,Femenino,Chimaltenango,Todos Los Días,Dulce,Caramel Goal Popcorn
10,Menos De 18 Años,Femenino,Guatemala,Varias Veces Al Mes,Barbacoa,Energy Crunch Protein
10,Menos De 18 Años,Femenino,Guatemala,Varias Veces Al Mes,Barbacoa,Fan Chips Jalapeño
10,Menos De 18 Años,Femenino,Guatemala,Varias Veces Al Mes,Barbacoa,Gol Nachos Supreme
11,18 - 24 Años,Masculino,Suchitepéquez,Todos Los Días,Queso,Gol Nachos Supreme
12,Menos De 18 Años,Masculino,Quetzaltenango,3 A 5 Veces Por Semana,Limón,Futbolmix
13,25 - 34 Años,Masculino,Chiquimula,3 A 5 Veces Por Semana,Queso,Futbolmix
13,25 - 34 Años,Masculino,Chiquimula,3 A 5 Veces Por Semana,Queso,Gol Nachos Supreme
13,25 - 34 Años,Masculino,Chiquimula,3 A 5 Veces Por Semana,Queso,Caramel Goal Popcorn
14,25 - 34 Años,Femenino,Quiché,3 A 5 Veces Por Semana,Queso,Victory Pretzels
15,18 - 24 Años,Femenino,Retalhuleu,1 A 2 Veces Por Semana,Jalapeño,Energy Crunch Protein
15,18 - 24 Años,Femenino,Retalhuleu,1 A 2 Veces Por Semana,Jalapeño,Crunchmax Bbq
15,18 - 24 Años,Femenino,Retalhuleu,1 A 2 Veces Por Semana,Jalapeño,Chocokick Bites
16,Menos De 18 Años,Femenino,Sacatepéquez,1 A 2 Veces Por Semana,Barbacoa,Chocokick Bites
16,Menos De 18 Años,Femenino,Sacatepéquez,1 A 2 Veces Por Semana,Barbacoa,Futbolmix
17,18 - 24 Años,Femenino,Guatemala,Todos Los Días,Limón,Hot Stadium Peanuts
17,18 - 24 Años,Femenino,Guatemala,Todos Los Días,Limón,Gol Nachos Supreme
17,18 - 24 Años,Femenino,Guatemala,Todos Los Días,Limón,Futbolmix
18,35 - 44 Años,Masculino,Guatemala,1 A 2 Veces Por Semana,Barbacoa,Mundialitos Queso Picante
18,35 - 44 Años,Masculino,Guatemala,1 A 2 Veces Por Semana,Barbacoa,Crunchmax Bbq
19,18 - 24 Años,Femenino,Santa Rosa,1 A 2 Veces Por Semana,Picante Chapín,Crunchmax Bbq
19,18 - 24 Años,Femenino,Santa Rosa,1 A 2 Veces Por Semana,Picante Chapín,Energy Crunch Protein
20,18 - 24 Años,Femenino,Guatemala,Varias Veces Al Mes,Queso,Hot Stadium Peanuts
20,18 - 24 Años,Femenino,Guatemala,Varias Veces Al Mes,Queso,Mundialitos Queso Picante
20,18 - 24 Años,Femenino,Guatemala,Varias Veces Al Mes,Queso,Futbolmix
21,25 - 34 Años,Masculino,Jutiapa,1 A 2 Veces Por Semana,Barbacoa,Chocokick Bites
21,25 - 34 Años,Masculino,Jutiapa,1 A 2 Veces Por Semana,Barbacoa,Futbolmix
21,25 - 34 Años,Masculino,Jutiapa,1 A 2 Veces Por Semana,Barbacoa,Fan Chips Jalapeño
22,25 - 34 Años,Masculino,Jalapa,Todos Los Días,Barbacoa,Fan Chips Jalapeño
22,25 - 34 Años,Masculino,Jalapa,Todos Los Días,Barbacoa,Victory Pretzels
23,25 - 34 Años,Masculino,Guatemala,Todos Los Días,Caramelo,Futbolmix
24,18 - 24 Años,Femenino,Guatemala,Todos Los Días,Queso,Mundialitos Queso Picante
24,18 - 24 Años,Femenino,Guatemala,Todos Los Días,Queso,Chocokick Bites
25,45 - 54 Años,Femenino,Guatemala,3 A 5 Veces Por Semana,Limón,Futbolmix
25,45 - 54 Años,Femenino,Guatemala,3 A 5 Veces Por Semana,Limón,Mundialitos Queso Picante
26,18 - 24 Años,Femenino,Petén,1 A 2 Veces Por Semana,Picante Chapín,Chocokick Bites
26,18 - 24 Años,Femenino,Petén,1 A 2 Veces Por Semana,Picante Chapín,Futbolmix
27,25 - 34 Años,Femenino,Chimaltenango,Todos Los Días,Chocolate,Chocokick Bites
28,25 - 34 Años,Femenino,Chimaltenango,1 A 2 Veces Por Semana,Salado Tradicional,Energy Crunch Protein
29,25 - 34 Años,Masculino,Guatemala,3 A 5 Veces Por Semana,Barbacoa,Gol Nachos Supreme
30,25 - 34 Años,Masculino,Guatemala,Todos Los Días,Dulce,Futbolmix
30,25 - 34 Años,Masculino,Guatemala,Todos Los Días,Dulce,Mundialitos Queso Picante
31,25 - 34 Años,Femenino,Sacatepéquez,Todos Los Días,Picante Chapín,Fan Chips Jalapeño
31,25 - 34 Años,Femenino,Sacatepéquez,Todos Los Días,Picante Chapín,Crunchmax Bbq
32,18 - 24 Años,Masculino,Escuintla,1 A 2 Veces Por Semana,Limón,Victory Pretzels
32,18 - 24 Años,Masculino,Escuintla,1 A 2 Veces Por Semana,Limón,Fan Chips Jalapeño
32,18 - 24 Años,Masculino,Escuintla,1 A 2 Veces Por Semana,Limón,Gol Nachos Supreme
33,18 - 24 Años,Femenino,Escuintla,Todos Los Días,Jalapeño,Mundialitos Queso Picante
33,18 - 24 Años,Femenino,Escuintla,Todos Los Días,Jalapeño,Crunchmax Bbq
33,18 - 24 Años,Femenino,Escuintla,Todos Los Días,Jalapeño,Caramel Goal Popcorn
34,25 - 34 Años,Femenino,Chimaltenango,Varias Veces Al Mes,Barbacoa,Crunchmax Bbq
35,Menos De 18 Años,Masculino,Guatemala,Todos Los Días,Picante Chapín,Fan Chips Jalapeño
36,25 - 34 Años,Masculino,El Progreso,Todos Los Días,Jalapeño,Caramel Goal Popcorn
36,25 - 34 Años,Masculino,El Progreso,Todos Los Días,Jalapeño,Chocokick Bites
37,18 - 24 Años,Femenino,Quiché,3 A 5 Veces Por Semana,,Chocokick Bites
37,18 - 24 Años,Femenino,Quiché,3 A 5 Veces Por Semana,,Mundialitos Queso Picante
37,18 - 24 Años,Femenino,Quiché,3 A 5 Veces Por Semana,,Fan Chips Jalapeño
38,25 - 34 Años,Femenino,Guatemala,Rara Vez,Jalapeño,Futbolmix
38,25 - 34 Años,Femenino,Guatemala,Rara Vez,Jalapeño,Energy Crunch Protein
39,Menos De 18 Años,Masculino,Chiquimula,Todos Los Días,Limón,Chocokick Bites
39,Menos De 18 Años,Masculino,Chiquimula,Todos Los Días,Limón,Caramel Goal Popcorn
39,Menos De 18 Años,Masculino,Chiquimula,Todos Los Días,Limón,Futbolmix
40,45 - 54 Años,Femenino,Quiché,3 A 5 Veces Por Semana,Limón,Fan Chips Jalapeño
40,45 - 54 Años,Femenino,Quiché,3 A 5 Veces Por Semana,Limón,Chocokick Bites
40,45 - 54 Años,Femenino,Quiché,3 A 5 Veces Por Semana,Limón,Futbolmix
41,18 - 24 Años,Femenino,Quetzaltenango,3 A 5 Veces Por Semana,Limón,Mundialitos Queso Picante
42,18 - 24 Años,Femenino,Escuintla,1 A 2 Veces Por Semana,Queso,Hot Stadium Peanuts
42,18 - 24 Años,Femenino,Escuintla,1 A 2 Veces Por Semana,Queso,Caramel Goal Popcorn
43,18 - 24 Años,Femenino,Guatemala,Todos Los Días,Salado Tradicional,Energy Crunch Protein
44,45 - 54 Años,Masculino,Guatemala,1 A 2 Veces Por Semana,Caramelo,Energy Crunch Protein
45,25 - 34 Años,Femenino,Guatemala,Varias Veces Al Mes,Queso,Crunchmax Bbq
45,25 - 34 Años,Femenino,Guatemala,Varias Veces Al Mes,Queso,Mundialitos Queso Picante
45,25 - 34 Años,Femenino,Guatemala,Varias Veces Al Mes,Queso,Caramel Goal Popcorn
46,45 - 54 Años,Masculino,Quetzaltenango,3 A 5 Veces Por Semana,Picante Chapín,Hot Stadium Peanuts
46,45 - 54 Años,Masculino,Quetzaltenango,3 A 5 Veces Por Semana,Picante Chapín,Fan Chips Jalapeño
46,45 - 54 Años,Masculino,Quetzaltenango,3 A 5 Veces Por Semana,Picante Chapín,Futbolmix
47,35 - 44 Años,Masculino,Guatemala,1 A 2 Veces Por Semana,Limón,Fan Chips Jalapeño
47,35 - 44 Años,Masculino,Guatemala,1 A 2 Veces Por Semana,Limón,Gol Nachos Supreme
48,35 - 44 Años,Masculino,Chimaltenango,Todos Los Días,Queso,Crunchmax Bbq
49,45 - 54 Años,Femenino,Totonicapán,Todos Los Días,Queso,Crunchmax Bbq
50,Menos De 18 Años,Prefiero No Indicarlo,Escuintla,Todos Los Días,Dulce,Chocokick Bites
50,Menos De 18 Años,Prefiero No Indicarlo,Escuintla,Todos Los Días,Dulce,Fan Chips Jalapeño
51,18 - 24 Años,Femenino,Chimaltenango,1 A 2 Veces Por Semana,Picante Chapín,Mundialitos Queso Picante
51,18 - 24 Años,Femenino,Chimaltenango,1 A 2 Veces Por Semana,Picante Chapín,Fan Chips Jalapeño
51,18 - 24 Años,Femenino,Chimaltenango,1 A 2 Veces Por Semana,Picante Chapín,Gol Nachos Supreme
52,35 - 44 Años,Masculino,Sololá,Rara Vez,Salado Tradicional,Futbolmix
53,25 - 34 Años,Masculino,Sololá,Varias Veces Al Mes,Queso,Futbolmix
53,25 - 34 Años,Masculino,Sololá,Varias Veces Al Mes,Queso,Crunchmax Bbq
53,25 - 34 Años,Masculino,Sololá,Varias Veces Al Mes,Queso,Gol Nachos Supreme
54,18 - 24 Años,Femenino,Guatemala,1 A 2 Veces Por Semana,Queso,Crunchmax Bbq
54,18 - 24 Años,Femenino,Guatemala,1 A 2 Veces Por Semana,Queso,Gol Nachos Supreme
55,25 - 34 Años,Femenino,Quetzaltenango,Rara Vez,Queso,Victory Pretzels
56,18 - 24 Años,Masculino,Escuintla,3 A 5 Veces Por Semana,Caramelo,Mundialitos Queso Picante
57,55 Años O Más,Femenino,Guatemala,Varias Veces Al Mes,Queso,Chocokick Bites
57,55 Años O Más,Femenino,Guatemala,Varias Veces Al Mes,Queso,Mundialitos Queso Picante
57,55 Años O Más,Femenino,Guatemala,Varias Veces Al Mes,Queso,Gol Nachos Supreme
58,25 - 34 Años,Masculino,Quetzaltenango,Varias Veces Al Mes,Picante Chapín,Crunchmax Bbq
58,25 - 34 Años,Masculino,Quetzaltenango,Varias Veces Al Mes,Picante Chapín,Chocokick Bites
58,25 - 34 Años,Masculino,Quetzaltenango,Varias Veces Al Mes,Picante Chapín,Gol Nachos Supreme
59,18 - 24 Años,Femenino,Guatemala,1 A 2 Veces Por Semana,Jalapeño,Hot Stadium Peanuts
60,45 - 54 Años,Masculino,Guatemala,1 A 2 Veces Por Semana,Picante Chapín,Crunchmax Bbq
61,55 Años O Más,Femenino,Guatemala,3 A 5 Veces Por Semana,Picante Chapín,Crunchmax Bbq
62,55 Años O Más,Masculino,Escuintla,3 A 5 Veces Por Semana,Barbacoa,Hot Stadium Peanuts
63,18 - 24 Años,Femenino,Santa Rosa,Todos Los Días,Picante Chapín,Victory Pretzels
63,18 - 24 Años,Femenino,Santa Rosa,Todos Los Días,Picante Chapín,Chocokick Bites
64,25 - 34 Años,Masculino,San Marcos,3 A 5 Veces Por Semana,Barbacoa,Gol Nachos Supreme
64,25 - 34 Años,Masculino,San Marcos,3 A 5 Veces Por Semana,Barbacoa,Futbolmix
64,25 - 34 Años,Masculino,San Marcos,3 A 5 Veces Por Semana,Barbacoa,Crunchmax Bbq
65,Menos De 18 Años,Femenino,El Progreso,Varias Veces Al Mes,Salado Tradicional,Mundialitos Queso Picante
65,Menos De 18 Años,Femenino,El Progreso,Varias Veces Al Mes,Salado Tradicional,Chocokick Bites
66,25 - 34 Años,Femenino,Guatemala,1 A 2 Veces Por Semana,Limón,Gol Nachos Supreme
67,25 - 34 Años,Femenino,Guatemala,3 A 5 Veces Por Semana,Salado Tradicional,Mundialitos Queso Picante
67,25 - 34 Años,Femenino,Guatemala,3 A 5 Veces Por Semana,Salado Tradicional,Victory Pretzels
67,25 - 34 Años,Femenino,Guatemala,3 A 5 Veces Por Semana,Salado Tradicional,Futbolmix
68,Menos De 18 Años,Femenino,Escuintla,Varias Veces Al Mes,Caramelo,Chocokick Bites
68,Menos De 18 Años,Femenino,Escuintla,Varias Veces Al Mes,Caramelo,Gol Nachos Supreme
69,18 - 24 Años,Masculino,Guatemala,1 A 2 Veces Por Semana,Limón,Futbolmix
70,45 - 54 Años,Masculino,Guatemala,3 A 5 Veces Por Semana,Jalapeño,Futbolmix
70,45 - 54 Años,Masculino,Guatemala,3 A 5 Veces Por Semana,Jalapeño,Fan Chips Jalapeño
71,45 - 54 Años,Femenino,Escuintla,1 A 2 Veces Por Semana,Limón,Futbolmix
72,45 - 54 Años,Femenino,Guatemala,3 A 5 Veces Por Semana,Chocolate,Chocokick Bites
72,45 - 54 Años,Femenino,Guatemala,3 A 5 Veces Por Semana,Chocolate,Victory Pretzels
73,18 - 24 Años,Femenino,Guatemala,1 A 2 Veces Por Semana,Limón,Chocokick Bites
73,18 - 24 Años,Femenino,Guatemala,1 A 2 Veces Por Semana,Limón,Hot Stadium Peanuts
74,18 - 24 Años,Femenino,Guatemala,3 A 5 Veces Por Semana,Salado Tradicional,Fan Chips Jalapeño
75,25 - 34 Años,Masculino,Quetzaltenango,Todos Los Días,Caramelo,Caramel Goal Popcorn
75,25 - 34 Años,Masculino,Quetzaltenango,Todos Los Días,Caramelo,Futbolmix
75,25 - 34 Años,Masculino,Quetzaltenango,Todos Los Días,Caramelo,Mundialitos Queso Picante
76,25 - 34 Años,Femenino,Guatemala,3 A 5 Veces Por Semana,Chocolate,Crunchmax Bbq
77,25 - 34 Años,Masculino,Retalhuleu,Varias Veces Al Mes,Caramelo,Caramel Goal Popcorn
77,25 - 34 Años,Masculino,Retalhuleu,Varias Veces Al Mes,Caramelo,Crunchmax Bbq
77,25 - 34 Años,Masculino,Retalhuleu,Varias Veces Al Mes,Caramelo,Chocokick Bites
78,45 - 54 Años,Femenino,Guatemala,1 A 2 Veces Por Semana,Picante Chapín,Crunchmax Bbq
78,45 - 54 Años,Femenino,Guatemala,1 A 2 Veces Por Semana,Picante Chapín,Mundialitos Queso Picante
79,25 - 34 Años,Femenino,Guatemala,3 A 5 Veces Por Semana,Picante Chapín,Caramel Goal Popcorn
80,25 - 34 Años,Masculino,Guatemala,1 A 2 Veces Por Semana,Salado Tradicional,Gol Nachos Supreme
80,25 - 34 Años,Masculino,Guatemala,1 A 2 Veces Por Semana,Salado Tradicional,Crunchmax Bbq
81,25 - 34 Años,Masculino,Retalhuleu,1 A 2 Veces Por Semana,Caramelo,Futbolmix
81,25 - 34 Años,Masculino,Retalhuleu,1 A 2 Veces Por Semana,Caramelo,Fan Chips Jalapeño
82,45 - 54 Años,Masculino,Guatemala,1 A 2 Veces Por Semana,Jalapeño,Caramel Goal Popcorn
82,45 - 54 Años,Masculino,Guatemala,1 A 2 Veces Por Semana,Jalapeño,Gol Nachos Supreme
83,25 - 34 Años,Femenino,Quetzaltenango,Varias Veces Al Mes,Limón,Gol Nachos Supreme
83,25 - 34 Años,Femenino,Quetzaltenango,Varias Veces Al Mes,Limón,Crunchmax Bbq
83,25 - 34 Años,Femenino,Quetzaltenango,Varias Veces Al Mes,Limón,Futbolmix
84,25 - 34 Años,Femenino,Guatemala,Rara Vez,Barbacoa,Victory Pretzels
84,25 - 34 Años,Femenino,Guatemala,Rara Vez,Barbacoa,Mundialitos Queso Picante
84,25 - 34 Años,Femenino,Guatemala,Rara Vez,Barbacoa,Crunchmax Bbq
85,25 - 34 Años,Femenino,Guatemala,3 A 5 Veces Por Semana,Picante Chapín,Mundialitos Queso Picante
85,25 - 34 Años,Femenino,Guatemala,3 A 5 Veces Por Semana,Picante Chapín,Fan Chips Jalapeño
85,25 - 34 Años,Femenino,Guatemala,3 A 5 Veces Por Semana,Picante Chapín,Futbolmix
86,Menos De 18 Años,Femenino,Quetzaltenango,Varias Veces Al Mes,Picante Chapín,Gol Nachos Supreme
86,Menos De 18 Años,Femenino,Quetzaltenango,Varias Veces Al Mes,Picante Chapín,Hot Stadium Peanuts
87,55 Años O Más,Femenino,Chimaltenango,1 A 2 Veces Por Semana,Queso,Chocokick Bites
87,55 Años O Más,Femenino,Chimaltenango,1 A 2 Veces Por Semana,Queso,Fan Chips Jalapeño
87,55 Años O Más,Femenino,Chimaltenango,1 A 2 Veces Por Semana,Queso,Crunchmax Bbq
88,35 - 44 Años,Masculino,Quetzaltenango,1 A 2 Veces Por Semana,Jalapeño,Crunchmax Bbq
88,35 - 44 Años,Masculino,Quetzaltenango,1 A 2 Veces Por Semana,Jalapeño,Fan Chips Jalapeño
89,Menos De 18 Años,Femenino,Guatemala,3 A 5 Veces Por Semana,Limón,Crunchmax Bbq
89,Menos De 18 Años,Femenino,Guatemala,3 A 5 Veces Por Semana,Limón,Fan Chips Jalapeño
90,55 Años O Más,Femenino,Guatemala,Todos Los Días,Queso,Caramel Goal Popcorn
90,55 Años O Más,Femenino,Guatemala,Todos Los Días,Queso,Fan Chips Jalapeño
90,55 Años O Más,Femenino,Guatemala,Todos Los Días,Queso,Hot Stadium Peanuts
91,18 - 24 Años,Femenino,Petén,3 A 5 Veces Por Semana,Limón,Victory Pretzels
91,18 - 24 Años,Femenino,Petén,3 A 5 Veces Por Semana,Limón,Fan Chips Jalapeño
92,18 - 24 Años,Femenino,Guatemala,3 A 5 Veces Por Semana,Queso,Crunchmax Bbq
93,45 - 54 Años,Masculino,Guatemala,3 A 5 Veces Por Semana,Jalapeño,Victory Pretzels
93,45 - 54 Años,Masculino,Guatemala,3 A 5 Veces Por Semana,Jalapeño,Gol Nachos Supreme
93,45 - 54 Años,Masculino,Guatemala,3 A 5 Veces Por Semana,Jalapeño,Caramel Goal Popcorn
94,35 - 44 Años,Femenino,Guatemala,Todos Los Días,Chocolate,Fan Chips Jalapeño
95,25 - 34 Años,Masculino,Guatemala,Varias Veces Al Mes,Limón,Fan Chips Jalapeño
95,25 - 34 Años,Masculino,Guatemala,Varias Veces Al Mes,Limón,Crunchmax Bbq
96,45 - 54 Años,Masculino,Alta Verapaz,Varias Veces Al Mes,Jalapeño,Energy Crunch Protein
97,25 - 34 Años,Masculino,El Progreso,Todos Los Días,Picante Chapín,Victory Pretzels
97,25 - 34 Años,Masculino,El Progreso,Todos Los Días,Picante Chapín,Crunchmax Bbq
97,25 - 34 Años,Masculino,El Progreso,Todos Los Días,Picante Chapín,Caramel Goal Popcorn
98,35 - 44 Años,Femenino,Guatemala,1 A 2 Veces Por Semana,Limón,Gol Nachos Supreme
98,35 - 44 Años,Femenino,Guatemala,1 A 2 Veces Por Semana,Limón,Mundialitos Queso Picante
99,25 - 34 Años,Femenino,Totonicapán,3 A 5 Veces Por Semana,Picante Chapín,Futbolmix
100,55 Años O Más,Masculino,Escuintla,3 A 5 Veces Por Semana,Barbacoa,Mundialitos Queso Picante
101,18 - 24 Años,Masculino,Escuintla,Varias Veces Al Mes,Limón,Victory Pretzels
101,18 - 24 Años,Masculino,Escuintla,Varias Veces Al Mes,Limón,Mundialitos Queso Picante
101,18 - 24 Años,Masculino,Escuintla,Varias Veces Al Mes,Limón,Fan Chips Jalapeño
102,35 - 44 Años,Femenino,Escuintla,1 A 2 Veces Por Semana,Dulce,Futbolmix
102,35 - 44 Años,Femenino,Escuintla,1 A 2 Veces Por Semana,Dulce,Fan Chips Jalapeño
103,55 Años O Más,Femenino,Alta Verapaz,Todos Los Días,,Fan Chips Jalapeño
104,25 - 34 Años,Masculino,Guatemala,3 A 5 Veces Por Semana,Picante Chapín,Caramel Goal Popcorn
105,35 - 44 Años,Masculino,Guatemala,Todos Los Días,Limón,Chocokick Bites
105,35 - 44 Años,Masculino,Guatemala,Todos Los Días,Limón,Caramel Goal Popcorn
105,35 - 44 Años,Masculino,Guatemala,Todos Los Días,Limón,Crunchmax Bbq
106,35 - 44 Años,Masculino,El Progreso,3 A 5 Veces Por Semana,Barbacoa,Crunchmax Bbq
107,35 - 44 Años,Femenino,Guatemala,Todos Los Días,Queso,Energy Crunch Protein
108,18 - 24 Años,Femenino,Sacatepéquez,1 A 2 Veces Por Semana,Barbacoa,Gol Nachos Supreme
109,18 - 24 Años,Femenino,Guatemala,Varias Veces Al Mes,Queso,Gol Nachos Supreme
109,18 - 24 Años,Femenino,Guatemala,Varias Veces Al Mes,Queso,Chocokick Bites
109,18 - 24 Años,Femenino,Guatemala,Varias Veces Al Mes,Queso,Mundialitos Queso Picante
110,25 - 34 Años,Femenino,Escuintla,Todos Los Días,Barbacoa,Hot Stadium Peanuts
110,25 - 34 Años,Femenino,Escuintla,Todos Los Días,Barbacoa,Fan Chips Jalapeño
110,25 - 34 Años,Femenino,Escuintla,Todos Los Días,Barbacoa,Victory Pretzels
111,Menos De 18 Años,Masculino,Escuintla,Varias Veces Al Mes,Barbacoa,Chocokick Bites
111,Menos De 18 Años,Masculino,Escuintla,Varias Veces Al Mes,Barbacoa,Crunchmax Bbq
111,Menos De 18 Años,Masculino,Escuintla,Varias Veces Al Mes,Barbacoa,Hot Stadium Peanuts
112,25 - 34 Años,Masculino,Alta Verapaz,Todos Los Días,Salado Tradicional,Fan Chips Jalapeño
113,45 - 54 Años,Femenino,Sololá,Todos Los Días,Queso,Gol Nachos Supreme
114,18 - 24 Años,Masculino,Izabal,3 A 5 Veces Por Semana,Salado Tradicional,Caramel Goal Popcorn
114,18 - 24 Años,Masculino,Izabal,3 A 5 Veces Por Semana,Salado Tradicional,Mundialitos Queso Picante
114,18 - 24 Años,Masculino,Izabal,3 A 5 Veces Por Semana,Salado Tradicional,Crunchmax Bbq
115,35 - 44 Años,Femenino,Guatemala,1 A 2 Veces Por Semana,Chocolate,Gol Nachos Supreme
115,35 - 44 Años,Femenino,Guatemala,1 A 2 Veces Por Semana,Chocolate,Futbolmix
116,18 - 24 Años,Femenino,El Progreso,Varias Veces Al Mes,Dulce,Gol Nachos Supreme
116,18 - 24 Años,Femenino,El Progreso,Varias Veces Al Mes,Dulce,Crunchmax Bbq
116,18 - 24 Años,Femenino,El Progreso,Varias Veces Al Mes,Dulce,Chocokick Bites
117,25 - 34 Años,Femenino,Zacapa,Varias Veces Al Mes,Picante Chapín,Mundialitos Queso Picante
117,25 - 34 Años,Femenino,Zacapa,Varias Veces Al Mes,Picante Chapín,Fan Chips Jalapeño
117,25 - 34 Años,Femenino,Zacapa,Varias Veces Al Mes,Picante Chapín,Crunchmax Bbq
118,Menos De 18 Años,Femenino,Guatemala,3 A 5 Veces Por Semana,Barbacoa,Futbolmix
119,18 - 24 Años,Femenino,Guate,Todos Los Días,Queso,Mundialitos Queso Picante
119,18 - 24 Años,Femenino,Guate,Todos Los Días,Queso,Futbolmix
120,18 - 24 Años,Masculino,Guatemala,Varias Veces Al Mes,Jalapeño,Chocokick Bites
120,18 - 24 Años,Masculino,Guatemala,Varias Veces Al Mes,Jalapeño,Futbolmix
120,18 - 24 Años,Masculino,Guatemala,Varias Veces Al Mes,Jalapeño,Mundialitos Queso Picante
121,18 - 24 Años,Femenino,Chiquimula,Todos Los Días,Salado Tradicional,Crunchmax Bbq
122,25 - 34 Años,Masculino,Huehuetenango,Todos Los Días,Salado Tradicional,Fan Chips Jalapeño
122,25 - 34 Años,Masculino,Huehuetenango,Todos Los Días,Salado Tradicional,Victory Pretzels
123,25 - 34 Años,Femenino,Chimaltenango,1 A 2 Veces Por Semana,Chocolate,Mundialitos Queso Picante
123,25 - 34 Años,Femenino,Chimaltenango,1 A 2 Veces Por Semana,Chocolate,Gol Nachos Supreme
124,Menos De 18 Años,Prefiero No Indicarlo,Sacatepéquez,Varias Veces Al Mes,Queso,Fan Chips Jalapeño
124,Menos De 18 Años,Prefiero No Indicarlo,Sacatepéquez,Varias Veces Al Mes,Queso,Mundialitos Queso Picante
124,Menos De 18 Años,Prefiero No Indicarlo,Sacatepéquez,Varias Veces Al Mes,Queso,Victory Pretzels
125,45 - 54 Años,Masculino,Guatemala,Varias Veces Al Mes,Queso,Fan Chips Jalapeño
126,25 - 34 Años,Masculino,Chimaltenango,1 A 2 Veces Por Semana,Chocolate,Caramel Goal Popcorn
127,25 - 34 Años,Masculino,Escuintla,3 A 5 Veces Por Semana,Salado Tradicional,Futbolmix
127,25 - 34 Años,Masculino,Escuintla,3 A 5 Veces Por Semana,Salado Tradicional,Victory Pretzels
127,25 - 34 Años,Masculino,Escuintla,3 A 5 Veces Por Semana,Salado Tradicional,Fan Chips Jalapeño
128,35 - 44 Años,Femenino,Guatemala,Varias Veces Al Mes,Caramelo,Crunchmax Bbq
128,35 - 44 Años,Femenino,Guatemala,Varias Veces Al Mes,Caramelo,Futbolmix
128,35 - 44 Años,Femenino,Guatemala,Varias Veces Al Mes,Caramelo,Gol Nachos Supreme
129,45 - 54 Años,Femenino,Petén,Varias Veces Al Mes,Limón,Victory Pretzels
129,45 - 54 Años,Femenino,Petén,Varias Veces Al Mes,Limón,Crunchmax Bbq
129,45 - 54 Años,Femenino,Petén,Varias Veces Al Mes,Limón,Mundialitos Queso Picante
130,18 - 24 Años,Femenino,Escuintla,1 A 2 Veces Por Semana,Limón,Caramel Goal Popcorn
131,25 - 34 Años,Femenino,Guatemala,3 A 5 Veces Por Semana,Picante Chapín,Mundialitos Queso Picante
132,18 - 24 Años,Masculino,Retalhuleu,Varias Veces Al Mes,Queso,Mundialitos Queso Picante
132,18 - 24 Años,Masculino,Retalhuleu,Varias Veces Al Mes,Queso,Caramel Goal Popcorn
132,18 - 24 Años,Masculino,Retalhuleu,Varias Veces Al Mes,Queso,Gol Nachos Supreme
133,25 - 34 Años,Masculino,Sololá,3 A 5 Veces Por Semana,Caramelo,Crunchmax Bbq
133,25 - 34 Años,Masculino,Sololá,3 A 5 Veces Por Semana,Caramelo,Mundialitos Queso Picante
133,25 - 34 Años,Masculino,Sololá,3 A 5 Veces Por Semana,Caramelo,Fan Chips Jalapeño
134,18 - 24 Años,Masculino,Escuintla,1 A 2 Veces Por Semana,Jalapeño,Gol Nachos Supreme
134,18 - 24 Años,Masculino,Escuintla,1 A 2 Veces Por Semana,Jalapeño,Mundialitos Queso Picante
135,35 - 44 Años,Prefiero No Indicarlo,Alta Verapaz,1 A 2 Veces Por Semana,Salado Tradicional,Caramel Goal Popcorn
135,35 - 44 Años,Prefiero No Indicarlo,Alta Verapaz,1 A 2 Veces Por Semana,Salado Tradicional,Hot Stadium Peanuts
136,18 - 24 Años,Masculino,Zacapa,1 A 2 Veces Por Semana,Salado Tradicional,Mundialitos Queso Picante
136,18 - 24 Años,Masculino,Zacapa,1 A 2 Veces Por Semana,Salado Tradicional,Hot Stadium Peanuts
136,18 - 24 Años,Masculino,Zacapa,1 A 2 Veces Por Semana,Salado Tradicional,Futbolmix
137,45 - 54 Años,Masculino,Quiché,1 A 2 Veces Por Semana,Queso,Gol Nachos Supreme
138,45 - 54 Años,Masculino,Sacatepéquez,3 A 5 Veces Por Semana,Limón,Hot Stadium Peanuts
139,25 - 34 Años,Masculino,Guatemala,1 A 2 Veces Por Semana,Jalapeño,Gol Nachos Supreme
140,45 - 54 Años,Masculino,Guatemala,1 A 2 Veces Por Semana,Jalapeño,Crunchmax Bbq
140,45 - 54 Años,Masculino,Guatemala,1 A 2 Veces Por Semana,Jalapeño,Mundialitos Queso Picante
141,25 - 34 Años,Masculino,Guatemala,Todos Los Días,Queso,Mundialitos Queso Picante
141,25 - 34 Años,Masculino,Guatemala,Todos Los Días,Queso,Fan Chips Jalapeño
142,45 - 54 Años,Masculino,Guatemala,1 A 2 Veces Por Semana,Queso,Futbolmix
142,45 - 54 Años,Masculino,Guatemala,1 A 2 Veces Por Semana,Queso,Chocokick Bites
142,45 - 54 Años,Masculino,Guatemala,1 A 2 Veces Por Semana,Queso,Energy Crunch Protein
143,25 - 34 Años,Masculino,Guatemala,Rara Vez,Barbacoa,Fan Chips Jalapeño
144,35 - 44 Años,Masculino,Quiché,1 A 2 Veces Por Semana,Salado Tradicional,Crunchmax Bbq
145,25 - 34 Años,Masculino,Guatemala,1 A 2 Veces Por Semana,Picante Chapín,Chocokick Bites
146,25 - 34 Años,Femenino,Quetzaltenango,1 A 2 Veces Por Semana,Caramelo,Chocokick Bites
146,25 - 34 Años,Femenino,Quetzaltenango,1 A 2 Veces Por Semana,Caramelo,Hot Stadium Peanuts
147,55 Años O Más,Femenino,Guatemala,Todos Los Días,Barbacoa,Victory Pretzels
148,55 Años O Más,Femenino,Escuintla,Varias Veces Al Mes,Jalapeño,Caramel Goal Popcorn
148,55 Años O Más,Femenino,Escuintla,Varias Veces Al Mes,Jalapeño,Victory Pretzels
148,55 Años O Más,Femenino,Escuintla,Varias Veces Al Mes,Jalapeño,Mundialitos Queso Picante
149,35 - 44 Años,Masculino,Guatemala,1 A 2 Veces Por Semana,Salado Tradicional,Gol Nachos Supreme
149,35 - 44 Años,Masculino,Guatemala,1 A 2 Veces Por Semana,Salado Tradicional,Fan Chips Jalapeño
150,55 Años O Más,Femenino,Sacatepéquez,3 A 5 Veces Por Semana,Picante Chapín,Fan Chips Jalapeño
151,25 - 34 Años,Masculino,Guatemala,Varias Veces Al Mes,Limón,Caramel Goal Popcorn
151,25 - 34 Años,Masculino,Guatemala,Varias Veces Al Mes,Limón,Fan Chips Jalapeño
152,25 - 34 Años,Masculino,Guatemala,Rara Vez,Jalapeño,Hot Stadium Peanuts
152,25 - 34 Años,Masculino,Guatemala,Rara Vez,Jalapeño,Gol Nachos Supreme
152,25 - 34 Años,Masculino,Guatemala,Rara Vez,Jalapeño,Energy Crunch Protein
153,35 - 44 Años,Masculino,Quetzaltenango,1 A 2 Veces Por Semana,Dulce,Crunchmax Bbq
154,25 - 34 Años,Masculino,Chimaltenango,Todos Los Días,Queso,Crunchmax Bbq
154,25 - 34 Años,Masculino,Chimaltenango,Todos Los Días,Queso,Gol Nachos Supreme
155,35 - 44 Años,Masculino,Guatemala,3 A 5 Veces Por Semana,Jalapeño,Mundialitos Queso Picante
155,35 - 44 Años,Masculino,Guatemala,3 A 5 Veces Por Semana,Jalapeño,Futbolmix
156,25 - 34 Años,Femenino,Guatemala,Varias Veces Al Mes,Queso,Crunchmax Bbq
156,25 - 34 Años,Femenino,Guatemala,Varias Veces Al Mes,Queso,Mundialitos Queso Picante
156,25 - 34 Años,Femenino,Guatemala,Varias Veces Al Mes,Queso,Futbolmix
157,25 - 34 Años,Prefiero No Indicarlo,Escuintla,1 A 2 Veces Por Semana,Picante Chapín,Crunchmax Bbq
158,25 - 34 Años,Masculino,Suchitepéquez,3 A 5 Veces Por Semana,Jalapeño,Fan Chips Jalapeño
158,25 - 34 Años,Masculino,Suchitepéquez,3 A 5 Veces Por Semana,Jalapeño,Energy Crunch Protein
159,35 - 44 Años,Femenino,Chimaltenango,1 A 2 Veces Por Semana,Queso,Fan Chips Jalapeño
160,35 - 44 Años,Femenino,Guatemala,Rara Vez,Barbacoa,Hot Stadium Peanuts
160,35 - 44 Años,Femenino,Guatemala,Rara Vez,Barbacoa,Caramel Goal Popcorn
161,35 - 44 Años,Masculino,Huehuetenango,Varias Veces Al Mes,Picante Chapín,Futbolmix
162,25 - 34 Años,Masculino,Guatemala,3 A 5 Veces Por Semana,Barbacoa,Energy Crunch Protein
163,Menos De 18 Años,Femenino,Guatemala,1 A 2 Veces Por Semana,Barbacoa,Futbolmix
163,Menos De 18 Años,Femenino,Guatemala,1 A 2 Veces Por Semana,Barbacoa,Chocokick Bites
163,Menos De 18 Años,Femenino,Guatemala,1 A 2 Veces Por Semana,Barbacoa,Mundialitos Queso Picante
164,Menos De 18 Años,Masculino,Quetzaltenango,3 A 5 Veces Por Semana,Queso,Gol Nachos Supreme
164,Menos De 18 Años,Masculino,Quetzaltenango,3 A 5 Veces Por Semana,Queso,Victory Pretzels
164,Menos De 18 Años,Masculino,Quetzaltenango,3 A 5 Veces Por Semana,Queso,Mundialitos Queso Picante
165,25 - 34 Años,Femenino,Guatemala,1 A 2 Veces Por Semana,Dulce,Gol Nachos Supreme
165,25 - 34 Años,Femenino,Guatemala,1 A 2 Veces Por Semana,Dulce,Mundialitos Queso Picante
166,55 Años O Más,Masculino,Zacapa,Todos Los Días,Picante Chapín,Crunchmax Bbq
166,55 Años O Más,Masculino,Zacapa,Todos Los Días,Picante Chapín,Mundialitos Queso Picante
166,55 Años O Más,Masculino,Zacapa,Todos Los Días,Picante Chapín,Futbolmix
167,18 - 24 Años,Femenino,Guatemala,1 A 2 Veces Por Semana,Dulce,Mundialitos Queso Picante
167,18 - 24 Años,Femenino,Guatemala,1 A 2 Veces Por Semana,Dulce,Gol Nachos Supreme
167,18 - 24 Años,Femenino,Guatemala,1 A 2 Veces Por Semana,Dulce,Crunchmax Bbq
168,18 - 24 Años,Masculino,Chiquimula,3 A 5 Veces Por Semana,Barbacoa,Gol Nachos Supreme
168,18 - 24 Años,Masculino,Chiquimula,3 A 5 Veces Por Semana,Barbacoa,Futbolmix
168,18 - 24 Años,Masculino,Chiquimula,3 A 5 Veces Por Semana,Barbacoa,Crunchmax Bbq
169,18 - 24 Años,Femenino,Guatemala,Varias Veces Al Mes,Limón,Hot Stadium Peanuts
169,18 - 24 Años,Femenino,Guatemala,Varias Veces Al Mes,Limón,Caramel Goal Popcorn
170,35 - 44 Años,Masculino,Guatemala,3 A 5 Veces Por Semana,Queso,Hot Stadium Peanuts
171,25 - 34 Años,Femenino,Alta Verapaz,1 A 2 Veces Por Semana,Picante Chapín,Fan Chips Jalapeño
171,25 - 34 Años,Femenino,Alta Verapaz,1 A 2 Veces Por Semana,Picante Chapín,Chocokick Bites
172,45 - 54 Años,Masculino,Guatemala,1 A 2 Veces Por Semana,Salado Tradicional,Caramel Goal Popcorn
173,Menos De 18 Años,Femenino,Guatemala,Varias Veces Al Mes,Jalapeño,Fan Chips Jalapeño
173,Menos De 18 Años,Femenino,Guatemala,Varias Veces Al Mes,Jalapeño,Mundialitos Queso Picante
173,Menos De 18 Años,Femenino,Guatemala,Varias Veces Al Mes,Jalapeño,Gol Nachos Supreme
174,18 - 24 Años,Femenino,Guatemala,Todos Los Días,Caramelo,Futbolmix
175,Menos De 18 Años,Masculino,San Marcos,Rara Vez,Jalapeño,Mundialitos Queso Picante
176,35 - 44 Años,Femenino,Guatemala,1 A 2 Veces Por Semana,Picante Chapín,Hot Stadium Peanuts
177,35 - 44 Años,Masculino,Petén,Varias Veces Al Mes,Jalapeño,Chocokick Bites
177,35 - 44 Años,Masculino,Petén,Varias Veces Al Mes,Jalapeño,Gol Nachos Supreme
177,35 - 44 Años,Masculino,Petén,Varias Veces Al Mes,Jalapeño,Crunchmax Bbq
178,45 - 54 Años,Femenino,Sacatepéquez,Varias Veces Al Mes,Barbacoa,Gol Nachos Supreme
179,25 - 34 Años,Femenino,Guatemala,Varias Veces Al Mes,Barbacoa,Gol Nachos Supreme
180,25 - 34 Años,Masculino,Guatemala,3 A 5 Veces Por Semana,Dulce,Hot Stadium Peanuts
180,25 - 34 Años,Masculino,Guatemala,3 A 5 Veces Por Semana,Dulce,Victory Pretzels
181,18 - 24 Años,Masculino,Guatemala,3 A 5 Veces Por Semana,Barbacoa,Hot Stadium Peanuts
181,18 - 24 Años,Masculino,Guatemala,3 A 5 Veces Por Semana,Barbacoa,Energy Crunch Protein
181,18 - 24 Años,Masculino,Guatemala,3 A 5 Veces Por Semana,Barbacoa,Chocokick Bites
182,35 - 44 Años,Femenino,Sacatepéquez,3 A 5 Veces Por Semana,Picante Chapín,Mundialitos Queso Picante
182,35 - 44 Años,Femenino,Sacatepéquez,3 A 5 Veces Por Semana,Picante Chapín,Chocokick Bites
183,18 - 24 Años,Masculino,Jalapa,1 A 2 Veces Por Semana,Barbacoa,Crunchmax Bbq
184,25 - 34 Años,Femenino,Petén,1 A 2 Veces Por Semana,Queso,Caramel Goal Popcorn
184,25 - 34 Años,Femenino,Petén,1 A 2 Veces Por Semana,Queso,Victory Pretzels
184,25 - 34 Años,Femenino,Petén,1 A 2 Veces Por Semana,Queso,Crunchmax Bbq
185,Menos De 18 Años,Prefiero No Indicarlo,Guatemala,3 A 5 Veces Por Semana,Limón,Fan Chips Jalapeño
186,45 - 54 Años,Femenino,Guatemala,3 A 5 Veces Por Semana,Picante Chapín,Fan Chips Jalapeño
186,45 - 54 Años,Femenino,Guatemala,3 A 5 Veces Por Semana,Picante Chapín,Hot Stadium Peanuts
186,45 - 54 Años,Femenino,Guatemala,3 A 5 Veces Por Semana,Picante Chapín,Mundialitos Queso Picante
187,55 Años O Más,Masculino,Escuintla,1 A 2 Veces Por Semana,Jalapeño,Gol Nachos Supreme
187,55 Años O Más,Masculino,Escuintla,1 A 2 Veces Por Semana,Jalapeño,Hot Stadium Peanuts
188,25 - 34 Años,Masculino,Santa Rosa,Varias Veces Al Mes,Caramelo,Chocokick Bites
188,25 - 34 Años,Masculino,Santa Rosa,Varias Veces Al Mes,Caramelo,Fan Chips Jalapeño
188,25 - 34 Años,Masculino,Santa Rosa,Varias Veces Al Mes,Caramelo,Crunchmax Bbq
189,18 - 24 Años,Femenino,Zacapa,Rara Vez,Barbacoa,Caramel Goal Popcorn
190,45 - 54 Años,Femenino,Guatemala,Rara Vez,Queso,Chocokick Bites
190,45 - 54 Años,Femenino,Guatemala,Rara Vez,Queso,Fan Chips Jalapeño
190,45 - 54 Años,Femenino,Guatemala,Rara Vez,Queso,Mundialitos Queso Picante
191,18 - 24 Años,Masculino,Escuintla,Todos Los Días,Salado Tradicional,Caramel Goal Popcorn
192,25 - 34 Años,Masculino,Guatemala,1 A 2 Veces Por Semana,Caramelo,Fan Chips Jalapeño
192,25 - 34 Años,Masculino,Guatemala,1 A 2 Veces Por Semana,Caramelo,Crunchmax Bbq
193,25 - 34 Años,Femenino,Baja Verapaz,1 A 2 Veces Por Semana,Barbacoa,Mundialitos Queso Picante
193,25 - 34 Años,Femenino,Baja Verapaz,1 A 2 Veces Por Semana,Barbacoa,Victory Pretzels
193,25 - 34 Años,Femenino,Baja Verapaz,1 A 2 Veces Por Semana,Barbacoa,Futbolmix
194,18 - 24 Años,Masculino,Petén,1 A 2 Veces Por Semana,Barbacoa,Fan Chips Jalapeño
194,18 - 24 Años,Masculino,Petén,1 A 2 Veces Por Semana,Barbacoa,Gol Nachos Supreme
194,18 - 24 Años,Masculino,Petén,1 A 2 Veces Por Semana,Barbacoa,Caramel Goal Popcorn
195,25 - 34 Años,Femenino,Guatemala,Todos Los Días,Limón,Hot Stadium Peanuts
196,18 - 24 Años,Prefiero No Indicarlo,Escuintla,Todos Los Días,Chocolate,Chocokick Bites
196,18 - 24 Años,Prefiero No Indicarlo,Escuintla,Todos Los Días,Chocolate,Mundialitos Queso Picante
197,45 - 54 Años,Femenino,Sacatepéquez,Todos Los Días,Chocolate,Chocokick Bites
198,45 - 54 Años,Masculino,Huehuetenango,Todos Los Días,Limón,Mundialitos Queso Picante
199,45 - 54 Años,Masculino,Izabal,3 A 5 Veces Por Semana,Queso,Fan Chips Jalapeño
199,45 - 54 Años,Masculino,Izabal,3 A 5 Veces Por Semana,Queso,Energy Crunch Protein
199,45 - 54 Años,Masculino,Izabal,3 A 5 Veces Por Semana,Queso,Hot Stadium Peanuts
200,18 - 24 Años,Femenino,Escuintla,1 A 2 Veces Por Semana,Barbacoa,Gol Nachos Supreme
200,18 - 24 Años,Femenino,Escuintla,1 A 2 Veces Por Semana,Barbacoa,Crunchmax Bbq
200,18 - 24 Años,Femenino,Escuintla,1 A 2 Veces Por Semana,Barbacoa,Caramel Goal Popcorn
201,18 - 24 Años,Femenino,Guatemala,3 A 5 Veces Por Semana,Barbacoa,Futbolmix
201,18 - 24 Años,Femenino,Guatemala,3 A 5 Veces Por Semana,Barbacoa,Crunchmax Bbq
202,25 - 34 Años,Femenino,Baja Verapaz,Todos Los Días,Queso,Energy Crunch Protein
203,18 - 24 Años,Femenino,Sololá,1 A 2 Veces Por Semana,Queso,Mundialitos Queso Picante
203,18 - 24 Años,Femenino,Sololá,1 A 2 Veces Por Semana,Queso,Crunchmax Bbq
203,18 - 24 Años,Femenino,Sololá,1 A 2 Veces Por Semana,Queso,Fan Chips Jalapeño
204,35 - 44 Años,Masculino,Escuintla,1 A 2 Veces Por Semana,Limón,Hot Stadium Peanuts
204,35 - 44 Años,Masculino,Escuintla,1 A 2 Veces Por Semana,Limón,Fan Chips Jalapeño
204,35 - 44 Años,Masculino,Escuintla,1 A 2 Veces Por Semana,Limón,Caramel Goal Popcorn
205,Menos De 18 Años,Masculino,Guatemala,3 A 5 Veces Por Semana,Jalapeño,Futbolmix
205,Menos De 18 Años,Masculino,Guatemala,3 A 5 Veces Por Semana,Jalapeño,Gol Nachos Supreme
206,55 Años O Más,Femenino,Guatemala,Todos Los Días,Queso,Energy Crunch Protein
206,55 Años O Más,Femenino,Guatemala,Todos Los Días,Queso,Chocokick Bites
206,55 Años O Más,Femenino,Guatemala,Todos Los Días,Queso,Crunchmax Bbq
207,25 - 34 Años,Femenino,Guatemala,Todos Los Días,Chocolate,Crunchmax Bbq
207,25 - 34 Años,Femenino,Guatemala,Todos Los Días,Chocolate,Fan Chips Jalapeño
207,25 - 34 Años,Femenino,Guatemala,Todos Los Días,Chocolate,Hot Stadium Peanuts
208,35 - 44 Años,Femenino,El Progreso,3 A 5 Veces Por Semana,Barbacoa,Mundialitos Queso Picante
208,35 - 44 Años,Femenino,El Progreso,3 A 5 Veces Por Semana,Barbacoa,Fan Chips Jalapeño
208,35 - 44 Años,Femenino,El Progreso,3 A 5 Veces Por Semana,Barbacoa,Victory Pretzels
209,25 - 34 Años,Femenino,Guatemala,1 A 2 Veces Por Semana,Barbacoa,Crunchmax Bbq
210,45 - 54 Años,Femenino,Guatemala,1 A 2 Veces Por Semana,Queso,Chocokick Bites
210,45 - 54 Años,Femenino,Guatemala,1 A 2 Veces Por Semana,Queso,Mundialitos Queso Picante
210,45 - 54 Años,Femenino,Guatemala,1 A 2 Veces Por Semana,Queso,Fan Chips Jalapeño
211,55 Años O Más,Masculino,Baja Verapaz,Varias Veces Al Mes,Queso,Mundialitos Queso Picante
212,35 - 44 Años,Femenino,Guatemala,3 A 5 Veces Por Semana,Chocolate,Energy Crunch Protein
212,35 - 44 Años,Femenino,Guatemala,3 A 5 Veces Por Semana,Chocolate,Caramel Goal Popcorn
212,35 - 44 Años,Femenino,Guatemala,3 A 5 Veces Por Semana,Chocolate,Gol Nachos Supreme
213,25 - 34 Años,Masculino,Guatemala,3 A 5 Veces Por Semana,Jalapeño,Gol Nachos Supreme
214,25 - 34 Años,Masculino,Guatemala,1 A 2 Veces Por Semana,Limón,Gol Nachos Supreme
215,45 - 54 Años,Masculino,Escuintla,1 A 2 Veces Por Semana,Salado Tradicional,Victory Pretzels
215,45 - 54 Años,Masculino,Escuintla,1 A 2 Veces Por Semana,Salado Tradicional,Chocokick Bites
216,18 - 24 Años,Femenino,Guatemala,1 A 2 Veces Por Semana,Limón,Chocokick Bites
216,18 - 24 Años,Femenino,Guatemala,1 A 2 Veces Por Semana,Limón,Fan Chips Jalapeño
216,18 - 24 Años,Femenino,Guatemala,1 A 2 Veces Por Semana,Limón,Hot Stadium Peanuts
217,45 - 54 Años,Femenino,Escuintla,1 A 2 Veces Por Semana,Jalapeño,Crunchmax Bbq
217,45 - 54 Años,Femenino,Escuintla,1 A 2 Veces Por Semana,Jalapeño,Gol Nachos Supreme
218,45 - 54 Años,Masculino,Guatemala,Rara Vez,Barbacoa,Gol Nachos Supreme
219,35 - 44 Años,Femenino,Chimaltenango,Todos Los Días,Limón,Fan Chips Jalapeño
220,18 - 24 Años,Femenino,Alta Verapaz,Varias Veces Al Mes,Queso,Crunchmax Bbq
221,18 - 24 Años,Femenino,Escuintla,3 A 5 Veces Por Semana,Limón,Mundialitos Queso Picante
221,18 - 24 Años,Femenino,Escuintla,3 A 5 Veces Por Semana,Limón,Futbolmix
222,55 Años O Más,Masculino,Guatemala,1 A 2 Veces Por Semana,Picante Chapín,Victory Pretzels
222,55 Años O Más,Masculino,Guatemala,1 A 2 Veces Por Semana,Picante Chapín,Mundialitos Queso Picante
223,Menos De 18 Años,Femenino,Guatemala,3 A 5 Veces Por Semana,Barbacoa,Gol Nachos Supreme
224,35 - 44 Años,Masculino,Chimaltenango,Todos Los Días,Picante Chapín,Fan Chips Jalapeño
224,35 - 44 Años,Masculino,Chimaltenango,Todos Los Días,Picante Chapín,Mundialitos Queso Picante
225,25 - 34 Años,Masculino,Guatemala,1 A 2 Veces Por Semana,Picante Chapín,Mundialitos Queso Picante
225,25 - 34 Años,Masculino,Guatemala,1 A 2 Veces Por Semana,Picante Chapín,Fan Chips Jalapeño
225,25 - 34 Años,Masculino,Guatemala,1 A 2 Veces Por Semana,Picante Chapín,Futbolmix
226,35 - 44 Años,Femenino,Guatemala,3 A 5 Veces Por Semana,Salado Tradicional,Gol Nachos Supreme
226,35 - 44 Años,Femenino,Guatemala,3 A 5 Veces Por Semana,Salado Tradicional,Futbolmix
226,35 - 44 Años,Femenino,Guatemala,3 A 5 Veces Por Semana,Salado Tradicional,Caramel Goal Popcorn
227,35 - 44 Años,Masculino,Alta Verapaz,Varias Veces Al Mes,Salado Tradicional,Fan Chips Jalapeño
228,35 - 44 Años,Femenino,Chimaltenango,Todos Los Días,Jalapeño,Crunchmax Bbq
229,45 - 54 Años,Femenino,Jalapa,1 A 2 Veces Por Semana,Barbacoa,Energy Crunch Protein
230,Menos De 18 Años,Masculino,Guatemala,Todos Los Días,Chocolate,Hot Stadium Peanuts
230,Menos De 18 Años,Masculino,Guatemala,Todos Los Días,Chocolate,Gol Nachos Supreme
231,25 - 34 Años,Femenino,Guatemala,Todos Los Días,Picante Chapín,Energy Crunch Protein
231,25 - 34 Años,Femenino,Guatemala,Todos Los Días,Picante Chapín,Hot Stadium Peanuts
231,25 - 34 Años,Femenino,Guatemala,Todos Los Días,Picante Chapín,Gol Nachos Supreme
232,Menos De 18 Años,Prefiero No Indicarlo,Escuintla,3 A 5 Veces Por Semana,Limón,Energy Crunch Protein
232,Menos De 18 Años,Prefiero No Indicarlo,Escuintla,3 A 5 Veces Por Semana,Limón,Crunchmax Bbq
233,18 - 24 Años,Masculino,Sacatepéquez,Varias Veces Al Mes,Queso,Hot Stadium Peanuts
233,18 - 24 Años,Masculino,Sacatepéquez,Varias Veces Al Mes,Queso,Mundialitos Queso Picante
234,25 - 34 Años,Masculino,Chimaltenango,1 A 2 Veces Por Semana,Jalapeño,Energy Crunch Protein
234,25 - 34 Años,Masculino,Chimaltenango,1 A 2 Veces Por Semana,Jalapeño,Hot Stadium Peanuts
235,25 - 34 Años,Prefiero No Indicarlo,Guatemala,Varias Veces Al Mes,Limón,Fan Chips Jalapeño
235,25 - 34 Años,Prefiero No Indicarlo,Guatemala,Varias Veces Al Mes,Limón,Gol Nachos Supreme
236,18 - 24 Años,Masculino,Guatemala,3 A 5 Veces Por Semana,Picante Chapín,Energy Crunch Protein
237,45 - 54 Años,Masculino,Guatemala,Varias Veces Al Mes,Dulce,Mundialitos Queso Picante
237,45 - 54 Años,Masculino,Guatemala,Varias Veces Al Mes,Dulce,Chocokick Bites
238,25 - 34 Años,Masculino,Guatemala,Varias Veces Al Mes,Jalapeño,Fan Chips Jalapeño
238,25 - 34 Años,Masculino,Guatemala,Varias Veces Al Mes,Jalapeño,Mundialitos Queso Picante
238,25 - 34 Años,Masculino,Guatemala,Varias Veces Al Mes,Jalapeño,Energy Crunch Protein
239,35 - 44 Años,Masculino,Guatemala,Todos Los Días,Picante Chapín,Crunchmax Bbq
239,35 - 44 Años,Masculino,Guatemala,Todos Los Días,Picante Chapín,Mundialitos Queso Picante
240,18 - 24 Años,Femenino,Guatemala,3 A 5 Veces Por Semana,Queso,Crunchmax Bbq
240,18 - 24 Años,Femenino,Guatemala,3 A 5 Veces Por Semana,Queso,Futbolmix
240,18 - 24 Años,Femenino,Guatemala,3 A 5 Veces Por Semana,Queso,Mundialitos Queso Picante
241,25 - 34 Años,Femenino,Guatemala,3 A 5 Veces Por Semana,Salado Tradicional,Caramel Goal Popcorn
241,25 - 34 Años,Femenino,Guatemala,3 A 5 Veces Por Semana,Salado Tradicional,Victory Pretzels
242,18 - 24 Años,Masculino,Guatemala,Todos Los Días,Queso,Gol Nachos Supreme
242,18 - 24 Años,Masculino,Guatemala,Todos Los Días,Queso,Mundialitos Queso Picante
242,18 - 24 Años,Masculino,Guatemala,Todos Los Días,Queso,Energy Crunch Protein
243,25 - 34 Años,Femenino,Guatemala,3 A 5 Veces Por Semana,Picante Chapín,Chocokick Bites
243,25 - 34 Años,Femenino,Guatemala,3 A 5 Veces Por Semana,Picante Chapín,Mundialitos Queso Picante
244,25 - 34 Años,Femenino,Guatemala,3 A 5 Veces Por Semana,Jalapeño,Futbolmix
244,25 - 34 Años,Femenino,Guatemala,3 A 5 Veces Por Semana,Jalapeño,Fan Chips Jalapeño
245,45 - 54 Años,Prefiero No Indicarlo,Quetzaltenango,Todos Los Días,Limón,Crunchmax Bbq
245,45 - 54 Años,Prefiero No Indicarlo,Quetzaltenango,Todos Los Días,Limón,Energy Crunch Protein
245,45 - 54 Años,Prefiero No Indicarlo,Quetzaltenango,Todos Los Días,Limón,Chocokick Bites
246,35 - 44 Años,Femenino,Guatemala,Varias Veces Al Mes,Jalapeño,Chocokick Bites
247,25 - 34 Años,Femenino,Huehuetenango,3 A 5 Veces Por Semana,Barbacoa,Hot Stadium Peanuts
247,25 - 34 Años,Femenino,Huehuetenango,3 A 5 Veces Por Semana,Barbacoa,Victory Pretzels
248,25 - 34 Años,Femenino,Guatemala,Todos Los Días,Jalapeño,Victory Pretzels
249,45 - 54 Años,Masculino,Quetzaltenango,Varias Veces Al Mes,Chocolate,Energy Crunch Protein
250,45 - 54 Años,Masculino,Quetzaltenango,1 A 2 Veces Por Semana,Limón,Futbolmix
251,25 - 34 Años,Femenino,Guatemala,1 A 2 Veces Por Semana,Picante Chapín,Mundialitos Queso Picante
251,25 - 34 Años,Femenino,Guatemala,1 A 2 Veces Por Semana,Picante Chapín,Futbolmix
251,25 - 34 Años,Femenino,Guatemala,1 A 2 Veces Por Semana,Picante Chapín,Gol Nachos Supreme
252,55 Años O Más,Femenino,Guatemala,3 A 5 Veces Por Semana,Dulce,Victory Pretzels
252,55 Años O Más,Femenino,Guatemala,3 A 5 Veces Por Semana,Dulce,Crunchmax Bbq
253,25 - 34 Años,Femenino,Chimaltenango,3 A 5 Veces Por Semana,Jalapeño,Hot Stadium Peanuts
253,25 - 34 Años,Femenino,Chimaltenango,3 A 5 Veces Por Semana,Jalapeño,Fan Chips Jalapeño
254,25 - 34 Años,Masculino,Guatemala,1 A 2 Veces Por Semana,Caramelo,Gol Nachos Supreme
254,25 - 34 Años,Masculino,Guatemala,1 A 2 Veces Por Semana,Caramelo,Mundialitos Queso Picante
254,25 - 34 Años,Masculino,Guatemala,1 A 2 Veces Por Semana,Caramelo,Energy Crunch Protein
255,55 Años O Más,Masculino,Guatemala,1 A 2 Veces Por Semana,Queso,Gol Nachos Supreme
255,55 Años O Más,Masculino,Guatemala,1 A 2 Veces Por Semana,Queso,Fan Chips Jalapeño
256,45 - 54 Años,Masculino,Santa Rosa,1 A 2 Veces Por Semana,Queso,Crunchmax Bbq
256,45 - 54 Años,Masculino,Santa Rosa,1 A 2 Veces Por Semana,Queso,Energy Crunch Protein
257,25 - 34 Años,Femenino,Guatemala,Todos Los Días,Limón,Fan Chips Jalapeño
257,25 - 34 Años,Femenino,Guatemala,Todos Los Días,Limón,Caramel Goal Popcorn
257,25 - 34 Años,Femenino,Guatemala,Todos Los Días,Limón,Futbolmix
258,45 - 54 Años,Femenino,Zacapa,3 A 5 Veces Por Semana,Queso,Mundialitos Queso Picante
258,45 - 54 Años,Femenino,Zacapa,3 A 5 Veces Por Semana,Queso,Caramel Goal Popcorn
259,25 - 34 Años,Femenino,Guatemala,Rara Vez,Limón,Fan Chips Jalapeño
259,25 - 34 Años,Femenino,Guatemala,Rara Vez,Limón,Mundialitos Queso Picante
259,25 - 34 Años,Femenino,Guatemala,Rara Vez,Limón,Chocokick Bites
260,45 - 54 Años,Masculino,Sacatepéquez,Todos Los Días,Barbacoa,Futbolmix
261,55 Años O Más,Masculino,Chimaltenango,1 A 2 Veces Por Semana,Chocolate,Chocokick Bites
261,55 Años O Más,Masculino,Chimaltenango,1 A 2 Veces Por Semana,Chocolate,Gol Nachos Supreme
262,35 - 44 Años,Masculino,Quetzaltenango,Varias Veces Al Mes,Chocolate,Fan Chips Jalapeño
262,35 - 44 Años,Masculino,Quetzaltenango,Varias Veces Al Mes,Chocolate,Hot Stadium Peanuts
262,35 - 44 Años,Masculino,Quetzaltenango,Varias Veces Al Mes,Chocolate,Mundialitos Queso Picante
263,35 - 44 Años,Masculino,Chimaltenango,3 A 5 Veces Por Semana,Limón,Crunchmax Bbq
263,35 - 44 Años,Masculino,Chimaltenango,3 A 5 Veces Por Semana,Limón,Mundialitos Queso Picante
263,35 - 44 Años,Masculino,Chimaltenango,3 A 5 Veces Por Semana,Limón,Energy Crunch Protein
264,25 - 34 Años,Masculino,Guatemala,Todos Los Días,Chocolate,Mundialitos Queso Picante
264,25 - 34 Años,Masculino,Guatemala,Todos Los Días,Chocolate,Gol Nachos Supreme
264,25 - 34 Años,Masculino,Guatemala,Todos Los Días,Chocolate,Chocokick Bites
265,35 - 44 Años,Masculino,Huehuetenango,Rara Vez,Chocolate,Gol Nachos Supreme
265,35 - 44 Años,Masculino,Huehuetenango,Rara Vez,Chocolate,Hot Stadium Peanuts
265,35 - 44 Años,Masculino,Huehuetenango,Rara Vez,Chocolate,Caramel Goal Popcorn
266,45 - 54 Años,Masculino,Sololá,Todos Los Días,Limón,Caramel Goal Popcorn
266,45 - 54 Años,Masculino,Sololá,Todos Los Días,Limón,Mundialitos Queso Picante
266,45 - 54 Años,Masculino,Sololá,Todos Los Días,Limón,Gol Nachos Supreme
267,35 - 44 Años,Masculino,Jutiapa,Varias Veces Al Mes,Dulce,Chocokick Bites
267,35 - 44 Años,Masculino,Jutiapa,Varias Veces Al Mes,Dulce,Gol Nachos Supreme
267,35 - 44 Años,Masculino,Jutiapa,Varias Veces Al Mes,Dulce,Futbolmix
268,25 - 34 Años,Femenino,Guatemala,3 A 5 Veces Por Semana,Chocolate,Futbolmix
269,25 - 34 Años,Masculino,Guatemala,3 A 5 Veces Por Semana,Barbacoa,Crunchmax Bbq
269,25 - 34 Años,Masculino,Guatemala,3 A 5 Veces Por Semana,Barbacoa,Energy Crunch Protein
270,18 - 24 Años,Femenino,Huehuetenango,1 A 2 Veces Por Semana,Picante Chapín,Energy Crunch Protein
270,18 - 24 Años,Femenino,Huehuetenango,1 A 2 Veces Por Semana,Picante Chapín,Caramel Goal Popcorn
271,35 - 44 Años,Femenino,Guatemala,Varias Veces Al Mes,Queso,Chocokick Bites
272,25 - 34 Años,Femenino,Guatemala,Varias Veces Al Mes,Salado Tradicional,Fan Chips Jalapeño
272,25 - 34 Años,Femenino,Guatemala,Varias Veces Al Mes,Salado Tradicional,Chocokick Bites
273,55 Años O Más,Femenino,Baja Verapaz,Varias Veces Al Mes,Chocolate,Caramel Goal Popcorn
273,55 Años O Más,Femenino,Baja Verapaz,Varias Veces Al Mes,Chocolate,Futbolmix
273,55 Años O Más,Femenino,Baja Verapaz,Varias Veces Al Mes,Chocolate,Mundialitos Queso Picante
274,45 - 54 Años,Femenino,Escuintla,Todos Los Días,Queso,Futbolmix
274,45 - 54 Años,Femenino,Escuintla,Todos Los Días,Queso,Crunchmax Bbq
274,45 - 54 Años,Femenino,Escuintla,Todos Los Días,Queso,Mundialitos Queso Picante
275,55 Años O Más,Femenino,Guatemala,Rara Vez,Barbacoa,Gol Nachos Supreme
275,55 Años O Más,Femenino,Guatemala,Rara Vez,Barbacoa,Crunchmax Bbq
275,55 Años O Más,Femenino,Guatemala,Rara Vez,Barbacoa,Caramel Goal Popcorn
276,18 - 24 Años,Femenino,Escuintla,Varias Veces Al Mes,Picante Chapín,Caramel Goal Popcorn
276,18 - 24 Años,Femenino,Escuintla,Varias Veces Al Mes,Picante Chapín,Crunchmax Bbq
276,18 - 24 Años,Femenino,Escuintla,Varias Veces Al Mes,Picante Chapín,Hot Stadium Peanuts
277,35 - 44 Años,Masculino,Guatemala,1 A 2 Veces Por Semana,Barbacoa,Crunchmax Bbq
277,35 - 44 Años,Masculino,Guatemala,1 A 2 Veces Por Semana,Barbacoa,Chocokick Bites
277,35 - 44 Años,Masculino,Guatemala,1 A 2 Veces Por Semana,Barbacoa,Fan Chips Jalapeño
278,18 - 24 Años,Femenino,Guatemala,3 A 5 Veces Por Semana,Queso,Victory Pretzels
278,18 - 24 Años,Femenino,Guatemala,3 A 5 Veces Por Semana,Queso,Gol Nachos Supreme
279,Menos De 18 Años,Femenino,El Progreso,Varias Veces Al Mes,Salado Tradicional,Caramel Goal Popcorn
279,Menos De 18 Años,Femenino,El Progreso,Varias Veces Al Mes,Salado Tradicional,Mundialitos Queso Picante
280,35 - 44 Años,Masculino,Santa Rosa,1 A 2 Veces Por Semana,Dulce,Futbolmix
280,35 - 44 Años,Masculino,Santa Rosa,1 A 2 Veces Por Semana,Dulce,Crunchmax Bbq
280,35 - 44 Años,Masculino,Santa Rosa,1 A 2 Veces Por Semana,Dulce,Mundialitos Queso Picante
281,45 - 54 Años,Masculino,Guatemala,Rara Vez,Picante Chapín,Hot Stadium Peanuts
281,45 - 54 Años,Masculino,Guatemala,Rara Vez,Picante Chapín,Caramel Goal Popcorn
281,45 - 54 Años,Masculino,Guatemala,Rara Vez,Picante Chapín,Chocokick Bites
282,18 - 24 Años,Femenino,Huehuetenango,Todos Los Días,Queso,Fan Chips Jalapeño
282,18 - 24 Años,Femenino,Huehuetenango,Todos Los Días,Queso,Energy Crunch Protein
282,18 - 24 Años,Femenino,Huehuetenango,Todos Los Días,Queso,Hot Stadium Peanuts
283,Menos De 18 Años,Masculino,Guatemala,3 A 5 Veces Por Semana,Caramelo,Hot Stadium Peanuts
284,45 - 54 Años,Femenino,Guatemala,Varias Veces Al Mes,Barbacoa,Hot Stadium Peanuts
284,45 - 54 Años,Femenino,Guatemala,Varias Veces Al Mes,Barbacoa,Victory Pretzels
284,45 - 54 Años,Femenino,Guatemala,Varias Veces Al Mes,Barbacoa,Mundialitos Queso Picante
285,Menos De 18 Años,Femenino,Sololá,Todos Los Días,,Crunchmax Bbq
286,Menos De 18 Años,Femenino,Escuintla,Todos Los Días,Chocolate,Crunchmax Bbq
286,Menos De 18 Años,Femenino,Escuintla,Todos Los Días,Chocolate,Fan Chips Jalapeño
286,Menos De 18 Años,Femenino,Escuintla,Todos Los Días,Chocolate,Gol Nachos Supreme
287,Menos De 18 Años,Masculino,Escuintla,3 A 5 Veces Por Semana,Salado Tradicional,Hot Stadium Peanuts
287,Menos De 18 Años,Masculino,Escuintla,3 A 5 Veces Por Semana,Salado Tradicional,Fan Chips Jalapeño
287,Menos De 18 Años,Masculino,Escuintla,3 A 5 Veces Por Semana,Salado Tradicional,Gol Nachos Supreme
288,18 - 24 Años,Masculino,Guatemala,Varias Veces Al Mes,Jalapeño,Crunchmax Bbq
288,18 - 24 Años,Masculino,Guatemala,Varias Veces Al Mes,Jalapeño,Hot Stadium Peanuts
289,35 - 44 Años,Masculino,Quetzaltenango,3 A 5 Veces Por Semana,Chocolate,Mundialitos Queso Picante
290,Menos De 18 Años,Masculino,Guatemala,1 A 2 Veces Por Semana,Chocolate,Fan Chips Jalapeño
290,Menos De 18 Años,Masculino,Guatemala,1 A 2 Veces Por Semana,Chocolate,Caramel Goal Popcorn
290,Menos De 18 Años,Masculino,Guatemala,1 A 2 Veces Por Semana,Chocolate,Crunchmax Bbq
291,35 - 44 Años,Masculino,Baja Verapaz,Todos Los Días,,Hot Stadium Peanuts
291,35 - 44 Años,Masculino,Baja Verapaz,Todos Los Días,,Crunchmax Bbq
1595,55 Años O Más,Femenino,Guatemala,Varias Veces Al Mes,Barbacoa,Futbolmix
1595,55 Años O Más,Femenino,Guatemala,Varias Veces Al Mes,Barbacoa,Chocokick Bites
293,35 - 44 Años,Masculino,Guatemala,3 A 5 Veces Por Semana,Chocolate,Fan Chips Jalapeño
293,35 - 44 Años,Masculino,Guatemala,3 A 5 Veces Por Semana,Chocolate,Gol Nachos Supreme
293,35 - 44 Años,Masculino,Guatemala,3 A 5 Veces Por Semana,Chocolate,Chocokick Bites
294,35 - 44 Años,Prefiero No Indicarlo,Guatemala,Rara Vez,Dulce,Hot Stadium Peanuts
294,35 - 44 Años,Prefiero No Indicarlo,Guatemala,Rara Vez,Dulce,Crunchmax Bbq
295,Menos De 18 Años,Femenino,Guatemala,Varias Veces Al Mes,Barbacoa,Fan Chips Jalapeño
296,35 - 44 Años,Femenino,Quetzaltenango,Varias Veces Al Mes,Dulce,Fan Chips Jalapeño
296,35 - 44 Años,Femenino,Quetzaltenango,Varias Veces Al Mes,Dulce,Gol Nachos Supreme
297,18 - 24 Años,Femenino,Guatemala,1 A 2 Veces Por Semana,Picante Chapín,Futbolmix
297,18 - 24 Años,Femenino,Guatemala,1 A 2 Veces Por Semana,Picante Chapín,Crunchmax Bbq
297,18 - 24 Años,Femenino,Guatemala,1 A 2 Veces Por Semana,Picante Chapín,Energy Crunch Protein
298,18 - 24 Años,Masculino,El Progreso,1 A 2 Veces Por Semana,Picante Chapín,Caramel Goal Popcorn
298,18 - 24 Años,Masculino,El Progreso,1 A 2 Veces Por Semana,Picante Chapín,Hot Stadium Peanuts
298,18 - 24 Años,Masculino,El Progreso,1 A 2 Veces Por Semana,Picante Chapín,Chocokick Bites
299,25 - 34 Años,Masculino,Guatemala,Todos Los Días,Jalapeño,Caramel Goal Popcorn
299,25 - 34 Años,Masculino,Guatemala,Todos Los Días,Jalapeño,Mundialitos Queso Picante
299,25 - 34 Años,Masculino,Guatemala,Todos Los Días,Jalapeño,Chocokick Bites
300,55 Años O Más,Masculino,Guatemala,Todos Los Días,Limón,Caramel Goal Popcorn
301,45 - 54 Años,Femenino,Chiquimula,Varias Veces Al Mes,Barbacoa,Chocokick Bites
301,45 - 54 Años,Femenino,Chiquimula,Varias Veces Al Mes,Barbacoa,Hot Stadium Peanuts
302,45 - 54 Años,Femenino,Guatemala,1 A 2 Veces Por Semana,Dulce,Futbolmix
302,45 - 54 Años,Femenino,Guatemala,1 A 2 Veces Por Semana,Dulce,Hot Stadium Peanuts
302,45 - 54 Años,Femenino,Guatemala,1 A 2 Veces Por Semana,Dulce,Caramel Goal Popcorn
303,25 - 34 Años,Femenino,Guatemala,3 A 5 Veces Por Semana,Queso,Victory Pretzels
303,25 - 34 Años,Femenino,Guatemala,3 A 5 Veces Por Semana,Queso,Mundialitos Queso Picante
303,25 - 34 Años,Femenino,Guatemala,3 A 5 Veces Por Semana,Queso,Futbolmix
304,45 - 54 Años,Prefiero No Indicarlo,Guatemala,3 A 5 Veces Por Semana,Jalapeño,Hot Stadium Peanuts
304,45 - 54 Años,Prefiero No Indicarlo,Guatemala,3 A 5 Veces Por Semana,Jalapeño,Caramel Goal Popcorn
305,18 - 24 Años,Masculino,Guatemala,Rara Vez,Limón,Chocokick Bites
305,18 - 24 Años,Masculino,Guatemala,Rara Vez,Limón,Gol Nachos Supreme
306,18 - 24 Años,Femenino,Chiquimula,3 A 5 Veces Por Semana,Picante Chapín,Mundialitos Queso Picante
306,18 - 24 Años,Femenino,Chiquimula,3 A 5 Veces Por Semana,Picante Chapín,Crunchmax Bbq
306,18 - 24 Años,Femenino,Chiquimula,3 A 5 Veces Por Semana,Picante Chapín,Hot Stadium Peanuts
307,35 - 44 Años,Masculino,Quetzaltenango,1 A 2 Veces Por Semana,Picante Chapín,Fan Chips Jalapeño
307,35 - 44 Años,Masculino,Quetzaltenango,1 A 2 Veces Por Semana,Picante Chapín,Energy Crunch Protein
308,Menos De 18 Años,Masculino,Guatemala,Todos Los Días,Picante Chapín,Mundialitos Queso Picante
308,Menos De 18 Años,Masculino,Guatemala,Todos Los Días,Picante Chapín,Chocokick Bites
308,Menos De 18 Años,Masculino,Guatemala,Todos Los Días,Picante Chapín,Fan Chips Jalapeño
309,18 - 24 Años,Femenino,Quetzaltenango,3 A 5 Veces Por Semana,Dulce,Futbolmix
309,18 - 24 Años,Femenino,Quetzaltenango,3 A 5 Veces Por Semana,Dulce,Caramel Goal Popcorn
309,18 - 24 Años,Femenino,Quetzaltenango,3 A 5 Veces Por Semana,Dulce,Energy Crunch Protein
310,55 Años O Más,Femenino,Guatemala,Rara Vez,Dulce,Fan Chips Jalapeño
311,Menos De 18 Años,Femenino,Baja Verapaz,1 A 2 Veces Por Semana,Queso,Hot Stadium Peanuts
311,Menos De 18 Años,Femenino,Baja Verapaz,1 A 2 Veces Por Semana,Queso,Futbolmix
312,Menos De 18 Años,Femenino,Guatemala,Varias Veces Al Mes,Barbacoa,Chocokick Bites
312,Menos De 18 Años,Femenino,Guatemala,Varias Veces Al Mes,Barbacoa,Caramel Goal Popcorn
313,18 - 24 Años,Femenino,Quiché,Rara Vez,Barbacoa,Gol Nachos Supreme
313,18 - 24 Años,Femenino,Quiché,Rara Vez,Barbacoa,Futbolmix
313,18 - 24 Años,Femenino,Quiché,Rara Vez,Barbacoa,Crunchmax Bbq
314,25 - 34 Años,Masculino,Jalapa,Todos Los Días,Picante Chapín,Caramel Goal Popcorn
314,25 - 34 Años,Masculino,Jalapa,Todos Los Días,Picante Chapín,Hot Stadium Peanuts
314,25 - 34 Años,Masculino,Jalapa,Todos Los Días,Picante Chapín,Fan Chips Jalapeño
315,35 - 44 Años,Femenino,Guatemala,3 A 5 Veces Por Semana,Picante Chapín,Futbolmix
315,35 - 44 Años,Femenino,Guatemala,3 A 5 Veces Por Semana,Picante Chapín,Fan Chips Jalapeño
315,35 - 44 Años,Femenino,Guatemala,3 A 5 Veces Por Semana,Picante Chapín,Crunchmax Bbq
316,45 - 54 Años,Masculino,Guatemala,Todos Los Días,Picante Chapín,Victory Pretzels
316,45 - 54 Años,Masculino,Guatemala,Todos Los Días,Picante Chapín,Fan Chips Jalapeño
316,45 - 54 Años,Masculino,Guatemala,Todos Los Días,Picante Chapín,Mundialitos Queso Picante
317,25 - 34 Años,Masculino,Baja Verapaz,Rara Vez,Salado Tradicional,Caramel Goal Popcorn
317,25 - 34 Años,Masculino,Baja Verapaz,Rara Vez,Salado Tradicional,Chocokick Bites
318,18 - 24 Años,Femenino,Quetzaltenango,1 A 2 Veces Por Semana,Queso,Mundialitos Queso Picante
319,25 - 34 Años,Femenino,Guatemala,Varias Veces Al Mes,Chocolate,Gol Nachos Supreme
320,25 - 34 Años,Masculino,Totonicapán,1 A 2 Veces Por Semana,Barbacoa,Caramel Goal Popcorn
320,25 - 34 Años,Masculino,Totonicapán,1 A 2 Veces Por Semana,Barbacoa,Gol Nachos Supreme
320,25 - 34 Años,Masculino,Totonicapán,1 A 2 Veces Por Semana,Barbacoa,Chocokick Bites
321,25 - 34 Años,Masculino,Suchitepéquez,3 A 5 Veces Por Semana,Limón,Futbolmix
322,Menos De 18 Años,Masculino,Guatemala,3 A 5 Veces Por Semana,Picante Chapín,Energy Crunch Protein
322,Menos De 18 Años,Masculino,Guatemala,3 A 5 Veces Por Semana,Picante Chapín,Fan Chips Jalapeño
323,35 - 44 Años,Femenino,Guatemala,1 A 2 Veces Por Semana,Salado Tradicional,Hot Stadium Peanuts
323,35 - 44 Años,Femenino,Guatemala,1 A 2 Veces Por Semana,Salado Tradicional,Caramel Goal Popcorn
324,45 - 54 Años,Femenino,Chimaltenango,1 A 2 Veces Por Semana,Salado Tradicional,Gol Nachos Supreme
325,25 - 34 Años,Masculino,San Marcos,3 A 5 Veces Por Semana,Jalapeño,Hot Stadium Peanuts
325,25 - 34 Años,Masculino,San Marcos,3 A 5 Veces Por Semana,Jalapeño,Futbolmix
325,25 - 34 Años,Masculino,San Marcos,3 A 5 Veces Por Semana,Jalapeño,Energy Crunch Protein
326,25 - 34 Años,Masculino,Baja Verapaz,Varias Veces Al Mes,Queso,Energy Crunch Protein
326,25 - 34 Años,Masculino,Baja Verapaz,Varias Veces Al Mes,Queso,Mundialitos Queso Picante
326,25 - 34 Años,Masculino,Baja Verapaz,Varias Veces Al Mes,Queso,Caramel Goal Popcorn
327,25 - 34 Años,Masculino,Guatemala,1 A 2 Veces Por Semana,Caramelo,Chocokick Bites
328,Menos De 18 Años,Masculino,Chimaltenango,1 A 2 Veces Por Semana,Queso,Mundialitos Queso Picante
328,Menos De 18 Años,Masculino,Chimaltenango,1 A 2 Veces Por Semana,Queso,Fan Chips Jalapeño
328,Menos De 18 Años,Masculino,Chimaltenango,1 A 2 Veces Por Semana,Queso,Chocokick Bites
329,35 - 44 Años,Masculino,Petén,Rara Vez,Picante Chapín,Energy Crunch Protein
329,35 - 44 Años,Masculino,Petén,Rara Vez,Picante Chapín,Fan Chips Jalapeño
330,45 - 54 Años,Femenino,Guatemala,Rara Vez,Jalapeño,Crunchmax Bbq
330,45 - 54 Años,Femenino,Guatemala,Rara Vez,Jalapeño,Futbolmix
330,45 - 54 Años,Femenino,Guatemala,Rara Vez,Jalapeño,Hot Stadium Peanuts
331,35 - 44 Años,Masculino,Quetzaltenango,1 A 2 Veces Por Semana,Salado Tradicional,Mundialitos Queso Picante
331,35 - 44 Años,Masculino,Quetzaltenango,1 A 2 Veces Por Semana,Salado Tradicional,Caramel Goal Popcorn
331,35 - 44 Años,Masculino,Quetzaltenango,1 A 2 Veces Por Semana,Salado Tradicional,Gol Nachos Supreme
332,25 - 34 Años,Femenino,Chimaltenango,1 A 2 Veces Por Semana,Barbacoa,Futbolmix
332,25 - 34 Años,Femenino,Chimaltenango,1 A 2 Veces Por Semana,Barbacoa,Mundialitos Queso Picante
332,25 - 34 Años,Femenino,Chimaltenango,1 A 2 Veces Por Semana,Barbacoa,Gol Nachos Supreme
333,18 - 24 Años,Masculino,Guatemala,Varias Veces Al Mes,Jalapeño,Mundialitos Queso Picante
334,45 - 54 Años,Femenino,Guatemala,Varias Veces Al Mes,Dulce,Hot Stadium Peanuts
334,45 - 54 Años,Femenino,Guatemala,Varias Veces Al Mes,Dulce,Chocokick Bites
335,35 - 44 Años,Masculino,Petén,Todos Los Días,Queso,Chocokick Bites
335,35 - 44 Años,Masculino,Petén,Todos Los Días,Queso,Gol Nachos Supreme
335,35 - 44 Años,Masculino,Petén,Todos Los Días,Queso,Caramel Goal Popcorn
336,Menos De 18 Años,Femenino,Totonicapán,1 A 2 Veces Por Semana,Barbacoa,Crunchmax Bbq
337,55 Años O Más,Masculino,Escuintla,1 A 2 Veces Por Semana,Picante Chapín,Fan Chips Jalapeño
338,25 - 34 Años,Femenino,Alta Verapaz,1 A 2 Veces Por Semana,Queso,Fan Chips Jalapeño
339,25 - 34 Años,Masculino,Jalapa,Todos Los Días,Jalapeño,Futbolmix
339,25 - 34 Años,Masculino,Jalapa,Todos Los Días,Jalapeño,Crunchmax Bbq
339,25 - 34 Años,Masculino,Jalapa,Todos Los Días,Jalapeño,Hot Stadium Peanuts
340,25 - 34 Años,Masculino,Chimaltenango,3 A 5 Veces Por Semana,Barbacoa,Gol Nachos Supreme
341,25 - 34 Años,Masculino,Baja Verapaz,Rara Vez,Picante Chapín,Mundialitos Queso Picante
341,25 - 34 Años,Masculino,Baja Verapaz,Rara Vez,Picante Chapín,Gol Nachos Supreme
342,35 - 44 Años,Masculino,Sololá,3 A 5 Veces Por Semana,Picante Chapín,Futbolmix
343,45 - 54 Años,Masculino,Santa Rosa,Todos Los Días,Jalapeño,Victory Pretzels
343,45 - 54 Años,Masculino,Santa Rosa,Todos Los Días,Jalapeño,Crunchmax Bbq
344,25 - 34 Años,Femenino,Sacatepéquez,Varias Veces Al Mes,Dulce,Futbolmix
345,18 - 24 Años,Femenino,Guatemala,Todos Los Días,Jalapeño,Gol Nachos Supreme
345,18 - 24 Años,Femenino,Guatemala,Todos Los Días,Jalapeño,Caramel Goal Popcorn
346,45 - 54 Años,Femenino,Sololá,Todos Los Días,Barbacoa,Hot Stadium Peanuts
346,45 - 54 Años,Femenino,Sololá,Todos Los Días,Barbacoa,Mundialitos Queso Picante
346,45 - 54 Años,Femenino,Sololá,Todos Los Días,Barbacoa,Victory Pretzels
347,18 - 24 Años,Femenino,Guatemala,Varias Veces Al Mes,Picante Chapín,Mundialitos Queso Picante
347,18 - 24 Años,Femenino,Guatemala,Varias Veces Al Mes,Picante Chapín,Crunchmax Bbq
347,18 - 24 Años,Femenino,Guatemala,Varias Veces Al Mes,Picante Chapín,Fan Chips Jalapeño
348,18 - 24 Años,Masculino,Guatemala,Todos Los Días,Queso,Fan Chips Jalapeño
1960,18 - 24 Años,Femenino,Guatemala,3 A 5 Veces Por Semana,Jalapeño,Futbolmix
1960,18 - 24 Años,Femenino,Guatemala,3 A 5 Veces Por Semana,Jalapeño,Gol Nachos Supreme
1960,18 - 24 Años,Femenino,Guatemala,3 A 5 Veces Por Semana,Jalapeño,Energy Crunch Protein
350,35 - 44 Años,Femenino,Santa Rosa,1 A 2 Veces Por Semana,Barbacoa,Caramel Goal Popcorn
350,35 - 44 Años,Femenino,Santa Rosa,1 A 2 Veces Por Semana,Barbacoa,Gol Nachos Supreme
350,35 - 44 Años,Femenino,Santa Rosa,1 A 2 Veces Por Semana,Barbacoa,Futbolmix
351,18 - 24 Años,Femenino,Guatemala,1 A 2 Veces Por Semana,Limón,Fan Chips Jalapeño
351,18 - 24 Años,Femenino,Guatemala,1 A 2 Veces Por Semana,Limón,Chocokick Bites
352,25 - 34 Años,Masculino,Guatemala,1 A 2 Veces Por Semana,Limón,Mundialitos Queso Picante
352,25 - 34 Años,Masculino,Guatemala,1 A 2 Veces Por Semana,Limón,Futbolmix
353,18 - 24 Años,Masculino,San Marcos,1 A 2 Veces Por Semana,Jalapeño,Chocokick Bites
353,18 - 24 Años,Masculino,San Marcos,1 A 2 Veces Por Semana,Jalapeño,Futbolmix
354,18 - 24 Años,Femenino,Escuintla,Todos Los Días,Barbacoa,Mundialitos Queso Picante
354,18 - 24 Años,Femenino,Escuintla,Todos Los Días,Barbacoa,Gol Nachos Supreme
354,18 - 24 Años,Femenino,Escuintla,Todos Los Días,Barbacoa,Caramel Goal Popcorn
355,35 - 44 Años,Masculino,Guatemala,3 A 5 Veces Por Semana,Limón,Chocokick Bites
355,35 - 44 Años,Masculino,Guatemala,3 A 5 Veces Por Semana,Limón,Futbolmix
356,25 - 34 Años,Masculino,Sacatepéquez,Varias Veces Al Mes,Chocolate,Hot Stadium Peanuts
356,25 - 34 Años,Masculino,Sacatepéquez,Varias Veces Al Mes,Chocolate,Victory Pretzels
356,25 - 34 Años,Masculino,Sacatepéquez,Varias Veces Al Mes,Chocolate,Fan Chips Jalapeño
357,18 - 24 Años,Femenino,Sacatepéquez,Varias Veces Al Mes,Queso,Gol Nachos Supreme
358,25 - 34 Años,Femenino,Izabal,3 A 5 Veces Por Semana,Jalapeño,Caramel Goal Popcorn
358,25 - 34 Años,Femenino,Izabal,3 A 5 Veces Por Semana,Jalapeño,Futbolmix
358,25 - 34 Años,Femenino,Izabal,3 A 5 Veces Por Semana,Jalapeño,Mundialitos Queso Picante
359,25 - 34 Años,Femenino,Guatemala,Todos Los Días,Queso,Fan Chips Jalapeño
359,25 - 34 Años,Femenino,Guatemala,Todos Los Días,Queso,Crunchmax Bbq
360,55 Años O Más,Prefiero No Indicarlo,Sacatepéquez,Varias Veces Al Mes,Dulce,Chocokick Bites
360,55 Años O Más,Prefiero No Indicarlo,Sacatepéquez,Varias Veces Al Mes,Dulce,Crunchmax Bbq
360,55 Años O Más,Prefiero No Indicarlo,Sacatepéquez,Varias Veces Al Mes,Dulce,Caramel Goal Popcorn
361,45 - 54 Años,Femenino,Guatemala,1 A 2 Veces Por Semana,Queso,Fan Chips Jalapeño
362,Menos De 18 Años,Masculino,Escuintla,3 A 5 Veces Por Semana,Picante Chapín,Mundialitos Queso Picante
362,Menos De 18 Años,Masculino,Escuintla,3 A 5 Veces Por Semana,Picante Chapín,Fan Chips Jalapeño
363,18 - 24 Años,Femenino,Guatemala,3 A 5 Veces Por Semana,Salado Tradicional,Gol Nachos Supreme
364,18 - 24 Años,Masculino,Guatemala,1 A 2 Veces Por Semana,Jalapeño,Fan Chips Jalapeño
364,18 - 24 Años,Masculino,Guatemala,1 A 2 Veces Por Semana,Jalapeño,Mundialitos Queso Picante
365,18 - 24 Años,Masculino,Petén,3 A 5 Veces Por Semana,Salado Tradicional,Chocokick Bites
365,18 - 24 Años,Masculino,Petén,3 A 5 Veces Por Semana,Salado Tradicional,Energy Crunch Protein
365,18 - 24 Años,Masculino,Petén,3 A 5 Veces Por Semana,Salado Tradicional,Caramel Goal Popcorn
366,25 - 34 Años,Femenino,Guatemala,3 A 5 Veces Por Semana,Queso,Futbolmix
366,25 - 34 Años,Femenino,Guatemala,3 A 5 Veces Por Semana,Queso,Crunchmax Bbq
367,35 - 44 Años,Masculino,Escuintla,3 A 5 Veces Por Semana,Jalapeño,Fan Chips Jalapeño
367,35 - 44 Años,Masculino,Escuintla,3 A 5 Veces Por Semana,Jalapeño,Gol Nachos Supreme
367,35 - 44 Años,Masculino,Escuintla,3 A 5 Veces Por Semana,Jalapeño,Victory Pretzels
368,35 - 44 Años,Masculino,Escuintla,3 A 5 Veces Por Semana,Picante Chapín,Futbolmix
369,25 - 34 Años,Femenino,Guatemala,Todos Los Días,Barbacoa,Energy Crunch Protein
370,18 - 24 Años,Femenino,Quetzaltenango,1 A 2 Veces Por Semana,Jalapeño,Crunchmax Bbq
371,45 - 54 Años,Masculino,Guatemala,1 A 2 Veces Por Semana,Barbacoa,Fan Chips Jalapeño
371,45 - 54 Años,Masculino,Guatemala,1 A 2 Veces Por Semana,Barbacoa,Chocokick Bites
372,35 - 44 Años,Masculino,Guatemala,1 A 2 Veces Por Semana,Picante Chapín,Chocokick Bites
372,35 - 44 Años,Masculino,Guatemala,1 A 2 Veces Por Semana,Picante Chapín,Energy Crunch Protein
372,35 - 44 Años,Masculino,Guatemala,1 A 2 Veces Por Semana,Picante Chapín,Crunchmax Bbq
373,25 - 34 Años,Femenino,Guatemala,1 A 2 Veces Por Semana,Dulce,Chocokick Bites
373,25 - 34 Años,Femenino,Guatemala,1 A 2 Veces Por Semana,Dulce,Gol Nachos Supreme
373,25 - 34 Años,Femenino,Guatemala,1 A 2 Veces Por Semana,Dulce,Futbolmix
374,55 Años O Más,Femenino,Guatemala,Rara Vez,Picante Chapín,Futbolmix
374,55 Años O Más,Femenino,Guatemala,Rara Vez,Picante Chapín,Gol Nachos Supreme
375,18 - 24 Años,Masculino,Quetzaltenango,Todos Los Días,Barbacoa,Futbolmix
375,18 - 24 Años,Masculino,Quetzaltenango,Todos Los Días,Barbacoa,Mundialitos Queso Picante
375,18 - 24 Años,Masculino,Quetzaltenango,Todos Los Días,Barbacoa,Gol Nachos Supreme
376,Menos De 18 Años,Masculino,Sacatepéquez,Varias Veces Al Mes,Salado Tradicional,Chocokick Bites
376,Menos De 18 Años,Masculino,Sacatepéquez,Varias Veces Al Mes,Salado Tradicional,Mundialitos Queso Picante
377,18 - 24 Años,Masculino,Escuintla,1 A 2 Veces Por Semana,Limón,Hot Stadium Peanuts
377,18 - 24 Años,Masculino,Escuintla,1 A 2 Veces Por Semana,Limón,Mundialitos Queso Picante
377,18 - 24 Años,Masculino,Escuintla,1 A 2 Veces Por Semana,Limón,Victory Pretzels
378,55 Años O Más,Femenino,Izabal,1 A 2 Veces Por Semana,Barbacoa,Energy Crunch Protein
378,55 Años O Más,Femenino,Izabal,1 A 2 Veces Por Semana,Barbacoa,Crunchmax Bbq
379,25 - 34 Años,Femenino,Quetzaltenango,3 A 5 Veces Por Semana,Picante Chapín,Futbolmix
380,18 - 24 Años,Femenino,Escuintla,Varias Veces Al Mes,Barbacoa,Fan Chips Jalapeño
381,55 Años O Más,Femenino,Guatemala,3 A 5 Veces Por Semana,Jalapeño,Mundialitos Queso Picante
381,55 Años O Más,Femenino,Guatemala,3 A 5 Veces Por Semana,Jalapeño,Caramel Goal Popcorn
381,55 Años O Más,Femenino,Guatemala,3 A 5 Veces Por Semana,Jalapeño,Gol Nachos Supreme
382,25 - 34 Años,Masculino,Huehuetenango,1 A 2 Veces Por Semana,Chocolate,Fan Chips Jalapeño
383,35 - 44 Años,Femenino,Guatemala,1 A 2 Veces Por Semana,Barbacoa,Chocokick Bites
384,25 - 34 Años,Masculino,Guatemala,1 A 2 Veces Por Semana,Picante Chapín,Hot Stadium Peanuts
385,35 - 44 Años,Masculino,Guatemala,3 A 5 Veces Por Semana,Picante Chapín,Crunchmax Bbq
385,35 - 44 Años,Masculino,Guatemala,3 A 5 Veces Por Semana,Picante Chapín,Fan Chips Jalapeño
385,35 - 44 Años,Masculino,Guatemala,3 A 5 Veces Por Semana,Picante Chapín,Hot Stadium Peanuts
386,18 - 24 Años,Masculino,Guatemala,Varias Veces Al Mes,Chocolate,Gol Nachos Supreme
386,18 - 24 Años,Masculino,Guatemala,Varias Veces Al Mes,Chocolate,Victory Pretzels
386,18 - 24 Años,Masculino,Guatemala,Varias Veces Al Mes,Chocolate,Crunchmax Bbq
387,25 - 34 Años,Masculino,Guatemala,Todos Los Días,Barbacoa,Mundialitos Queso Picante
387,25 - 34 Años,Masculino,Guatemala,Todos Los Días,Barbacoa,Futbolmix
387,25 - 34 Años,Masculino,Guatemala,Todos Los Días,Barbacoa,Crunchmax Bbq
388,25 - 34 Años,Femenino,Guatemala,3 A 5 Veces Por Semana,Limón,Chocokick Bites
389,Menos De 18 Años,Masculino,Escuintla,Varias Veces Al Mes,Picante Chapín,Caramel Goal Popcorn
389,Menos De 18 Años,Masculino,Escuintla,Varias Veces Al Mes,Picante Chapín,Gol Nachos Supreme
389,Menos De 18 Años,Masculino,Escuintla,Varias Veces Al Mes,Picante Chapín,Chocokick Bites
390,Menos De 18 Años,Femenino,Guatemala,Varias Veces Al Mes,Picante Chapín,Mundialitos Queso Picante
390,Menos De 18 Años,Femenino,Guatemala,Varias Veces Al Mes,Picante Chapín,Crunchmax Bbq
390,Menos De 18 Años,Femenino,Guatemala,Varias Veces Al Mes,Picante Chapín,Fan Chips Jalapeño
391,35 - 44 Años,Femenino,Guatemala,Varias Veces Al Mes,Caramelo,Gol Nachos Supreme
392,45 - 54 Años,Masculino,Guatemala,Todos Los Días,Chocolate,Gol Nachos Supreme
392,45 - 54 Años,Masculino,Guatemala,Todos Los Días,Chocolate,Victory Pretzels
392,45 - 54 Años,Masculino,Guatemala,Todos Los Días,Chocolate,Mundialitos Queso Picante
393,18 - 24 Años,Masculino,Guatemala,Varias Veces Al Mes,Picante Chapín,Crunchmax Bbq
393,18 - 24 Años,Masculino,Guatemala,Varias Veces Al Mes,Picante Chapín,Fan Chips Jalapeño
393,18 - 24 Años,Masculino,Guatemala,Varias Veces Al Mes,Picante Chapín,Energy Crunch Protein
394,18 - 24 Años,Masculino,Escuintla,1 A 2 Veces Por Semana,Limón,Fan Chips Jalapeño
394,18 - 24 Años,Masculino,Escuintla,1 A 2 Veces Por Semana,Limón,Gol Nachos Supreme
395,25 - 34 Años,Femenino,Alta Verapaz,Todos Los Días,Caramelo,Crunchmax Bbq
395,25 - 34 Años,Femenino,Alta Verapaz,Todos Los Días,Caramelo,Gol Nachos Supreme
395,25 - 34 Años,Femenino,Alta Verapaz,Todos Los Días,Caramelo,Energy Crunch Protein
396,18 - 24 Años,Femenino,Chimaltenango,3 A 5 Veces Por Semana,Caramelo,Chocokick Bites
396,18 - 24 Años,Femenino,Chimaltenango,3 A 5 Veces Por Semana,Caramelo,Futbolmix
397,55 Años O Más,Femenino,Guatemala,3 A 5 Veces Por Semana,Queso,Victory Pretzels
397,55 Años O Más,Femenino,Guatemala,3 A 5 Veces Por Semana,Queso,Gol Nachos Supreme
398,35 - 44 Años,Femenino,Sacatepéquez,Todos Los Días,Picante Chapín,Victory Pretzels
398,35 - 44 Años,Femenino,Sacatepéquez,Todos Los Días,Picante Chapín,Futbolmix
399,Menos De 18 Años,Masculino,Totonicapán,1 A 2 Veces Por Semana,Barbacoa,Gol Nachos Supreme
400,18 - 24 Años,Masculino,Quetzaltenango,Varias Veces Al Mes,Barbacoa,Crunchmax Bbq
401,18 - 24 Años,Masculino,Sacatepéquez,1 A 2 Veces Por Semana,Salado Tradicional,Victory Pretzels
401,18 - 24 Años,Masculino,Sacatepéquez,1 A 2 Veces Por Semana,Salado Tradicional,Mundialitos Queso Picante
401,18 - 24 Años,Masculino,Sacatepéquez,1 A 2 Veces Por Semana,Salado Tradicional,Fan Chips Jalapeño
402,55 Años O Más,Femenino,Guatemala,Varias Veces Al Mes,Queso,Fan Chips Jalapeño
402,55 Años O Más,Femenino,Guatemala,Varias Veces Al Mes,Queso,Futbolmix
403,25 - 34 Años,Masculino,Quetzaltenango,3 A 5 Veces Por Semana,Salado Tradicional,Crunchmax Bbq
403,25 - 34 Años,Masculino,Quetzaltenango,3 A 5 Veces Por Semana,Salado Tradicional,Mundialitos Queso Picante
404,Menos De 18 Años,Femenino,Chimaltenango,Rara Vez,Jalapeño,Gol Nachos Supreme
405,45 - 54 Años,Femenino,Guatemala,1 A 2 Veces Por Semana,Barbacoa,Gol Nachos Supreme
405,45 - 54 Años,Femenino,Guatemala,1 A 2 Veces Por Semana,Barbacoa,Futbolmix
406,25 - 34 Años,Masculino,Guatemala,Todos Los Días,Jalapeño,Chocokick Bites
406,25 - 34 Años,Masculino,Guatemala,Todos Los Días,Jalapeño,Futbolmix
406,25 - 34 Años,Masculino,Guatemala,Todos Los Días,Jalapeño,Fan Chips Jalapeño
407,25 - 34 Años,Prefiero No Indicarlo,Chiquimula,Varias Veces Al Mes,Dulce,Fan Chips Jalapeño
408,25 - 34 Años,Femenino,Guatemala,3 A 5 Veces Por Semana,Queso,Gol Nachos Supreme
409,25 - 34 Años,Femenino,Petén,Rara Vez,Picante Chapín,Futbolmix
410,18 - 24 Años,Masculino,Guatemala,3 A 5 Veces Por Semana,Jalapeño,Energy Crunch Protein
411,18 - 24 Años,Masculino,Guatemala,Varias Veces Al Mes,Jalapeño,Mundialitos Queso Picante
411,18 - 24 Años,Masculino,Guatemala,Varias Veces Al Mes,Jalapeño,Crunchmax Bbq
412,25 - 34 Años,Femenino,Quiché,Rara Vez,Chocolate,Mundialitos Queso Picante
412,25 - 34 Años,Femenino,Quiché,Rara Vez,Chocolate,Futbolmix
412,25 - 34 Años,Femenino,Quiché,Rara Vez,Chocolate,Fan Chips Jalapeño
413,45 - 54 Años,Femenino,Zacapa,Rara Vez,Barbacoa,Chocokick Bites
413,45 - 54 Años,Femenino,Zacapa,Rara Vez,Barbacoa,Gol Nachos Supreme
413,45 - 54 Años,Femenino,Zacapa,Rara Vez,Barbacoa,Caramel Goal Popcorn
414,55 Años O Más,Femenino,Guatemala,3 A 5 Veces Por Semana,Barbacoa,Energy Crunch Protein
415,18 - 24 Años,Femenino,Sacatepéquez,Varias Veces Al Mes,Barbacoa,Gol Nachos Supreme
416,25 - 34 Años,Masculino,Quetzaltenango,1 A 2 Veces Por Semana,Queso,Mundialitos Queso Picante
416,25 - 34 Años,Masculino,Quetzaltenango,1 A 2 Veces Por Semana,Queso,Caramel Goal Popcorn
416,25 - 34 Años,Masculino,Quetzaltenango,1 A 2 Veces Por Semana,Queso,Fan Chips Jalapeño
417,45 - 54 Años,Masculino,Jalapa,1 A 2 Veces Por Semana,Picante Chapín,Gol Nachos Supreme
417,45 - 54 Años,Masculino,Jalapa,1 A 2 Veces Por Semana,Picante Chapín,Victory Pretzels
418,55 Años O Más,Femenino,Guate,Todos Los Días,Jalapeño,Futbolmix
420,25 - 34 Años,Femenino,Quetzaltenango,1 A 2 Veces Por Semana,Jalapeño,Fan Chips Jalapeño
421,18 - 24 Años,Femenino,Guatemala,3 A 5 Veces Por Semana,Barbacoa,Gol Nachos Supreme
421,18 - 24 Años,Femenino,Guatemala,3 A 5 Veces Por Semana,Barbacoa,Energy Crunch Protein
422,18 - 24 Años,Masculino,Guatemala,Varias Veces Al Mes,Salado Tradicional,Gol Nachos Supreme
423,25 - 34 Años,Masculino,Guatemala,3 A 5 Veces Por Semana,Queso,Crunchmax Bbq
423,25 - 34 Años,Masculino,Guatemala,3 A 5 Veces Por Semana,Queso,Caramel Goal Popcorn
424,25 - 34 Años,Femenino,Sololá,Todos Los Días,Chocolate,Chocokick Bites
424,25 - 34 Años,Femenino,Sololá,Todos Los Días,Chocolate,Crunchmax Bbq
424,25 - 34 Años,Femenino,Sololá,Todos Los Días,Chocolate,Caramel Goal Popcorn
425,45 - 54 Años,Masculino,Chimaltenango,3 A 5 Veces Por Semana,Picante Chapín,Crunchmax Bbq
426,25 - 34 Años,Femenino,Huehuetenango,Todos Los Días,Queso,Fan Chips Jalapeño
426,25 - 34 Años,Femenino,Huehuetenango,Todos Los Días,Queso,Gol Nachos Supreme
427,25 - 34 Años,Masculino,Guatemala,1 A 2 Veces Por Semana,Picante Chapín,Crunchmax Bbq
427,25 - 34 Años,Masculino,Guatemala,1 A 2 Veces Por Semana,Picante Chapín,Mundialitos Queso Picante
428,Menos De 18 Años,Masculino,Guatemala,3 A 5 Veces Por Semana,Salado Tradicional,Gol Nachos Supreme
428,Menos De 18 Años,Masculino,Guatemala,3 A 5 Veces Por Semana,Salado Tradicional,Mundialitos Queso Picante
429,25 - 34 Años,Femenino,Chimaltenango,Varias Veces Al Mes,Barbacoa,Crunchmax Bbq
430,35 - 44 Años,Femenino,Guatemala,1 A 2 Veces Por Semana,Caramelo,Caramel Goal Popcorn
430,35 - 44 Años,Femenino,Guatemala,1 A 2 Veces Por Semana,Caramelo,Hot Stadium Peanuts
430,35 - 44 Años,Femenino,Guatemala,1 A 2 Veces Por Semana,Caramelo,Mundialitos Queso Picante
431,45 - 54 Años,Masculino,Guatemala,Todos Los Días,Jalapeño,Crunchmax Bbq
431,45 - 54 Años,Masculino,Guatemala,Todos Los Días,Jalapeño,Mundialitos Queso Picante
431,45 - 54 Años,Masculino,Guatemala,Todos Los Días,Jalapeño,Futbolmix
432,18 - 24 Años,Masculino,Jalapa,3 A 5 Veces Por Semana,Jalapeño,Hot Stadium Peanuts
433,55 Años O Más,Femenino,Escuintla,1 A 2 Veces Por Semana,Queso,Crunchmax Bbq
434,18 - 24 Años,Femenino,Chimaltenango,Rara Vez,Picante Chapín,Energy Crunch Protein
434,18 - 24 Años,Femenino,Chimaltenango,Rara Vez,Picante Chapín,Gol Nachos Supreme
435,25 - 34 Años,Masculino,Guatemala,1 A 2 Veces Por Semana,Picante Chapín,Victory Pretzels
435,25 - 34 Años,Masculino,Guatemala,1 A 2 Veces Por Semana,Picante Chapín,Fan Chips Jalapeño
436,55 Años O Más,Femenino,Quetzaltenango,Todos Los Días,Dulce,Fan Chips Jalapeño
436,55 Años O Más,Femenino,Quetzaltenango,Todos Los Días,Dulce,Mundialitos Queso Picante
437,55 Años O Más,Masculino,Baja Verapaz,1 A 2 Veces Por Semana,Queso,Crunchmax Bbq
437,55 Años O Más,Masculino,Baja Verapaz,1 A 2 Veces Por Semana,Queso,Energy Crunch Protein
438,55 Años O Más,Masculino,Guatemala,3 A 5 Veces Por Semana,Jalapeño,Caramel Goal Popcorn
439,18 - 24 Años,Femenino,Escuintla,1 A 2 Veces Por Semana,Dulce,Gol Nachos Supreme
440,18 - 24 Años,Masculino,Guatemala,Varias Veces Al Mes,Jalapeño,Gol Nachos Supreme
440,18 - 24 Años,Masculino,Guatemala,Varias Veces Al Mes,Jalapeño,Caramel Goal Popcorn
441,25 - 34 Años,Masculino,Baja Verapaz,1 A 2 Veces Por Semana,Limón,Crunchmax Bbq
441,25 - 34 Años,Masculino,Baja Verapaz,1 A 2 Veces Por Semana,Limón,Fan Chips Jalapeño
442,25 - 34 Años,Femenino,Guatemala,3 A 5 Veces Por Semana,Jalapeño,Energy Crunch Protein
442,25 - 34 Años,Femenino,Guatemala,3 A 5 Veces Por Semana,Jalapeño,Gol Nachos Supreme
442,25 - 34 Años,Femenino,Guatemala,3 A 5 Veces Por Semana,Jalapeño,Caramel Goal Popcorn
443,25 - 34 Años,Masculino,Jalapa,Rara Vez,Barbacoa,Energy Crunch Protein
443,25 - 34 Años,Masculino,Jalapa,Rara Vez,Barbacoa,Crunchmax Bbq
443,25 - 34 Años,Masculino,Jalapa,Rara Vez,Barbacoa,Gol Nachos Supreme
444,25 - 34 Años,Femenino,San Marcos,3 A 5 Veces Por Semana,Barbacoa,Futbolmix
445,25 - 34 Años,Femenino,Escuintla,Rara Vez,Barbacoa,Crunchmax Bbq
445,25 - 34 Años,Femenino,Escuintla,Rara Vez,Barbacoa,Gol Nachos Supreme
446,45 - 54 Años,Femenino,Escuintla,Rara Vez,Dulce,Crunchmax Bbq
447,25 - 34 Años,Masculino,Guatemala,Todos Los Días,Dulce,Crunchmax Bbq
447,25 - 34 Años,Masculino,Guatemala,Todos Los Días,Dulce,Gol Nachos Supreme
448,25 - 34 Años,Femenino,Escuintla,Todos Los Días,Jalapeño,Mundialitos Queso Picante
449,25 - 34 Años,Femenino,Alta Verapaz,3 A 5 Veces Por Semana,Queso,Futbolmix
449,25 - 34 Años,Femenino,Alta Verapaz,3 A 5 Veces Por Semana,Queso,Fan Chips Jalapeño
1193,25 - 34 Años,Masculino,Sacatepéquez,Todos Los Días,Jalapeño,Mundialitos Queso Picante
1193,25 - 34 Años,Masculino,Sacatepéquez,Todos Los Días,Jalapeño,Caramel Goal Popcorn
451,18 - 24 Años,Masculino,Guatemala,Todos Los Días,Chocolate,Gol Nachos Supreme
451,18 - 24 Años,Masculino,Guatemala,Todos Los Días,Chocolate,Victory Pretzels
451,18 - 24 Años,Masculino,Guatemala,Todos Los Días,Chocolate,Crunchmax Bbq
452,18 - 24 Años,Masculino,Suchitepéquez,3 A 5 Veces Por Semana,Salado Tradicional,Futbolmix
453,25 - 34 Años,Masculino,Quiché,Rara Vez,Caramelo,Crunchmax Bbq
453,25 - 34 Años,Masculino,Quiché,Rara Vez,Caramelo,Gol Nachos Supreme
453,25 - 34 Años,Masculino,Quiché,Rara Vez,Caramelo,Fan Chips Jalapeño
454,45 - 54 Años,Femenino,Petén,Rara Vez,Queso,Hot Stadium Peanuts
454,45 - 54 Años,Femenino,Petén,Rara Vez,Queso,Chocokick Bites
455,25 - 34 Años,Femenino,Guatemala,Varias Veces Al Mes,Limón,Mundialitos Queso Picante
456,25 - 34 Años,Femenino,Guatemala,1 A 2 Veces Por Semana,Queso,Futbolmix
456,25 - 34 Años,Femenino,Guatemala,1 A 2 Veces Por Semana,Queso,Caramel Goal Popcorn
456,25 - 34 Años,Femenino,Guatemala,1 A 2 Veces Por Semana,Queso,Crunchmax Bbq
457,55 Años O Más,Masculino,Guatemala,Varias Veces Al Mes,Queso,Crunchmax Bbq
457,55 Años O Más,Masculino,Guatemala,Varias Veces Al Mes,Queso,Hot Stadium Peanuts
458,25 - 34 Años,Femenino,Guatemala,Varias Veces Al Mes,Salado Tradicional,Chocokick Bites
459,35 - 44 Años,Masculino,Quetzaltenango,Todos Los Días,Chocolate,Victory Pretzels
459,35 - 44 Años,Masculino,Quetzaltenango,Todos Los Días,Chocolate,Mundialitos Queso Picante
459,35 - 44 Años,Masculino,Quetzaltenango,Todos Los Días,Chocolate,Gol Nachos Supreme
460,25 - 34 Años,Femenino,Quiché,Todos Los Días,Picante Chapín,Futbolmix
461,Menos De 18 Años,Femenino,Retalhuleu,Todos Los Días,Barbacoa,Mundialitos Queso Picante
461,Menos De 18 Años,Femenino,Retalhuleu,Todos Los Días,Barbacoa,Gol Nachos Supreme
462,25 - 34 Años,Femenino,Sacatepéquez,3 A 5 Veces Por Semana,Queso,Mundialitos Queso Picante
462,25 - 34 Años,Femenino,Sacatepéquez,3 A 5 Veces Por Semana,Queso,Gol Nachos Supreme
462,25 - 34 Años,Femenino,Sacatepéquez,3 A 5 Veces Por Semana,Queso,Crunchmax Bbq
463,25 - 34 Años,Masculino,Guatemala,1 A 2 Veces Por Semana,Chocolate,Chocokick Bites
1049,25 - 34 Años,Masculino,Sacatepéquez,3 A 5 Veces Por Semana,Picante Chapín,Chocokick Bites
1049,25 - 34 Años,Masculino,Sacatepéquez,3 A 5 Veces Por Semana,Picante Chapín,Caramel Goal Popcorn
465,18 - 24 Años,Femenino,Jutiapa,Varias Veces Al Mes,Queso,Chocokick Bites
465,18 - 24 Años,Femenino,Jutiapa,Varias Veces Al Mes,Queso,Mundialitos Queso Picante
465,18 - 24 Años,Femenino,Jutiapa,Varias Veces Al Mes,Queso,Crunchmax Bbq
466,35 - 44 Años,Femenino,Escuintla,Rara Vez,Picante Chapín,Fan Chips Jalapeño
466,35 - 44 Años,Femenino,Escuintla,Rara Vez,Picante Chapín,Crunchmax Bbq
466,35 - 44 Años,Femenino,Escuintla,Rara Vez,Picante Chapín,Gol Nachos Supreme
467,18 - 24 Años,Femenino,Guatemala,1 A 2 Veces Por Semana,Salado Tradicional,Gol Nachos Supreme
467,18 - 24 Años,Femenino,Guatemala,1 A 2 Veces Por Semana,Salado Tradicional,Fan Chips Jalapeño
468,45 - 54 Años,Masculino,Quetzaltenango,Varias Veces Al Mes,Barbacoa,Mundialitos Queso Picante
468,45 - 54 Años,Masculino,Quetzaltenango,Varias Veces Al Mes,Barbacoa,Energy Crunch Protein
469,25 - 34 Años,Femenino,Chimaltenango,3 A 5 Veces Por Semana,Barbacoa,Victory Pretzels
469,25 - 34 Años,Femenino,Chimaltenango,3 A 5 Veces Por Semana,Barbacoa,Crunchmax Bbq
469,25 - 34 Años,Femenino,Chimaltenango,3 A 5 Veces Por Semana,Barbacoa,Futbolmix
470,18 - 24 Años,Masculino,Chimaltenango,Varias Veces Al Mes,Picante Chapín,Chocokick Bites
470,18 - 24 Años,Masculino,Chimaltenango,Varias Veces Al Mes,Picante Chapín,Caramel Goal Popcorn
470,18 - 24 Años,Masculino,Chimaltenango,Varias Veces Al Mes,Picante Chapín,Hot Stadium Peanuts
471,25 - 34 Años,Femenino,Guatemala,Todos Los Días,Queso,Mundialitos Queso Picante
471,25 - 34 Años,Femenino,Guatemala,Todos Los Días,Queso,Chocokick Bites
472,18 - 24 Años,Masculino,Guatemala,Varias Veces Al Mes,Jalapeño,Hot Stadium Peanuts
473,25 - 34 Años,Femenino,Zacapa,1 A 2 Veces Por Semana,Jalapeño,Fan Chips Jalapeño
2439,18 - 24 Años,Femenino,Guatemala,3 A 5 Veces Por Semana,Dulce,Crunchmax Bbq
2439,18 - 24 Años,Femenino,Guatemala,3 A 5 Veces Por Semana,Dulce,Hot Stadium Peanuts
475,Menos De 18 Años,Masculino,Quetzaltenango,3 A 5 Veces Por Semana,Chocolate,Futbolmix
476,25 - 34 Años,Masculino,Guatemala,1 A 2 Veces Por Semana,Queso,Gol Nachos Supreme
476,25 - 34 Años,Masculino,Guatemala,1 A 2 Veces Por Semana,Queso,Fan Chips Jalapeño
476,25 - 34 Años,Masculino,Guatemala,1 A 2 Veces Por Semana,Queso,Crunchmax Bbq
477,35 - 44 Años,Femenino,Guatemala,1 A 2 Veces Por Semana,Salado Tradicional,Futbolmix
478,35 - 44 Años,Femenino,Guatemala,Varias Veces Al Mes,Salado Tradicional,Futbolmix
478,35 - 44 Años,Femenino,Guatemala,Varias Veces Al Mes,Salado Tradicional,Energy Crunch Protein
479,35 - 44 Años,Masculino,Totonicapán,Todos Los Días,Picante Chapín,Chocokick Bites
479,35 - 44 Años,Masculino,Totonicapán,Todos Los Días,Picante Chapín,Fan Chips Jalapeño
479,35 - 44 Años,Masculino,Totonicapán,Todos Los Días,Picante Chapín,Mundialitos Queso Picante
480,18 - 24 Años,Femenino,Santa Rosa,Varias Veces Al Mes,Limón,Caramel Goal Popcorn
480,18 - 24 Años,Femenino,Santa Rosa,Varias Veces Al Mes,Limón,Chocokick Bites
480,18 - 24 Años,Femenino,Santa Rosa,Varias Veces Al Mes,Limón,Gol Nachos Supreme
481,25 - 34 Años,Masculino,Guatemala,1 A 2 Veces Por Semana,Jalapeño,Fan Chips Jalapeño
481,25 - 34 Años,Masculino,Guatemala,1 A 2 Veces Por Semana,Jalapeño,Crunchmax Bbq
482,25 - 34 Años,Masculino,Guatemala,3 A 5 Veces Por Semana,Queso,Chocokick Bites
482,25 - 34 Años,Masculino,Guatemala,3 A 5 Veces Por Semana,Queso,Caramel Goal Popcorn
483,25 - 34 Años,Femenino,Izabal,3 A 5 Veces Por Semana,Salado Tradicional,Fan Chips Jalapeño
483,25 - 34 Años,Femenino,Izabal,3 A 5 Veces Por Semana,Salado Tradicional,Crunchmax Bbq
483,25 - 34 Años,Femenino,Izabal,3 A 5 Veces Por Semana,Salado Tradicional,Victory Pretzels
484,55 Años O Más,Femenino,El Progreso,1 A 2 Veces Por Semana,Chocolate,Crunchmax Bbq
484,55 Años O Más,Femenino,El Progreso,1 A 2 Veces Por Semana,Chocolate,Hot Stadium Peanuts
484,55 Años O Más,Femenino,El Progreso,1 A 2 Veces Por Semana,Chocolate,Mundialitos Queso Picante
485,45 - 54 Años,Femenino,Guatemala,1 A 2 Veces Por Semana,Limón,Gol Nachos Supreme
485,45 - 54 Años,Femenino,Guatemala,1 A 2 Veces Por Semana,Limón,Futbolmix
486,25 - 34 Años,Masculino,Guatemala,Rara Vez,Limón,Gol Nachos Supreme
486,25 - 34 Años,Masculino,Guatemala,Rara Vez,Limón,Caramel Goal Popcorn
486,25 - 34 Años,Masculino,Guatemala,Rara Vez,Limón,Chocokick Bites
487,18 - 24 Años,Masculino,Jalapa,1 A 2 Veces Por Semana,Dulce,Crunchmax Bbq
487,18 - 24 Años,Masculino,Jalapa,1 A 2 Veces Por Semana,Dulce,Mundialitos Queso Picante
487,18 - 24 Años,Masculino,Jalapa,1 A 2 Veces Por Semana,Dulce,Chocokick Bites
488,45 - 54 Años,Femenino,Guatemala,Todos Los Días,Picante Chapín,Futbolmix
488,45 - 54 Años,Femenino,Guatemala,Todos Los Días,Picante Chapín,Mundialitos Queso Picante
489,18 - 24 Años,Masculino,Jalapa,3 A 5 Veces Por Semana,Chocolate,Energy Crunch Protein
489,18 - 24 Años,Masculino,Jalapa,3 A 5 Veces Por Semana,Chocolate,Caramel Goal Popcorn
490,55 Años O Más,Prefiero No Indicarlo,Chimaltenango,3 A 5 Veces Por Semana,Queso,Caramel Goal Popcorn
490,55 Años O Más,Prefiero No Indicarlo,Chimaltenango,3 A 5 Veces Por Semana,Queso,Chocokick Bites
490,55 Años O Más,Prefiero No Indicarlo,Chimaltenango,3 A 5 Veces Por Semana,Queso,Futbolmix
491,18 - 24 Años,Femenino,Guatemala,Rara Vez,Chocolate,Victory Pretzels
491,18 - 24 Años,Femenino,Guatemala,Rara Vez,Chocolate,Fan Chips Jalapeño
492,45 - 54 Años,Masculino,Guatemala,1 A 2 Veces Por Semana,Picante Chapín,Futbolmix
492,45 - 54 Años,Masculino,Guatemala,1 A 2 Veces Por Semana,Picante Chapín,Crunchmax Bbq
493,45 - 54 Años,Femenino,Chimaltenango,3 A 5 Veces Por Semana,Chocolate,Fan Chips Jalapeño
494,25 - 34 Años,Masculino,Guatemala,Varias Veces Al Mes,Salado Tradicional,Mundialitos Queso Picante
494,25 - 34 Años,Masculino,Guatemala,Varias Veces Al Mes,Salado Tradicional,Crunchmax Bbq
494,25 - 34 Años,Masculino,Guatemala,Varias Veces Al Mes,Salado Tradicional,Futbolmix
495,35 - 44 Años,Masculino,Huehuetenango,1 A 2 Veces Por Semana,Barbacoa,Chocokick Bites
495,35 - 44 Años,Masculino,Huehuetenango,1 A 2 Veces Por Semana,Barbacoa,Mundialitos Queso Picante
496,18 - 24 Años,Masculino,Chimaltenango,Todos Los Días,Queso,Futbolmix
496,18 - 24 Años,Masculino,Chimaltenango,Todos Los Días,Queso,Gol Nachos Supreme
497,18 - 24 Años,Masculino,Chimaltenango,1 A 2 Veces Por Semana,Picante Chapín,Mundialitos Queso Picante
498,Menos De 18 Años,Masculino,Escuintla,1 A 2 Veces Por Semana,Chocolate,Caramel Goal Popcorn
498,Menos De 18 Años,Masculino,Escuintla,1 A 2 Veces Por Semana,Chocolate,Mundialitos Queso Picante
498,Menos De 18 Años,Masculino,Escuintla,1 A 2 Veces Por Semana,Chocolate,Gol Nachos Supreme
499,25 - 34 Años,Masculino,El Progreso,3 A 5 Veces Por Semana,Dulce,Chocokick Bites
499,25 - 34 Años,Masculino,El Progreso,3 A 5 Veces Por Semana,Dulce,Hot Stadium Peanuts
500,35 - 44 Años,Masculino,San Marcos,Todos Los Días,,Chocokick Bites
500,35 - 44 Años,Masculino,San Marcos,Todos Los Días,,Caramel Goal Popcorn
500,35 - 44 Años,Masculino,San Marcos,Todos Los Días,,Futbolmix
501,18 - 24 Años,Masculino,Chimaltenango,Varias Veces Al Mes,Queso,Victory Pretzels
502,25 - 34 Años,Masculino,Suchitepéquez,Varias Veces Al Mes,Salado Tradicional,Crunchmax Bbq
503,25 - 34 Años,Femenino,Quetzaltenango,1 A 2 Veces Por Semana,Queso,Gol Nachos Supreme
503,25 - 34 Años,Femenino,Quetzaltenango,1 A 2 Veces Por Semana,Queso,Mundialitos Queso Picante
504,25 - 34 Años,Masculino,Quetzaltenango,3 A 5 Veces Por Semana,Picante Chapín,Mundialitos Queso Picante
504,25 - 34 Años,Masculino,Quetzaltenango,3 A 5 Veces Por Semana,Picante Chapín,Fan Chips Jalapeño
504,25 - 34 Años,Masculino,Quetzaltenango,3 A 5 Veces Por Semana,Picante Chapín,Futbolmix
505,45 - 54 Años,Masculino,Guatemala,Varias Veces Al Mes,Picante Chapín,Victory Pretzels
506,Menos De 18 Años,Femenino,Guatemala,Varias Veces Al Mes,Barbacoa,Gol Nachos Supreme
506,Menos De 18 Años,Femenino,Guatemala,Varias Veces Al Mes,Barbacoa,Caramel Goal Popcorn
506,Menos De 18 Años,Femenino,Guatemala,Varias Veces Al Mes,Barbacoa,Futbolmix
507,55 Años O Más,Masculino,Petén,1 A 2 Veces Por Semana,Barbacoa,Hot Stadium Peanuts
507,55 Años O Más,Masculino,Petén,1 A 2 Veces Por Semana,Barbacoa,Caramel Goal Popcorn
507,55 Años O Más,Masculino,Petén,1 A 2 Veces Por Semana,Barbacoa,Mundialitos Queso Picante
508,35 - 44 Años,Femenino,Guatemala,3 A 5 Veces Por Semana,Jalapeño,Futbolmix
508,35 - 44 Años,Femenino,Guatemala,3 A 5 Veces Por Semana,Jalapeño,Hot Stadium Peanuts
509,35 - 44 Años,Masculino,Guatemala,3 A 5 Veces Por Semana,Barbacoa,Chocokick Bites
509,35 - 44 Años,Masculino,Guatemala,3 A 5 Veces Por Semana,Barbacoa,Gol Nachos Supreme
510,18 - 24 Años,Masculino,Guatemala,Varias Veces Al Mes,Salado Tradicional,Mundialitos Queso Picante
510,18 - 24 Años,Masculino,Guatemala,Varias Veces Al Mes,Salado Tradicional,Caramel Goal Popcorn
510,18 - 24 Años,Masculino,Guatemala,Varias Veces Al Mes,Salado Tradicional,Hot Stadium Peanuts
511,35 - 44 Años,Masculino,Guatemala,1 A 2 Veces Por Semana,Salado Tradicional,Hot Stadium Peanuts
512,55 Años O Más,Femenino,Suchitepéquez,Varias Veces Al Mes,Chocolate,Futbolmix
512,55 Años O Más,Femenino,Suchitepéquez,Varias Veces Al Mes,Chocolate,Energy Crunch Protein
512,55 Años O Más,Femenino,Suchitepéquez,Varias Veces Al Mes,Chocolate,Victory Pretzels
513,35 - 44 Años,Masculino,Sacatepéquez,3 A 5 Veces Por Semana,Limón,Crunchmax Bbq
513,35 - 44 Años,Masculino,Sacatepéquez,3 A 5 Veces Por Semana,Limón,Fan Chips Jalapeño
514,35 - 44 Años,Prefiero No Indicarlo,Guatemala,1 A 2 Veces Por Semana,,Hot Stadium Peanuts
514,35 - 44 Años,Prefiero No Indicarlo,Guatemala,1 A 2 Veces Por Semana,,Fan Chips Jalapeño
515,18 - 24 Años,Masculino,Guatemala,Varias Veces Al Mes,Queso,Crunchmax Bbq
515,18 - 24 Años,Masculino,Guatemala,Varias Veces Al Mes,Queso,Hot Stadium Peanuts
515,18 - 24 Años,Masculino,Guatemala,Varias Veces Al Mes,Queso,Caramel Goal Popcorn
516,35 - 44 Años,Masculino,Sacatepéquez,1 A 2 Veces Por Semana,Caramelo,Chocokick Bites
516,35 - 44 Años,Masculino,Sacatepéquez,1 A 2 Veces Por Semana,Caramelo,Crunchmax Bbq
516,35 - 44 Años,Masculino,Sacatepéquez,1 A 2 Veces Por Semana,Caramelo,Hot Stadium Peanuts
517,18 - 24 Años,Masculino,Chimaltenango,Varias Veces Al Mes,Salado Tradicional,Victory Pretzels
518,Menos De 18 Años,Femenino,Sacatepéquez,1 A 2 Veces Por Semana,Queso,Energy Crunch Protein
518,Menos De 18 Años,Femenino,Sacatepéquez,1 A 2 Veces Por Semana,Queso,Hot Stadium Peanuts
518,Menos De 18 Años,Femenino,Sacatepéquez,1 A 2 Veces Por Semana,Queso,Crunchmax Bbq
519,25 - 34 Años,Femenino,Escuintla,1 A 2 Veces Por Semana,Queso,Crunchmax Bbq
519,25 - 34 Años,Femenino,Escuintla,1 A 2 Veces Por Semana,Queso,Chocokick Bites
519,25 - 34 Años,Femenino,Escuintla,1 A 2 Veces Por Semana,Queso,Fan Chips Jalapeño
520,55 Años O Más,Masculino,Guatemala,3 A 5 Veces Por Semana,Limón,Crunchmax Bbq
521,45 - 54 Años,Masculino,Sacatepéquez,3 A 5 Veces Por Semana,Jalapeño,Mundialitos Queso Picante
522,25 - 34 Años,Femenino,Zacapa,1 A 2 Veces Por Semana,Queso,Hot Stadium Peanuts
522,25 - 34 Años,Femenino,Zacapa,1 A 2 Veces Por Semana,Queso,Energy Crunch Protein
522,25 - 34 Años,Femenino,Zacapa,1 A 2 Veces Por Semana,Queso,Mundialitos Queso Picante
523,25 - 34 Años,Masculino,Quetzaltenango,3 A 5 Veces Por Semana,Barbacoa,Caramel Goal Popcorn
523,25 - 34 Años,Masculino,Quetzaltenango,3 A 5 Veces Por Semana,Barbacoa,Crunchmax Bbq
523,25 - 34 Años,Masculino,Quetzaltenango,3 A 5 Veces Por Semana,Barbacoa,Fan Chips Jalapeño
524,35 - 44 Años,Masculino,Guatemala,3 A 5 Veces Por Semana,Queso,Energy Crunch Protein
524,35 - 44 Años,Masculino,Guatemala,3 A 5 Veces Por Semana,Queso,Crunchmax Bbq
525,25 - 34 Años,Masculino,Guatemala,Rara Vez,Salado Tradicional,Futbolmix
525,25 - 34 Años,Masculino,Guatemala,Rara Vez,Salado Tradicional,Hot Stadium Peanuts
525,25 - 34 Años,Masculino,Guatemala,Rara Vez,Salado Tradicional,Fan Chips Jalapeño
526,Menos De 18 Años,Femenino,Guatemala,1 A 2 Veces Por Semana,Limón,Futbolmix
526,Menos De 18 Años,Femenino,Guatemala,1 A 2 Veces Por Semana,Limón,Gol Nachos Supreme
527,18 - 24 Años,Masculino,Jutiapa,Varias Veces Al Mes,Picante Chapín,Hot Stadium Peanuts
527,18 - 24 Años,Masculino,Jutiapa,Varias Veces Al Mes,Picante Chapín,Futbolmix
528,18 - 24 Años,Masculino,Sololá,3 A 5 Veces Por Semana,Caramelo,Gol Nachos Supreme
529,25 - 34 Años,Femenino,Guatemala,1 A 2 Veces Por Semana,Limón,Futbolmix
529,25 - 34 Años,Femenino,Guatemala,1 A 2 Veces Por Semana,Limón,Crunchmax Bbq
530,25 - 34 Años,Masculino,Retalhuleu,Todos Los Días,Chocolate,Futbolmix
531,18 - 24 Años,Femenino,Jalapa,1 A 2 Veces Por Semana,Queso,Hot Stadium Peanuts
531,18 - 24 Años,Femenino,Jalapa,1 A 2 Veces Por Semana,Queso,Mundialitos Queso Picante
531,18 - 24 Años,Femenino,Jalapa,1 A 2 Veces Por Semana,Queso,Fan Chips Jalapeño
532,35 - 44 Años,Femenino,Guatemala,Todos Los Días,Barbacoa,Gol Nachos Supreme
532,35 - 44 Años,Femenino,Guatemala,Todos Los Días,Barbacoa,Caramel Goal Popcorn
533,55 Años O Más,Femenino,Guatemala,Rara Vez,Queso,Gol Nachos Supreme
534,55 Años O Más,Masculino,Guatemala,Rara Vez,Picante Chapín,Victory Pretzels
535,25 - 34 Años,Masculino,Sacatepéquez,3 A 5 Veces Por Semana,Salado Tradicional,Crunchmax Bbq
536,25 - 34 Años,Femenino,Chimaltenango,Todos Los Días,Caramelo,Fan Chips Jalapeño
536,25 - 34 Años,Femenino,Chimaltenango,Todos Los Días,Caramelo,Crunchmax Bbq
537,25 - 34 Años,Masculino,Escuintla,1 A 2 Veces Por Semana,Limón,Mundialitos Queso Picante
537,25 - 34 Años,Masculino,Escuintla,1 A 2 Veces Por Semana,Limón,Futbolmix
537,25 - 34 Años,Masculino,Escuintla,1 A 2 Veces Por Semana,Limón,Caramel Goal Popcorn
538,35 - 44 Años,Femenino,Guatemala,Rara Vez,Chocolate,Futbolmix
539,18 - 24 Años,Masculino,Guatemala,Todos Los Días,Dulce,Futbolmix
539,18 - 24 Años,Masculino,Guatemala,Todos Los Días,Dulce,Energy Crunch Protein
540,35 - 44 Años,Femenino,San Marcos,3 A 5 Veces Por Semana,Chocolate,Crunchmax Bbq
540,35 - 44 Años,Femenino,San Marcos,3 A 5 Veces Por Semana,Chocolate,Energy Crunch Protein
541,18 - 24 Años,Masculino,Guatemala,Todos Los Días,Picante Chapín,Hot Stadium Peanuts
542,Menos De 18 Años,Femenino,Guatemala,1 A 2 Veces Por Semana,Barbacoa,Victory Pretzels
543,18 - 24 Años,Masculino,Guatemala,1 A 2 Veces Por Semana,Dulce,Victory Pretzels
543,18 - 24 Años,Masculino,Guatemala,1 A 2 Veces Por Semana,Dulce,Hot Stadium Peanuts
543,18 - 24 Años,Masculino,Guatemala,1 A 2 Veces Por Semana,Dulce,Chocokick Bites
544,25 - 34 Años,Femenino,Quetzaltenango,1 A 2 Veces Por Semana,Limón,Crunchmax Bbq
545,25 - 34 Años,Femenino,Quetzaltenango,Rara Vez,Barbacoa,Mundialitos Queso Picante
545,25 - 34 Años,Femenino,Quetzaltenango,Rara Vez,Barbacoa,Caramel Goal Popcorn
546,45 - 54 Años,Femenino,Guatemala,1 A 2 Veces Por Semana,Chocolate,Crunchmax Bbq
547,18 - 24 Años,Masculino,Guatemala,3 A 5 Veces Por Semana,Barbacoa,Mundialitos Queso Picante
547,18 - 24 Años,Masculino,Guatemala,3 A 5 Veces Por Semana,Barbacoa,Fan Chips Jalapeño
547,18 - 24 Años,Masculino,Guatemala,3 A 5 Veces Por Semana,Barbacoa,Gol Nachos Supreme
548,18 - 24 Años,Femenino,Sacatepéquez,Todos Los Días,Jalapeño,Chocokick Bites
548,18 - 24 Años,Femenino,Sacatepéquez,Todos Los Días,Jalapeño,Crunchmax Bbq
549,35 - 44 Años,Masculino,Guatemala,1 A 2 Veces Por Semana,Barbacoa,Futbolmix
549,35 - 44 Años,Masculino,Guatemala,1 A 2 Veces Por Semana,Barbacoa,Mundialitos Queso Picante
550,25 - 34 Años,Masculino,Guatemala,3 A 5 Veces Por Semana,Jalapeño,Crunchmax Bbq
550,25 - 34 Años,Masculino,Guatemala,3 A 5 Veces Por Semana,Jalapeño,Mundialitos Queso Picante
550,25 - 34 Años,Masculino,Guatemala,3 A 5 Veces Por Semana,Jalapeño,Fan Chips Jalapeño
551,55 Años O Más,Masculino,Izabal,3 A 5 Veces Por Semana,Picante Chapín,Crunchmax Bbq
551,55 Años O Más,Masculino,Izabal,3 A 5 Veces Por Semana,Picante Chapín,Fan Chips Jalapeño
551,55 Años O Más,Masculino,Izabal,3 A 5 Veces Por Semana,Picante Chapín,Chocokick Bites
552,18 - 24 Años,Masculino,Quetzaltenango,Todos Los Días,Jalapeño,Chocokick Bites
553,45 - 54 Años,Prefiero No Indicarlo,El Progreso,3 A 5 Veces Por Semana,Chocolate,Mundialitos Queso Picante
553,45 - 54 Años,Prefiero No Indicarlo,El Progreso,3 A 5 Veces Por Semana,Chocolate,Fan Chips Jalapeño
553,45 - 54 Años,Prefiero No Indicarlo,El Progreso,3 A 5 Veces Por Semana,Chocolate,Crunchmax Bbq
554,18 - 24 Años,Masculino,Guatemala,1 A 2 Veces Por Semana,Barbacoa,Futbolmix
554,18 - 24 Años,Masculino,Guatemala,1 A 2 Veces Por Semana,Barbacoa,Mundialitos Queso Picante
554,18 - 24 Años,Masculino,Guatemala,1 A 2 Veces Por Semana,Barbacoa,Hot Stadium Peanuts
555,18 - 24 Años,Femenino,Baja Verapaz,3 A 5 Veces Por Semana,Queso,Crunchmax Bbq
556,Menos De 18 Años,Femenino,Suchitepéquez,Rara Vez,Salado Tradicional,Futbolmix
556,Menos De 18 Años,Femenino,Suchitepéquez,Rara Vez,Salado Tradicional,Crunchmax Bbq
556,Menos De 18 Años,Femenino,Suchitepéquez,Rara Vez,Salado Tradicional,Mundialitos Queso Picante
557,55 Años O Más,Femenino,Sacatepéquez,Varias Veces Al Mes,Barbacoa,Victory Pretzels
557,55 Años O Más,Femenino,Sacatepéquez,Varias Veces Al Mes,Barbacoa,Chocokick Bites
557,55 Años O Más,Femenino,Sacatepéquez,Varias Veces Al Mes,Barbacoa,Crunchmax Bbq
558,18 - 24 Años,Femenino,Jutiapa,3 A 5 Veces Por Semana,Queso,Gol Nachos Supreme
559,45 - 54 Años,Masculino,Escuintla,Todos Los Días,Queso,Chocokick Bites
560,Menos De 18 Años,Femenino,Guatemala,1 A 2 Veces Por Semana,Chocolate,Chocokick Bites
560,Menos De 18 Años,Femenino,Guatemala,1 A 2 Veces Por Semana,Chocolate,Hot Stadium Peanuts
561,45 - 54 Años,Femenino,Guatemala,3 A 5 Veces Por Semana,Queso,Mundialitos Queso Picante
561,45 - 54 Años,Femenino,Guatemala,3 A 5 Veces Por Semana,Queso,Caramel Goal Popcorn
561,45 - 54 Años,Femenino,Guatemala,3 A 5 Veces Por Semana,Queso,Futbolmix
562,55 Años O Más,Femenino,Sacatepéquez,Varias Veces Al Mes,Picante Chapín,Mundialitos Queso Picante
562,55 Años O Más,Femenino,Sacatepéquez,Varias Veces Al Mes,Picante Chapín,Caramel Goal Popcorn
563,45 - 54 Años,Femenino,Quetzaltenango,Todos Los Días,Limón,Fan Chips Jalapeño
563,45 - 54 Años,Femenino,Quetzaltenango,Todos Los Días,Limón,Chocokick Bites
563,45 - 54 Años,Femenino,Quetzaltenango,Todos Los Días,Limón,Crunchmax Bbq
564,55 Años O Más,Femenino,Chimaltenango,Todos Los Días,Barbacoa,Futbolmix
564,55 Años O Más,Femenino,Chimaltenango,Todos Los Días,Barbacoa,Energy Crunch Protein
565,Menos De 18 Años,Femenino,Guatemala,Todos Los Días,Queso,Crunchmax Bbq
566,35 - 44 Años,Femenino,Huehuetenango,1 A 2 Veces Por Semana,Caramelo,Crunchmax Bbq
566,35 - 44 Años,Femenino,Huehuetenango,1 A 2 Veces Por Semana,Caramelo,Chocokick Bites
566,35 - 44 Años,Femenino,Huehuetenango,1 A 2 Veces Por Semana,Caramelo,Mundialitos Queso Picante
567,35 - 44 Años,Femenino,Guatemala,Rara Vez,Salado Tradicional,Energy Crunch Protein
568,45 - 54 Años,Masculino,Guatemala,1 A 2 Veces Por Semana,Barbacoa,Crunchmax Bbq
568,45 - 54 Años,Masculino,Guatemala,1 A 2 Veces Por Semana,Barbacoa,Fan Chips Jalapeño
568,45 - 54 Años,Masculino,Guatemala,1 A 2 Veces Por Semana,Barbacoa,Mundialitos Queso Picante
569,35 - 44 Años,Femenino,Guatemala,Varias Veces Al Mes,Picante Chapín,Crunchmax Bbq
570,35 - 44 Años,Masculino,Guatemala,Varias Veces Al Mes,Queso,Victory Pretzels
570,35 - 44 Años,Masculino,Guatemala,Varias Veces Al Mes,Queso,Mundialitos Queso Picante
571,25 - 34 Años,Femenino,Guatemala,Varias Veces Al Mes,Barbacoa,Hot Stadium Peanuts
572,18 - 24 Años,Femenino,Chimaltenango,Todos Los Días,Chocolate,Caramel Goal Popcorn
573,18 - 24 Años,Masculino,Escuintla,1 A 2 Veces Por Semana,Queso,Fan Chips Jalapeño
574,18 - 24 Años,Femenino,Guatemala,1 A 2 Veces Por Semana,Queso,Futbolmix
574,18 - 24 Años,Femenino,Guatemala,1 A 2 Veces Por Semana,Queso,Victory Pretzels
575,18 - 24 Años,Masculino,Izabal,Todos Los Días,Picante Chapín,Energy Crunch Protein
575,18 - 24 Años,Masculino,Izabal,Todos Los Días,Picante Chapín,Victory Pretzels
576,18 - 24 Años,Masculino,El Progreso,Rara Vez,Barbacoa,Caramel Goal Popcorn
576,18 - 24 Años,Masculino,El Progreso,Rara Vez,Barbacoa,Energy Crunch Protein
577,Menos De 18 Años,Masculino,Guatemala,3 A 5 Veces Por Semana,Chocolate,Crunchmax Bbq
577,Menos De 18 Años,Masculino,Guatemala,3 A 5 Veces Por Semana,Chocolate,Fan Chips Jalapeño
577,Menos De 18 Años,Masculino,Guatemala,3 A 5 Veces Por Semana,Chocolate,Energy Crunch Protein
578,18 - 24 Años,Prefiero No Indicarlo,Jalapa,1 A 2 Veces Por Semana,Chocolate,Futbolmix
579,25 - 34 Años,Masculino,Guatemala,3 A 5 Veces Por Semana,Limón,Mundialitos Queso Picante
579,25 - 34 Años,Masculino,Guatemala,3 A 5 Veces Por Semana,Limón,Energy Crunch Protein
580,Menos De 18 Años,Femenino,Guatemala,Todos Los Días,Limón,Chocokick Bites
580,Menos De 18 Años,Femenino,Guatemala,Todos Los Días,Limón,Hot Stadium Peanuts
580,Menos De 18 Años,Femenino,Guatemala,Todos Los Días,Limón,Futbolmix
581,18 - 24 Años,Femenino,Guatemala,Todos Los Días,Salado Tradicional,Gol Nachos Supreme
581,18 - 24 Años,Femenino,Guatemala,Todos Los Días,Salado Tradicional,Chocokick Bites
582,35 - 44 Años,Masculino,Suchitepéquez,3 A 5 Veces Por Semana,Jalapeño,Futbolmix
583,25 - 34 Años,Masculino,Guatemala,Rara Vez,Dulce,Caramel Goal Popcorn
583,25 - 34 Años,Masculino,Guatemala,Rara Vez,Dulce,Gol Nachos Supreme
584,55 Años O Más,Masculino,Chimaltenango,1 A 2 Veces Por Semana,Barbacoa,Chocokick Bites
584,55 Años O Más,Masculino,Chimaltenango,1 A 2 Veces Por Semana,Barbacoa,Hot Stadium Peanuts
584,55 Años O Más,Masculino,Chimaltenango,1 A 2 Veces Por Semana,Barbacoa,Gol Nachos Supreme
585,25 - 34 Años,Masculino,Sacatepéquez,Varias Veces Al Mes,Queso,Gol Nachos Supreme
586,45 - 54 Años,Masculino,Jutiapa,1 A 2 Veces Por Semana,Queso,Fan Chips Jalapeño
586,45 - 54 Años,Masculino,Jutiapa,1 A 2 Veces Por Semana,Queso,Crunchmax Bbq
587,35 - 44 Años,Femenino,Zacapa,1 A 2 Veces Por Semana,Picante Chapín,Mundialitos Queso Picante
587,35 - 44 Años,Femenino,Zacapa,1 A 2 Veces Por Semana,Picante Chapín,Crunchmax Bbq
588,18 - 24 Años,Masculino,Escuintla,1 A 2 Veces Por Semana,Picante Chapín,Caramel Goal Popcorn
589,25 - 34 Años,Femenino,Huehuetenango,Varias Veces Al Mes,Chocolate,Hot Stadium Peanuts
590,18 - 24 Años,Masculino,Quetzaltenango,Varias Veces Al Mes,Salado Tradicional,Crunchmax Bbq
590,18 - 24 Años,Masculino,Quetzaltenango,Varias Veces Al Mes,Salado Tradicional,Caramel Goal Popcorn
591,25 - 34 Años,Femenino,Guatemala,1 A 2 Veces Por Semana,Picante Chapín,Victory Pretzels
591,25 - 34 Años,Femenino,Guatemala,1 A 2 Veces Por Semana,Picante Chapín,Chocokick Bites
592,18 - 24 Años,Masculino,Quetzaltenango,Todos Los Días,Queso,Chocokick Bites
593,Menos De 18 Años,Femenino,Guatemala,Rara Vez,Jalapeño,Gol Nachos Supreme
593,Menos De 18 Años,Femenino,Guatemala,Rara Vez,Jalapeño,Chocokick Bites
593,Menos De 18 Años,Femenino,Guatemala,Rara Vez,Jalapeño,Caramel Goal Popcorn
594,35 - 44 Años,Masculino,Guatemala,Todos Los Días,Barbacoa,Futbolmix
594,35 - 44 Años,Masculino,Guatemala,Todos Los Días,Barbacoa,Chocokick Bites
595,45 - 54 Años,Femenino,Guatemala,1 A 2 Veces Por Semana,Jalapeño,Caramel Goal Popcorn
595,45 - 54 Años,Femenino,Guatemala,1 A 2 Veces Por Semana,Jalapeño,Chocokick Bites
595,45 - 54 Años,Femenino,Guatemala,1 A 2 Veces Por Semana,Jalapeño,Hot Stadium Peanuts
596,25 - 34 Años,Masculino,Quetzaltenango,3 A 5 Veces Por Semana,Queso,Fan Chips Jalapeño
596,25 - 34 Años,Masculino,Quetzaltenango,3 A 5 Veces Por Semana,Queso,Mundialitos Queso Picante
596,25 - 34 Años,Masculino,Quetzaltenango,3 A 5 Veces Por Semana,Queso,Futbolmix
597,Menos De 18 Años,Femenino,Chimaltenango,3 A 5 Veces Por Semana,Picante Chapín,Futbolmix
598,Menos De 18 Años,Masculino,Sacatepéquez,3 A 5 Veces Por Semana,Jalapeño,Futbolmix
598,Menos De 18 Años,Masculino,Sacatepéquez,3 A 5 Veces Por Semana,Jalapeño,Mundialitos Queso Picante
599,25 - 34 Años,Femenino,Guatemala,3 A 5 Veces Por Semana,Salado Tradicional,Gol Nachos Supreme
599,25 - 34 Años,Femenino,Guatemala,3 A 5 Veces Por Semana,Salado Tradicional,Mundialitos Queso Picante
599,25 - 34 Años,Femenino,Guatemala,3 A 5 Veces Por Semana,Salado Tradicional,Energy Crunch Protein
600,45 - 54 Años,Femenino,Guatemala,1 A 2 Veces Por Semana,Picante Chapín,Fan Chips Jalapeño
600,45 - 54 Años,Femenino,Guatemala,1 A 2 Veces Por Semana,Picante Chapín,Gol Nachos Supreme
600,45 - 54 Años,Femenino,Guatemala,1 A 2 Veces Por Semana,Picante Chapín,Caramel Goal Popcorn
601,18 - 24 Años,Masculino,Suchitepéquez,3 A 5 Veces Por Semana,Picante Chapín,Victory Pretzels
602,45 - 54 Años,Masculino,Chimaltenango,1 A 2 Veces Por Semana,Jalapeño,Energy Crunch Protein
603,35 - 44 Años,Femenino,Guatemala,Varias Veces Al Mes,Barbacoa,Caramel Goal Popcorn
604,Menos De 18 Años,Femenino,Chimaltenango,3 A 5 Veces Por Semana,Queso,Futbolmix
604,Menos De 18 Años,Femenino,Chimaltenango,3 A 5 Veces Por Semana,Queso,Fan Chips Jalapeño
604,Menos De 18 Años,Femenino,Chimaltenango,3 A 5 Veces Por Semana,Queso,Crunchmax Bbq
605,25 - 34 Años,Femenino,Chimaltenango,3 A 5 Veces Por Semana,Barbacoa,Crunchmax Bbq
605,25 - 34 Años,Femenino,Chimaltenango,3 A 5 Veces Por Semana,Barbacoa,Caramel Goal Popcorn
605,25 - 34 Años,Femenino,Chimaltenango,3 A 5 Veces Por Semana,Barbacoa,Futbolmix
606,25 - 34 Años,Femenino,Quetzaltenango,3 A 5 Veces Por Semana,Jalapeño,Hot Stadium Peanuts
606,25 - 34 Años,Femenino,Quetzaltenango,3 A 5 Veces Por Semana,Jalapeño,Futbolmix
607,Menos De 18 Años,Masculino,Huehuetenango,1 A 2 Veces Por Semana,Queso,Fan Chips Jalapeño
607,Menos De 18 Años,Masculino,Huehuetenango,1 A 2 Veces Por Semana,Queso,Mundialitos Queso Picante
608,25 - 34 Años,Masculino,Guatemala,Todos Los Días,Caramelo,Crunchmax Bbq
608,25 - 34 Años,Masculino,Guatemala,Todos Los Días,Caramelo,Mundialitos Queso Picante
608,25 - 34 Años,Masculino,Guatemala,Todos Los Días,Caramelo,Fan Chips Jalapeño
609,18 - 24 Años,Femenino,Quetzaltenango,1 A 2 Veces Por Semana,Barbacoa,Caramel Goal Popcorn
1416,45 - 54 Años,Masculino,Huehuetenango,3 A 5 Veces Por Semana,Dulce,Futbolmix
1416,45 - 54 Años,Masculino,Huehuetenango,3 A 5 Veces Por Semana,Dulce,Mundialitos Queso Picante
1416,45 - 54 Años,Masculino,Huehuetenango,3 A 5 Veces Por Semana,Dulce,Victory Pretzels
611,45 - 54 Años,Femenino,Jalapa,Varias Veces Al Mes,Chocolate,Fan Chips Jalapeño
612,35 - 44 Años,Femenino,Guatemala,1 A 2 Veces Por Semana,Limón,Hot Stadium Peanuts
613,25 - 34 Años,Masculino,Escuintla,1 A 2 Veces Por Semana,Chocolate,Energy Crunch Protein
613,25 - 34 Años,Masculino,Escuintla,1 A 2 Veces Por Semana,Chocolate,Gol Nachos Supreme
613,25 - 34 Años,Masculino,Escuintla,1 A 2 Veces Por Semana,Chocolate,Hot Stadium Peanuts
614,45 - 54 Años,Femenino,Guatemala,1 A 2 Veces Por Semana,Jalapeño,Chocokick Bites
614,45 - 54 Años,Femenino,Guatemala,1 A 2 Veces Por Semana,Jalapeño,Caramel Goal Popcorn
614,45 - 54 Años,Femenino,Guatemala,1 A 2 Veces Por Semana,Jalapeño,Crunchmax Bbq
615,18 - 24 Años,Masculino,Guatemala,1 A 2 Veces Por Semana,Salado Tradicional,Crunchmax Bbq
615,18 - 24 Años,Masculino,Guatemala,1 A 2 Veces Por Semana,Salado Tradicional,Victory Pretzels
1472,45 - 54 Años,Femenino,Chimaltenango,Todos Los Días,Picante Chapín,Mundialitos Queso Picante
1472,45 - 54 Años,Femenino,Chimaltenango,Todos Los Días,Picante Chapín,Caramel Goal Popcorn
617,35 - 44 Años,Femenino,Jutiapa,1 A 2 Veces Por Semana,Limón,Mundialitos Queso Picante
617,35 - 44 Años,Femenino,Jutiapa,1 A 2 Veces Por Semana,Limón,Crunchmax Bbq
618,18 - 24 Años,Femenino,Sololá,Varias Veces Al Mes,Limón,Crunchmax Bbq
618,18 - 24 Años,Femenino,Sololá,Varias Veces Al Mes,Limón,Fan Chips Jalapeño
618,18 - 24 Años,Femenino,Sololá,Varias Veces Al Mes,Limón,Mundialitos Queso Picante
619,35 - 44 Años,Masculino,Sacatepéquez,1 A 2 Veces Por Semana,Dulce,Fan Chips Jalapeño
619,35 - 44 Años,Masculino,Sacatepéquez,1 A 2 Veces Por Semana,Dulce,Crunchmax Bbq
620,25 - 34 Años,Masculino,San Marcos,Rara Vez,Chocolate,Hot Stadium Peanuts
621,Menos De 18 Años,Femenino,Escuintla,1 A 2 Veces Por Semana,Picante Chapín,Mundialitos Queso Picante
622,35 - 44 Años,Femenino,Guatemala,3 A 5 Veces Por Semana,Dulce,Futbolmix
623,18 - 24 Años,Masculino,Guatemala,Varias Veces Al Mes,Queso,Energy Crunch Protein
623,18 - 24 Años,Masculino,Guatemala,Varias Veces Al Mes,Queso,Crunchmax Bbq
623,18 - 24 Años,Masculino,Guatemala,Varias Veces Al Mes,Queso,Fan Chips Jalapeño
624,Menos De 18 Años,Masculino,Petén,Varias Veces Al Mes,Queso,Gol Nachos Supreme
624,Menos De 18 Años,Masculino,Petén,Varias Veces Al Mes,Queso,Caramel Goal Popcorn
625,18 - 24 Años,Femenino,Izabal,Todos Los Días,Salado Tradicional,Gol Nachos Supreme
625,18 - 24 Años,Femenino,Izabal,Todos Los Días,Salado Tradicional,Mundialitos Queso Picante
625,18 - 24 Años,Femenino,Izabal,Todos Los Días,Salado Tradicional,Futbolmix
626,18 - 24 Años,Masculino,Guatemala,3 A 5 Veces Por Semana,Jalapeño,Gol Nachos Supreme
626,18 - 24 Años,Masculino,Guatemala,3 A 5 Veces Por Semana,Jalapeño,Victory Pretzels
626,18 - 24 Años,Masculino,Guatemala,3 A 5 Veces Por Semana,Jalapeño,Caramel Goal Popcorn
627,25 - 34 Años,Masculino,Guatemala,3 A 5 Veces Por Semana,Picante Chapín,Fan Chips Jalapeño
628,25 - 34 Años,Masculino,Guatemala,3 A 5 Veces Por Semana,Picante Chapín,Mundialitos Queso Picante
629,18 - 24 Años,Masculino,Izabal,Todos Los Días,Queso,Caramel Goal Popcorn
630,55 Años O Más,Masculino,Baja Verapaz,Rara Vez,Jalapeño,Futbolmix
630,55 Años O Más,Masculino,Baja Verapaz,Rara Vez,Jalapeño,Crunchmax Bbq
630,55 Años O Más,Masculino,Baja Verapaz,Rara Vez,Jalapeño,Energy Crunch Protein
631,18 - 24 Años,Masculino,Guatemala,Rara Vez,Queso,Energy Crunch Protein
631,18 - 24 Años,Masculino,Guatemala,Rara Vez,Queso,Chocokick Bites
631,18 - 24 Años,Masculino,Guatemala,Rara Vez,Queso,Gol Nachos Supreme
632,25 - 34 Años,Femenino,Guatemala,Todos Los Días,Salado Tradicional,Chocokick Bites
633,45 - 54 Años,Masculino,Sacatepéquez,Todos Los Días,Picante Chapín,Crunchmax Bbq
634,35 - 44 Años,Masculino,Chimaltenango,3 A 5 Veces Por Semana,Limón,Mundialitos Queso Picante
634,35 - 44 Años,Masculino,Chimaltenango,3 A 5 Veces Por Semana,Limón,Hot Stadium Peanuts
634,35 - 44 Años,Masculino,Chimaltenango,3 A 5 Veces Por Semana,Limón,Fan Chips Jalapeño
635,35 - 44 Años,Masculino,Guatemala,Varias Veces Al Mes,Dulce,Mundialitos Queso Picante
635,35 - 44 Años,Masculino,Guatemala,Varias Veces Al Mes,Dulce,Caramel Goal Popcorn
635,35 - 44 Años,Masculino,Guatemala,Varias Veces Al Mes,Dulce,Hot Stadium Peanuts
636,55 Años O Más,Masculino,Jutiapa,Todos Los Días,Caramelo,Crunchmax Bbq
637,18 - 24 Años,Femenino,Escuintla,Todos Los Días,Chocolate,Gol Nachos Supreme
637,18 - 24 Años,Femenino,Escuintla,Todos Los Días,Chocolate,Mundialitos Queso Picante
637,18 - 24 Años,Femenino,Escuintla,Todos Los Días,Chocolate,Futbolmix
638,18 - 24 Años,Masculino,Sacatepéquez,3 A 5 Veces Por Semana,Picante Chapín,Crunchmax Bbq
638,18 - 24 Años,Masculino,Sacatepéquez,3 A 5 Veces Por Semana,Picante Chapín,Gol Nachos Supreme
639,25 - 34 Años,Femenino,Guatemala,3 A 5 Veces Por Semana,Barbacoa,Crunchmax Bbq
639,25 - 34 Años,Femenino,Guatemala,3 A 5 Veces Por Semana,Barbacoa,Victory Pretzels
639,25 - 34 Años,Femenino,Guatemala,3 A 5 Veces Por Semana,Barbacoa,Caramel Goal Popcorn
640,45 - 54 Años,Femenino,El Progreso,Varias Veces Al Mes,Chocolate,Mundialitos Queso Picante
641,18 - 24 Años,Masculino,Jutiapa,Varias Veces Al Mes,Queso,Fan Chips Jalapeño
641,18 - 24 Años,Masculino,Jutiapa,Varias Veces Al Mes,Queso,Gol Nachos Supreme
641,18 - 24 Años,Masculino,Jutiapa,Varias Veces Al Mes,Queso,Mundialitos Queso Picante
642,Menos De 18 Años,Femenino,San Marcos,Varias Veces Al Mes,Limón,Energy Crunch Protein
642,Menos De 18 Años,Femenino,San Marcos,Varias Veces Al Mes,Limón,Hot Stadium Peanuts
643,55 Años O Más,Femenino,Baja Verapaz,1 A 2 Veces Por Semana,Limón,Caramel Goal Popcorn
644,25 - 34 Años,Masculino,Guatemala,1 A 2 Veces Por Semana,Barbacoa,Fan Chips Jalapeño
644,25 - 34 Años,Masculino,Guatemala,1 A 2 Veces Por Semana,Barbacoa,Chocokick Bites
645,18 - 24 Años,Masculino,Quetzaltenango,Varias Veces Al Mes,Limón,Futbolmix
646,18 - 24 Años,Femenino,Quetzaltenango,Varias Veces Al Mes,Picante Chapín,Hot Stadium Peanuts
646,18 - 24 Años,Femenino,Quetzaltenango,Varias Veces Al Mes,Picante Chapín,Caramel Goal Popcorn
647,25 - 34 Años,Femenino,Escuintla,3 A 5 Veces Por Semana,Picante Chapín,Fan Chips Jalapeño
647,25 - 34 Años,Femenino,Escuintla,3 A 5 Veces Por Semana,Picante Chapín,Futbolmix
648,Menos De 18 Años,Femenino,Guatemala,Todos Los Días,Barbacoa,Caramel Goal Popcorn
649,55 Años O Más,Femenino,Guatemala,Rara Vez,Picante Chapín,Gol Nachos Supreme
649,55 Años O Más,Femenino,Guatemala,Rara Vez,Picante Chapín,Crunchmax Bbq
649,55 Años O Más,Femenino,Guatemala,Rara Vez,Picante Chapín,Mundialitos Queso Picante
650,18 - 24 Años,Masculino,Suchitepéquez,1 A 2 Veces Por Semana,Chocolate,Mundialitos Queso Picante
651,25 - 34 Años,Femenino,Guatemala,3 A 5 Veces Por Semana,Barbacoa,Futbolmix
652,35 - 44 Años,Femenino,Chimaltenango,Rara Vez,Picante Chapín,Futbolmix
652,35 - 44 Años,Femenino,Chimaltenango,Rara Vez,Picante Chapín,Chocokick Bites
652,35 - 44 Años,Femenino,Chimaltenango,Rara Vez,Picante Chapín,Gol Nachos Supreme
653,55 Años O Más,Femenino,Alta Verapaz,Todos Los Días,Limón,Fan Chips Jalapeño
654,35 - 44 Años,Masculino,Chimaltenango,1 A 2 Veces Por Semana,Barbacoa,Chocokick Bites
654,35 - 44 Años,Masculino,Chimaltenango,1 A 2 Veces Por Semana,Barbacoa,Gol Nachos Supreme
655,45 - 54 Años,Femenino,Guatemala,1 A 2 Veces Por Semana,Jalapeño,Hot Stadium Peanuts
655,45 - 54 Años,Femenino,Guatemala,1 A 2 Veces Por Semana,Jalapeño,Chocokick Bites
656,Menos De 18 Años,Masculino,Xela,Todos Los Días,Chocolate,Crunchmax Bbq
656,Menos De 18 Años,Masculino,Xela,Todos Los Días,Chocolate,Hot Stadium Peanuts
656,Menos De 18 Años,Masculino,Xela,Todos Los Días,Chocolate,Chocokick Bites
657,25 - 34 Años,Masculino,Guatemala,1 A 2 Veces Por Semana,Picante Chapín,Crunchmax Bbq
657,25 - 34 Años,Masculino,Guatemala,1 A 2 Veces Por Semana,Picante Chapín,Chocokick Bites
658,45 - 54 Años,Masculino,Chimaltenango,3 A 5 Veces Por Semana,Barbacoa,Futbolmix
658,45 - 54 Años,Masculino,Chimaltenango,3 A 5 Veces Por Semana,Barbacoa,Crunchmax Bbq
658,45 - 54 Años,Masculino,Chimaltenango,3 A 5 Veces Por Semana,Barbacoa,Hot Stadium Peanuts
659,25 - 34 Años,Femenino,Quiché,Todos Los Días,Barbacoa,Victory Pretzels
660,35 - 44 Años,Femenino,Guatemala,1 A 2 Veces Por Semana,Queso,Chocokick Bites
660,35 - 44 Años,Femenino,Guatemala,1 A 2 Veces Por Semana,Queso,Gol Nachos Supreme
660,35 - 44 Años,Femenino,Guatemala,1 A 2 Veces Por Semana,Queso,Futbolmix
661,45 - 54 Años,Femenino,Zacapa,3 A 5 Veces Por Semana,Limón,Caramel Goal Popcorn
661,45 - 54 Años,Femenino,Zacapa,3 A 5 Veces Por Semana,Limón,Fan Chips Jalapeño
662,25 - 34 Años,Masculino,Guatemala,Rara Vez,Jalapeño,Fan Chips Jalapeño
662,25 - 34 Años,Masculino,Guatemala,Rara Vez,Jalapeño,Hot Stadium Peanuts
662,25 - 34 Años,Masculino,Guatemala,Rara Vez,Jalapeño,Crunchmax Bbq
663,25 - 34 Años,Masculino,Chimaltenango,Varias Veces Al Mes,Picante Chapín,Gol Nachos Supreme
664,35 - 44 Años,Masculino,Sacatepéquez,Varias Veces Al Mes,,Futbolmix
664,35 - 44 Años,Masculino,Sacatepéquez,Varias Veces Al Mes,,Mundialitos Queso Picante
664,35 - 44 Años,Masculino,Sacatepéquez,Varias Veces Al Mes,,Fan Chips Jalapeño
665,25 - 34 Años,Masculino,Chimaltenango,Todos Los Días,Barbacoa,Gol Nachos Supreme
665,25 - 34 Años,Masculino,Chimaltenango,Todos Los Días,Barbacoa,Chocokick Bites
666,Menos De 18 Años,Femenino,Guatemala,Todos Los Días,Chocolate,Futbolmix
666,Menos De 18 Años,Femenino,Guatemala,Todos Los Días,Chocolate,Gol Nachos Supreme
667,35 - 44 Años,Femenino,Chimaltenango,Todos Los Días,Jalapeño,Hot Stadium Peanuts
667,35 - 44 Años,Femenino,Chimaltenango,Todos Los Días,Jalapeño,Mundialitos Queso Picante
667,35 - 44 Años,Femenino,Chimaltenango,Todos Los Días,Jalapeño,Crunchmax Bbq
668,35 - 44 Años,Masculino,Baja Verapaz,3 A 5 Veces Por Semana,Barbacoa,Chocokick Bites
669,35 - 44 Años,Prefiero No Indicarlo,Guatemala,1 A 2 Veces Por Semana,Barbacoa,Energy Crunch Protein
669,35 - 44 Años,Prefiero No Indicarlo,Guatemala,1 A 2 Veces Por Semana,Barbacoa,Chocokick Bites
670,18 - 24 Años,Masculino,Guatemala,1 A 2 Veces Por Semana,Caramelo,Futbolmix
670,18 - 24 Años,Masculino,Guatemala,1 A 2 Veces Por Semana,Caramelo,Mundialitos Queso Picante
670,18 - 24 Años,Masculino,Guatemala,1 A 2 Veces Por Semana,Caramelo,Victory Pretzels
671,18 - 24 Años,Masculino,Chimaltenango,Todos Los Días,Queso,Futbolmix
672,25 - 34 Años,Femenino,Alta Verapaz,Todos Los Días,Dulce,Crunchmax Bbq
672,25 - 34 Años,Femenino,Alta Verapaz,Todos Los Días,Dulce,Caramel Goal Popcorn
672,25 - 34 Años,Femenino,Alta Verapaz,Todos Los Días,Dulce,Hot Stadium Peanuts
673,35 - 44 Años,Masculino,Guatemala,Varias Veces Al Mes,Barbacoa,Fan Chips Jalapeño
674,25 - 34 Años,Masculino,El Progreso,1 A 2 Veces Por Semana,Picante Chapín,Gol Nachos Supreme
674,25 - 34 Años,Masculino,El Progreso,1 A 2 Veces Por Semana,Picante Chapín,Hot Stadium Peanuts
675,25 - 34 Años,Femenino,Escuintla,3 A 5 Veces Por Semana,Limón,Futbolmix
676,45 - 54 Años,Masculino,Retalhuleu,3 A 5 Veces Por Semana,Barbacoa,Fan Chips Jalapeño
676,45 - 54 Años,Masculino,Retalhuleu,3 A 5 Veces Por Semana,Barbacoa,Caramel Goal Popcorn
677,55 Años O Más,Femenino,Suchitepéquez,Varias Veces Al Mes,Barbacoa,Caramel Goal Popcorn
678,45 - 54 Años,Femenino,Guatemala,3 A 5 Veces Por Semana,Queso,Fan Chips Jalapeño
678,45 - 54 Años,Femenino,Guatemala,3 A 5 Veces Por Semana,Queso,Mundialitos Queso Picante
679,Menos De 18 Años,Masculino,Sacatepéquez,1 A 2 Veces Por Semana,Queso,Crunchmax Bbq
680,55 Años O Más,Masculino,Escuintla,3 A 5 Veces Por Semana,Barbacoa,Chocokick Bites
681,18 - 24 Años,Masculino,Retalhuleu,3 A 5 Veces Por Semana,Picante Chapín,Mundialitos Queso Picante
681,18 - 24 Años,Masculino,Retalhuleu,3 A 5 Veces Por Semana,Picante Chapín,Gol Nachos Supreme
681,18 - 24 Años,Masculino,Retalhuleu,3 A 5 Veces Por Semana,Picante Chapín,Crunchmax Bbq
682,25 - 34 Años,Femenino,Guatemala,Todos Los Días,Picante Chapín,Fan Chips Jalapeño
683,35 - 44 Años,Femenino,Sololá,3 A 5 Veces Por Semana,Limón,Futbolmix
683,35 - 44 Años,Femenino,Sololá,3 A 5 Veces Por Semana,Limón,Caramel Goal Popcorn
683,35 - 44 Años,Femenino,Sololá,3 A 5 Veces Por Semana,Limón,Mundialitos Queso Picante
684,18 - 24 Años,Femenino,Suchitepéquez,3 A 5 Veces Por Semana,Barbacoa,Mundialitos Queso Picante
684,18 - 24 Años,Femenino,Suchitepéquez,3 A 5 Veces Por Semana,Barbacoa,Victory Pretzels
684,18 - 24 Años,Femenino,Suchitepéquez,3 A 5 Veces Por Semana,Barbacoa,Hot Stadium Peanuts
685,35 - 44 Años,Femenino,Jutiapa,1 A 2 Veces Por Semana,Barbacoa,Futbolmix
685,35 - 44 Años,Femenino,Jutiapa,1 A 2 Veces Por Semana,Barbacoa,Mundialitos Queso Picante
686,25 - 34 Años,Masculino,Escuintla,Todos Los Días,Queso,Hot Stadium Peanuts
686,25 - 34 Años,Masculino,Escuintla,Todos Los Días,Queso,Crunchmax Bbq
687,25 - 34 Años,Masculino,Sacatepéquez,1 A 2 Veces Por Semana,Jalapeño,Gol Nachos Supreme
688,25 - 34 Años,Masculino,Guatemala,1 A 2 Veces Por Semana,Salado Tradicional,Crunchmax Bbq
688,25 - 34 Años,Masculino,Guatemala,1 A 2 Veces Por Semana,Salado Tradicional,Energy Crunch Protein
689,18 - 24 Años,Femenino,Suchitepéquez,1 A 2 Veces Por Semana,Queso,Chocokick Bites
1961,18 - 24 Años,Masculino,Guatemala,Varias Veces Al Mes,Queso,Caramel Goal Popcorn
1961,18 - 24 Años,Masculino,Guatemala,Varias Veces Al Mes,Queso,Fan Chips Jalapeño
691,25 - 34 Años,Femenino,Huehuetenango,1 A 2 Veces Por Semana,Queso,Hot Stadium Peanuts
691,25 - 34 Años,Femenino,Huehuetenango,1 A 2 Veces Por Semana,Queso,Gol Nachos Supreme
692,25 - 34 Años,Femenino,Sololá,3 A 5 Veces Por Semana,Dulce,Crunchmax Bbq
693,Menos De 18 Años,Femenino,Guatemala,Varias Veces Al Mes,Chocolate,Futbolmix
693,Menos De 18 Años,Femenino,Guatemala,Varias Veces Al Mes,Chocolate,Mundialitos Queso Picante
694,45 - 54 Años,Masculino,Guatemala,1 A 2 Veces Por Semana,Chocolate,Mundialitos Queso Picante
695,Menos De 18 Años,Masculino,El Progreso,3 A 5 Veces Por Semana,Limón,Chocokick Bites
695,Menos De 18 Años,Masculino,El Progreso,3 A 5 Veces Por Semana,Limón,Mundialitos Queso Picante
695,Menos De 18 Años,Masculino,El Progreso,3 A 5 Veces Por Semana,Limón,Gol Nachos Supreme
696,35 - 44 Años,Masculino,Guatemala,1 A 2 Veces Por Semana,Chocolate,Mundialitos Queso Picante
697,18 - 24 Años,Femenino,Santa Rosa,3 A 5 Veces Por Semana,Barbacoa,Futbolmix
698,18 - 24 Años,Masculino,Chimaltenango,Todos Los Días,Jalapeño,Futbolmix
699,18 - 24 Años,Masculino,Alta Verapaz,Todos Los Días,Picante Chapín,Gol Nachos Supreme
699,18 - 24 Años,Masculino,Alta Verapaz,Todos Los Días,Picante Chapín,Victory Pretzels
700,35 - 44 Años,Femenino,Guatemala,1 A 2 Veces Por Semana,Barbacoa,Gol Nachos Supreme
700,35 - 44 Años,Femenino,Guatemala,1 A 2 Veces Por Semana,Barbacoa,Hot Stadium Peanuts
701,45 - 54 Años,Masculino,Totonicapán,3 A 5 Veces Por Semana,Limón,Crunchmax Bbq
702,25 - 34 Años,Femenino,Guatemala,1 A 2 Veces Por Semana,Queso,Hot Stadium Peanuts
702,25 - 34 Años,Femenino,Guatemala,1 A 2 Veces Por Semana,Queso,Chocokick Bites
702,25 - 34 Años,Femenino,Guatemala,1 A 2 Veces Por Semana,Queso,Mundialitos Queso Picante
703,18 - 24 Años,Masculino,Guatemala,3 A 5 Veces Por Semana,Queso,Mundialitos Queso Picante
704,25 - 34 Años,Femenino,Guatemala,1 A 2 Veces Por Semana,Picante Chapín,Hot Stadium Peanuts
704,25 - 34 Años,Femenino,Guatemala,1 A 2 Veces Por Semana,Picante Chapín,Gol Nachos Supreme
705,18 - 24 Años,Masculino,Sacatepéquez,1 A 2 Veces Por Semana,Picante Chapín,Caramel Goal Popcorn
705,18 - 24 Años,Masculino,Sacatepéquez,1 A 2 Veces Por Semana,Picante Chapín,Gol Nachos Supreme
705,18 - 24 Años,Masculino,Sacatepéquez,1 A 2 Veces Por Semana,Picante Chapín,Fan Chips Jalapeño
706,45 - 54 Años,Masculino,Guatemala,Varias Veces Al Mes,Jalapeño,Gol Nachos Supreme
707,25 - 34 Años,Masculino,Guatemala,3 A 5 Veces Por Semana,Queso,Caramel Goal Popcorn
707,25 - 34 Años,Masculino,Guatemala,3 A 5 Veces Por Semana,Queso,Crunchmax Bbq
707,25 - 34 Años,Masculino,Guatemala,3 A 5 Veces Por Semana,Queso,Victory Pretzels
708,18 - 24 Años,Femenino,Guatemala,Varias Veces Al Mes,Caramelo,Crunchmax Bbq
708,18 - 24 Años,Femenino,Guatemala,Varias Veces Al Mes,Caramelo,Energy Crunch Protein
708,18 - 24 Años,Femenino,Guatemala,Varias Veces Al Mes,Caramelo,Futbolmix
709,25 - 34 Años,Femenino,El Progreso,Varias Veces Al Mes,Jalapeño,Crunchmax Bbq
709,25 - 34 Años,Femenino,El Progreso,Varias Veces Al Mes,Jalapeño,Hot Stadium Peanuts
710,25 - 34 Años,Femenino,Chimaltenango,3 A 5 Veces Por Semana,Caramelo,Hot Stadium Peanuts
710,25 - 34 Años,Femenino,Chimaltenango,3 A 5 Veces Por Semana,Caramelo,Futbolmix
710,25 - 34 Años,Femenino,Chimaltenango,3 A 5 Veces Por Semana,Caramelo,Mundialitos Queso Picante
711,55 Años O Más,Femenino,Sacatepéquez,3 A 5 Veces Por Semana,Jalapeño,Futbolmix
711,55 Años O Más,Femenino,Sacatepéquez,3 A 5 Veces Por Semana,Jalapeño,Energy Crunch Protein
712,Menos De 18 Años,Femenino,Sacatepéquez,Varias Veces Al Mes,Barbacoa,Mundialitos Queso Picante
712,Menos De 18 Años,Femenino,Sacatepéquez,Varias Veces Al Mes,Barbacoa,Chocokick Bites
713,35 - 44 Años,Masculino,Guatemala,3 A 5 Veces Por Semana,Picante Chapín,Chocokick Bites
713,35 - 44 Años,Masculino,Guatemala,3 A 5 Veces Por Semana,Picante Chapín,Mundialitos Queso Picante
713,35 - 44 Años,Masculino,Guatemala,3 A 5 Veces Por Semana,Picante Chapín,Crunchmax Bbq
714,Menos De 18 Años,Masculino,Guatemala,1 A 2 Veces Por Semana,Queso,Fan Chips Jalapeño
715,25 - 34 Años,Masculino,Escuintla,1 A 2 Veces Por Semana,Dulce,Mundialitos Queso Picante
716,35 - 44 Años,Masculino,Escuintla,3 A 5 Veces Por Semana,Queso,Caramel Goal Popcorn
717,18 - 24 Años,Masculino,Petén,Todos Los Días,Jalapeño,Chocokick Bites
718,Menos De 18 Años,Femenino,Guatemala,3 A 5 Veces Por Semana,Picante Chapín,Hot Stadium Peanuts
718,Menos De 18 Años,Femenino,Guatemala,3 A 5 Veces Por Semana,Picante Chapín,Crunchmax Bbq
719,Menos De 18 Años,Femenino,Guatemala,1 A 2 Veces Por Semana,Jalapeño,Futbolmix
719,Menos De 18 Años,Femenino,Guatemala,1 A 2 Veces Por Semana,Jalapeño,Fan Chips Jalapeño
720,45 - 54 Años,Masculino,Jalapa,3 A 5 Veces Por Semana,Barbacoa,Mundialitos Queso Picante
721,45 - 54 Años,Masculino,Escuintla,Varias Veces Al Mes,Barbacoa,Mundialitos Queso Picante
721,45 - 54 Años,Masculino,Escuintla,Varias Veces Al Mes,Barbacoa,Crunchmax Bbq
722,18 - 24 Años,Femenino,Guatemala,1 A 2 Veces Por Semana,Caramelo,Futbolmix
722,18 - 24 Años,Femenino,Guatemala,1 A 2 Veces Por Semana,Caramelo,Chocokick Bites
722,18 - 24 Años,Femenino,Guatemala,1 A 2 Veces Por Semana,Caramelo,Gol Nachos Supreme
723,45 - 54 Años,Femenino,Sacatepéquez,Varias Veces Al Mes,Picante Chapín,Mundialitos Queso Picante
723,45 - 54 Años,Femenino,Sacatepéquez,Varias Veces Al Mes,Picante Chapín,Futbolmix
724,Menos De 18 Años,Masculino,Guatemala,3 A 5 Veces Por Semana,Chocolate,Mundialitos Queso Picante
724,Menos De 18 Años,Masculino,Guatemala,3 A 5 Veces Por Semana,Chocolate,Hot Stadium Peanuts
724,Menos De 18 Años,Masculino,Guatemala,3 A 5 Veces Por Semana,Chocolate,Futbolmix
725,45 - 54 Años,Masculino,Guatemala,Rara Vez,Jalapeño,Mundialitos Queso Picante
725,45 - 54 Años,Masculino,Guatemala,Rara Vez,Jalapeño,Chocokick Bites
726,35 - 44 Años,Femenino,Huehuetenango,3 A 5 Veces Por Semana,Limón,Chocokick Bites
726,35 - 44 Años,Femenino,Huehuetenango,3 A 5 Veces Por Semana,Limón,Crunchmax Bbq
726,35 - 44 Años,Femenino,Huehuetenango,3 A 5 Veces Por Semana,Limón,Gol Nachos Supreme
727,45 - 54 Años,Masculino,Guatemala,Todos Los Días,Barbacoa,Futbolmix
727,45 - 54 Años,Masculino,Guatemala,Todos Los Días,Barbacoa,Gol Nachos Supreme
727,45 - 54 Años,Masculino,Guatemala,Todos Los Días,Barbacoa,Mundialitos Queso Picante
728,35 - 44 Años,Masculino,Guatemala,3 A 5 Veces Por Semana,Queso,Caramel Goal Popcorn
728,35 - 44 Años,Masculino,Guatemala,3 A 5 Veces Por Semana,Queso,Crunchmax Bbq
729,18 - 24 Años,Masculino,Quetzaltenango,3 A 5 Veces Por Semana,Jalapeño,Fan Chips Jalapeño
729,18 - 24 Años,Masculino,Quetzaltenango,3 A 5 Veces Por Semana,Jalapeño,Gol Nachos Supreme
729,18 - 24 Años,Masculino,Quetzaltenango,3 A 5 Veces Por Semana,Jalapeño,Caramel Goal Popcorn
730,25 - 34 Años,Femenino,Totonicapán,Todos Los Días,Dulce,Fan Chips Jalapeño
730,25 - 34 Años,Femenino,Totonicapán,Todos Los Días,Dulce,Caramel Goal Popcorn
730,25 - 34 Años,Femenino,Totonicapán,Todos Los Días,Dulce,Gol Nachos Supreme
731,35 - 44 Años,Femenino,Sacatepéquez,3 A 5 Veces Por Semana,Barbacoa,Caramel Goal Popcorn
731,35 - 44 Años,Femenino,Sacatepéquez,3 A 5 Veces Por Semana,Barbacoa,Crunchmax Bbq
732,25 - 34 Años,Femenino,Quetzaltenango,3 A 5 Veces Por Semana,Queso,Crunchmax Bbq
733,25 - 34 Años,Masculino,Guatemala,1 A 2 Veces Por Semana,Dulce,Futbolmix
733,25 - 34 Años,Masculino,Guatemala,1 A 2 Veces Por Semana,Dulce,Mundialitos Queso Picante
734,35 - 44 Años,Masculino,Guatemala,1 A 2 Veces Por Semana,Queso,Mundialitos Queso Picante
734,35 - 44 Años,Masculino,Guatemala,1 A 2 Veces Por Semana,Queso,Crunchmax Bbq
734,35 - 44 Años,Masculino,Guatemala,1 A 2 Veces Por Semana,Queso,Energy Crunch Protein
735,18 - 24 Años,Masculino,Sacatepéquez,3 A 5 Veces Por Semana,Limón,Energy Crunch Protein
735,18 - 24 Años,Masculino,Sacatepéquez,3 A 5 Veces Por Semana,Limón,Gol Nachos Supreme
735,18 - 24 Años,Masculino,Sacatepéquez,3 A 5 Veces Por Semana,Limón,Mundialitos Queso Picante
736,25 - 34 Años,Masculino,Guatemala,3 A 5 Veces Por Semana,Picante Chapín,Crunchmax Bbq
736,25 - 34 Años,Masculino,Guatemala,3 A 5 Veces Por Semana,Picante Chapín,Gol Nachos Supreme
736,25 - 34 Años,Masculino,Guatemala,3 A 5 Veces Por Semana,Picante Chapín,Caramel Goal Popcorn
737,25 - 34 Años,Masculino,San Marcos,3 A 5 Veces Por Semana,Limón,Gol Nachos Supreme
737,25 - 34 Años,Masculino,San Marcos,3 A 5 Veces Por Semana,Limón,Chocokick Bites
737,25 - 34 Años,Masculino,San Marcos,3 A 5 Veces Por Semana,Limón,Futbolmix
738,Menos De 18 Años,Masculino,Chimaltenango,1 A 2 Veces Por Semana,Dulce,Chocokick Bites
738,Menos De 18 Años,Masculino,Chimaltenango,1 A 2 Veces Por Semana,Dulce,Gol Nachos Supreme
738,Menos De 18 Años,Masculino,Chimaltenango,1 A 2 Veces Por Semana,Dulce,Caramel Goal Popcorn
739,35 - 44 Años,Femenino,Sacatepéquez,Todos Los Días,Salado Tradicional,Chocokick Bites
740,25 - 34 Años,Femenino,Quetzaltenango,3 A 5 Veces Por Semana,Salado Tradicional,Hot Stadium Peanuts
740,25 - 34 Años,Femenino,Quetzaltenango,3 A 5 Veces Por Semana,Salado Tradicional,Energy Crunch Protein
740,25 - 34 Años,Femenino,Quetzaltenango,3 A 5 Veces Por Semana,Salado Tradicional,Gol Nachos Supreme
741,45 - 54 Años,Masculino,Sacatepéquez,Varias Veces Al Mes,Picante Chapín,Gol Nachos Supreme
741,45 - 54 Años,Masculino,Sacatepéquez,Varias Veces Al Mes,Picante Chapín,Crunchmax Bbq
741,45 - 54 Años,Masculino,Sacatepéquez,Varias Veces Al Mes,Picante Chapín,Futbolmix
742,45 - 54 Años,Femenino,Escuintla,Todos Los Días,Dulce,Gol Nachos Supreme
742,45 - 54 Años,Femenino,Escuintla,Todos Los Días,Dulce,Mundialitos Queso Picante
743,35 - 44 Años,Femenino,Guatemala,1 A 2 Veces Por Semana,Queso,Futbolmix
744,35 - 44 Años,Masculino,Guatemala,3 A 5 Veces Por Semana,Queso,Crunchmax Bbq
744,35 - 44 Años,Masculino,Guatemala,3 A 5 Veces Por Semana,Queso,Chocokick Bites
744,35 - 44 Años,Masculino,Guatemala,3 A 5 Veces Por Semana,Queso,Caramel Goal Popcorn
745,18 - 24 Años,Masculino,Xela,1 A 2 Veces Por Semana,Limón,Mundialitos Queso Picante
745,18 - 24 Años,Masculino,Xela,1 A 2 Veces Por Semana,Limón,Gol Nachos Supreme
745,18 - 24 Años,Masculino,Xela,1 A 2 Veces Por Semana,Limón,Crunchmax Bbq
746,18 - 24 Años,Femenino,Guatemala,Varias Veces Al Mes,Jalapeño,Mundialitos Queso Picante
746,18 - 24 Años,Femenino,Guatemala,Varias Veces Al Mes,Jalapeño,Hot Stadium Peanuts
746,18 - 24 Años,Femenino,Guatemala,Varias Veces Al Mes,Jalapeño,Futbolmix
747,18 - 24 Años,Masculino,El Progreso,3 A 5 Veces Por Semana,Picante Chapín,Gol Nachos Supreme
748,25 - 34 Años,Prefiero No Indicarlo,Quetzaltenango,1 A 2 Veces Por Semana,Chocolate,Mundialitos Queso Picante
748,25 - 34 Años,Prefiero No Indicarlo,Quetzaltenango,1 A 2 Veces Por Semana,Chocolate,Fan Chips Jalapeño
749,25 - 34 Años,Femenino,Suchitepéquez,3 A 5 Veces Por Semana,Jalapeño,Fan Chips Jalapeño
749,25 - 34 Años,Femenino,Suchitepéquez,3 A 5 Veces Por Semana,Jalapeño,Gol Nachos Supreme
749,25 - 34 Años,Femenino,Suchitepéquez,3 A 5 Veces Por Semana,Jalapeño,Mundialitos Queso Picante
750,25 - 34 Años,Femenino,Sacatepéquez,Varias Veces Al Mes,Barbacoa,Mundialitos Queso Picante
750,25 - 34 Años,Femenino,Sacatepéquez,Varias Veces Al Mes,Barbacoa,Crunchmax Bbq
751,18 - 24 Años,Femenino,Santa Rosa,Rara Vez,Salado Tradicional,Crunchmax Bbq
751,18 - 24 Años,Femenino,Santa Rosa,Rara Vez,Salado Tradicional,Gol Nachos Supreme
752,35 - 44 Años,Masculino,Chimaltenango,3 A 5 Veces Por Semana,Salado Tradicional,Hot Stadium Peanuts
752,35 - 44 Años,Masculino,Chimaltenango,3 A 5 Veces Por Semana,Salado Tradicional,Crunchmax Bbq
753,18 - 24 Años,Femenino,Escuintla,Todos Los Días,Barbacoa,Crunchmax Bbq
753,18 - 24 Años,Femenino,Escuintla,Todos Los Días,Barbacoa,Gol Nachos Supreme
754,25 - 34 Años,Femenino,Guatemala,3 A 5 Veces Por Semana,Chocolate,Hot Stadium Peanuts
754,25 - 34 Años,Femenino,Guatemala,3 A 5 Veces Por Semana,Chocolate,Crunchmax Bbq
755,55 Años O Más,Masculino,Guatemala,1 A 2 Veces Por Semana,Salado Tradicional,Crunchmax Bbq
755,55 Años O Más,Masculino,Guatemala,1 A 2 Veces Por Semana,Salado Tradicional,Gol Nachos Supreme
755,55 Años O Más,Masculino,Guatemala,1 A 2 Veces Por Semana,Salado Tradicional,Mundialitos Queso Picante
756,25 - 34 Años,Masculino,Suchitepéquez,1 A 2 Veces Por Semana,Picante Chapín,Crunchmax Bbq
757,18 - 24 Años,Femenino,Chimaltenango,3 A 5 Veces Por Semana,Chocolate,Gol Nachos Supreme
757,18 - 24 Años,Femenino,Chimaltenango,3 A 5 Veces Por Semana,Chocolate,Fan Chips Jalapeño
757,18 - 24 Años,Femenino,Chimaltenango,3 A 5 Veces Por Semana,Chocolate,Chocokick Bites
758,35 - 44 Años,Femenino,Guatemala,Varias Veces Al Mes,Chocolate,Chocokick Bites
758,35 - 44 Años,Femenino,Guatemala,Varias Veces Al Mes,Chocolate,Gol Nachos Supreme
759,55 Años O Más,Femenino,Escuintla,Varias Veces Al Mes,Jalapeño,Crunchmax Bbq
759,55 Años O Más,Femenino,Escuintla,Varias Veces Al Mes,Jalapeño,Gol Nachos Supreme
759,55 Años O Más,Femenino,Escuintla,Varias Veces Al Mes,Jalapeño,Futbolmix
760,18 - 24 Años,Femenino,Guatemala,3 A 5 Veces Por Semana,Queso,Hot Stadium Peanuts
760,18 - 24 Años,Femenino,Guatemala,3 A 5 Veces Por Semana,Queso,Futbolmix
760,18 - 24 Años,Femenino,Guatemala,3 A 5 Veces Por Semana,Queso,Mundialitos Queso Picante
761,35 - 44 Años,Masculino,Huehuetenango,1 A 2 Veces Por Semana,Salado Tradicional,Gol Nachos Supreme
762,45 - 54 Años,Masculino,Guatemala,Todos Los Días,Caramelo,Gol Nachos Supreme
762,45 - 54 Años,Masculino,Guatemala,Todos Los Días,Caramelo,Crunchmax Bbq
762,45 - 54 Años,Masculino,Guatemala,Todos Los Días,Caramelo,Hot Stadium Peanuts
763,18 - 24 Años,Masculino,Guatemala,1 A 2 Veces Por Semana,Jalapeño,Futbolmix
763,18 - 24 Años,Masculino,Guatemala,1 A 2 Veces Por Semana,Jalapeño,Gol Nachos Supreme
763,18 - 24 Años,Masculino,Guatemala,1 A 2 Veces Por Semana,Jalapeño,Chocokick Bites
764,25 - 34 Años,Femenino,Quetzaltenango,Todos Los Días,Barbacoa,Fan Chips Jalapeño
764,25 - 34 Años,Femenino,Quetzaltenango,Todos Los Días,Barbacoa,Energy Crunch Protein
765,35 - 44 Años,Masculino,Guatemala,1 A 2 Veces Por Semana,Queso,Fan Chips Jalapeño
766,18 - 24 Años,Femenino,Alta Verapaz,Varias Veces Al Mes,Picante Chapín,Victory Pretzels
767,18 - 24 Años,Masculino,Jalapa,Varias Veces Al Mes,Queso,Hot Stadium Peanuts
767,18 - 24 Años,Masculino,Jalapa,Varias Veces Al Mes,Queso,Gol Nachos Supreme
768,35 - 44 Años,Femenino,Chimaltenango,1 A 2 Veces Por Semana,Queso,Caramel Goal Popcorn
769,25 - 34 Años,Femenino,Guatemala,3 A 5 Veces Por Semana,Jalapeño,Chocokick Bites
769,25 - 34 Años,Femenino,Guatemala,3 A 5 Veces Por Semana,Jalapeño,Futbolmix
769,25 - 34 Años,Femenino,Guatemala,3 A 5 Veces Por Semana,Jalapeño,Gol Nachos Supreme
770,25 - 34 Años,Masculino,Sacatepéquez,1 A 2 Veces Por Semana,Barbacoa,Gol Nachos Supreme
770,25 - 34 Años,Masculino,Sacatepéquez,1 A 2 Veces Por Semana,Barbacoa,Hot Stadium Peanuts
770,25 - 34 Años,Masculino,Sacatepéquez,1 A 2 Veces Por Semana,Barbacoa,Mundialitos Queso Picante
771,35 - 44 Años,Masculino,Guatemala,3 A 5 Veces Por Semana,Limón,Hot Stadium Peanuts
771,35 - 44 Años,Masculino,Guatemala,3 A 5 Veces Por Semana,Limón,Fan Chips Jalapeño
771,35 - 44 Años,Masculino,Guatemala,3 A 5 Veces Por Semana,Limón,Mundialitos Queso Picante
772,18 - 24 Años,Femenino,Guatemala,3 A 5 Veces Por Semana,Queso,Mundialitos Queso Picante
773,Menos De 18 Años,Masculino,Jutiapa,Todos Los Días,Dulce,Gol Nachos Supreme
774,35 - 44 Años,Masculino,Guatemala,1 A 2 Veces Por Semana,Limón,Mundialitos Queso Picante
774,35 - 44 Años,Masculino,Guatemala,1 A 2 Veces Por Semana,Limón,Gol Nachos Supreme
774,35 - 44 Años,Masculino,Guatemala,1 A 2 Veces Por Semana,Limón,Caramel Goal Popcorn
775,25 - 34 Años,Masculino,Baja Verapaz,3 A 5 Veces Por Semana,Limón,Mundialitos Queso Picante
776,25 - 34 Años,Masculino,Jutiapa,Todos Los Días,Barbacoa,Futbolmix
776,25 - 34 Años,Masculino,Jutiapa,Todos Los Días,Barbacoa,Fan Chips Jalapeño
776,25 - 34 Años,Masculino,Jutiapa,Todos Los Días,Barbacoa,Crunchmax Bbq
777,18 - 24 Años,Femenino,Guatemala,Rara Vez,Jalapeño,Crunchmax Bbq
778,18 - 24 Años,Femenino,Guatemala,Rara Vez,Limón,Futbolmix
778,18 - 24 Años,Femenino,Guatemala,Rara Vez,Limón,Mundialitos Queso Picante
779,18 - 24 Años,Masculino,Quetzaltenango,1 A 2 Veces Por Semana,Dulce,Futbolmix
779,18 - 24 Años,Masculino,Quetzaltenango,1 A 2 Veces Por Semana,Dulce,Crunchmax Bbq
779,18 - 24 Años,Masculino,Quetzaltenango,1 A 2 Veces Por Semana,Dulce,Chocokick Bites
780,18 - 24 Años,Masculino,Guatemala,Todos Los Días,Picante Chapín,Hot Stadium Peanuts
780,18 - 24 Años,Masculino,Guatemala,Todos Los Días,Picante Chapín,Fan Chips Jalapeño
780,18 - 24 Años,Masculino,Guatemala,Todos Los Días,Picante Chapín,Futbolmix
781,25 - 34 Años,Femenino,Guatemala,3 A 5 Veces Por Semana,Jalapeño,Chocokick Bites
781,25 - 34 Años,Femenino,Guatemala,3 A 5 Veces Por Semana,Jalapeño,Hot Stadium Peanuts
782,35 - 44 Años,Masculino,Retalhuleu,1 A 2 Veces Por Semana,Jalapeño,Mundialitos Queso Picante
783,35 - 44 Años,Masculino,Guatemala,Todos Los Días,Picante Chapín,Futbolmix
783,35 - 44 Años,Masculino,Guatemala,Todos Los Días,Picante Chapín,Hot Stadium Peanuts
784,18 - 24 Años,Masculino,Izabal,1 A 2 Veces Por Semana,Queso,Energy Crunch Protein
784,18 - 24 Años,Masculino,Izabal,1 A 2 Veces Por Semana,Queso,Fan Chips Jalapeño
785,25 - 34 Años,Masculino,Sacatepéquez,1 A 2 Veces Por Semana,Queso,Victory Pretzels
786,25 - 34 Años,Masculino,Baja Verapaz,Todos Los Días,Jalapeño,Crunchmax Bbq
786,25 - 34 Años,Masculino,Baja Verapaz,Todos Los Días,Jalapeño,Gol Nachos Supreme
786,25 - 34 Años,Masculino,Baja Verapaz,Todos Los Días,Jalapeño,Fan Chips Jalapeño
787,25 - 34 Años,Masculino,Sacatepéquez,3 A 5 Veces Por Semana,Queso,Victory Pretzels
788,18 - 24 Años,Femenino,Guatemala,1 A 2 Veces Por Semana,Barbacoa,Gol Nachos Supreme
788,18 - 24 Años,Femenino,Guatemala,1 A 2 Veces Por Semana,Barbacoa,Mundialitos Queso Picante
788,18 - 24 Años,Femenino,Guatemala,1 A 2 Veces Por Semana,Barbacoa,Energy Crunch Protein
789,Menos De 18 Años,Femenino,Sacatepéquez,Todos Los Días,Barbacoa,Mundialitos Queso Picante
789,Menos De 18 Años,Femenino,Sacatepéquez,Todos Los Días,Barbacoa,Chocokick Bites
789,Menos De 18 Años,Femenino,Sacatepéquez,Todos Los Días,Barbacoa,Futbolmix
790,18 - 24 Años,Masculino,Santa Rosa,3 A 5 Veces Por Semana,Queso,Gol Nachos Supreme
790,18 - 24 Años,Masculino,Santa Rosa,3 A 5 Veces Por Semana,Queso,Futbolmix
791,25 - 34 Años,Masculino,Guatemala,Todos Los Días,Picante Chapín,Mundialitos Queso Picante
791,25 - 34 Años,Masculino,Guatemala,Todos Los Días,Picante Chapín,Energy Crunch Protein
792,35 - 44 Años,Femenino,Chimaltenango,1 A 2 Veces Por Semana,Caramelo,Gol Nachos Supreme
792,35 - 44 Años,Femenino,Chimaltenango,1 A 2 Veces Por Semana,Caramelo,Fan Chips Jalapeño
793,Menos De 18 Años,Masculino,Sacatepéquez,Todos Los Días,Queso,Victory Pretzels
793,Menos De 18 Años,Masculino,Sacatepéquez,Todos Los Días,Queso,Caramel Goal Popcorn
793,Menos De 18 Años,Masculino,Sacatepéquez,Todos Los Días,Queso,Fan Chips Jalapeño
794,25 - 34 Años,Femenino,Guatemala,3 A 5 Veces Por Semana,Chocolate,Fan Chips Jalapeño
794,25 - 34 Años,Femenino,Guatemala,3 A 5 Veces Por Semana,Chocolate,Gol Nachos Supreme
795,35 - 44 Años,Masculino,Chimaltenango,1 A 2 Veces Por Semana,Limón,Hot Stadium Peanuts
796,25 - 34 Años,Masculino,Quetzaltenango,1 A 2 Veces Por Semana,Picante Chapín,Mundialitos Queso Picante
797,25 - 34 Años,Masculino,Quiché,3 A 5 Veces Por Semana,Barbacoa,Gol Nachos Supreme
798,45 - 54 Años,Masculino,Guatemala,1 A 2 Veces Por Semana,Salado Tradicional,Gol Nachos Supreme
798,45 - 54 Años,Masculino,Guatemala,1 A 2 Veces Por Semana,Salado Tradicional,Fan Chips Jalapeño
799,Menos De 18 Años,Femenino,Guatemala,3 A 5 Veces Por Semana,Jalapeño,Caramel Goal Popcorn
800,25 - 34 Años,Masculino,Guatemala,Todos Los Días,Limón,Fan Chips Jalapeño
800,25 - 34 Años,Masculino,Guatemala,Todos Los Días,Limón,Gol Nachos Supreme
801,18 - 24 Años,Femenino,Sacatepéquez,Varias Veces Al Mes,Barbacoa,Crunchmax Bbq
801,18 - 24 Años,Femenino,Sacatepéquez,Varias Veces Al Mes,Barbacoa,Mundialitos Queso Picante
801,18 - 24 Años,Femenino,Sacatepéquez,Varias Veces Al Mes,Barbacoa,Caramel Goal Popcorn
802,Menos De 18 Años,Femenino,Sacatepéquez,Varias Veces Al Mes,Queso,Mundialitos Queso Picante
802,Menos De 18 Años,Femenino,Sacatepéquez,Varias Veces Al Mes,Queso,Victory Pretzels
802,Menos De 18 Años,Femenino,Sacatepéquez,Varias Veces Al Mes,Queso,Crunchmax Bbq
803,18 - 24 Años,Masculino,Escuintla,Todos Los Días,Picante Chapín,Energy Crunch Protein
803,18 - 24 Años,Masculino,Escuintla,Todos Los Días,Picante Chapín,Mundialitos Queso Picante
804,45 - 54 Años,Masculino,Quetzaltenango,3 A 5 Veces Por Semana,Queso,Crunchmax Bbq
805,25 - 34 Años,Femenino,Escuintla,1 A 2 Veces Por Semana,Picante Chapín,Mundialitos Queso Picante
806,25 - 34 Años,Masculino,Huehuetenango,Todos Los Días,Chocolate,Fan Chips Jalapeño
806,25 - 34 Años,Masculino,Huehuetenango,Todos Los Días,Chocolate,Chocokick Bites
806,25 - 34 Años,Masculino,Huehuetenango,Todos Los Días,Chocolate,Mundialitos Queso Picante
807,18 - 24 Años,Femenino,Sacatepéquez,3 A 5 Veces Por Semana,Jalapeño,Futbolmix
807,18 - 24 Años,Femenino,Sacatepéquez,3 A 5 Veces Por Semana,Jalapeño,Gol Nachos Supreme
807,18 - 24 Años,Femenino,Sacatepéquez,3 A 5 Veces Por Semana,Jalapeño,Caramel Goal Popcorn
808,35 - 44 Años,Masculino,Baja Verapaz,Todos Los Días,Queso,Futbolmix
809,25 - 34 Años,Femenino,Guatemala,Rara Vez,Caramelo,Chocokick Bites
809,25 - 34 Años,Femenino,Guatemala,Rara Vez,Caramelo,Energy Crunch Protein
810,18 - 24 Años,Femenino,Quetzaltenango,1 A 2 Veces Por Semana,Picante Chapín,Crunchmax Bbq
810,18 - 24 Años,Femenino,Quetzaltenango,1 A 2 Veces Por Semana,Picante Chapín,Hot Stadium Peanuts
811,18 - 24 Años,Masculino,Sacatepéquez,3 A 5 Veces Por Semana,Limón,Caramel Goal Popcorn
811,18 - 24 Años,Masculino,Sacatepéquez,3 A 5 Veces Por Semana,Limón,Gol Nachos Supreme
812,55 Años O Más,Masculino,Guatemala,3 A 5 Veces Por Semana,Limón,Chocokick Bites
812,55 Años O Más,Masculino,Guatemala,3 A 5 Veces Por Semana,Limón,Caramel Goal Popcorn
812,55 Años O Más,Masculino,Guatemala,3 A 5 Veces Por Semana,Limón,Futbolmix
813,18 - 24 Años,Masculino,Suchitepéquez,Todos Los Días,Chocolate,Crunchmax Bbq
813,18 - 24 Años,Masculino,Suchitepéquez,Todos Los Días,Chocolate,Chocokick Bites
814,18 - 24 Años,Masculino,Huehuetenango,1 A 2 Veces Por Semana,Chocolate,Fan Chips Jalapeño
814,18 - 24 Años,Masculino,Huehuetenango,1 A 2 Veces Por Semana,Chocolate,Chocokick Bites
814,18 - 24 Años,Masculino,Huehuetenango,1 A 2 Veces Por Semana,Chocolate,Futbolmix
815,25 - 34 Años,Masculino,Escuintla,3 A 5 Veces Por Semana,Barbacoa,Chocokick Bites
816,18 - 24 Años,Prefiero No Indicarlo,Guatemala,1 A 2 Veces Por Semana,Queso,Crunchmax Bbq
816,18 - 24 Años,Prefiero No Indicarlo,Guatemala,1 A 2 Veces Por Semana,Queso,Mundialitos Queso Picante
817,25 - 34 Años,Femenino,El Progreso,1 A 2 Veces Por Semana,Salado Tradicional,Energy Crunch Protein
817,25 - 34 Años,Femenino,El Progreso,1 A 2 Veces Por Semana,Salado Tradicional,Fan Chips Jalapeño
817,25 - 34 Años,Femenino,El Progreso,1 A 2 Veces Por Semana,Salado Tradicional,Futbolmix
818,25 - 34 Años,Femenino,Guatemala,1 A 2 Veces Por Semana,Picante Chapín,Chocokick Bites
818,25 - 34 Años,Femenino,Guatemala,1 A 2 Veces Por Semana,Picante Chapín,Mundialitos Queso Picante
818,25 - 34 Años,Femenino,Guatemala,1 A 2 Veces Por Semana,Picante Chapín,Fan Chips Jalapeño
819,25 - 34 Años,Femenino,Sacatepéquez,Varias Veces Al Mes,Barbacoa,Fan Chips Jalapeño
819,25 - 34 Años,Femenino,Sacatepéquez,Varias Veces Al Mes,Barbacoa,Crunchmax Bbq
819,25 - 34 Años,Femenino,Sacatepéquez,Varias Veces Al Mes,Barbacoa,Caramel Goal Popcorn
820,25 - 34 Años,Femenino,Baja Verapaz,3 A 5 Veces Por Semana,Jalapeño,Mundialitos Queso Picante
821,45 - 54 Años,Masculino,Chimaltenango,Todos Los Días,Queso,Fan Chips Jalapeño
822,18 - 24 Años,Masculino,Chimaltenango,Varias Veces Al Mes,Chocolate,Hot Stadium Peanuts
822,18 - 24 Años,Masculino,Chimaltenango,Varias Veces Al Mes,Chocolate,Crunchmax Bbq
822,18 - 24 Años,Masculino,Chimaltenango,Varias Veces Al Mes,Chocolate,Fan Chips Jalapeño
823,25 - 34 Años,Masculino,Guatemala,Varias Veces Al Mes,Picante Chapín,Mundialitos Queso Picante
824,45 - 54 Años,Femenino,Quetzaltenango,Todos Los Días,Barbacoa,Caramel Goal Popcorn
825,25 - 34 Años,Femenino,Guatemala,Rara Vez,Limón,Victory Pretzels
826,25 - 34 Años,Masculino,Suchitepéquez,3 A 5 Veces Por Semana,Queso,Gol Nachos Supreme
827,35 - 44 Años,Femenino,Jalapa,1 A 2 Veces Por Semana,Barbacoa,Energy Crunch Protein
827,35 - 44 Años,Femenino,Jalapa,1 A 2 Veces Por Semana,Barbacoa,Chocokick Bites
828,35 - 44 Años,Masculino,Zacapa,3 A 5 Veces Por Semana,Picante Chapín,Hot Stadium Peanuts
828,35 - 44 Años,Masculino,Zacapa,3 A 5 Veces Por Semana,Picante Chapín,Mundialitos Queso Picante
828,35 - 44 Años,Masculino,Zacapa,3 A 5 Veces Por Semana,Picante Chapín,Futbolmix
829,25 - 34 Años,Masculino,Santa Rosa,3 A 5 Veces Por Semana,Barbacoa,Caramel Goal Popcorn
830,18 - 24 Años,Femenino,Izabal,Varias Veces Al Mes,Picante Chapín,Chocokick Bites
830,18 - 24 Años,Femenino,Izabal,Varias Veces Al Mes,Picante Chapín,Victory Pretzels
830,18 - 24 Años,Femenino,Izabal,Varias Veces Al Mes,Picante Chapín,Fan Chips Jalapeño
831,Menos De 18 Años,Femenino,Chiquimula,3 A 5 Veces Por Semana,Barbacoa,Gol Nachos Supreme
831,Menos De 18 Años,Femenino,Chiquimula,3 A 5 Veces Por Semana,Barbacoa,Victory Pretzels
832,35 - 44 Años,Femenino,Sololá,1 A 2 Veces Por Semana,Chocolate,Futbolmix
832,35 - 44 Años,Femenino,Sololá,1 A 2 Veces Por Semana,Chocolate,Victory Pretzels
833,25 - 34 Años,Masculino,Guatemala,3 A 5 Veces Por Semana,Queso,Fan Chips Jalapeño
833,25 - 34 Años,Masculino,Guatemala,3 A 5 Veces Por Semana,Queso,Crunchmax Bbq
833,25 - 34 Años,Masculino,Guatemala,3 A 5 Veces Por Semana,Queso,Mundialitos Queso Picante
834,45 - 54 Años,Masculino,Chiquimula,3 A 5 Veces Por Semana,Barbacoa,Mundialitos Queso Picante
834,45 - 54 Años,Masculino,Chiquimula,3 A 5 Veces Por Semana,Barbacoa,Chocokick Bites
834,45 - 54 Años,Masculino,Chiquimula,3 A 5 Veces Por Semana,Barbacoa,Hot Stadium Peanuts
835,35 - 44 Años,Femenino,Chimaltenango,1 A 2 Veces Por Semana,Queso,Futbolmix
835,35 - 44 Años,Femenino,Chimaltenango,1 A 2 Veces Por Semana,Queso,Fan Chips Jalapeño
836,35 - 44 Años,Masculino,Sacatepéquez,Todos Los Días,Barbacoa,Chocokick Bites
836,35 - 44 Años,Masculino,Sacatepéquez,Todos Los Días,Barbacoa,Gol Nachos Supreme
837,25 - 34 Años,Femenino,Guatemala,Varias Veces Al Mes,Barbacoa,Fan Chips Jalapeño
837,25 - 34 Años,Femenino,Guatemala,Varias Veces Al Mes,Barbacoa,Energy Crunch Protein
837,25 - 34 Años,Femenino,Guatemala,Varias Veces Al Mes,Barbacoa,Gol Nachos Supreme
838,35 - 44 Años,Masculino,Guatemala,Todos Los Días,Queso,Energy Crunch Protein
838,35 - 44 Años,Masculino,Guatemala,Todos Los Días,Queso,Mundialitos Queso Picante
839,25 - 34 Años,Femenino,Jutiapa,3 A 5 Veces Por Semana,Barbacoa,Chocokick Bites
839,25 - 34 Años,Femenino,Jutiapa,3 A 5 Veces Por Semana,Barbacoa,Gol Nachos Supreme
839,25 - 34 Años,Femenino,Jutiapa,3 A 5 Veces Por Semana,Barbacoa,Mundialitos Queso Picante
840,18 - 24 Años,Femenino,Guatemala,1 A 2 Veces Por Semana,Chocolate,Chocokick Bites
840,18 - 24 Años,Femenino,Guatemala,1 A 2 Veces Por Semana,Chocolate,Fan Chips Jalapeño
840,18 - 24 Años,Femenino,Guatemala,1 A 2 Veces Por Semana,Chocolate,Gol Nachos Supreme
841,35 - 44 Años,Masculino,Guatemala,1 A 2 Veces Por Semana,Limón,Futbolmix
841,35 - 44 Años,Masculino,Guatemala,1 A 2 Veces Por Semana,Limón,Mundialitos Queso Picante
841,35 - 44 Años,Masculino,Guatemala,1 A 2 Veces Por Semana,Limón,Hot Stadium Peanuts
842,25 - 34 Años,Femenino,Chimaltenango,1 A 2 Veces Por Semana,Queso,Crunchmax Bbq
843,35 - 44 Años,Femenino,Sacatepéquez,Varias Veces Al Mes,Queso,Hot Stadium Peanuts
844,35 - 44 Años,Masculino,El Progreso,3 A 5 Veces Por Semana,Limón,Mundialitos Queso Picante
844,35 - 44 Años,Masculino,El Progreso,3 A 5 Veces Por Semana,Limón,Futbolmix
845,18 - 24 Años,Masculino,Sacatepéquez,Todos Los Días,Barbacoa,Chocokick Bites
845,18 - 24 Años,Masculino,Sacatepéquez,Todos Los Días,Barbacoa,Fan Chips Jalapeño
846,18 - 24 Años,Masculino,Guatemala,3 A 5 Veces Por Semana,Jalapeño,Mundialitos Queso Picante
847,25 - 34 Años,Masculino,Guatemala,1 A 2 Veces Por Semana,Chocolate,Mundialitos Queso Picante
848,18 - 24 Años,Femenino,Guatemala,Todos Los Días,Jalapeño,Crunchmax Bbq
848,18 - 24 Años,Femenino,Guatemala,Todos Los Días,Jalapeño,Mundialitos Queso Picante
849,25 - 34 Años,Masculino,Totonicapán,3 A 5 Veces Por Semana,Dulce,Gol Nachos Supreme
850,25 - 34 Años,Masculino,Guatemala,1 A 2 Veces Por Semana,Limón,Futbolmix
850,25 - 34 Años,Masculino,Guatemala,1 A 2 Veces Por Semana,Limón,Crunchmax Bbq
850,25 - 34 Años,Masculino,Guatemala,1 A 2 Veces Por Semana,Limón,Hot Stadium Peanuts
851,18 - 24 Años,Femenino,Escuintla,3 A 5 Veces Por Semana,Jalapeño,Mundialitos Queso Picante
851,18 - 24 Años,Femenino,Escuintla,3 A 5 Veces Por Semana,Jalapeño,Futbolmix
852,25 - 34 Años,Femenino,Guatemala,Todos Los Días,Limón,Fan Chips Jalapeño
852,25 - 34 Años,Femenino,Guatemala,Todos Los Días,Limón,Chocokick Bites
852,25 - 34 Años,Femenino,Guatemala,Todos Los Días,Limón,Mundialitos Queso Picante
853,35 - 44 Años,Femenino,Jalapa,Varias Veces Al Mes,Picante Chapín,Caramel Goal Popcorn
853,35 - 44 Años,Femenino,Jalapa,Varias Veces Al Mes,Picante Chapín,Futbolmix
853,35 - 44 Años,Femenino,Jalapa,Varias Veces Al Mes,Picante Chapín,Hot Stadium Peanuts
854,18 - 24 Años,Femenino,Chimaltenango,3 A 5 Veces Por Semana,Salado Tradicional,Crunchmax Bbq
854,18 - 24 Años,Femenino,Chimaltenango,3 A 5 Veces Por Semana,Salado Tradicional,Mundialitos Queso Picante
855,35 - 44 Años,Femenino,Sacatepéquez,3 A 5 Veces Por Semana,Queso,Futbolmix
856,25 - 34 Años,Masculino,Sacatepéquez,1 A 2 Veces Por Semana,Salado Tradicional,Caramel Goal Popcorn
856,25 - 34 Años,Masculino,Sacatepéquez,1 A 2 Veces Por Semana,Salado Tradicional,Gol Nachos Supreme
856,25 - 34 Años,Masculino,Sacatepéquez,1 A 2 Veces Por Semana,Salado Tradicional,Mundialitos Queso Picante
857,35 - 44 Años,Femenino,Guatemala,1 A 2 Veces Por Semana,Chocolate,Crunchmax Bbq
857,35 - 44 Años,Femenino,Guatemala,1 A 2 Veces Por Semana,Chocolate,Fan Chips Jalapeño
857,35 - 44 Años,Femenino,Guatemala,1 A 2 Veces Por Semana,Chocolate,Mundialitos Queso Picante
858,45 - 54 Años,Masculino,Suchitepéquez,Todos Los Días,Jalapeño,Mundialitos Queso Picante
858,45 - 54 Años,Masculino,Suchitepéquez,Todos Los Días,Jalapeño,Futbolmix
859,18 - 24 Años,Femenino,Sacatepéquez,Rara Vez,Salado Tradicional,Caramel Goal Popcorn
860,18 - 24 Años,Masculino,Sacatepéquez,3 A 5 Veces Por Semana,Picante Chapín,Crunchmax Bbq
861,25 - 34 Años,Femenino,Guatemala,3 A 5 Veces Por Semana,Limón,Caramel Goal Popcorn
861,25 - 34 Años,Femenino,Guatemala,3 A 5 Veces Por Semana,Limón,Hot Stadium Peanuts
861,25 - 34 Años,Femenino,Guatemala,3 A 5 Veces Por Semana,Limón,Crunchmax Bbq
862,25 - 34 Años,Femenino,Escuintla,1 A 2 Veces Por Semana,Jalapeño,Mundialitos Queso Picante
862,25 - 34 Años,Femenino,Escuintla,1 A 2 Veces Por Semana,Jalapeño,Victory Pretzels
863,18 - 24 Años,Femenino,Guatemala,3 A 5 Veces Por Semana,Barbacoa,Mundialitos Queso Picante
863,18 - 24 Años,Femenino,Guatemala,3 A 5 Veces Por Semana,Barbacoa,Hot Stadium Peanuts
863,18 - 24 Años,Femenino,Guatemala,3 A 5 Veces Por Semana,Barbacoa,Gol Nachos Supreme
864,35 - 44 Años,Femenino,Guatemala,Varias Veces Al Mes,Jalapeño,Crunchmax Bbq
864,35 - 44 Años,Femenino,Guatemala,Varias Veces Al Mes,Jalapeño,Fan Chips Jalapeño
864,35 - 44 Años,Femenino,Guatemala,Varias Veces Al Mes,Jalapeño,Mundialitos Queso Picante
865,45 - 54 Años,Masculino,Chimaltenango,Rara Vez,Queso,Energy Crunch Protein
866,35 - 44 Años,Femenino,Guatemala,Varias Veces Al Mes,Jalapeño,Hot Stadium Peanuts
867,45 - 54 Años,Femenino,Escuintla,1 A 2 Veces Por Semana,Chocolate,Chocokick Bites
867,45 - 54 Años,Femenino,Escuintla,1 A 2 Veces Por Semana,Chocolate,Gol Nachos Supreme
867,45 - 54 Años,Femenino,Escuintla,1 A 2 Veces Por Semana,Chocolate,Crunchmax Bbq
868,35 - 44 Años,Femenino,Guatemala,1 A 2 Veces Por Semana,Dulce,Futbolmix
869,45 - 54 Años,Femenino,Sacatepéquez,Varias Veces Al Mes,Jalapeño,Fan Chips Jalapeño
869,45 - 54 Años,Femenino,Sacatepéquez,Varias Veces Al Mes,Jalapeño,Gol Nachos Supreme
869,45 - 54 Años,Femenino,Sacatepéquez,Varias Veces Al Mes,Jalapeño,Victory Pretzels
870,25 - 34 Años,Femenino,Alta Verapaz,3 A 5 Veces Por Semana,Barbacoa,Mundialitos Queso Picante
870,25 - 34 Años,Femenino,Alta Verapaz,3 A 5 Veces Por Semana,Barbacoa,Energy Crunch Protein
871,Menos De 18 Años,Prefiero No Indicarlo,Escuintla,3 A 5 Veces Por Semana,Chocolate,Victory Pretzels
872,25 - 34 Años,Femenino,Guatemala,1 A 2 Veces Por Semana,Jalapeño,Mundialitos Queso Picante
872,25 - 34 Años,Femenino,Guatemala,1 A 2 Veces Por Semana,Jalapeño,Gol Nachos Supreme
873,35 - 44 Años,Masculino,Guatemala,3 A 5 Veces Por Semana,Queso,Mundialitos Queso Picante
873,35 - 44 Años,Masculino,Guatemala,3 A 5 Veces Por Semana,Queso,Caramel Goal Popcorn
874,18 - 24 Años,Masculino,Guatemala,Varias Veces Al Mes,Barbacoa,Gol Nachos Supreme
874,18 - 24 Años,Masculino,Guatemala,Varias Veces Al Mes,Barbacoa,Futbolmix
874,18 - 24 Años,Masculino,Guatemala,Varias Veces Al Mes,Barbacoa,Crunchmax Bbq
875,25 - 34 Años,Femenino,Guatemala,3 A 5 Veces Por Semana,Queso,Futbolmix
875,25 - 34 Años,Femenino,Guatemala,3 A 5 Veces Por Semana,Queso,Gol Nachos Supreme
875,25 - 34 Años,Femenino,Guatemala,3 A 5 Veces Por Semana,Queso,Fan Chips Jalapeño
876,18 - 24 Años,Masculino,Chimaltenango,3 A 5 Veces Por Semana,Picante Chapín,Fan Chips Jalapeño
876,18 - 24 Años,Masculino,Chimaltenango,3 A 5 Veces Por Semana,Picante Chapín,Futbolmix
877,45 - 54 Años,Masculino,Guatemala,Todos Los Días,Queso,Gol Nachos Supreme
877,45 - 54 Años,Masculino,Guatemala,Todos Los Días,Queso,Victory Pretzels
877,45 - 54 Años,Masculino,Guatemala,Todos Los Días,Queso,Mundialitos Queso Picante
878,18 - 24 Años,Femenino,Chimaltenango,3 A 5 Veces Por Semana,Queso,Mundialitos Queso Picante
878,18 - 24 Años,Femenino,Chimaltenango,3 A 5 Veces Por Semana,Queso,Caramel Goal Popcorn
879,18 - 24 Años,Masculino,Petén,1 A 2 Veces Por Semana,Picante Chapín,Chocokick Bites
879,18 - 24 Años,Masculino,Petén,1 A 2 Veces Por Semana,Picante Chapín,Mundialitos Queso Picante
880,25 - 34 Años,Femenino,Guatemala,1 A 2 Veces Por Semana,Limón,Mundialitos Queso Picante
881,18 - 24 Años,Femenino,Huehuetenango,1 A 2 Veces Por Semana,Jalapeño,Fan Chips Jalapeño
881,18 - 24 Años,Femenino,Huehuetenango,1 A 2 Veces Por Semana,Jalapeño,Crunchmax Bbq
882,45 - 54 Años,Femenino,Chimaltenango,3 A 5 Veces Por Semana,Barbacoa,Hot Stadium Peanuts
882,45 - 54 Años,Femenino,Chimaltenango,3 A 5 Veces Por Semana,Barbacoa,Gol Nachos Supreme
882,45 - 54 Años,Femenino,Chimaltenango,3 A 5 Veces Por Semana,Barbacoa,Fan Chips Jalapeño
883,18 - 24 Años,Masculino,Guatemala,Varias Veces Al Mes,Barbacoa,Victory Pretzels
883,18 - 24 Años,Masculino,Guatemala,Varias Veces Al Mes,Barbacoa,Fan Chips Jalapeño
884,25 - 34 Años,Masculino,Guatemala,Todos Los Días,Limón,Gol Nachos Supreme
884,25 - 34 Años,Masculino,Guatemala,Todos Los Días,Limón,Caramel Goal Popcorn
884,25 - 34 Años,Masculino,Guatemala,Todos Los Días,Limón,Futbolmix
885,18 - 24 Años,Masculino,San Marcos,Varias Veces Al Mes,Barbacoa,Fan Chips Jalapeño
886,25 - 34 Años,Masculino,Guatemala,Todos Los Días,Barbacoa,Hot Stadium Peanuts
886,25 - 34 Años,Masculino,Guatemala,Todos Los Días,Barbacoa,Chocokick Bites
95,25 - 34 Años,Masculino,Guatemala,Varias Veces Al Mes,Limón,Fan Chips Jalapeño
95,25 - 34 Años,Masculino,Guatemala,Varias Veces Al Mes,Limón,Crunchmax Bbq
888,55 Años O Más,Femenino,Quetzaltenango,1 A 2 Veces Por Semana,Caramelo,Fan Chips Jalapeño
888,55 Años O Más,Femenino,Quetzaltenango,1 A 2 Veces Por Semana,Caramelo,Mundialitos Queso Picante
888,55 Años O Más,Femenino,Quetzaltenango,1 A 2 Veces Por Semana,Caramelo,Gol Nachos Supreme
889,55 Años O Más,Femenino,San Marcos,1 A 2 Veces Por Semana,Queso,Crunchmax Bbq
890,45 - 54 Años,Masculino,Guatemala,Varias Veces Al Mes,Jalapeño,Energy Crunch Protein
890,45 - 54 Años,Masculino,Guatemala,Varias Veces Al Mes,Jalapeño,Fan Chips Jalapeño
890,45 - 54 Años,Masculino,Guatemala,Varias Veces Al Mes,Jalapeño,Victory Pretzels
891,25 - 34 Años,Femenino,Guatemala,1 A 2 Veces Por Semana,Chocolate,Caramel Goal Popcorn
891,25 - 34 Años,Femenino,Guatemala,1 A 2 Veces Por Semana,Chocolate,Crunchmax Bbq
891,25 - 34 Años,Femenino,Guatemala,1 A 2 Veces Por Semana,Chocolate,Futbolmix
892,55 Años O Más,Masculino,Chiquimula,Varias Veces Al Mes,Queso,Mundialitos Queso Picante
892,55 Años O Más,Masculino,Chiquimula,Varias Veces Al Mes,Queso,Futbolmix
893,18 - 24 Años,Femenino,El Progreso,Rara Vez,Chocolate,Hot Stadium Peanuts
893,18 - 24 Años,Femenino,El Progreso,Rara Vez,Chocolate,Futbolmix
893,18 - 24 Años,Femenino,El Progreso,Rara Vez,Chocolate,Energy Crunch Protein
894,45 - 54 Años,Masculino,Guatemala,1 A 2 Veces Por Semana,Limón,Fan Chips Jalapeño
894,45 - 54 Años,Masculino,Guatemala,1 A 2 Veces Por Semana,Limón,Gol Nachos Supreme
895,25 - 34 Años,Femenino,Guatemala,Todos Los Días,Caramelo,Gol Nachos Supreme
895,25 - 34 Años,Femenino,Guatemala,Todos Los Días,Caramelo,Mundialitos Queso Picante
895,25 - 34 Años,Femenino,Guatemala,Todos Los Días,Caramelo,Crunchmax Bbq
896,35 - 44 Años,Femenino,Guatemala,1 A 2 Veces Por Semana,Barbacoa,Gol Nachos Supreme
896,35 - 44 Años,Femenino,Guatemala,1 A 2 Veces Por Semana,Barbacoa,Caramel Goal Popcorn
897,35 - 44 Años,Masculino,Jalapa,1 A 2 Veces Por Semana,Queso,Crunchmax Bbq
897,35 - 44 Años,Masculino,Jalapa,1 A 2 Veces Por Semana,Queso,Gol Nachos Supreme
897,35 - 44 Años,Masculino,Jalapa,1 A 2 Veces Por Semana,Queso,Mundialitos Queso Picante
898,35 - 44 Años,Masculino,Guatemala,3 A 5 Veces Por Semana,Dulce,Mundialitos Queso Picante
898,35 - 44 Años,Masculino,Guatemala,3 A 5 Veces Por Semana,Dulce,Crunchmax Bbq
898,35 - 44 Años,Masculino,Guatemala,3 A 5 Veces Por Semana,Dulce,Caramel Goal Popcorn
899,35 - 44 Años,Masculino,Guatemala,3 A 5 Veces Por Semana,Queso,Mundialitos Queso Picante
899,35 - 44 Años,Masculino,Guatemala,3 A 5 Veces Por Semana,Queso,Futbolmix
899,35 - 44 Años,Masculino,Guatemala,3 A 5 Veces Por Semana,Queso,Energy Crunch Protein
900,Menos De 18 Años,Femenino,Suchitepéquez,1 A 2 Veces Por Semana,Salado Tradicional,Fan Chips Jalapeño
900,Menos De 18 Años,Femenino,Suchitepéquez,1 A 2 Veces Por Semana,Salado Tradicional,Energy Crunch Protein
901,35 - 44 Años,Femenino,Chimaltenango,3 A 5 Veces Por Semana,Jalapeño,Energy Crunch Protein
901,35 - 44 Años,Femenino,Chimaltenango,3 A 5 Veces Por Semana,Jalapeño,Crunchmax Bbq
901,35 - 44 Años,Femenino,Chimaltenango,3 A 5 Veces Por Semana,Jalapeño,Hot Stadium Peanuts
902,25 - 34 Años,Masculino,Guatemala,Todos Los Días,Picante Chapín,Crunchmax Bbq
902,25 - 34 Años,Masculino,Guatemala,Todos Los Días,Picante Chapín,Chocokick Bites
903,25 - 34 Años,Masculino,Guatemala,1 A 2 Veces Por Semana,Caramelo,Mundialitos Queso Picante
904,35 - 44 Años,Masculino,Escuintla,3 A 5 Veces Por Semana,Salado Tradicional,Gol Nachos Supreme
905,45 - 54 Años,Masculino,Alta Verapaz,Varias Veces Al Mes,Picante Chapín,Futbolmix
906,25 - 34 Años,Femenino,Sacatepéquez,3 A 5 Veces Por Semana,Caramelo,Chocokick Bites
907,25 - 34 Años,Femenino,Quetzaltenango,3 A 5 Veces Por Semana,Picante Chapín,Hot Stadium Peanuts
907,25 - 34 Años,Femenino,Quetzaltenango,3 A 5 Veces Por Semana,Picante Chapín,Gol Nachos Supreme
908,18 - 24 Años,Femenino,Escuintla,Varias Veces Al Mes,Chocolate,Futbolmix
908,18 - 24 Años,Femenino,Escuintla,Varias Veces Al Mes,Chocolate,Mundialitos Queso Picante
908,18 - 24 Años,Femenino,Escuintla,Varias Veces Al Mes,Chocolate,Gol Nachos Supreme
909,35 - 44 Años,Masculino,Guatemala,Varias Veces Al Mes,,Mundialitos Queso Picante
910,55 Años O Más,Femenino,Sacatepéquez,Todos Los Días,Jalapeño,Fan Chips Jalapeño
911,35 - 44 Años,Femenino,Guatemala,Todos Los Días,Picante Chapín,Fan Chips Jalapeño
911,35 - 44 Años,Femenino,Guatemala,Todos Los Días,Picante Chapín,Caramel Goal Popcorn
912,25 - 34 Años,Femenino,Escuintla,1 A 2 Veces Por Semana,Barbacoa,Hot Stadium Peanuts
912,25 - 34 Años,Femenino,Escuintla,1 A 2 Veces Por Semana,Barbacoa,Mundialitos Queso Picante
913,35 - 44 Años,Masculino,Guatemala,3 A 5 Veces Por Semana,Limón,Fan Chips Jalapeño
913,35 - 44 Años,Masculino,Guatemala,3 A 5 Veces Por Semana,Limón,Mundialitos Queso Picante
914,25 - 34 Años,Femenino,Suchitepéquez,1 A 2 Veces Por Semana,Barbacoa,Futbolmix
914,25 - 34 Años,Femenino,Suchitepéquez,1 A 2 Veces Por Semana,Barbacoa,Fan Chips Jalapeño
915,25 - 34 Años,Masculino,Guatemala,Rara Vez,Limón,Fan Chips Jalapeño
916,18 - 24 Años,Femenino,Chimaltenango,Varias Veces Al Mes,Queso,Victory Pretzels
917,25 - 34 Años,Femenino,Guatemala,3 A 5 Veces Por Semana,Queso,Mundialitos Queso Picante
918,35 - 44 Años,Femenino,Guatemala,1 A 2 Veces Por Semana,Salado Tradicional,Futbolmix
918,35 - 44 Años,Femenino,Guatemala,1 A 2 Veces Por Semana,Salado Tradicional,Hot Stadium Peanuts
918,35 - 44 Años,Femenino,Guatemala,1 A 2 Veces Por Semana,Salado Tradicional,Fan Chips Jalapeño
919,25 - 34 Años,Femenino,Guatemala,Todos Los Días,Limón,Energy Crunch Protein
920,45 - 54 Años,Femenino,Sacatepéquez,3 A 5 Veces Por Semana,Limón,Caramel Goal Popcorn
921,45 - 54 Años,Femenino,Guatemala,1 A 2 Veces Por Semana,Chocolate,Energy Crunch Protein
921,45 - 54 Años,Femenino,Guatemala,1 A 2 Veces Por Semana,Chocolate,Mundialitos Queso Picante
922,18 - 24 Años,Masculino,Escuintla,3 A 5 Veces Por Semana,Jalapeño,Futbolmix
923,25 - 34 Años,Femenino,Guatemala,3 A 5 Veces Por Semana,Barbacoa,Gol Nachos Supreme
924,18 - 24 Años,Femenino,Quetzaltenango,Todos Los Días,Barbacoa,Crunchmax Bbq
924,18 - 24 Años,Femenino,Quetzaltenango,Todos Los Días,Barbacoa,Victory Pretzels
925,18 - 24 Años,Masculino,Chimaltenango,Varias Veces Al Mes,Barbacoa,Caramel Goal Popcorn
926,25 - 34 Años,Femenino,Jalapa,Varias Veces Al Mes,Picante Chapín,Gol Nachos Supreme
926,25 - 34 Años,Femenino,Jalapa,Varias Veces Al Mes,Picante Chapín,Hot Stadium Peanuts
926,25 - 34 Años,Femenino,Jalapa,Varias Veces Al Mes,Picante Chapín,Crunchmax Bbq
927,55 Años O Más,Masculino,Zacapa,Todos Los Días,Queso,Chocokick Bites
927,55 Años O Más,Masculino,Zacapa,Todos Los Días,Queso,Mundialitos Queso Picante
927,55 Años O Más,Masculino,Zacapa,Todos Los Días,Queso,Gol Nachos Supreme
928,25 - 34 Años,Masculino,Guatemala,Todos Los Días,Queso,Hot Stadium Peanuts
928,25 - 34 Años,Masculino,Guatemala,Todos Los Días,Queso,Crunchmax Bbq
929,35 - 44 Años,Femenino,Baja Verapaz,Varias Veces Al Mes,Picante Chapín,Caramel Goal Popcorn
929,35 - 44 Años,Femenino,Baja Verapaz,Varias Veces Al Mes,Picante Chapín,Crunchmax Bbq
929,35 - 44 Años,Femenino,Baja Verapaz,Varias Veces Al Mes,Picante Chapín,Mundialitos Queso Picante
930,25 - 34 Años,Masculino,Retalhuleu,3 A 5 Veces Por Semana,Limón,Futbolmix
930,25 - 34 Años,Masculino,Retalhuleu,3 A 5 Veces Por Semana,Limón,Crunchmax Bbq
931,18 - 24 Años,Masculino,Guatemala,Todos Los Días,Limón,Hot Stadium Peanuts
931,18 - 24 Años,Masculino,Guatemala,Todos Los Días,Limón,Futbolmix
932,18 - 24 Años,Masculino,Alta Verapaz,1 A 2 Veces Por Semana,Caramelo,Hot Stadium Peanuts
932,18 - 24 Años,Masculino,Alta Verapaz,1 A 2 Veces Por Semana,Caramelo,Mundialitos Queso Picante
933,25 - 34 Años,Femenino,San Marcos,Varias Veces Al Mes,Limón,Victory Pretzels
933,25 - 34 Años,Femenino,San Marcos,Varias Veces Al Mes,Limón,Futbolmix
933,25 - 34 Años,Femenino,San Marcos,Varias Veces Al Mes,Limón,Fan Chips Jalapeño
934,55 Años O Más,Masculino,Quetzaltenango,1 A 2 Veces Por Semana,Picante Chapín,Futbolmix
934,55 Años O Más,Masculino,Quetzaltenango,1 A 2 Veces Por Semana,Picante Chapín,Mundialitos Queso Picante
935,25 - 34 Años,Femenino,Guatemala,3 A 5 Veces Por Semana,Barbacoa,Fan Chips Jalapeño
936,35 - 44 Años,Masculino,Totonicapán,1 A 2 Veces Por Semana,Queso,Victory Pretzels
936,35 - 44 Años,Masculino,Totonicapán,1 A 2 Veces Por Semana,Queso,Futbolmix
936,35 - 44 Años,Masculino,Totonicapán,1 A 2 Veces Por Semana,Queso,Fan Chips Jalapeño
937,55 Años O Más,Masculino,Guatemala,Varias Veces Al Mes,Barbacoa,Victory Pretzels
617,35 - 44 Años,Femenino,Jutiapa,1 A 2 Veces Por Semana,Limón,Mundialitos Queso Picante
617,35 - 44 Años,Femenino,Jutiapa,1 A 2 Veces Por Semana,Limón,Crunchmax Bbq
939,45 - 54 Años,Femenino,Chimaltenango,3 A 5 Veces Por Semana,Picante Chapín,Mundialitos Queso Picante
939,45 - 54 Años,Femenino,Chimaltenango,3 A 5 Veces Por Semana,Picante Chapín,Chocokick Bites
940,45 - 54 Años,Femenino,Guatemala,3 A 5 Veces Por Semana,Limón,Caramel Goal Popcorn
940,45 - 54 Años,Femenino,Guatemala,3 A 5 Veces Por Semana,Limón,Mundialitos Queso Picante
941,35 - 44 Años,Femenino,Sacatepéquez,Rara Vez,Dulce,Chocokick Bites
942,35 - 44 Años,Femenino,Sacatepéquez,Rara Vez,Barbacoa,Hot Stadium Peanuts
942,35 - 44 Años,Femenino,Sacatepéquez,Rara Vez,Barbacoa,Victory Pretzels
943,18 - 24 Años,Masculino,Guatemala,Rara Vez,Jalapeño,Gol Nachos Supreme
944,45 - 54 Años,Masculino,Guatemala,3 A 5 Veces Por Semana,Limón,Futbolmix
945,25 - 34 Años,Femenino,Guatemala,Rara Vez,Salado Tradicional,Futbolmix
945,25 - 34 Años,Femenino,Guatemala,Rara Vez,Salado Tradicional,Crunchmax Bbq
945,25 - 34 Años,Femenino,Guatemala,Rara Vez,Salado Tradicional,Gol Nachos Supreme
946,18 - 24 Años,Femenino,Quetzaltenango,Todos Los Días,Picante Chapín,Fan Chips Jalapeño
947,25 - 34 Años,Masculino,Chimaltenango,1 A 2 Veces Por Semana,Limón,Crunchmax Bbq
947,25 - 34 Años,Masculino,Chimaltenango,1 A 2 Veces Por Semana,Limón,Fan Chips Jalapeño
948,35 - 44 Años,Masculino,Chimaltenango,3 A 5 Veces Por Semana,Limón,Chocokick Bites
948,35 - 44 Años,Masculino,Chimaltenango,3 A 5 Veces Por Semana,Limón,Fan Chips Jalapeño
948,35 - 44 Años,Masculino,Chimaltenango,3 A 5 Veces Por Semana,Limón,Futbolmix
949,25 - 34 Años,Masculino,Retalhuleu,3 A 5 Veces Por Semana,Jalapeño,Crunchmax Bbq
949,25 - 34 Años,Masculino,Retalhuleu,3 A 5 Veces Por Semana,Jalapeño,Energy Crunch Protein
949,25 - 34 Años,Masculino,Retalhuleu,3 A 5 Veces Por Semana,Jalapeño,Hot Stadium Peanuts
950,45 - 54 Años,Masculino,Escuintla,1 A 2 Veces Por Semana,Chocolate,Mundialitos Queso Picante
951,35 - 44 Años,Femenino,Guate,3 A 5 Veces Por Semana,Chocolate,Futbolmix
952,25 - 34 Años,Femenino,Guatemala,3 A 5 Veces Por Semana,Chocolate,Gol Nachos Supreme
952,25 - 34 Años,Femenino,Guatemala,3 A 5 Veces Por Semana,Chocolate,Crunchmax Bbq
953,35 - 44 Años,Masculino,Sacatepéquez,1 A 2 Veces Por Semana,Barbacoa,Chocokick Bites
953,35 - 44 Años,Masculino,Sacatepéquez,1 A 2 Veces Por Semana,Barbacoa,Hot Stadium Peanuts
954,55 Años O Más,Femenino,Sacatepéquez,1 A 2 Veces Por Semana,Queso,Fan Chips Jalapeño
955,18 - 24 Años,Masculino,Quetzaltenango,3 A 5 Veces Por Semana,Picante Chapín,Gol Nachos Supreme
956,55 Años O Más,Masculino,Suchitepéquez,3 A 5 Veces Por Semana,Barbacoa,Gol Nachos Supreme
957,18 - 24 Años,Masculino,Quetzaltenango,3 A 5 Veces Por Semana,Limón,Fan Chips Jalapeño
958,25 - 34 Años,Masculino,Huehuetenango,Rara Vez,Jalapeño,Victory Pretzels
959,55 Años O Más,Femenino,Guatemala,1 A 2 Veces Por Semana,Barbacoa,Victory Pretzels
959,55 Años O Más,Femenino,Guatemala,1 A 2 Veces Por Semana,Barbacoa,Energy Crunch Protein
960,35 - 44 Años,Masculino,Guatemala,3 A 5 Veces Por Semana,Limón,Fan Chips Jalapeño
960,35 - 44 Años,Masculino,Guatemala,3 A 5 Veces Por Semana,Limón,Victory Pretzels
961,25 - 34 Años,Femenino,Guatemala,Todos Los Días,Barbacoa,Crunchmax Bbq
961,25 - 34 Años,Femenino,Guatemala,Todos Los Días,Barbacoa,Mundialitos Queso Picante
961,25 - 34 Años,Femenino,Guatemala,Todos Los Días,Barbacoa,Fan Chips Jalapeño
962,18 - 24 Años,Femenino,Guatemala,3 A 5 Veces Por Semana,Queso,Fan Chips Jalapeño
963,25 - 34 Años,Femenino,Izabal,Varias Veces Al Mes,Picante Chapín,Fan Chips Jalapeño
963,25 - 34 Años,Femenino,Izabal,Varias Veces Al Mes,Picante Chapín,Hot Stadium Peanuts
964,25 - 34 Años,Femenino,Sacatepéquez,Todos Los Días,Picante Chapín,Futbolmix
964,25 - 34 Años,Femenino,Sacatepéquez,Todos Los Días,Picante Chapín,Energy Crunch Protein
964,25 - 34 Años,Femenino,Sacatepéquez,Todos Los Días,Picante Chapín,Gol Nachos Supreme
965,25 - 34 Años,Femenino,Guatemala,1 A 2 Veces Por Semana,Queso,Fan Chips Jalapeño
965,25 - 34 Años,Femenino,Guatemala,1 A 2 Veces Por Semana,Queso,Victory Pretzels
965,25 - 34 Años,Femenino,Guatemala,1 A 2 Veces Por Semana,Queso,Mundialitos Queso Picante
966,25 - 34 Años,Masculino,Totonicapán,1 A 2 Veces Por Semana,Barbacoa,Fan Chips Jalapeño
967,25 - 34 Años,Femenino,Sacatepéquez,3 A 5 Veces Por Semana,Picante Chapín,Hot Stadium Peanuts
967,25 - 34 Años,Femenino,Sacatepéquez,3 A 5 Veces Por Semana,Picante Chapín,Crunchmax Bbq
967,25 - 34 Años,Femenino,Sacatepéquez,3 A 5 Veces Por Semana,Picante Chapín,Energy Crunch Protein
968,18 - 24 Años,Masculino,Chimaltenango,3 A 5 Veces Por Semana,Salado Tradicional,Fan Chips Jalapeño
968,18 - 24 Años,Masculino,Chimaltenango,3 A 5 Veces Por Semana,Salado Tradicional,Energy Crunch Protein
968,18 - 24 Años,Masculino,Chimaltenango,3 A 5 Veces Por Semana,Salado Tradicional,Mundialitos Queso Picante
969,Menos De 18 Años,Masculino,Escuintla,Varias Veces Al Mes,Limón,Caramel Goal Popcorn
969,Menos De 18 Años,Masculino,Escuintla,Varias Veces Al Mes,Limón,Mundialitos Queso Picante
969,Menos De 18 Años,Masculino,Escuintla,Varias Veces Al Mes,Limón,Victory Pretzels
970,35 - 44 Años,Femenino,Guatemala,Todos Los Días,Picante Chapín,Hot Stadium Peanuts
970,35 - 44 Años,Femenino,Guatemala,Todos Los Días,Picante Chapín,Fan Chips Jalapeño
971,25 - 34 Años,Femenino,Escuintla,1 A 2 Veces Por Semana,Queso,Futbolmix
971,25 - 34 Años,Femenino,Escuintla,1 A 2 Veces Por Semana,Queso,Fan Chips Jalapeño
971,25 - 34 Años,Femenino,Escuintla,1 A 2 Veces Por Semana,Queso,Caramel Goal Popcorn
972,35 - 44 Años,Femenino,Guatemala,1 A 2 Veces Por Semana,Jalapeño,Gol Nachos Supreme
972,35 - 44 Años,Femenino,Guatemala,1 A 2 Veces Por Semana,Jalapeño,Fan Chips Jalapeño
972,35 - 44 Años,Femenino,Guatemala,1 A 2 Veces Por Semana,Jalapeño,Crunchmax Bbq
973,18 - 24 Años,Masculino,Guatemala,3 A 5 Veces Por Semana,Jalapeño,Chocokick Bites
973,18 - 24 Años,Masculino,Guatemala,3 A 5 Veces Por Semana,Jalapeño,Futbolmix
973,18 - 24 Años,Masculino,Guatemala,3 A 5 Veces Por Semana,Jalapeño,Gol Nachos Supreme
974,Menos De 18 Años,Masculino,Guatemala,Varias Veces Al Mes,Queso,Caramel Goal Popcorn
975,45 - 54 Años,Femenino,Zacapa,3 A 5 Veces Por Semana,Caramelo,Futbolmix
976,25 - 34 Años,Masculino,Guatemala,1 A 2 Veces Por Semana,Jalapeño,Crunchmax Bbq
977,35 - 44 Años,Masculino,Guatemala,Varias Veces Al Mes,Jalapeño,Mundialitos Queso Picante
977,35 - 44 Años,Masculino,Guatemala,Varias Veces Al Mes,Jalapeño,Victory Pretzels
978,25 - 34 Años,Femenino,Petén,Rara Vez,Jalapeño,Mundialitos Queso Picante
978,25 - 34 Años,Femenino,Petén,Rara Vez,Jalapeño,Gol Nachos Supreme
979,18 - 24 Años,Masculino,Guatemala,3 A 5 Veces Por Semana,Barbacoa,Mundialitos Queso Picante
980,18 - 24 Años,Femenino,Quetzaltenango,1 A 2 Veces Por Semana,Caramelo,Crunchmax Bbq
980,18 - 24 Años,Femenino,Quetzaltenango,1 A 2 Veces Por Semana,Caramelo,Caramel Goal Popcorn
981,45 - 54 Años,Femenino,Baja Verapaz,Varias Veces Al Mes,Picante Chapín,Fan Chips Jalapeño
981,45 - 54 Años,Femenino,Baja Verapaz,Varias Veces Al Mes,Picante Chapín,Crunchmax Bbq
981,45 - 54 Años,Femenino,Baja Verapaz,Varias Veces Al Mes,Picante Chapín,Energy Crunch Protein
982,35 - 44 Años,Masculino,Guatemala,1 A 2 Veces Por Semana,Jalapeño,Fan Chips Jalapeño
982,35 - 44 Años,Masculino,Guatemala,1 A 2 Veces Por Semana,Jalapeño,Mundialitos Queso Picante
982,35 - 44 Años,Masculino,Guatemala,1 A 2 Veces Por Semana,Jalapeño,Caramel Goal Popcorn
983,25 - 34 Años,Masculino,Quiché,Varias Veces Al Mes,Picante Chapín,Fan Chips Jalapeño
984,Menos De 18 Años,Masculino,Guatemala,1 A 2 Veces Por Semana,Salado Tradicional,Chocokick Bites
985,Menos De 18 Años,Femenino,Guatemala,3 A 5 Veces Por Semana,Barbacoa,Crunchmax Bbq
986,55 Años O Más,Femenino,Guatemala,1 A 2 Veces Por Semana,Salado Tradicional,Caramel Goal Popcorn
986,55 Años O Más,Femenino,Guatemala,1 A 2 Veces Por Semana,Salado Tradicional,Mundialitos Queso Picante
986,55 Años O Más,Femenino,Guatemala,1 A 2 Veces Por Semana,Salado Tradicional,Crunchmax Bbq
987,35 - 44 Años,Masculino,Zacapa,1 A 2 Veces Por Semana,Salado Tradicional,Victory Pretzels
987,35 - 44 Años,Masculino,Zacapa,1 A 2 Veces Por Semana,Salado Tradicional,Mundialitos Queso Picante
988,Menos De 18 Años,Masculino,Guatemala,1 A 2 Veces Por Semana,Chocolate,Fan Chips Jalapeño
988,Menos De 18 Años,Masculino,Guatemala,1 A 2 Veces Por Semana,Chocolate,Mundialitos Queso Picante
989,55 Años O Más,Femenino,Guatemala,1 A 2 Veces Por Semana,Jalapeño,Mundialitos Queso Picante
990,18 - 24 Años,Masculino,Retalhuleu,Varias Veces Al Mes,Salado Tradicional,Chocokick Bites
991,25 - 34 Años,Masculino,Alta Verapaz,1 A 2 Veces Por Semana,Queso,Gol Nachos Supreme
991,25 - 34 Años,Masculino,Alta Verapaz,1 A 2 Veces Por Semana,Queso,Energy Crunch Protein
991,25 - 34 Años,Masculino,Alta Verapaz,1 A 2 Veces Por Semana,Queso,Caramel Goal Popcorn
992,18 - 24 Años,Masculino,Jutiapa,Varias Veces Al Mes,Queso,Chocokick Bites
993,18 - 24 Años,Masculino,Guatemala,3 A 5 Veces Por Semana,Barbacoa,Gol Nachos Supreme
994,25 - 34 Años,Femenino,Quetzaltenango,Todos Los Días,Salado Tradicional,Crunchmax Bbq
994,25 - 34 Años,Femenino,Quetzaltenango,Todos Los Días,Salado Tradicional,Chocokick Bites
994,25 - 34 Años,Femenino,Quetzaltenango,Todos Los Días,Salado Tradicional,Hot Stadium Peanuts
995,55 Años O Más,Masculino,Guatemala,3 A 5 Veces Por Semana,Caramelo,Crunchmax Bbq
996,45 - 54 Años,Masculino,Guatemala,Todos Los Días,Picante Chapín,Chocokick Bites
996,45 - 54 Años,Masculino,Guatemala,Todos Los Días,Picante Chapín,Mundialitos Queso Picante
996,45 - 54 Años,Masculino,Guatemala,Todos Los Días,Picante Chapín,Fan Chips Jalapeño
997,18 - 24 Años,Masculino,Quetzaltenango,3 A 5 Veces Por Semana,Picante Chapín,Futbolmix
997,18 - 24 Años,Masculino,Quetzaltenango,3 A 5 Veces Por Semana,Picante Chapín,Gol Nachos Supreme
997,18 - 24 Años,Masculino,Quetzaltenango,3 A 5 Veces Por Semana,Picante Chapín,Energy Crunch Protein
998,35 - 44 Años,Masculino,Chimaltenango,Todos Los Días,Picante Chapín,Gol Nachos Supreme
999,Menos De 18 Años,Femenino,Quetzaltenango,Varias Veces Al Mes,Jalapeño,Gol Nachos Supreme
999,Menos De 18 Años,Femenino,Quetzaltenango,Varias Veces Al Mes,Jalapeño,Energy Crunch Protein
1000,35 - 44 Años,Masculino,Guatemala,Varias Veces Al Mes,Jalapeño,Gol Nachos Supreme
1001,55 Años O Más,Masculino,Jutiapa,3 A 5 Veces Por Semana,Picante Chapín,Gol Nachos Supreme
1002,25 - 34 Años,Femenino,Sacatepéquez,3 A 5 Veces Por Semana,Jalapeño,Crunchmax Bbq
1003,25 - 34 Años,Prefiero No Indicarlo,Guatemala,3 A 5 Veces Por Semana,Salado Tradicional,Hot Stadium Peanuts
1004,35 - 44 Años,Masculino,Guatemala,1 A 2 Veces Por Semana,Barbacoa,Crunchmax Bbq
1004,35 - 44 Años,Masculino,Guatemala,1 A 2 Veces Por Semana,Barbacoa,Gol Nachos Supreme
1004,35 - 44 Años,Masculino,Guatemala,1 A 2 Veces Por Semana,Barbacoa,Mundialitos Queso Picante
1005,45 - 54 Años,Masculino,Petén,1 A 2 Veces Por Semana,Caramelo,Fan Chips Jalapeño
1005,45 - 54 Años,Masculino,Petén,1 A 2 Veces Por Semana,Caramelo,Crunchmax Bbq
1006,Menos De 18 Años,Masculino,El Progreso,Varias Veces Al Mes,Salado Tradicional,Mundialitos Queso Picante
1006,Menos De 18 Años,Masculino,El Progreso,Varias Veces Al Mes,Salado Tradicional,Gol Nachos Supreme
1006,Menos De 18 Años,Masculino,El Progreso,Varias Veces Al Mes,Salado Tradicional,Crunchmax Bbq
1007,45 - 54 Años,Masculino,San Marcos,Varias Veces Al Mes,Picante Chapín,Energy Crunch Protein
1007,45 - 54 Años,Masculino,San Marcos,Varias Veces Al Mes,Picante Chapín,Crunchmax Bbq
1007,45 - 54 Años,Masculino,San Marcos,Varias Veces Al Mes,Picante Chapín,Futbolmix
1008,35 - 44 Años,Masculino,El Progreso,Varias Veces Al Mes,Queso,Mundialitos Queso Picante
1008,35 - 44 Años,Masculino,El Progreso,Varias Veces Al Mes,Queso,Futbolmix
1008,35 - 44 Años,Masculino,El Progreso,Varias Veces Al Mes,Queso,Gol Nachos Supreme
1009,18 - 24 Años,Femenino,Guatemala,Varias Veces Al Mes,Queso,Hot Stadium Peanuts
1009,18 - 24 Años,Femenino,Guatemala,Varias Veces Al Mes,Queso,Crunchmax Bbq
1009,18 - 24 Años,Femenino,Guatemala,Varias Veces Al Mes,Queso,Mundialitos Queso Picante
1010,Menos De 18 Años,Femenino,San Marcos,3 A 5 Veces Por Semana,Queso,Caramel Goal Popcorn
1011,55 Años O Más,Femenino,Guatemala,Varias Veces Al Mes,Queso,Hot Stadium Peanuts
1011,55 Años O Más,Femenino,Guatemala,Varias Veces Al Mes,Queso,Caramel Goal Popcorn
1011,55 Años O Más,Femenino,Guatemala,Varias Veces Al Mes,Queso,Mundialitos Queso Picante
1012,25 - 34 Años,Masculino,Guatemala,3 A 5 Veces Por Semana,Jalapeño,Gol Nachos Supreme
1012,25 - 34 Años,Masculino,Guatemala,3 A 5 Veces Por Semana,Jalapeño,Fan Chips Jalapeño
1013,55 Años O Más,Masculino,Alta Verapaz,Varias Veces Al Mes,Dulce,Mundialitos Queso Picante
1014,45 - 54 Años,Femenino,Quetzaltenango,Todos Los Días,Salado Tradicional,Futbolmix
1015,Menos De 18 Años,Femenino,Retalhuleu,3 A 5 Veces Por Semana,Limón,Fan Chips Jalapeño
1015,Menos De 18 Años,Femenino,Retalhuleu,3 A 5 Veces Por Semana,Limón,Futbolmix
1015,Menos De 18 Años,Femenino,Retalhuleu,3 A 5 Veces Por Semana,Limón,Mundialitos Queso Picante
1016,25 - 34 Años,Masculino,Guatemala,1 A 2 Veces Por Semana,Caramelo,Caramel Goal Popcorn
1017,35 - 44 Años,Masculino,Escuintla,Varias Veces Al Mes,Picante Chapín,Fan Chips Jalapeño
1017,35 - 44 Años,Masculino,Escuintla,Varias Veces Al Mes,Picante Chapín,Futbolmix
1017,35 - 44 Años,Masculino,Escuintla,Varias Veces Al Mes,Picante Chapín,Crunchmax Bbq
1018,Menos De 18 Años,Masculino,Zacapa,Todos Los Días,Limón,Caramel Goal Popcorn
1019,25 - 34 Años,Masculino,Guatemala,Todos Los Días,Dulce,Energy Crunch Protein
1019,25 - 34 Años,Masculino,Guatemala,Todos Los Días,Dulce,Mundialitos Queso Picante
1020,25 - 34 Años,Femenino,Escuintla,Todos Los Días,Limón,Hot Stadium Peanuts
1020,25 - 34 Años,Femenino,Escuintla,Todos Los Días,Limón,Mundialitos Queso Picante
1021,25 - 34 Años,Femenino,Quetzaltenango,Rara Vez,Barbacoa,Crunchmax Bbq
1021,25 - 34 Años,Femenino,Quetzaltenango,Rara Vez,Barbacoa,Gol Nachos Supreme
1022,18 - 24 Años,Masculino,Chimaltenango,Rara Vez,Queso,Fan Chips Jalapeño
1022,18 - 24 Años,Masculino,Chimaltenango,Rara Vez,Queso,Victory Pretzels
1023,18 - 24 Años,Femenino,Quetzaltenango,1 A 2 Veces Por Semana,Queso,Caramel Goal Popcorn
1024,18 - 24 Años,Femenino,Quetzaltenango,3 A 5 Veces Por Semana,Chocolate,Hot Stadium Peanuts
1024,18 - 24 Años,Femenino,Quetzaltenango,3 A 5 Veces Por Semana,Chocolate,Mundialitos Queso Picante
1024,18 - 24 Años,Femenino,Quetzaltenango,3 A 5 Veces Por Semana,Chocolate,Fan Chips Jalapeño
1025,Menos De 18 Años,Femenino,Huehuetenango,1 A 2 Veces Por Semana,Queso,Crunchmax Bbq
1025,Menos De 18 Años,Femenino,Huehuetenango,1 A 2 Veces Por Semana,Queso,Caramel Goal Popcorn
1026,35 - 44 Años,Prefiero No Indicarlo,Quetzaltenango,Todos Los Días,Picante Chapín,Caramel Goal Popcorn
1026,35 - 44 Años,Prefiero No Indicarlo,Quetzaltenango,Todos Los Días,Picante Chapín,Mundialitos Queso Picante
1026,35 - 44 Años,Prefiero No Indicarlo,Quetzaltenango,Todos Los Días,Picante Chapín,Crunchmax Bbq
1027,55 Años O Más,Masculino,Chimaltenango,3 A 5 Veces Por Semana,Picante Chapín,Crunchmax Bbq
1027,55 Años O Más,Masculino,Chimaltenango,3 A 5 Veces Por Semana,Picante Chapín,Energy Crunch Protein
1028,35 - 44 Años,Masculino,Guatemala,Todos Los Días,Picante Chapín,Futbolmix
1028,35 - 44 Años,Masculino,Guatemala,Todos Los Días,Picante Chapín,Gol Nachos Supreme
1029,45 - 54 Años,Femenino,Guatemala,3 A 5 Veces Por Semana,Salado Tradicional,Crunchmax Bbq
1029,45 - 54 Años,Femenino,Guatemala,3 A 5 Veces Por Semana,Salado Tradicional,Mundialitos Queso Picante
1029,45 - 54 Años,Femenino,Guatemala,3 A 5 Veces Por Semana,Salado Tradicional,Caramel Goal Popcorn
1030,25 - 34 Años,Femenino,Huehuetenango,Todos Los Días,Dulce,Futbolmix
1030,25 - 34 Años,Femenino,Huehuetenango,Todos Los Días,Dulce,Caramel Goal Popcorn
1031,Menos De 18 Años,Masculino,Guatemala,3 A 5 Veces Por Semana,Dulce,Gol Nachos Supreme
1032,25 - 34 Años,Masculino,Guatemala,1 A 2 Veces Por Semana,Queso,Mundialitos Queso Picante
1032,25 - 34 Años,Masculino,Guatemala,1 A 2 Veces Por Semana,Queso,Gol Nachos Supreme
1033,18 - 24 Años,Femenino,Guatemala,1 A 2 Veces Por Semana,Chocolate,Chocokick Bites
1033,18 - 24 Años,Femenino,Guatemala,1 A 2 Veces Por Semana,Chocolate,Mundialitos Queso Picante
1034,45 - 54 Años,Femenino,Guatemala,Todos Los Días,Queso,Energy Crunch Protein
1035,Menos De 18 Años,Femenino,Chimaltenango,3 A 5 Veces Por Semana,Picante Chapín,Fan Chips Jalapeño
1035,Menos De 18 Años,Femenino,Chimaltenango,3 A 5 Veces Por Semana,Picante Chapín,Crunchmax Bbq
1036,25 - 34 Años,Femenino,Guatemala,1 A 2 Veces Por Semana,Jalapeño,Hot Stadium Peanuts
1036,25 - 34 Años,Femenino,Guatemala,1 A 2 Veces Por Semana,Jalapeño,Mundialitos Queso Picante
1037,18 - 24 Años,Femenino,Quetzaltenango,3 A 5 Veces Por Semana,Queso,Chocokick Bites
1037,18 - 24 Años,Femenino,Quetzaltenango,3 A 5 Veces Por Semana,Queso,Mundialitos Queso Picante
1037,18 - 24 Años,Femenino,Quetzaltenango,3 A 5 Veces Por Semana,Queso,Gol Nachos Supreme
1038,Menos De 18 Años,Masculino,Guatemala,1 A 2 Veces Por Semana,Barbacoa,Mundialitos Queso Picante
1039,25 - 34 Años,Femenino,Escuintla,Varias Veces Al Mes,Jalapeño,Chocokick Bites
1039,25 - 34 Años,Femenino,Escuintla,Varias Veces Al Mes,Jalapeño,Hot Stadium Peanuts
1040,Menos De 18 Años,Masculino,Sololá,Varias Veces Al Mes,Caramelo,Fan Chips Jalapeño
1040,Menos De 18 Años,Masculino,Sololá,Varias Veces Al Mes,Caramelo,Hot Stadium Peanuts
1041,18 - 24 Años,Femenino,Escuintla,Rara Vez,Queso,Mundialitos Queso Picante
1041,18 - 24 Años,Femenino,Escuintla,Rara Vez,Queso,Energy Crunch Protein
1042,18 - 24 Años,Masculino,Guatemala,1 A 2 Veces Por Semana,Salado Tradicional,Gol Nachos Supreme
1042,18 - 24 Años,Masculino,Guatemala,1 A 2 Veces Por Semana,Salado Tradicional,Chocokick Bites
1043,Menos De 18 Años,Femenino,Quetzaltenango,3 A 5 Veces Por Semana,Dulce,Crunchmax Bbq
1044,55 Años O Más,Masculino,Guatemala,3 A 5 Veces Por Semana,,Gol Nachos Supreme
1044,55 Años O Más,Masculino,Guatemala,3 A 5 Veces Por Semana,,Hot Stadium Peanuts
1045,25 - 34 Años,Masculino,Guatemala,3 A 5 Veces Por Semana,Caramelo,Chocokick Bites
1045,25 - 34 Años,Masculino,Guatemala,3 A 5 Veces Por Semana,Caramelo,Gol Nachos Supreme
1045,25 - 34 Años,Masculino,Guatemala,3 A 5 Veces Por Semana,Caramelo,Hot Stadium Peanuts
1046,45 - 54 Años,Femenino,Sacatepéquez,Todos Los Días,Queso,Mundialitos Queso Picante
1046,45 - 54 Años,Femenino,Sacatepéquez,Todos Los Días,Queso,Chocokick Bites
1046,45 - 54 Años,Femenino,Sacatepéquez,Todos Los Días,Queso,Gol Nachos Supreme
1047,18 - 24 Años,Femenino,Quiché,3 A 5 Veces Por Semana,Limón,Victory Pretzels
1047,18 - 24 Años,Femenino,Quiché,3 A 5 Veces Por Semana,Limón,Energy Crunch Protein
1048,18 - 24 Años,Femenino,Quiché,1 A 2 Veces Por Semana,Chocolate,Futbolmix
1048,18 - 24 Años,Femenino,Quiché,1 A 2 Veces Por Semana,Chocolate,Energy Crunch Protein
1048,18 - 24 Años,Femenino,Quiché,1 A 2 Veces Por Semana,Chocolate,Gol Nachos Supreme
1049,25 - 34 Años,Masculino,Sacatepéquez,3 A 5 Veces Por Semana,Picante Chapín,Chocokick Bites
1049,25 - 34 Años,Masculino,Sacatepéquez,3 A 5 Veces Por Semana,Picante Chapín,Caramel Goal Popcorn
1050,18 - 24 Años,Femenino,Escuintla,1 A 2 Veces Por Semana,Picante Chapín,Fan Chips Jalapeño
1050,18 - 24 Años,Femenino,Escuintla,1 A 2 Veces Por Semana,Picante Chapín,Mundialitos Queso Picante
1051,18 - 24 Años,Femenino,Totonicapán,1 A 2 Veces Por Semana,Picante Chapín,Energy Crunch Protein
1051,18 - 24 Años,Femenino,Totonicapán,1 A 2 Veces Por Semana,Picante Chapín,Caramel Goal Popcorn
1052,25 - 34 Años,Femenino,Guatemala,Todos Los Días,Caramelo,Mundialitos Queso Picante
1052,25 - 34 Años,Femenino,Guatemala,Todos Los Días,Caramelo,Gol Nachos Supreme
1052,25 - 34 Años,Femenino,Guatemala,Todos Los Días,Caramelo,Fan Chips Jalapeño
1053,Menos De 18 Años,Femenino,Guatemala,Varias Veces Al Mes,Jalapeño,Gol Nachos Supreme
1054,Menos De 18 Años,Femenino,Totonicapán,1 A 2 Veces Por Semana,Picante Chapín,Hot Stadium Peanuts
1055,18 - 24 Años,Femenino,Guatemala,Varias Veces Al Mes,Queso,Fan Chips Jalapeño
1055,18 - 24 Años,Femenino,Guatemala,Varias Veces Al Mes,Queso,Gol Nachos Supreme
1056,25 - 34 Años,Femenino,Izabal,1 A 2 Veces Por Semana,Picante Chapín,Fan Chips Jalapeño
1056,25 - 34 Años,Femenino,Izabal,1 A 2 Veces Por Semana,Picante Chapín,Gol Nachos Supreme
1057,25 - 34 Años,Femenino,Guatemala,Todos Los Días,Queso,Gol Nachos Supreme
1057,25 - 34 Años,Femenino,Guatemala,Todos Los Días,Queso,Hot Stadium Peanuts
1057,25 - 34 Años,Femenino,Guatemala,Todos Los Días,Queso,Caramel Goal Popcorn
1058,55 Años O Más,Masculino,Guatemala,Varias Veces Al Mes,Barbacoa,Fan Chips Jalapeño
1058,55 Años O Más,Masculino,Guatemala,Varias Veces Al Mes,Barbacoa,Futbolmix
1058,55 Años O Más,Masculino,Guatemala,Varias Veces Al Mes,Barbacoa,Caramel Goal Popcorn
1059,25 - 34 Años,Femenino,Guatemala,Varias Veces Al Mes,Caramelo,Futbolmix
1059,25 - 34 Años,Femenino,Guatemala,Varias Veces Al Mes,Caramelo,Gol Nachos Supreme
1059,25 - 34 Años,Femenino,Guatemala,Varias Veces Al Mes,Caramelo,Caramel Goal Popcorn
1060,35 - 44 Años,Masculino,Guatemala,1 A 2 Veces Por Semana,Barbacoa,Hot Stadium Peanuts
1061,25 - 34 Años,Masculino,Guatemala,Todos Los Días,Picante Chapín,Hot Stadium Peanuts
1062,Menos De 18 Años,Femenino,Guatemala,3 A 5 Veces Por Semana,Dulce,Energy Crunch Protein
1063,18 - 24 Años,Femenino,Guatemala,Varias Veces Al Mes,Caramelo,Fan Chips Jalapeño
1063,18 - 24 Años,Femenino,Guatemala,Varias Veces Al Mes,Caramelo,Caramel Goal Popcorn
1064,18 - 24 Años,Femenino,Guatemala,Varias Veces Al Mes,Limón,Futbolmix
1064,18 - 24 Años,Femenino,Guatemala,Varias Veces Al Mes,Limón,Mundialitos Queso Picante
1064,18 - 24 Años,Femenino,Guatemala,Varias Veces Al Mes,Limón,Fan Chips Jalapeño
1065,18 - 24 Años,Femenino,Guatemala,3 A 5 Veces Por Semana,Queso,Futbolmix
1066,25 - 34 Años,Masculino,Guatemala,1 A 2 Veces Por Semana,Barbacoa,Gol Nachos Supreme
1066,25 - 34 Años,Masculino,Guatemala,1 A 2 Veces Por Semana,Barbacoa,Chocokick Bites
1066,25 - 34 Años,Masculino,Guatemala,1 A 2 Veces Por Semana,Barbacoa,Mundialitos Queso Picante
1067,25 - 34 Años,Femenino,Guatemala,1 A 2 Veces Por Semana,Jalapeño,Futbolmix
1067,25 - 34 Años,Femenino,Guatemala,1 A 2 Veces Por Semana,Jalapeño,Fan Chips Jalapeño
1068,Menos De 18 Años,Femenino,Escuintla,1 A 2 Veces Por Semana,Queso,Hot Stadium Peanuts
1069,18 - 24 Años,Femenino,Chimaltenango,1 A 2 Veces Por Semana,Picante Chapín,Futbolmix
1070,25 - 34 Años,Femenino,Guatemala,3 A 5 Veces Por Semana,Jalapeño,Gol Nachos Supreme
1070,25 - 34 Años,Femenino,Guatemala,3 A 5 Veces Por Semana,Jalapeño,Hot Stadium Peanuts
1070,25 - 34 Años,Femenino,Guatemala,3 A 5 Veces Por Semana,Jalapeño,Mundialitos Queso Picante
1071,25 - 34 Años,Masculino,Guatemala,Varias Veces Al Mes,Barbacoa,Hot Stadium Peanuts
1071,25 - 34 Años,Masculino,Guatemala,Varias Veces Al Mes,Barbacoa,Gol Nachos Supreme
1072,35 - 44 Años,Femenino,Sacatepéquez,3 A 5 Veces Por Semana,,Victory Pretzels
1072,35 - 44 Años,Femenino,Sacatepéquez,3 A 5 Veces Por Semana,,Gol Nachos Supreme
1073,45 - 54 Años,Femenino,Guatemala,Varias Veces Al Mes,Queso,Fan Chips Jalapeño
1073,45 - 54 Años,Femenino,Guatemala,Varias Veces Al Mes,Queso,Hot Stadium Peanuts
1074,18 - 24 Años,Femenino,Chimaltenango,1 A 2 Veces Por Semana,Queso,Energy Crunch Protein
1075,45 - 54 Años,Femenino,Sacatepéquez,1 A 2 Veces Por Semana,Picante Chapín,Energy Crunch Protein
1075,45 - 54 Años,Femenino,Sacatepéquez,1 A 2 Veces Por Semana,Picante Chapín,Crunchmax Bbq
1075,45 - 54 Años,Femenino,Sacatepéquez,1 A 2 Veces Por Semana,Picante Chapín,Mundialitos Queso Picante
1076,55 Años O Más,Masculino,Sacatepéquez,Varias Veces Al Mes,Picante Chapín,Caramel Goal Popcorn
1076,55 Años O Más,Masculino,Sacatepéquez,Varias Veces Al Mes,Picante Chapín,Crunchmax Bbq
1076,55 Años O Más,Masculino,Sacatepéquez,Varias Veces Al Mes,Picante Chapín,Chocokick Bites
1077,25 - 34 Años,Femenino,Guatemala,Todos Los Días,Limón,Mundialitos Queso Picante
1078,25 - 34 Años,Femenino,Guatemala,Varias Veces Al Mes,Salado Tradicional,Hot Stadium Peanuts
1078,25 - 34 Años,Femenino,Guatemala,Varias Veces Al Mes,Salado Tradicional,Crunchmax Bbq
1079,45 - 54 Años,Femenino,Guatemala,1 A 2 Veces Por Semana,Queso,Chocokick Bites
1079,45 - 54 Años,Femenino,Guatemala,1 A 2 Veces Por Semana,Queso,Mundialitos Queso Picante
1079,45 - 54 Años,Femenino,Guatemala,1 A 2 Veces Por Semana,Queso,Hot Stadium Peanuts
1080,35 - 44 Años,Masculino,Guatemala,Varias Veces Al Mes,Picante Chapín,Fan Chips Jalapeño
1080,35 - 44 Años,Masculino,Guatemala,Varias Veces Al Mes,Picante Chapín,Futbolmix
1080,35 - 44 Años,Masculino,Guatemala,Varias Veces Al Mes,Picante Chapín,Mundialitos Queso Picante
1081,35 - 44 Años,Masculino,Escuintla,Varias Veces Al Mes,Picante Chapín,Crunchmax Bbq
1082,55 Años O Más,Masculino,Guatemala,1 A 2 Veces Por Semana,Dulce,Mundialitos Queso Picante
1082,55 Años O Más,Masculino,Guatemala,1 A 2 Veces Por Semana,Dulce,Energy Crunch Protein
1082,55 Años O Más,Masculino,Guatemala,1 A 2 Veces Por Semana,Dulce,Chocokick Bites
1083,35 - 44 Años,Femenino,Guatemala,Rara Vez,Picante Chapín,Crunchmax Bbq
1083,35 - 44 Años,Femenino,Guatemala,Rara Vez,Picante Chapín,Energy Crunch Protein
1084,45 - 54 Años,Masculino,Sacatepéquez,1 A 2 Veces Por Semana,Jalapeño,Fan Chips Jalapeño
1085,25 - 34 Años,Masculino,Guatemala,Varias Veces Al Mes,Picante Chapín,Hot Stadium Peanuts
1085,25 - 34 Años,Masculino,Guatemala,Varias Veces Al Mes,Picante Chapín,Futbolmix
1085,25 - 34 Años,Masculino,Guatemala,Varias Veces Al Mes,Picante Chapín,Crunchmax Bbq
1086,18 - 24 Años,Masculino,Petén,1 A 2 Veces Por Semana,Jalapeño,Chocokick Bites
1086,18 - 24 Años,Masculino,Petén,1 A 2 Veces Por Semana,Jalapeño,Caramel Goal Popcorn
1086,18 - 24 Años,Masculino,Petén,1 A 2 Veces Por Semana,Jalapeño,Gol Nachos Supreme
1087,25 - 34 Años,Femenino,Guatemala,3 A 5 Veces Por Semana,Jalapeño,Caramel Goal Popcorn
1087,25 - 34 Años,Femenino,Guatemala,3 A 5 Veces Por Semana,Jalapeño,Hot Stadium Peanuts
1087,25 - 34 Años,Femenino,Guatemala,3 A 5 Veces Por Semana,Jalapeño,Crunchmax Bbq
1088,18 - 24 Años,Femenino,Jalapa,Varias Veces Al Mes,Jalapeño,Fan Chips Jalapeño
1088,18 - 24 Años,Femenino,Jalapa,Varias Veces Al Mes,Jalapeño,Chocokick Bites
1088,18 - 24 Años,Femenino,Jalapa,Varias Veces Al Mes,Jalapeño,Energy Crunch Protein
1089,25 - 34 Años,Masculino,Guatemala,Varias Veces Al Mes,Barbacoa,Crunchmax Bbq
1089,25 - 34 Años,Masculino,Guatemala,Varias Veces Al Mes,Barbacoa,Fan Chips Jalapeño
1089,25 - 34 Años,Masculino,Guatemala,Varias Veces Al Mes,Barbacoa,Victory Pretzels
2124,25 - 34 Años,Masculino,Guatemala,1 A 2 Veces Por Semana,Barbacoa,Gol Nachos Supreme
2124,25 - 34 Años,Masculino,Guatemala,1 A 2 Veces Por Semana,Barbacoa,Caramel Goal Popcorn
2124,25 - 34 Años,Masculino,Guatemala,1 A 2 Veces Por Semana,Barbacoa,Fan Chips Jalapeño
1091,35 - 44 Años,Prefiero No Indicarlo,Guatemala,Varias Veces Al Mes,Jalapeño,Mundialitos Queso Picante
1092,35 - 44 Años,Femenino,Petén,1 A 2 Veces Por Semana,Limón,Gol Nachos Supreme
1092,35 - 44 Años,Femenino,Petén,1 A 2 Veces Por Semana,Limón,Victory Pretzels
1092,35 - 44 Años,Femenino,Petén,1 A 2 Veces Por Semana,Limón,Crunchmax Bbq
1093,Menos De 18 Años,Masculino,Guatemala,3 A 5 Veces Por Semana,Picante Chapín,Energy Crunch Protein
1094,18 - 24 Años,Femenino,Guatemala,1 A 2 Veces Por Semana,Picante Chapín,Mundialitos Queso Picante
1094,18 - 24 Años,Femenino,Guatemala,1 A 2 Veces Por Semana,Picante Chapín,Fan Chips Jalapeño
1095,45 - 54 Años,Masculino,Sololá,3 A 5 Veces Por Semana,Picante Chapín,Crunchmax Bbq
1096,18 - 24 Años,Femenino,Guatemala,Varias Veces Al Mes,Jalapeño,Chocokick Bites
1097,25 - 34 Años,Masculino,Quetzaltenango,3 A 5 Veces Por Semana,Jalapeño,Energy Crunch Protein
1098,18 - 24 Años,Femenino,Escuintla,Todos Los Días,Jalapeño,Gol Nachos Supreme
1099,25 - 34 Años,Masculino,Chimaltenango,3 A 5 Veces Por Semana,Picante Chapín,Crunchmax Bbq
1099,25 - 34 Años,Masculino,Chimaltenango,3 A 5 Veces Por Semana,Picante Chapín,Caramel Goal Popcorn
1099,25 - 34 Años,Masculino,Chimaltenango,3 A 5 Veces Por Semana,Picante Chapín,Futbolmix
1100,45 - 54 Años,Femenino,Quiché,Varias Veces Al Mes,Limón,Mundialitos Queso Picante
1100,45 - 54 Años,Femenino,Quiché,Varias Veces Al Mes,Limón,Fan Chips Jalapeño
1101,25 - 34 Años,Femenino,Guatemala,1 A 2 Veces Por Semana,Chocolate,Futbolmix
1101,25 - 34 Años,Femenino,Guatemala,1 A 2 Veces Por Semana,Chocolate,Crunchmax Bbq
1101,25 - 34 Años,Femenino,Guatemala,1 A 2 Veces Por Semana,Chocolate,Chocokick Bites
1102,25 - 34 Años,Masculino,Chimaltenango,3 A 5 Veces Por Semana,Salado Tradicional,Gol Nachos Supreme
1103,18 - 24 Años,Masculino,Escuintla,Varias Veces Al Mes,Barbacoa,Mundialitos Queso Picante
1104,45 - 54 Años,Femenino,Sacatepéquez,1 A 2 Veces Por Semana,Dulce,Gol Nachos Supreme
1104,45 - 54 Años,Femenino,Sacatepéquez,1 A 2 Veces Por Semana,Dulce,Mundialitos Queso Picante
1104,45 - 54 Años,Femenino,Sacatepéquez,1 A 2 Veces Por Semana,Dulce,Futbolmix
1105,25 - 34 Años,Masculino,Santa Rosa,1 A 2 Veces Por Semana,Barbacoa,Hot Stadium Peanuts
1106,35 - 44 Años,Masculino,Guatemala,Todos Los Días,Jalapeño,Hot Stadium Peanuts
1106,35 - 44 Años,Masculino,Guatemala,Todos Los Días,Jalapeño,Mundialitos Queso Picante
1107,45 - 54 Años,Femenino,Chimaltenango,Varias Veces Al Mes,Limón,Mundialitos Queso Picante
2199,45 - 54 Años,Femenino,Guatemala,3 A 5 Veces Por Semana,Queso,Crunchmax Bbq
1109,35 - 44 Años,Masculino,Guatemala,Todos Los Días,Limón,Crunchmax Bbq
1110,45 - 54 Años,Masculino,Guatemala,Todos Los Días,Chocolate,Gol Nachos Supreme
1111,Menos De 18 Años,Femenino,Guatemala,Varias Veces Al Mes,Salado Tradicional,Gol Nachos Supreme
1111,Menos De 18 Años,Femenino,Guatemala,Varias Veces Al Mes,Salado Tradicional,Crunchmax Bbq
1111,Menos De 18 Años,Femenino,Guatemala,Varias Veces Al Mes,Salado Tradicional,Futbolmix
1112,35 - 44 Años,Masculino,Guatemala,Todos Los Días,Picante Chapín,Crunchmax Bbq
1112,35 - 44 Años,Masculino,Guatemala,Todos Los Días,Picante Chapín,Futbolmix
1112,35 - 44 Años,Masculino,Guatemala,Todos Los Días,Picante Chapín,Fan Chips Jalapeño
1113,25 - 34 Años,Femenino,Guatemala,3 A 5 Veces Por Semana,Queso,Chocokick Bites
1113,25 - 34 Años,Femenino,Guatemala,3 A 5 Veces Por Semana,Queso,Energy Crunch Protein
1113,25 - 34 Años,Femenino,Guatemala,3 A 5 Veces Por Semana,Queso,Hot Stadium Peanuts
1114,18 - 24 Años,Masculino,Quetzaltenango,Varias Veces Al Mes,Queso,Caramel Goal Popcorn
1114,18 - 24 Años,Masculino,Quetzaltenango,Varias Veces Al Mes,Queso,Hot Stadium Peanuts
1114,18 - 24 Años,Masculino,Quetzaltenango,Varias Veces Al Mes,Queso,Gol Nachos Supreme
1115,18 - 24 Años,Masculino,Guatemala,3 A 5 Veces Por Semana,Picante Chapín,Hot Stadium Peanuts
1115,18 - 24 Años,Masculino,Guatemala,3 A 5 Veces Por Semana,Picante Chapín,Mundialitos Queso Picante
1115,18 - 24 Años,Masculino,Guatemala,3 A 5 Veces Por Semana,Picante Chapín,Futbolmix
1117,25 - 34 Años,Masculino,Sacatepéquez,Varias Veces Al Mes,Jalapeño,Gol Nachos Supreme
1117,25 - 34 Años,Masculino,Sacatepéquez,Varias Veces Al Mes,Jalapeño,Caramel Goal Popcorn
1118,25 - 34 Años,Masculino,Guatemala,Todos Los Días,Limón,Crunchmax Bbq
1118,25 - 34 Años,Masculino,Guatemala,Todos Los Días,Limón,Caramel Goal Popcorn
1118,25 - 34 Años,Masculino,Guatemala,Todos Los Días,Limón,Gol Nachos Supreme
1119,35 - 44 Años,Masculino,Chimaltenango,3 A 5 Veces Por Semana,Picante Chapín,Fan Chips Jalapeño
1120,18 - 24 Años,Femenino,Guatemala,Todos Los Días,Queso,Mundialitos Queso Picante
1120,18 - 24 Años,Femenino,Guatemala,Todos Los Días,Queso,Energy Crunch Protein
1121,Menos De 18 Años,Masculino,Jalapa,1 A 2 Veces Por Semana,Limón,Futbolmix
1121,Menos De 18 Años,Masculino,Jalapa,1 A 2 Veces Por Semana,Limón,Hot Stadium Peanuts
1121,Menos De 18 Años,Masculino,Jalapa,1 A 2 Veces Por Semana,Limón,Fan Chips Jalapeño
1122,45 - 54 Años,Masculino,Quetzaltenango,3 A 5 Veces Por Semana,Picante Chapín,Crunchmax Bbq
1122,45 - 54 Años,Masculino,Quetzaltenango,3 A 5 Veces Por Semana,Picante Chapín,Futbolmix
1122,45 - 54 Años,Masculino,Quetzaltenango,3 A 5 Veces Por Semana,Picante Chapín,Gol Nachos Supreme
1123,18 - 24 Años,Femenino,Escuintla,Varias Veces Al Mes,Jalapeño,Futbolmix
1123,18 - 24 Años,Femenino,Escuintla,Varias Veces Al Mes,Jalapeño,Crunchmax Bbq
1124,25 - 34 Años,Masculino,Chimaltenango,3 A 5 Veces Por Semana,Chocolate,Gol Nachos Supreme
1124,25 - 34 Años,Masculino,Chimaltenango,3 A 5 Veces Por Semana,Chocolate,Crunchmax Bbq
1124,25 - 34 Años,Masculino,Chimaltenango,3 A 5 Veces Por Semana,Chocolate,Fan Chips Jalapeño
1125,35 - 44 Años,Masculino,Guatemala,3 A 5 Veces Por Semana,,Chocokick Bites
1125,35 - 44 Años,Masculino,Guatemala,3 A 5 Veces Por Semana,,Hot Stadium Peanuts
1125,35 - 44 Años,Masculino,Guatemala,3 A 5 Veces Por Semana,,Fan Chips Jalapeño
1126,18 - 24 Años,Masculino,Escuintla,3 A 5 Veces Por Semana,Salado Tradicional,Hot Stadium Peanuts
1126,18 - 24 Años,Masculino,Escuintla,3 A 5 Veces Por Semana,Salado Tradicional,Fan Chips Jalapeño
1127,18 - 24 Años,Masculino,Guatemala,1 A 2 Veces Por Semana,Picante Chapín,Caramel Goal Popcorn
1129,45 - 54 Años,Masculino,Guatemala,Varias Veces Al Mes,Barbacoa,Mundialitos Queso Picante
1129,45 - 54 Años,Masculino,Guatemala,Varias Veces Al Mes,Barbacoa,Gol Nachos Supreme
1130,45 - 54 Años,Masculino,Guatemala,3 A 5 Veces Por Semana,Barbacoa,Hot Stadium Peanuts
1131,35 - 44 Años,Masculino,Quetzaltenango,Rara Vez,Limón,Fan Chips Jalapeño
1132,35 - 44 Años,Femenino,Guatemala,Varias Veces Al Mes,Limón,Energy Crunch Protein
1132,35 - 44 Años,Femenino,Guatemala,Varias Veces Al Mes,Limón,Futbolmix
1133,25 - 34 Años,Masculino,Suchitepéquez,1 A 2 Veces Por Semana,Chocolate,Futbolmix
1134,35 - 44 Años,Femenino,Escuintla,3 A 5 Veces Por Semana,Limón,Futbolmix
1134,35 - 44 Años,Femenino,Escuintla,3 A 5 Veces Por Semana,Limón,Gol Nachos Supreme
1135,25 - 34 Años,Femenino,Huehuetenango,Varias Veces Al Mes,Queso,Futbolmix
1135,25 - 34 Años,Femenino,Huehuetenango,Varias Veces Al Mes,Queso,Mundialitos Queso Picante
1136,25 - 34 Años,Masculino,Guatemala,Todos Los Días,Limón,Crunchmax Bbq
1136,25 - 34 Años,Masculino,Guatemala,Todos Los Días,Limón,Fan Chips Jalapeño
1136,25 - 34 Años,Masculino,Guatemala,Todos Los Días,Limón,Gol Nachos Supreme
1137,25 - 34 Años,Femenino,Guatemala,3 A 5 Veces Por Semana,Limón,Crunchmax Bbq
1137,25 - 34 Años,Femenino,Guatemala,3 A 5 Veces Por Semana,Limón,Fan Chips Jalapeño
1138,35 - 44 Años,Masculino,Chimaltenango,1 A 2 Veces Por Semana,Chocolate,Gol Nachos Supreme
1138,35 - 44 Años,Masculino,Chimaltenango,1 A 2 Veces Por Semana,Chocolate,Crunchmax Bbq
1138,35 - 44 Años,Masculino,Chimaltenango,1 A 2 Veces Por Semana,Chocolate,Victory Pretzels
1139,45 - 54 Años,Masculino,Santa Rosa,Todos Los Días,Queso,Mundialitos Queso Picante
1139,45 - 54 Años,Masculino,Santa Rosa,Todos Los Días,Queso,Futbolmix
1139,45 - 54 Años,Masculino,Santa Rosa,Todos Los Días,Queso,Energy Crunch Protein
1140,25 - 34 Años,Masculino,Escuintla,3 A 5 Veces Por Semana,Barbacoa,Mundialitos Queso Picante
1140,25 - 34 Años,Masculino,Escuintla,3 A 5 Veces Por Semana,Barbacoa,Hot Stadium Peanuts
1140,25 - 34 Años,Masculino,Escuintla,3 A 5 Veces Por Semana,Barbacoa,Chocokick Bites
1141,35 - 44 Años,Masculino,Guatemala,1 A 2 Veces Por Semana,Caramelo,Futbolmix
1141,35 - 44 Años,Masculino,Guatemala,1 A 2 Veces Por Semana,Caramelo,Gol Nachos Supreme
1142,Menos De 18 Años,Masculino,Chimaltenango,1 A 2 Veces Por Semana,Limón,Chocokick Bites
1142,Menos De 18 Años,Masculino,Chimaltenango,1 A 2 Veces Por Semana,Limón,Futbolmix
1143,18 - 24 Años,Masculino,Jalapa,3 A 5 Veces Por Semana,Barbacoa,Caramel Goal Popcorn
1144,18 - 24 Años,Femenino,Guatemala,3 A 5 Veces Por Semana,Chocolate,Energy Crunch Protein
1144,18 - 24 Años,Femenino,Guatemala,3 A 5 Veces Por Semana,Chocolate,Hot Stadium Peanuts
1145,18 - 24 Años,Femenino,Chiquimula,Todos Los Días,Picante Chapín,Mundialitos Queso Picante
1145,18 - 24 Años,Femenino,Chiquimula,Todos Los Días,Picante Chapín,Gol Nachos Supreme
1145,18 - 24 Años,Femenino,Chiquimula,Todos Los Días,Picante Chapín,Caramel Goal Popcorn
1146,25 - 34 Años,Femenino,Izabal,3 A 5 Veces Por Semana,Dulce,Victory Pretzels
1146,25 - 34 Años,Femenino,Izabal,3 A 5 Veces Por Semana,Dulce,Crunchmax Bbq
1147,18 - 24 Años,Masculino,Guatemala,Todos Los Días,Queso,Hot Stadium Peanuts
1147,18 - 24 Años,Masculino,Guatemala,Todos Los Días,Queso,Crunchmax Bbq
1147,18 - 24 Años,Masculino,Guatemala,Todos Los Días,Queso,Gol Nachos Supreme
1148,25 - 34 Años,Femenino,Alta Verapaz,3 A 5 Veces Por Semana,Barbacoa,Futbolmix
1149,35 - 44 Años,Masculino,Guatemala,3 A 5 Veces Por Semana,Queso,Futbolmix
1150,35 - 44 Años,Masculino,Guatemala,1 A 2 Veces Por Semana,Dulce,Futbolmix
1150,35 - 44 Años,Masculino,Guatemala,1 A 2 Veces Por Semana,Dulce,Mundialitos Queso Picante
1150,35 - 44 Años,Masculino,Guatemala,1 A 2 Veces Por Semana,Dulce,Gol Nachos Supreme
1151,45 - 54 Años,Prefiero No Indicarlo,Quetzaltenango,Varias Veces Al Mes,Caramelo,Crunchmax Bbq
1151,45 - 54 Años,Prefiero No Indicarlo,Quetzaltenango,Varias Veces Al Mes,Caramelo,Caramel Goal Popcorn
1151,45 - 54 Años,Prefiero No Indicarlo,Quetzaltenango,Varias Veces Al Mes,Caramelo,Gol Nachos Supreme
1152,25 - 34 Años,Femenino,Escuintla,1 A 2 Veces Por Semana,Queso,Crunchmax Bbq
1152,25 - 34 Años,Femenino,Escuintla,1 A 2 Veces Por Semana,Queso,Chocokick Bites
1153,55 Años O Más,Femenino,Guatemala,3 A 5 Veces Por Semana,Picante Chapín,Victory Pretzels
1153,55 Años O Más,Femenino,Guatemala,3 A 5 Veces Por Semana,Picante Chapín,Gol Nachos Supreme
1154,25 - 34 Años,Femenino,Izabal,3 A 5 Veces Por Semana,Queso,Gol Nachos Supreme
1155,25 - 34 Años,Masculino,Alta Verapaz,Varias Veces Al Mes,Limón,Victory Pretzels
1155,25 - 34 Años,Masculino,Alta Verapaz,Varias Veces Al Mes,Limón,Futbolmix
1155,25 - 34 Años,Masculino,Alta Verapaz,Varias Veces Al Mes,Limón,Crunchmax Bbq
1156,25 - 34 Años,Femenino,Guatemala,Todos Los Días,Picante Chapín,Chocokick Bites
1157,18 - 24 Años,Femenino,Guatemala,Todos Los Días,Salado Tradicional,Energy Crunch Protein
1158,55 Años O Más,Masculino,Escuintla,1 A 2 Veces Por Semana,Picante Chapín,Caramel Goal Popcorn
1158,55 Años O Más,Masculino,Escuintla,1 A 2 Veces Por Semana,Picante Chapín,Fan Chips Jalapeño
1158,55 Años O Más,Masculino,Escuintla,1 A 2 Veces Por Semana,Picante Chapín,Mundialitos Queso Picante
1159,18 - 24 Años,Femenino,Sacatepéquez,3 A 5 Veces Por Semana,Jalapeño,Hot Stadium Peanuts
1159,18 - 24 Años,Femenino,Sacatepéquez,3 A 5 Veces Por Semana,Jalapeño,Mundialitos Queso Picante
1159,18 - 24 Años,Femenino,Sacatepéquez,3 A 5 Veces Por Semana,Jalapeño,Victory Pretzels
1160,18 - 24 Años,Femenino,Alta Verapaz,3 A 5 Veces Por Semana,Jalapeño,Crunchmax Bbq
1160,18 - 24 Años,Femenino,Alta Verapaz,3 A 5 Veces Por Semana,Jalapeño,Caramel Goal Popcorn
1160,18 - 24 Años,Femenino,Alta Verapaz,3 A 5 Veces Por Semana,Jalapeño,Energy Crunch Protein
1161,35 - 44 Años,Masculino,Guatemala,Varias Veces Al Mes,Barbacoa,Gol Nachos Supreme
1161,35 - 44 Años,Masculino,Guatemala,Varias Veces Al Mes,Barbacoa,Victory Pretzels
1161,35 - 44 Años,Masculino,Guatemala,Varias Veces Al Mes,Barbacoa,Hot Stadium Peanuts
1162,25 - 34 Años,Prefiero No Indicarlo,Guatemala,3 A 5 Veces Por Semana,Jalapeño,Chocokick Bites
1162,25 - 34 Años,Prefiero No Indicarlo,Guatemala,3 A 5 Veces Por Semana,Jalapeño,Fan Chips Jalapeño
1162,25 - 34 Años,Prefiero No Indicarlo,Guatemala,3 A 5 Veces Por Semana,Jalapeño,Crunchmax Bbq
1163,25 - 34 Años,Femenino,Guatemala,1 A 2 Veces Por Semana,Queso,Mundialitos Queso Picante
1164,18 - 24 Años,Femenino,Zacapa,3 A 5 Veces Por Semana,Jalapeño,Mundialitos Queso Picante
1165,Menos De 18 Años,Femenino,Guatemala,3 A 5 Veces Por Semana,Picante Chapín,Futbolmix
1165,Menos De 18 Años,Femenino,Guatemala,3 A 5 Veces Por Semana,Picante Chapín,Caramel Goal Popcorn
1166,25 - 34 Años,Femenino,Quiché,3 A 5 Veces Por Semana,Jalapeño,Futbolmix
1166,25 - 34 Años,Femenino,Quiché,3 A 5 Veces Por Semana,Jalapeño,Mundialitos Queso Picante
1167,35 - 44 Años,Masculino,Baja Verapaz,1 A 2 Veces Por Semana,Chocolate,Mundialitos Queso Picante
1168,Menos De 18 Años,Prefiero No Indicarlo,Guatemala,1 A 2 Veces Por Semana,Jalapeño,Fan Chips Jalapeño
1168,Menos De 18 Años,Prefiero No Indicarlo,Guatemala,1 A 2 Veces Por Semana,Jalapeño,Chocokick Bites
1169,Menos De 18 Años,Masculino,Alta Verapaz,Varias Veces Al Mes,Caramelo,Futbolmix
1169,Menos De 18 Años,Masculino,Alta Verapaz,Varias Veces Al Mes,Caramelo,Crunchmax Bbq
1169,Menos De 18 Años,Masculino,Alta Verapaz,Varias Veces Al Mes,Caramelo,Chocokick Bites
1170,35 - 44 Años,Femenino,Chimaltenango,3 A 5 Veces Por Semana,Jalapeño,Gol Nachos Supreme
1171,35 - 44 Años,Masculino,Baja Verapaz,1 A 2 Veces Por Semana,Chocolate,Gol Nachos Supreme
1172,35 - 44 Años,Masculino,Guatemala,Varias Veces Al Mes,Picante Chapín,Futbolmix
1172,35 - 44 Años,Masculino,Guatemala,Varias Veces Al Mes,Picante Chapín,Gol Nachos Supreme
1173,18 - 24 Años,Femenino,Chimaltenango,3 A 5 Veces Por Semana,Picante Chapín,Energy Crunch Protein
1174,18 - 24 Años,Femenino,Retalhuleu,1 A 2 Veces Por Semana,Salado Tradicional,Mundialitos Queso Picante
1174,18 - 24 Años,Femenino,Retalhuleu,1 A 2 Veces Por Semana,Salado Tradicional,Hot Stadium Peanuts
1174,18 - 24 Años,Femenino,Retalhuleu,1 A 2 Veces Por Semana,Salado Tradicional,Caramel Goal Popcorn
1175,35 - 44 Años,Femenino,Escuintla,Varias Veces Al Mes,Barbacoa,Energy Crunch Protein
1175,35 - 44 Años,Femenino,Escuintla,Varias Veces Al Mes,Barbacoa,Crunchmax Bbq
1176,25 - 34 Años,Femenino,Guatemala,1 A 2 Veces Por Semana,Picante Chapín,Victory Pretzels
1177,18 - 24 Años,Masculino,Izabal,1 A 2 Veces Por Semana,Jalapeño,Crunchmax Bbq
1177,18 - 24 Años,Masculino,Izabal,1 A 2 Veces Por Semana,Jalapeño,Futbolmix
1177,18 - 24 Años,Masculino,Izabal,1 A 2 Veces Por Semana,Jalapeño,Mundialitos Queso Picante
1178,35 - 44 Años,Femenino,Guatemala,3 A 5 Veces Por Semana,Limón,Energy Crunch Protein
1178,35 - 44 Años,Femenino,Guatemala,3 A 5 Veces Por Semana,Limón,Mundialitos Queso Picante
1178,35 - 44 Años,Femenino,Guatemala,3 A 5 Veces Por Semana,Limón,Caramel Goal Popcorn
1179,25 - 34 Años,Masculino,Escuintla,Todos Los Días,Picante Chapín,Energy Crunch Protein
1180,45 - 54 Años,Masculino,Sacatepéquez,Rara Vez,Queso,Fan Chips Jalapeño
1181,18 - 24 Años,Femenino,Sacatepéquez,1 A 2 Veces Por Semana,Picante Chapín,Gol Nachos Supreme
1181,18 - 24 Años,Femenino,Sacatepéquez,1 A 2 Veces Por Semana,Picante Chapín,Chocokick Bites
1182,45 - 54 Años,Femenino,Guatemala,Varias Veces Al Mes,Barbacoa,Crunchmax Bbq
1182,45 - 54 Años,Femenino,Guatemala,Varias Veces Al Mes,Barbacoa,Energy Crunch Protein
1183,55 Años O Más,Femenino,Sacatepéquez,3 A 5 Veces Por Semana,Picante Chapín,Gol Nachos Supreme
1184,25 - 34 Años,Masculino,Jutiapa,Rara Vez,Barbacoa,Crunchmax Bbq
1185,25 - 34 Años,Masculino,Petén,Varias Veces Al Mes,Dulce,Gol Nachos Supreme
1185,25 - 34 Años,Masculino,Petén,Varias Veces Al Mes,Dulce,Fan Chips Jalapeño
1186,35 - 44 Años,Femenino,Quetzaltenango,Varias Veces Al Mes,Picante Chapín,Mundialitos Queso Picante
1186,35 - 44 Años,Femenino,Quetzaltenango,Varias Veces Al Mes,Picante Chapín,Gol Nachos Supreme
1186,35 - 44 Años,Femenino,Quetzaltenango,Varias Veces Al Mes,Picante Chapín,Crunchmax Bbq
1187,35 - 44 Años,Masculino,Santa Rosa,Todos Los Días,Picante Chapín,Caramel Goal Popcorn
1187,35 - 44 Años,Masculino,Santa Rosa,Todos Los Días,Picante Chapín,Energy Crunch Protein
1187,35 - 44 Años,Masculino,Santa Rosa,Todos Los Días,Picante Chapín,Victory Pretzels
1481,25 - 34 Años,Masculino,El Progreso,1 A 2 Veces Por Semana,Queso,Crunchmax Bbq
1189,25 - 34 Años,Masculino,Sacatepéquez,1 A 2 Veces Por Semana,Barbacoa,Fan Chips Jalapeño
1189,25 - 34 Años,Masculino,Sacatepéquez,1 A 2 Veces Por Semana,Barbacoa,Chocokick Bites
1190,18 - 24 Años,Masculino,Alta Verapaz,1 A 2 Veces Por Semana,Queso,Gol Nachos Supreme
1191,18 - 24 Años,Masculino,Guatemala,1 A 2 Veces Por Semana,Queso,Futbolmix
1192,55 Años O Más,Femenino,Guatemala,1 A 2 Veces Por Semana,Picante Chapín,Crunchmax Bbq
1194,35 - 44 Años,Femenino,Retalhuleu,Varias Veces Al Mes,Picante Chapín,Mundialitos Queso Picante
1195,Menos De 18 Años,Masculino,Guatemala,3 A 5 Veces Por Semana,Picante Chapín,Gol Nachos Supreme
1196,Menos De 18 Años,Masculino,Guatemala,1 A 2 Veces Por Semana,Queso,Hot Stadium Peanuts
1197,18 - 24 Años,Femenino,Guatemala,Todos Los Días,Jalapeño,Futbolmix
1197,18 - 24 Años,Femenino,Guatemala,Todos Los Días,Jalapeño,Gol Nachos Supreme
1198,18 - 24 Años,Masculino,Guatemala,Rara Vez,Barbacoa,Mundialitos Queso Picante
1198,18 - 24 Años,Masculino,Guatemala,Rara Vez,Barbacoa,Futbolmix
1199,45 - 54 Años,Masculino,Quetzaltenango,3 A 5 Veces Por Semana,Chocolate,Caramel Goal Popcorn
1199,45 - 54 Años,Masculino,Quetzaltenango,3 A 5 Veces Por Semana,Chocolate,Hot Stadium Peanuts
1199,45 - 54 Años,Masculino,Quetzaltenango,3 A 5 Veces Por Semana,Chocolate,Crunchmax Bbq
1200,45 - 54 Años,Femenino,Izabal,Rara Vez,Barbacoa,Victory Pretzels
1200,45 - 54 Años,Femenino,Izabal,Rara Vez,Barbacoa,Chocokick Bites
1200,45 - 54 Años,Femenino,Izabal,Rara Vez,Barbacoa,Caramel Goal Popcorn
1201,25 - 34 Años,Masculino,Guatemala,3 A 5 Veces Por Semana,Picante Chapín,Hot Stadium Peanuts
1201,25 - 34 Años,Masculino,Guatemala,3 A 5 Veces Por Semana,Picante Chapín,Fan Chips Jalapeño
1201,25 - 34 Años,Masculino,Guatemala,3 A 5 Veces Por Semana,Picante Chapín,Energy Crunch Protein
1202,Menos De 18 Años,Femenino,Chimaltenango,1 A 2 Veces Por Semana,Queso,Fan Chips Jalapeño
1202,Menos De 18 Años,Femenino,Chimaltenango,1 A 2 Veces Por Semana,Queso,Hot Stadium Peanuts
1202,Menos De 18 Años,Femenino,Chimaltenango,1 A 2 Veces Por Semana,Queso,Mundialitos Queso Picante
1203,18 - 24 Años,Femenino,Quetzaltenango,1 A 2 Veces Por Semana,Queso,Futbolmix
1203,18 - 24 Años,Femenino,Quetzaltenango,1 A 2 Veces Por Semana,Queso,Fan Chips Jalapeño
1204,Menos De 18 Años,Masculino,Guatemala,3 A 5 Veces Por Semana,,Mundialitos Queso Picante
1204,Menos De 18 Años,Masculino,Guatemala,3 A 5 Veces Por Semana,,Fan Chips Jalapeño
1205,25 - 34 Años,Femenino,Guatemala,3 A 5 Veces Por Semana,Picante Chapín,Mundialitos Queso Picante
1205,25 - 34 Años,Femenino,Guatemala,3 A 5 Veces Por Semana,Picante Chapín,Energy Crunch Protein
1206,35 - 44 Años,Femenino,Guatemala,1 A 2 Veces Por Semana,Picante Chapín,Caramel Goal Popcorn
1207,35 - 44 Años,Femenino,Guatemala,Todos Los Días,Jalapeño,Mundialitos Queso Picante
1208,25 - 34 Años,Femenino,Guatemala,Varias Veces Al Mes,Barbacoa,Gol Nachos Supreme
1209,18 - 24 Años,Femenino,Guatemala,Todos Los Días,Picante Chapín,Caramel Goal Popcorn
1209,18 - 24 Años,Femenino,Guatemala,Todos Los Días,Picante Chapín,Fan Chips Jalapeño
1209,18 - 24 Años,Femenino,Guatemala,Todos Los Días,Picante Chapín,Victory Pretzels
1210,18 - 24 Años,Femenino,Guatemala,1 A 2 Veces Por Semana,Jalapeño,Gol Nachos Supreme
1210,18 - 24 Años,Femenino,Guatemala,1 A 2 Veces Por Semana,Jalapeño,Fan Chips Jalapeño
1210,18 - 24 Años,Femenino,Guatemala,1 A 2 Veces Por Semana,Jalapeño,Crunchmax Bbq
1211,18 - 24 Años,Femenino,Petén,3 A 5 Veces Por Semana,Picante Chapín,Gol Nachos Supreme
1211,18 - 24 Años,Femenino,Petén,3 A 5 Veces Por Semana,Picante Chapín,Futbolmix
1212,55 Años O Más,Masculino,Guatemala,1 A 2 Veces Por Semana,Jalapeño,Chocokick Bites
1212,55 Años O Más,Masculino,Guatemala,1 A 2 Veces Por Semana,Jalapeño,Crunchmax Bbq
1213,25 - 34 Años,Masculino,Sacatepéquez,3 A 5 Veces Por Semana,Jalapeño,Chocokick Bites
1214,18 - 24 Años,Masculino,Guatemala,1 A 2 Veces Por Semana,Salado Tradicional,Gol Nachos Supreme
1215,18 - 24 Años,Femenino,Guatemala,Varias Veces Al Mes,Salado Tradicional,Futbolmix
1215,18 - 24 Años,Femenino,Guatemala,Varias Veces Al Mes,Salado Tradicional,Gol Nachos Supreme
1216,18 - 24 Años,Femenino,Escuintla,3 A 5 Veces Por Semana,Queso,Crunchmax Bbq
1217,25 - 34 Años,Femenino,San Marcos,Varias Veces Al Mes,Limón,Victory Pretzels
1217,25 - 34 Años,Femenino,San Marcos,Varias Veces Al Mes,Limón,Crunchmax Bbq
1217,25 - 34 Años,Femenino,San Marcos,Varias Veces Al Mes,Limón,Fan Chips Jalapeño
1218,45 - 54 Años,Masculino,Escuintla,Varias Veces Al Mes,Picante Chapín,Fan Chips Jalapeño
1219,25 - 34 Años,Masculino,Sacatepéquez,3 A 5 Veces Por Semana,Queso,Mundialitos Queso Picante
1219,25 - 34 Años,Masculino,Sacatepéquez,3 A 5 Veces Por Semana,Queso,Caramel Goal Popcorn
1220,25 - 34 Años,Femenino,Guatemala,Todos Los Días,Picante Chapín,Futbolmix
1221,55 Años O Más,Femenino,Guatemala,3 A 5 Veces Por Semana,Barbacoa,Mundialitos Queso Picante
1221,55 Años O Más,Femenino,Guatemala,3 A 5 Veces Por Semana,Barbacoa,Crunchmax Bbq
1221,55 Años O Más,Femenino,Guatemala,3 A 5 Veces Por Semana,Barbacoa,Futbolmix
1222,Menos De 18 Años,Masculino,Retalhuleu,3 A 5 Veces Por Semana,Barbacoa,Energy Crunch Protein
1223,Menos De 18 Años,Femenino,Guate,Varias Veces Al Mes,Picante Chapín,Chocokick Bites
1223,Menos De 18 Años,Femenino,Guate,Varias Veces Al Mes,Picante Chapín,Crunchmax Bbq
1223,Menos De 18 Años,Femenino,Guate,Varias Veces Al Mes,Picante Chapín,Hot Stadium Peanuts
1224,18 - 24 Años,Femenino,Guatemala,Todos Los Días,Picante Chapín,Hot Stadium Peanuts
1225,55 Años O Más,Masculino,Guatemala,Todos Los Días,Limón,Futbolmix
1226,25 - 34 Años,Femenino,Izabal,Rara Vez,Limón,Crunchmax Bbq
1226,25 - 34 Años,Femenino,Izabal,Rara Vez,Limón,Gol Nachos Supreme
1226,25 - 34 Años,Femenino,Izabal,Rara Vez,Limón,Fan Chips Jalapeño
1227,55 Años O Más,Masculino,Izabal,Todos Los Días,Queso,Mundialitos Queso Picante
1228,35 - 44 Años,Masculino,Quetzaltenango,1 A 2 Veces Por Semana,Queso,Caramel Goal Popcorn
1229,55 Años O Más,Masculino,Sacatepéquez,3 A 5 Veces Por Semana,Jalapeño,Caramel Goal Popcorn
1229,55 Años O Más,Masculino,Sacatepéquez,3 A 5 Veces Por Semana,Jalapeño,Futbolmix
1229,55 Años O Más,Masculino,Sacatepéquez,3 A 5 Veces Por Semana,Jalapeño,Crunchmax Bbq
1230,55 Años O Más,Femenino,Jutiapa,1 A 2 Veces Por Semana,Dulce,Crunchmax Bbq
1230,55 Años O Más,Femenino,Jutiapa,1 A 2 Veces Por Semana,Dulce,Energy Crunch Protein
1231,35 - 44 Años,Masculino,Guatemala,3 A 5 Veces Por Semana,,Chocokick Bites
1232,35 - 44 Años,Masculino,Guatemala,1 A 2 Veces Por Semana,Salado Tradicional,Energy Crunch Protein
1233,35 - 44 Años,Masculino,Quetzaltenango,3 A 5 Veces Por Semana,Limón,Fan Chips Jalapeño
1233,35 - 44 Años,Masculino,Quetzaltenango,3 A 5 Veces Por Semana,Limón,Caramel Goal Popcorn
1234,35 - 44 Años,Masculino,Guatemala,3 A 5 Veces Por Semana,Picante Chapín,Victory Pretzels
1234,35 - 44 Años,Masculino,Guatemala,3 A 5 Veces Por Semana,Picante Chapín,Energy Crunch Protein
1234,35 - 44 Años,Masculino,Guatemala,3 A 5 Veces Por Semana,Picante Chapín,Gol Nachos Supreme
1235,18 - 24 Años,Masculino,Guatemala,Todos Los Días,Picante Chapín,Energy Crunch Protein
1236,45 - 54 Años,Masculino,Guatemala,Todos Los Días,Picante Chapín,Gol Nachos Supreme
1236,45 - 54 Años,Masculino,Guatemala,Todos Los Días,Picante Chapín,Hot Stadium Peanuts
1236,45 - 54 Años,Masculino,Guatemala,Todos Los Días,Picante Chapín,Futbolmix
1237,25 - 34 Años,Masculino,Guatemala,Varias Veces Al Mes,Dulce,Crunchmax Bbq
1237,25 - 34 Años,Masculino,Guatemala,Varias Veces Al Mes,Dulce,Mundialitos Queso Picante
1238,35 - 44 Años,Masculino,Sacatepéquez,3 A 5 Veces Por Semana,Barbacoa,Caramel Goal Popcorn
1239,25 - 34 Años,Masculino,Sacatepéquez,1 A 2 Veces Por Semana,Queso,Hot Stadium Peanuts
1240,25 - 34 Años,Femenino,Guatemala,Rara Vez,Chocolate,Chocokick Bites
1240,25 - 34 Años,Femenino,Guatemala,Rara Vez,Chocolate,Crunchmax Bbq
1240,25 - 34 Años,Femenino,Guatemala,Rara Vez,Chocolate,Mundialitos Queso Picante
1241,55 Años O Más,Masculino,Guatemala,Rara Vez,Limón,Mundialitos Queso Picante
1241,55 Años O Más,Masculino,Guatemala,Rara Vez,Limón,Energy Crunch Protein
1242,25 - 34 Años,Femenino,Guatemala,Todos Los Días,Dulce,Gol Nachos Supreme
1242,25 - 34 Años,Femenino,Guatemala,Todos Los Días,Dulce,Crunchmax Bbq
1243,25 - 34 Años,Masculino,Guatemala,Varias Veces Al Mes,Barbacoa,Futbolmix
1243,25 - 34 Años,Masculino,Guatemala,Varias Veces Al Mes,Barbacoa,Hot Stadium Peanuts
1244,45 - 54 Años,Femenino,Guatemala,3 A 5 Veces Por Semana,Barbacoa,Futbolmix
1244,45 - 54 Años,Femenino,Guatemala,3 A 5 Veces Por Semana,Barbacoa,Gol Nachos Supreme
1245,18 - 24 Años,Femenino,Escuintla,1 A 2 Veces Por Semana,Chocolate,Gol Nachos Supreme
1245,18 - 24 Años,Femenino,Escuintla,1 A 2 Veces Por Semana,Chocolate,Chocokick Bites
1246,Menos De 18 Años,Femenino,Sacatepéquez,Varias Veces Al Mes,Limón,Energy Crunch Protein
1247,Menos De 18 Años,Masculino,Izabal,Todos Los Días,Barbacoa,Fan Chips Jalapeño
1247,Menos De 18 Años,Masculino,Izabal,Todos Los Días,Barbacoa,Hot Stadium Peanuts
1247,Menos De 18 Años,Masculino,Izabal,Todos Los Días,Barbacoa,Crunchmax Bbq
1248,18 - 24 Años,Femenino,Guatemala,1 A 2 Veces Por Semana,Picante Chapín,Mundialitos Queso Picante
1248,18 - 24 Años,Femenino,Guatemala,1 A 2 Veces Por Semana,Picante Chapín,Chocokick Bites
1248,18 - 24 Años,Femenino,Guatemala,1 A 2 Veces Por Semana,Picante Chapín,Fan Chips Jalapeño
1249,25 - 34 Años,Masculino,Guatemala,3 A 5 Veces Por Semana,Picante Chapín,Gol Nachos Supreme
1250,45 - 54 Años,Prefiero No Indicarlo,Jalapa,3 A 5 Veces Por Semana,Picante Chapín,Hot Stadium Peanuts
1250,45 - 54 Años,Prefiero No Indicarlo,Jalapa,3 A 5 Veces Por Semana,Picante Chapín,Mundialitos Queso Picante
1251,25 - 34 Años,Femenino,Quiché,3 A 5 Veces Por Semana,Limón,Futbolmix
1252,55 Años O Más,Masculino,Guatemala,1 A 2 Veces Por Semana,Picante Chapín,Victory Pretzels
1252,55 Años O Más,Masculino,Guatemala,1 A 2 Veces Por Semana,Picante Chapín,Gol Nachos Supreme
1253,18 - 24 Años,Masculino,Escuintla,Varias Veces Al Mes,Queso,Gol Nachos Supreme
1253,18 - 24 Años,Masculino,Escuintla,Varias Veces Al Mes,Queso,Futbolmix
1254,35 - 44 Años,Masculino,Guatemala,3 A 5 Veces Por Semana,Picante Chapín,Crunchmax Bbq
1254,35 - 44 Años,Masculino,Guatemala,3 A 5 Veces Por Semana,Picante Chapín,Mundialitos Queso Picante
1254,35 - 44 Años,Masculino,Guatemala,3 A 5 Veces Por Semana,Picante Chapín,Fan Chips Jalapeño
1255,35 - 44 Años,Femenino,El Progreso,1 A 2 Veces Por Semana,Salado Tradicional,Hot Stadium Peanuts
1255,35 - 44 Años,Femenino,El Progreso,1 A 2 Veces Por Semana,Salado Tradicional,Crunchmax Bbq
1255,35 - 44 Años,Femenino,El Progreso,1 A 2 Veces Por Semana,Salado Tradicional,Futbolmix
1256,55 Años O Más,Femenino,Guatemala,1 A 2 Veces Por Semana,Jalapeño,Fan Chips Jalapeño
1256,55 Años O Más,Femenino,Guatemala,1 A 2 Veces Por Semana,Jalapeño,Mundialitos Queso Picante
1257,25 - 34 Años,Masculino,Guatemala,Varias Veces Al Mes,Queso,Fan Chips Jalapeño
1258,35 - 44 Años,Masculino,Quiché,1 A 2 Veces Por Semana,Limón,Energy Crunch Protein
1258,35 - 44 Años,Masculino,Quiché,1 A 2 Veces Por Semana,Limón,Futbolmix
1258,35 - 44 Años,Masculino,Quiché,1 A 2 Veces Por Semana,Limón,Crunchmax Bbq
1259,25 - 34 Años,Masculino,Guatemala,Varias Veces Al Mes,Queso,Chocokick Bites
1259,25 - 34 Años,Masculino,Guatemala,Varias Veces Al Mes,Queso,Crunchmax Bbq
1259,25 - 34 Años,Masculino,Guatemala,Varias Veces Al Mes,Queso,Futbolmix
1260,Menos De 18 Años,Femenino,Totonicapán,3 A 5 Veces Por Semana,Jalapeño,Fan Chips Jalapeño
1260,Menos De 18 Años,Femenino,Totonicapán,3 A 5 Veces Por Semana,Jalapeño,Energy Crunch Protein
1261,25 - 34 Años,Femenino,Petén,3 A 5 Veces Por Semana,Queso,Mundialitos Queso Picante
1262,35 - 44 Años,Masculino,Petén,Varias Veces Al Mes,Queso,Fan Chips Jalapeño
1262,35 - 44 Años,Masculino,Petén,Varias Veces Al Mes,Queso,Mundialitos Queso Picante
1263,25 - 34 Años,Masculino,Guatemala,3 A 5 Veces Por Semana,Queso,Crunchmax Bbq
1263,25 - 34 Años,Masculino,Guatemala,3 A 5 Veces Por Semana,Queso,Fan Chips Jalapeño
1263,25 - 34 Años,Masculino,Guatemala,3 A 5 Veces Por Semana,Queso,Chocokick Bites
1264,18 - 24 Años,Masculino,Totonicapán,Varias Veces Al Mes,Caramelo,Chocokick Bites
1264,18 - 24 Años,Masculino,Totonicapán,Varias Veces Al Mes,Caramelo,Futbolmix
1265,35 - 44 Años,Femenino,Quetzaltenango,Varias Veces Al Mes,Caramelo,Futbolmix
1265,35 - 44 Años,Femenino,Quetzaltenango,Varias Veces Al Mes,Caramelo,Mundialitos Queso Picante
1265,35 - 44 Años,Femenino,Quetzaltenango,Varias Veces Al Mes,Caramelo,Victory Pretzels
1266,25 - 34 Años,Femenino,Guatemala,Varias Veces Al Mes,Salado Tradicional,Hot Stadium Peanuts
1266,25 - 34 Años,Femenino,Guatemala,Varias Veces Al Mes,Salado Tradicional,Caramel Goal Popcorn
1266,25 - 34 Años,Femenino,Guatemala,Varias Veces Al Mes,Salado Tradicional,Mundialitos Queso Picante
1267,25 - 34 Años,Femenino,Chimaltenango,1 A 2 Veces Por Semana,Picante Chapín,Futbolmix
1267,25 - 34 Años,Femenino,Chimaltenango,1 A 2 Veces Por Semana,Picante Chapín,Hot Stadium Peanuts
1267,25 - 34 Años,Femenino,Chimaltenango,1 A 2 Veces Por Semana,Picante Chapín,Gol Nachos Supreme
1268,45 - 54 Años,Femenino,Sacatepéquez,3 A 5 Veces Por Semana,Barbacoa,Fan Chips Jalapeño
1268,45 - 54 Años,Femenino,Sacatepéquez,3 A 5 Veces Por Semana,Barbacoa,Crunchmax Bbq
1268,45 - 54 Años,Femenino,Sacatepéquez,3 A 5 Veces Por Semana,Barbacoa,Hot Stadium Peanuts
1269,45 - 54 Años,Femenino,Quetzaltenango,Varias Veces Al Mes,Picante Chapín,Gol Nachos Supreme
1269,45 - 54 Años,Femenino,Quetzaltenango,Varias Veces Al Mes,Picante Chapín,Fan Chips Jalapeño
1269,45 - 54 Años,Femenino,Quetzaltenango,Varias Veces Al Mes,Picante Chapín,Mundialitos Queso Picante
1270,25 - 34 Años,Femenino,Santa Rosa,Varias Veces Al Mes,Salado Tradicional,Caramel Goal Popcorn
1270,25 - 34 Años,Femenino,Santa Rosa,Varias Veces Al Mes,Salado Tradicional,Futbolmix
1271,35 - 44 Años,Masculino,Guatemala,Varias Veces Al Mes,Queso,Caramel Goal Popcorn
1864,Menos De 18 Años,Masculino,Sacatepéquez,Varias Veces Al Mes,Salado Tradicional,Victory Pretzels
1273,25 - 34 Años,Masculino,San Marcos,1 A 2 Veces Por Semana,Jalapeño,Mundialitos Queso Picante
1273,25 - 34 Años,Masculino,San Marcos,1 A 2 Veces Por Semana,Jalapeño,Hot Stadium Peanuts
1273,25 - 34 Años,Masculino,San Marcos,1 A 2 Veces Por Semana,Jalapeño,Crunchmax Bbq
1274,45 - 54 Años,Femenino,Sacatepéquez,Todos Los Días,Dulce,Hot Stadium Peanuts
1275,18 - 24 Años,Masculino,Jalapa,1 A 2 Veces Por Semana,Chocolate,Gol Nachos Supreme
1275,18 - 24 Años,Masculino,Jalapa,1 A 2 Veces Por Semana,Chocolate,Mundialitos Queso Picante
1275,18 - 24 Años,Masculino,Jalapa,1 A 2 Veces Por Semana,Chocolate,Caramel Goal Popcorn
1276,18 - 24 Años,Femenino,Guatemala,Todos Los Días,Picante Chapín,Chocokick Bites
1276,18 - 24 Años,Femenino,Guatemala,Todos Los Días,Picante Chapín,Caramel Goal Popcorn
1276,18 - 24 Años,Femenino,Guatemala,Todos Los Días,Picante Chapín,Mundialitos Queso Picante
1277,18 - 24 Años,Femenino,Guatemala,Varias Veces Al Mes,Picante Chapín,Hot Stadium Peanuts
1277,18 - 24 Años,Femenino,Guatemala,Varias Veces Al Mes,Picante Chapín,Futbolmix
1278,25 - 34 Años,Femenino,Escuintla,3 A 5 Veces Por Semana,Picante Chapín,Hot Stadium Peanuts
1279,45 - 54 Años,Femenino,Sacatepéquez,Rara Vez,Jalapeño,Mundialitos Queso Picante
1279,45 - 54 Años,Femenino,Sacatepéquez,Rara Vez,Jalapeño,Energy Crunch Protein
1279,45 - 54 Años,Femenino,Sacatepéquez,Rara Vez,Jalapeño,Fan Chips Jalapeño
1280,Menos De 18 Años,Femenino,Izabal,3 A 5 Veces Por Semana,Jalapeño,Chocokick Bites
1280,Menos De 18 Años,Femenino,Izabal,3 A 5 Veces Por Semana,Jalapeño,Fan Chips Jalapeño
1280,Menos De 18 Años,Femenino,Izabal,3 A 5 Veces Por Semana,Jalapeño,Crunchmax Bbq
1281,35 - 44 Años,Masculino,Guatemala,1 A 2 Veces Por Semana,Picante Chapín,Mundialitos Queso Picante
1281,35 - 44 Años,Masculino,Guatemala,1 A 2 Veces Por Semana,Picante Chapín,Hot Stadium Peanuts
1281,35 - 44 Años,Masculino,Guatemala,1 A 2 Veces Por Semana,Picante Chapín,Gol Nachos Supreme
1282,18 - 24 Años,Femenino,Guatemala,3 A 5 Veces Por Semana,Caramelo,Caramel Goal Popcorn
1283,18 - 24 Años,Masculino,Huehuetenango,1 A 2 Veces Por Semana,Limón,Gol Nachos Supreme
1283,18 - 24 Años,Masculino,Huehuetenango,1 A 2 Veces Por Semana,Limón,Energy Crunch Protein
1283,18 - 24 Años,Masculino,Huehuetenango,1 A 2 Veces Por Semana,Limón,Mundialitos Queso Picante
1284,55 Años O Más,Femenino,Guatemala,Varias Veces Al Mes,Queso,Mundialitos Queso Picante
1285,35 - 44 Años,Masculino,Escuintla,3 A 5 Veces Por Semana,Limón,Futbolmix
1285,35 - 44 Años,Masculino,Escuintla,3 A 5 Veces Por Semana,Limón,Caramel Goal Popcorn
1285,35 - 44 Años,Masculino,Escuintla,3 A 5 Veces Por Semana,Limón,Mundialitos Queso Picante
1286,35 - 44 Años,Masculino,Guatemala,Todos Los Días,Queso,Hot Stadium Peanuts
1286,35 - 44 Años,Masculino,Guatemala,Todos Los Días,Queso,Gol Nachos Supreme
1286,35 - 44 Años,Masculino,Guatemala,Todos Los Días,Queso,Energy Crunch Protein
1287,35 - 44 Años,Femenino,Alta Verapaz,Todos Los Días,Jalapeño,Hot Stadium Peanuts
1288,25 - 34 Años,Femenino,Guatemala,1 A 2 Veces Por Semana,Queso,Mundialitos Queso Picante
1288,25 - 34 Años,Femenino,Guatemala,1 A 2 Veces Por Semana,Queso,Crunchmax Bbq
1289,45 - 54 Años,Masculino,Quetzaltenango,Todos Los Días,Queso,Victory Pretzels
1289,45 - 54 Años,Masculino,Quetzaltenango,Todos Los Días,Queso,Fan Chips Jalapeño
1289,45 - 54 Años,Masculino,Quetzaltenango,Todos Los Días,Queso,Mundialitos Queso Picante
1290,25 - 34 Años,Femenino,Guatemala,1 A 2 Veces Por Semana,Salado Tradicional,Fan Chips Jalapeño
1291,Menos De 18 Años,Femenino,Petén,Varias Veces Al Mes,Barbacoa,Crunchmax Bbq
1291,Menos De 18 Años,Femenino,Petén,Varias Veces Al Mes,Barbacoa,Caramel Goal Popcorn
1291,Menos De 18 Años,Femenino,Petén,Varias Veces Al Mes,Barbacoa,Chocokick Bites
1292,25 - 34 Años,Masculino,Quetzaltenango,3 A 5 Veces Por Semana,Chocolate,Mundialitos Queso Picante
1292,25 - 34 Años,Masculino,Quetzaltenango,3 A 5 Veces Por Semana,Chocolate,Futbolmix
1292,25 - 34 Años,Masculino,Quetzaltenango,3 A 5 Veces Por Semana,Chocolate,Fan Chips Jalapeño
1293,25 - 34 Años,Masculino,Guatemala,1 A 2 Veces Por Semana,Jalapeño,Crunchmax Bbq
1293,25 - 34 Años,Masculino,Guatemala,1 A 2 Veces Por Semana,Jalapeño,Futbolmix
1294,35 - 44 Años,Femenino,Escuintla,1 A 2 Veces Por Semana,Jalapeño,Futbolmix
1295,18 - 24 Años,Femenino,Guatemala,3 A 5 Veces Por Semana,Barbacoa,Fan Chips Jalapeño
1296,55 Años O Más,Masculino,Quetzaltenango,1 A 2 Veces Por Semana,Queso,Crunchmax Bbq
1297,35 - 44 Años,Masculino,Guatemala,Varias Veces Al Mes,Jalapeño,Mundialitos Queso Picante
1297,35 - 44 Años,Masculino,Guatemala,Varias Veces Al Mes,Jalapeño,Caramel Goal Popcorn
1297,35 - 44 Años,Masculino,Guatemala,Varias Veces Al Mes,Jalapeño,Crunchmax Bbq
1298,45 - 54 Años,Femenino,Alta Verapaz,1 A 2 Veces Por Semana,Queso,Fan Chips Jalapeño
1299,45 - 54 Años,Masculino,Chimaltenango,3 A 5 Veces Por Semana,Picante Chapín,Chocokick Bites
1299,45 - 54 Años,Masculino,Chimaltenango,3 A 5 Veces Por Semana,Picante Chapín,Caramel Goal Popcorn
1300,25 - 34 Años,Femenino,Guatemala,Rara Vez,Picante Chapín,Crunchmax Bbq
1300,25 - 34 Años,Femenino,Guatemala,Rara Vez,Picante Chapín,Hot Stadium Peanuts
1301,18 - 24 Años,Masculino,Guatemala,3 A 5 Veces Por Semana,Chocolate,Chocokick Bites
1301,18 - 24 Años,Masculino,Guatemala,3 A 5 Veces Por Semana,Chocolate,Gol Nachos Supreme
1301,18 - 24 Años,Masculino,Guatemala,3 A 5 Veces Por Semana,Chocolate,Energy Crunch Protein
1302,18 - 24 Años,Masculino,Guatemala,Todos Los Días,Picante Chapín,Futbolmix
1303,25 - 34 Años,Femenino,El Progreso,1 A 2 Veces Por Semana,Barbacoa,Crunchmax Bbq
1303,25 - 34 Años,Femenino,El Progreso,1 A 2 Veces Por Semana,Barbacoa,Chocokick Bites
1304,25 - 34 Años,Femenino,Guatemala,Todos Los Días,Picante Chapín,Hot Stadium Peanuts
1305,18 - 24 Años,Masculino,Guatemala,Rara Vez,Limón,Crunchmax Bbq
1306,35 - 44 Años,Femenino,Chimaltenango,1 A 2 Veces Por Semana,Queso,Caramel Goal Popcorn
1307,25 - 34 Años,Femenino,Alta Verapaz,Todos Los Días,Salado Tradicional,Fan Chips Jalapeño
1307,25 - 34 Años,Femenino,Alta Verapaz,Todos Los Días,Salado Tradicional,Futbolmix
1307,25 - 34 Años,Femenino,Alta Verapaz,Todos Los Días,Salado Tradicional,Mundialitos Queso Picante
1308,18 - 24 Años,Masculino,Petén,Todos Los Días,Barbacoa,Crunchmax Bbq
1308,18 - 24 Años,Masculino,Petén,Todos Los Días,Barbacoa,Futbolmix
1309,45 - 54 Años,Masculino,Baja Verapaz,3 A 5 Veces Por Semana,Queso,Crunchmax Bbq
1309,45 - 54 Años,Masculino,Baja Verapaz,3 A 5 Veces Por Semana,Queso,Fan Chips Jalapeño
1309,45 - 54 Años,Masculino,Baja Verapaz,3 A 5 Veces Por Semana,Queso,Caramel Goal Popcorn
1310,35 - 44 Años,Prefiero No Indicarlo,Guatemala,1 A 2 Veces Por Semana,Chocolate,Caramel Goal Popcorn
1311,18 - 24 Años,Femenino,Guate,1 A 2 Veces Por Semana,Caramelo,Mundialitos Queso Picante
1311,18 - 24 Años,Femenino,Guate,1 A 2 Veces Por Semana,Caramelo,Fan Chips Jalapeño
1311,18 - 24 Años,Femenino,Guate,1 A 2 Veces Por Semana,Caramelo,Chocokick Bites
1312,25 - 34 Años,Masculino,Guatemala,Todos Los Días,Jalapeño,Hot Stadium Peanuts
1313,Menos De 18 Años,Masculino,Guatemala,Todos Los Días,Picante Chapín,Fan Chips Jalapeño
1313,Menos De 18 Años,Masculino,Guatemala,Todos Los Días,Picante Chapín,Futbolmix
1313,Menos De 18 Años,Masculino,Guatemala,Todos Los Días,Picante Chapín,Hot Stadium Peanuts
1314,Menos De 18 Años,Masculino,Quetzaltenango,Varias Veces Al Mes,Salado Tradicional,Mundialitos Queso Picante
1314,Menos De 18 Años,Masculino,Quetzaltenango,Varias Veces Al Mes,Salado Tradicional,Chocokick Bites
1314,Menos De 18 Años,Masculino,Quetzaltenango,Varias Veces Al Mes,Salado Tradicional,Gol Nachos Supreme
1315,18 - 24 Años,Masculino,Escuintla,Varias Veces Al Mes,Chocolate,Chocokick Bites
1316,35 - 44 Años,Femenino,Guatemala,1 A 2 Veces Por Semana,Salado Tradicional,Hot Stadium Peanuts
1317,18 - 24 Años,Femenino,Retalhuleu,1 A 2 Veces Por Semana,Jalapeño,Fan Chips Jalapeño
1317,18 - 24 Años,Femenino,Retalhuleu,1 A 2 Veces Por Semana,Jalapeño,Hot Stadium Peanuts
1318,25 - 34 Años,Femenino,Guatemala,Varias Veces Al Mes,Queso,Fan Chips Jalapeño
1318,25 - 34 Años,Femenino,Guatemala,Varias Veces Al Mes,Queso,Futbolmix
2405,25 - 34 Años,Femenino,Guatemala,3 A 5 Veces Por Semana,Queso,Futbolmix
2405,25 - 34 Años,Femenino,Guatemala,3 A 5 Veces Por Semana,Queso,Mundialitos Queso Picante
2405,25 - 34 Años,Femenino,Guatemala,3 A 5 Veces Por Semana,Queso,Victory Pretzels
1320,45 - 54 Años,Femenino,Guatemala,1 A 2 Veces Por Semana,Picante Chapín,Chocokick Bites
1320,45 - 54 Años,Femenino,Guatemala,1 A 2 Veces Por Semana,Picante Chapín,Crunchmax Bbq
1321,55 Años O Más,Femenino,Sacatepéquez,Todos Los Días,Picante Chapín,Crunchmax Bbq
1322,18 - 24 Años,Masculino,Escuintla,3 A 5 Veces Por Semana,Barbacoa,Fan Chips Jalapeño
1322,18 - 24 Años,Masculino,Escuintla,3 A 5 Veces Por Semana,Barbacoa,Victory Pretzels
1322,18 - 24 Años,Masculino,Escuintla,3 A 5 Veces Por Semana,Barbacoa,Hot Stadium Peanuts
1323,18 - 24 Años,Masculino,Guatemala,Varias Veces Al Mes,Picante Chapín,Futbolmix
1323,18 - 24 Años,Masculino,Guatemala,Varias Veces Al Mes,Picante Chapín,Gol Nachos Supreme
1324,45 - 54 Años,Masculino,Sacatepéquez,1 A 2 Veces Por Semana,Limón,Fan Chips Jalapeño
1325,35 - 44 Años,Masculino,Guatemala,Todos Los Días,Barbacoa,Mundialitos Queso Picante
1326,Menos De 18 Años,Femenino,Guatemala,1 A 2 Veces Por Semana,Dulce,Gol Nachos Supreme
1326,Menos De 18 Años,Femenino,Guatemala,1 A 2 Veces Por Semana,Dulce,Victory Pretzels
1326,Menos De 18 Años,Femenino,Guatemala,1 A 2 Veces Por Semana,Dulce,Crunchmax Bbq
1327,18 - 24 Años,Masculino,Guatemala,1 A 2 Veces Por Semana,Chocolate,Gol Nachos Supreme
1328,45 - 54 Años,Femenino,Guatemala,3 A 5 Veces Por Semana,Salado Tradicional,Mundialitos Queso Picante
1328,45 - 54 Años,Femenino,Guatemala,3 A 5 Veces Por Semana,Salado Tradicional,Energy Crunch Protein
1329,Menos De 18 Años,Masculino,Guatemala,3 A 5 Veces Por Semana,Picante Chapín,Caramel Goal Popcorn
1330,25 - 34 Años,Femenino,Quetzaltenango,Rara Vez,Dulce,Energy Crunch Protein
1331,35 - 44 Años,Femenino,Chiquimula,3 A 5 Veces Por Semana,Picante Chapín,Fan Chips Jalapeño
1331,35 - 44 Años,Femenino,Chiquimula,3 A 5 Veces Por Semana,Picante Chapín,Gol Nachos Supreme
1332,25 - 34 Años,Masculino,Guatemala,3 A 5 Veces Por Semana,Queso,Crunchmax Bbq
1332,25 - 34 Años,Masculino,Guatemala,3 A 5 Veces Por Semana,Queso,Hot Stadium Peanuts
1333,35 - 44 Años,Masculino,Santa Rosa,Rara Vez,Queso,Energy Crunch Protein
1334,55 Años O Más,Masculino,Sacatepéquez,1 A 2 Veces Por Semana,Barbacoa,Gol Nachos Supreme
1335,45 - 54 Años,Femenino,Quetzaltenango,3 A 5 Veces Por Semana,Jalapeño,Energy Crunch Protein
1335,45 - 54 Años,Femenino,Quetzaltenango,3 A 5 Veces Por Semana,Jalapeño,Fan Chips Jalapeño
1335,45 - 54 Años,Femenino,Quetzaltenango,3 A 5 Veces Por Semana,Jalapeño,Gol Nachos Supreme
1336,55 Años O Más,Femenino,Guatemala,3 A 5 Veces Por Semana,Picante Chapín,Gol Nachos Supreme
1337,Menos De 18 Años,Masculino,Guatemala,1 A 2 Veces Por Semana,Limón,Crunchmax Bbq
1337,Menos De 18 Años,Masculino,Guatemala,1 A 2 Veces Por Semana,Limón,Chocokick Bites
1337,Menos De 18 Años,Masculino,Guatemala,1 A 2 Veces Por Semana,Limón,Gol Nachos Supreme
538,35 - 44 Años,Femenino,Guatemala,Rara Vez,Chocolate,Futbolmix
1339,25 - 34 Años,Femenino,Escuintla,Todos Los Días,Picante Chapín,Mundialitos Queso Picante
1339,25 - 34 Años,Femenino,Escuintla,Todos Los Días,Picante Chapín,Futbolmix
1340,45 - 54 Años,Masculino,Sacatepéquez,3 A 5 Veces Por Semana,Chocolate,Gol Nachos Supreme
1340,45 - 54 Años,Masculino,Sacatepéquez,3 A 5 Veces Por Semana,Chocolate,Chocokick Bites
1341,18 - 24 Años,Femenino,El Progreso,Todos Los Días,Picante Chapín,Gol Nachos Supreme
1341,18 - 24 Años,Femenino,El Progreso,Todos Los Días,Picante Chapín,Energy Crunch Protein
1342,25 - 34 Años,Femenino,Guatemala,1 A 2 Veces Por Semana,Limón,Mundialitos Queso Picante
1343,18 - 24 Años,Femenino,Guatemala,3 A 5 Veces Por Semana,Barbacoa,Caramel Goal Popcorn
1343,18 - 24 Años,Femenino,Guatemala,3 A 5 Veces Por Semana,Barbacoa,Chocokick Bites
1343,18 - 24 Años,Femenino,Guatemala,3 A 5 Veces Por Semana,Barbacoa,Hot Stadium Peanuts
1344,45 - 54 Años,Masculino,Guatemala,1 A 2 Veces Por Semana,Salado Tradicional,Gol Nachos Supreme
1344,45 - 54 Años,Masculino,Guatemala,1 A 2 Veces Por Semana,Salado Tradicional,Mundialitos Queso Picante
1345,Menos De 18 Años,Femenino,Escuintla,Varias Veces Al Mes,Salado Tradicional,Gol Nachos Supreme
1346,25 - 34 Años,Masculino,Jalapa,1 A 2 Veces Por Semana,Picante Chapín,Gol Nachos Supreme
1346,25 - 34 Años,Masculino,Jalapa,1 A 2 Veces Por Semana,Picante Chapín,Mundialitos Queso Picante
1347,25 - 34 Años,Masculino,Guatemala,Varias Veces Al Mes,Barbacoa,Fan Chips Jalapeño
1347,25 - 34 Años,Masculino,Guatemala,Varias Veces Al Mes,Barbacoa,Crunchmax Bbq
1348,35 - 44 Años,Femenino,Guatemala,Varias Veces Al Mes,Queso,Crunchmax Bbq
1349,45 - 54 Años,Masculino,Quetzaltenango,Todos Los Días,Jalapeño,Gol Nachos Supreme
1349,45 - 54 Años,Masculino,Quetzaltenango,Todos Los Días,Jalapeño,Crunchmax Bbq
1350,35 - 44 Años,Femenino,Escuintla,Varias Veces Al Mes,Chocolate,Chocokick Bites
1351,Menos De 18 Años,Prefiero No Indicarlo,Quetzaltenango,3 A 5 Veces Por Semana,Queso,Futbolmix
1351,Menos De 18 Años,Prefiero No Indicarlo,Quetzaltenango,3 A 5 Veces Por Semana,Queso,Mundialitos Queso Picante
1351,Menos De 18 Años,Prefiero No Indicarlo,Quetzaltenango,3 A 5 Veces Por Semana,Queso,Caramel Goal Popcorn
1352,Menos De 18 Años,Masculino,Chimaltenango,3 A 5 Veces Por Semana,Queso,Caramel Goal Popcorn
1353,Menos De 18 Años,Masculino,Totonicapán,Varias Veces Al Mes,Picante Chapín,Hot Stadium Peanuts
1354,55 Años O Más,Masculino,Escuintla,3 A 5 Veces Por Semana,Caramelo,Futbolmix
1355,45 - 54 Años,Masculino,Guatemala,1 A 2 Veces Por Semana,Queso,Crunchmax Bbq
1355,45 - 54 Años,Masculino,Guatemala,1 A 2 Veces Por Semana,Queso,Mundialitos Queso Picante
1355,45 - 54 Años,Masculino,Guatemala,1 A 2 Veces Por Semana,Queso,Gol Nachos Supreme
1356,25 - 34 Años,Masculino,Guatemala,Varias Veces Al Mes,Picante Chapín,Hot Stadium Peanuts
1356,25 - 34 Años,Masculino,Guatemala,Varias Veces Al Mes,Picante Chapín,Gol Nachos Supreme
1356,25 - 34 Años,Masculino,Guatemala,Varias Veces Al Mes,Picante Chapín,Fan Chips Jalapeño
1357,35 - 44 Años,Masculino,Guatemala,1 A 2 Veces Por Semana,Caramelo,Energy Crunch Protein
1357,35 - 44 Años,Masculino,Guatemala,1 A 2 Veces Por Semana,Caramelo,Mundialitos Queso Picante
1357,35 - 44 Años,Masculino,Guatemala,1 A 2 Veces Por Semana,Caramelo,Futbolmix
1358,45 - 54 Años,Femenino,Guatemala,Todos Los Días,Picante Chapín,Energy Crunch Protein
1358,45 - 54 Años,Femenino,Guatemala,Todos Los Días,Picante Chapín,Crunchmax Bbq
1358,45 - 54 Años,Femenino,Guatemala,Todos Los Días,Picante Chapín,Gol Nachos Supreme
1359,45 - 54 Años,Femenino,Guatemala,1 A 2 Veces Por Semana,Limón,Gol Nachos Supreme
1359,45 - 54 Años,Femenino,Guatemala,1 A 2 Veces Por Semana,Limón,Hot Stadium Peanuts
1360,35 - 44 Años,Masculino,Guatemala,Varias Veces Al Mes,Chocolate,Fan Chips Jalapeño
1360,35 - 44 Años,Masculino,Guatemala,Varias Veces Al Mes,Chocolate,Chocokick Bites
1360,35 - 44 Años,Masculino,Guatemala,Varias Veces Al Mes,Chocolate,Caramel Goal Popcorn
1361,25 - 34 Años,Femenino,Escuintla,3 A 5 Veces Por Semana,Picante Chapín,Caramel Goal Popcorn
1362,18 - 24 Años,Femenino,Jalapa,Rara Vez,Limón,Futbolmix
1362,18 - 24 Años,Femenino,Jalapa,Rara Vez,Limón,Caramel Goal Popcorn
1363,18 - 24 Años,Masculino,Guatemala,3 A 5 Veces Por Semana,Picante Chapín,Victory Pretzels
1364,18 - 24 Años,Masculino,Quetzaltenango,1 A 2 Veces Por Semana,Caramelo,Crunchmax Bbq
1364,18 - 24 Años,Masculino,Quetzaltenango,1 A 2 Veces Por Semana,Caramelo,Fan Chips Jalapeño
1364,18 - 24 Años,Masculino,Quetzaltenango,1 A 2 Veces Por Semana,Caramelo,Futbolmix
1365,35 - 44 Años,Femenino,Guatemala,1 A 2 Veces Por Semana,Barbacoa,Victory Pretzels
1366,25 - 34 Años,Femenino,Guatemala,Varias Veces Al Mes,Queso,Caramel Goal Popcorn
1367,45 - 54 Años,Masculino,Escuintla,Rara Vez,Salado Tradicional,Gol Nachos Supreme
1368,25 - 34 Años,Femenino,Guatemala,1 A 2 Veces Por Semana,Dulce,Crunchmax Bbq
1368,25 - 34 Años,Femenino,Guatemala,1 A 2 Veces Por Semana,Dulce,Energy Crunch Protein
1369,25 - 34 Años,Masculino,Quetzaltenango,Varias Veces Al Mes,Queso,Energy Crunch Protein
1370,25 - 34 Años,Masculino,Sacatepéquez,Varias Veces Al Mes,Queso,Caramel Goal Popcorn
1370,25 - 34 Años,Masculino,Sacatepéquez,Varias Veces Al Mes,Queso,Gol Nachos Supreme
1371,25 - 34 Años,Masculino,Guatemala,1 A 2 Veces Por Semana,Picante Chapín,Gol Nachos Supreme
1371,25 - 34 Años,Masculino,Guatemala,1 A 2 Veces Por Semana,Picante Chapín,Hot Stadium Peanuts
1372,25 - 34 Años,Masculino,Guatemala,1 A 2 Veces Por Semana,Chocolate,Crunchmax Bbq
1372,25 - 34 Años,Masculino,Guatemala,1 A 2 Veces Por Semana,Chocolate,Fan Chips Jalapeño
1372,25 - 34 Años,Masculino,Guatemala,1 A 2 Veces Por Semana,Chocolate,Caramel Goal Popcorn
1373,25 - 34 Años,Masculino,Quiché,Varias Veces Al Mes,Chocolate,Mundialitos Queso Picante
1373,25 - 34 Años,Masculino,Quiché,Varias Veces Al Mes,Chocolate,Chocokick Bites
1373,25 - 34 Años,Masculino,Quiché,Varias Veces Al Mes,Chocolate,Fan Chips Jalapeño
1374,18 - 24 Años,Femenino,Sacatepéquez,1 A 2 Veces Por Semana,Dulce,Mundialitos Queso Picante
1374,18 - 24 Años,Femenino,Sacatepéquez,1 A 2 Veces Por Semana,Dulce,Hot Stadium Peanuts
1374,18 - 24 Años,Femenino,Sacatepéquez,1 A 2 Veces Por Semana,Dulce,Crunchmax Bbq
1375,25 - 34 Años,Femenino,Guatemala,Varias Veces Al Mes,Picante Chapín,Chocokick Bites
1375,25 - 34 Años,Femenino,Guatemala,Varias Veces Al Mes,Picante Chapín,Victory Pretzels
1375,25 - 34 Años,Femenino,Guatemala,Varias Veces Al Mes,Picante Chapín,Gol Nachos Supreme
1376,25 - 34 Años,Masculino,San Marcos,1 A 2 Veces Por Semana,Barbacoa,Hot Stadium Peanuts
1376,25 - 34 Años,Masculino,San Marcos,1 A 2 Veces Por Semana,Barbacoa,Gol Nachos Supreme
1376,25 - 34 Años,Masculino,San Marcos,1 A 2 Veces Por Semana,Barbacoa,Victory Pretzels
1377,Menos De 18 Años,Masculino,Guatemala,3 A 5 Veces Por Semana,Chocolate,Gol Nachos Supreme
1378,35 - 44 Años,Masculino,Retalhuleu,Varias Veces Al Mes,Barbacoa,Caramel Goal Popcorn
1379,45 - 54 Años,Femenino,Sacatepéquez,Todos Los Días,Picante Chapín,Energy Crunch Protein
1379,45 - 54 Años,Femenino,Sacatepéquez,Todos Los Días,Picante Chapín,Gol Nachos Supreme
1380,25 - 34 Años,Femenino,Baja Verapaz,1 A 2 Veces Por Semana,Barbacoa,Victory Pretzels
1381,55 Años O Más,Prefiero No Indicarlo,Escuintla,Varias Veces Al Mes,Caramelo,Gol Nachos Supreme
1381,55 Años O Más,Prefiero No Indicarlo,Escuintla,Varias Veces Al Mes,Caramelo,Futbolmix
1381,55 Años O Más,Prefiero No Indicarlo,Escuintla,Varias Veces Al Mes,Caramelo,Crunchmax Bbq
1382,18 - 24 Años,Masculino,Quetzaltenango,Todos Los Días,Caramelo,Fan Chips Jalapeño
1382,18 - 24 Años,Masculino,Quetzaltenango,Todos Los Días,Caramelo,Victory Pretzels
1382,18 - 24 Años,Masculino,Quetzaltenango,Todos Los Días,Caramelo,Gol Nachos Supreme
1383,45 - 54 Años,Femenino,Baja Verapaz,Varias Veces Al Mes,Picante Chapín,Mundialitos Queso Picante
1384,25 - 34 Años,Femenino,Sacatepéquez,3 A 5 Veces Por Semana,Queso,Crunchmax Bbq
1384,25 - 34 Años,Femenino,Sacatepéquez,3 A 5 Veces Por Semana,Queso,Caramel Goal Popcorn
1384,25 - 34 Años,Femenino,Sacatepéquez,3 A 5 Veces Por Semana,Queso,Gol Nachos Supreme
1385,35 - 44 Años,Masculino,Jutiapa,Todos Los Días,Jalapeño,Crunchmax Bbq
1386,35 - 44 Años,Femenino,Sololá,Rara Vez,Barbacoa,Gol Nachos Supreme
1386,35 - 44 Años,Femenino,Sololá,Rara Vez,Barbacoa,Fan Chips Jalapeño
1387,18 - 24 Años,Femenino,Guatemala,Rara Vez,Jalapeño,Fan Chips Jalapeño
1388,Menos De 18 Años,Femenino,Suchitepéquez,Todos Los Días,Chocolate,Crunchmax Bbq
1389,45 - 54 Años,Masculino,Guatemala,3 A 5 Veces Por Semana,Chocolate,Chocokick Bites
1389,45 - 54 Años,Masculino,Guatemala,3 A 5 Veces Por Semana,Chocolate,Caramel Goal Popcorn
1390,35 - 44 Años,Femenino,Guatemala,1 A 2 Veces Por Semana,Limón,Mundialitos Queso Picante
1390,35 - 44 Años,Femenino,Guatemala,1 A 2 Veces Por Semana,Limón,Caramel Goal Popcorn
1390,35 - 44 Años,Femenino,Guatemala,1 A 2 Veces Por Semana,Limón,Gol Nachos Supreme
1391,45 - 54 Años,Femenino,Sololá,Todos Los Días,Queso,Chocokick Bites
1391,45 - 54 Años,Femenino,Sololá,Todos Los Días,Queso,Mundialitos Queso Picante
1392,25 - 34 Años,Femenino,Guatemala,3 A 5 Veces Por Semana,Dulce,Energy Crunch Protein
1392,25 - 34 Años,Femenino,Guatemala,3 A 5 Veces Por Semana,Dulce,Futbolmix
1393,Menos De 18 Años,Prefiero No Indicarlo,Guatemala,1 A 2 Veces Por Semana,Limón,Chocokick Bites
1394,Menos De 18 Años,Masculino,Chimaltenango,3 A 5 Veces Por Semana,Dulce,Mundialitos Queso Picante
1394,Menos De 18 Años,Masculino,Chimaltenango,3 A 5 Veces Por Semana,Dulce,Gol Nachos Supreme
1394,Menos De 18 Años,Masculino,Chimaltenango,3 A 5 Veces Por Semana,Dulce,Futbolmix
1395,18 - 24 Años,Femenino,Retalhuleu,1 A 2 Veces Por Semana,Picante Chapín,Caramel Goal Popcorn
1396,45 - 54 Años,Femenino,Guatemala,3 A 5 Veces Por Semana,Salado Tradicional,Hot Stadium Peanuts
1396,45 - 54 Años,Femenino,Guatemala,3 A 5 Veces Por Semana,Salado Tradicional,Fan Chips Jalapeño
1396,45 - 54 Años,Femenino,Guatemala,3 A 5 Veces Por Semana,Salado Tradicional,Gol Nachos Supreme
1397,25 - 34 Años,Masculino,Suchitepéquez,Todos Los Días,Picante Chapín,Victory Pretzels
1397,25 - 34 Años,Masculino,Suchitepéquez,Todos Los Días,Picante Chapín,Crunchmax Bbq
1398,18 - 24 Años,Masculino,Guatemala,3 A 5 Veces Por Semana,Queso,Hot Stadium Peanuts
1399,18 - 24 Años,Femenino,Guatemala,3 A 5 Veces Por Semana,Barbacoa,Caramel Goal Popcorn
1399,18 - 24 Años,Femenino,Guatemala,3 A 5 Veces Por Semana,Barbacoa,Chocokick Bites
1400,Menos De 18 Años,Femenino,Quetzaltenango,3 A 5 Veces Por Semana,Barbacoa,Crunchmax Bbq
1401,25 - 34 Años,Masculino,Guatemala,Rara Vez,Picante Chapín,Gol Nachos Supreme
1401,25 - 34 Años,Masculino,Guatemala,Rara Vez,Picante Chapín,Energy Crunch Protein
1402,35 - 44 Años,Femenino,Guatemala,Todos Los Días,Jalapeño,Hot Stadium Peanuts
1402,35 - 44 Años,Femenino,Guatemala,Todos Los Días,Jalapeño,Futbolmix
1402,35 - 44 Años,Femenino,Guatemala,Todos Los Días,Jalapeño,Fan Chips Jalapeño
1403,18 - 24 Años,Masculino,Guatemala,Rara Vez,Picante Chapín,Futbolmix
1404,35 - 44 Años,Femenino,Chimaltenango,3 A 5 Veces Por Semana,Queso,Crunchmax Bbq
1405,Menos De 18 Años,Femenino,San Marcos,3 A 5 Veces Por Semana,Salado Tradicional,Chocokick Bites
1405,Menos De 18 Años,Femenino,San Marcos,3 A 5 Veces Por Semana,Salado Tradicional,Mundialitos Queso Picante
1406,35 - 44 Años,Masculino,Guatemala,3 A 5 Veces Por Semana,Limón,Crunchmax Bbq
1407,35 - 44 Años,Femenino,Guatemala,1 A 2 Veces Por Semana,Dulce,Gol Nachos Supreme
1407,35 - 44 Años,Femenino,Guatemala,1 A 2 Veces Por Semana,Dulce,Victory Pretzels
1408,35 - 44 Años,Femenino,Guatemala,1 A 2 Veces Por Semana,Jalapeño,Victory Pretzels
1408,35 - 44 Años,Femenino,Guatemala,1 A 2 Veces Por Semana,Jalapeño,Energy Crunch Protein
1408,35 - 44 Años,Femenino,Guatemala,1 A 2 Veces Por Semana,Jalapeño,Gol Nachos Supreme
1409,25 - 34 Años,Femenino,Escuintla,Varias Veces Al Mes,Barbacoa,Energy Crunch Protein
1410,18 - 24 Años,Masculino,Sacatepéquez,Todos Los Días,Caramelo,Gol Nachos Supreme
1410,18 - 24 Años,Masculino,Sacatepéquez,Todos Los Días,Caramelo,Energy Crunch Protein
1411,18 - 24 Años,Prefiero No Indicarlo,Huehuetenango,Rara Vez,Jalapeño,Mundialitos Queso Picante
1411,18 - 24 Años,Prefiero No Indicarlo,Huehuetenango,Rara Vez,Jalapeño,Gol Nachos Supreme
1412,25 - 34 Años,Femenino,Guatemala,Todos Los Días,Barbacoa,Mundialitos Queso Picante
1413,18 - 24 Años,Masculino,Chimaltenango,3 A 5 Veces Por Semana,Picante Chapín,Mundialitos Queso Picante
1414,35 - 44 Años,Masculino,Guatemala,Varias Veces Al Mes,Queso,Fan Chips Jalapeño
1414,35 - 44 Años,Masculino,Guatemala,Varias Veces Al Mes,Queso,Futbolmix
1415,55 Años O Más,Masculino,Guatemala,3 A 5 Veces Por Semana,,Crunchmax Bbq
1415,55 Años O Más,Masculino,Guatemala,3 A 5 Veces Por Semana,,Mundialitos Queso Picante
1415,55 Años O Más,Masculino,Guatemala,3 A 5 Veces Por Semana,,Caramel Goal Popcorn
1417,25 - 34 Años,Femenino,Guatemala,1 A 2 Veces Por Semana,Dulce,Futbolmix
1417,25 - 34 Años,Femenino,Guatemala,1 A 2 Veces Por Semana,Dulce,Mundialitos Queso Picante
1418,25 - 34 Años,Femenino,Guatemala,Todos Los Días,Jalapeño,Caramel Goal Popcorn
1418,25 - 34 Años,Femenino,Guatemala,Todos Los Días,Jalapeño,Chocokick Bites
1418,25 - 34 Años,Femenino,Guatemala,Todos Los Días,Jalapeño,Victory Pretzels
1419,35 - 44 Años,Femenino,Huehuetenango,1 A 2 Veces Por Semana,Barbacoa,Futbolmix
1419,35 - 44 Años,Femenino,Huehuetenango,1 A 2 Veces Por Semana,Barbacoa,Mundialitos Queso Picante
1419,35 - 44 Años,Femenino,Huehuetenango,1 A 2 Veces Por Semana,Barbacoa,Gol Nachos Supreme
1420,35 - 44 Años,Masculino,Jutiapa,Varias Veces Al Mes,Picante Chapín,Mundialitos Queso Picante
1420,35 - 44 Años,Masculino,Jutiapa,Varias Veces Al Mes,Picante Chapín,Gol Nachos Supreme
1421,55 Años O Más,Femenino,Guatemala,1 A 2 Veces Por Semana,Salado Tradicional,Gol Nachos Supreme
1421,55 Años O Más,Femenino,Guatemala,1 A 2 Veces Por Semana,Salado Tradicional,Crunchmax Bbq
1421,55 Años O Más,Femenino,Guatemala,1 A 2 Veces Por Semana,Salado Tradicional,Mundialitos Queso Picante
1422,25 - 34 Años,Masculino,Zacapa,Varias Veces Al Mes,Caramelo,Futbolmix
1422,25 - 34 Años,Masculino,Zacapa,Varias Veces Al Mes,Caramelo,Hot Stadium Peanuts
2478,18 - 24 Años,Femenino,Guatemala,1 A 2 Veces Por Semana,Salado Tradicional,Futbolmix
1424,45 - 54 Años,Masculino,Guatemala,3 A 5 Veces Por Semana,Queso,Fan Chips Jalapeño
1424,45 - 54 Años,Masculino,Guatemala,3 A 5 Veces Por Semana,Queso,Caramel Goal Popcorn
1425,45 - 54 Años,Femenino,Guatemala,1 A 2 Veces Por Semana,Queso,Gol Nachos Supreme
1425,45 - 54 Años,Femenino,Guatemala,1 A 2 Veces Por Semana,Queso,Energy Crunch Protein
1426,25 - 34 Años,Femenino,Quetzaltenango,3 A 5 Veces Por Semana,Picante Chapín,Mundialitos Queso Picante
1426,25 - 34 Años,Femenino,Quetzaltenango,3 A 5 Veces Por Semana,Picante Chapín,Futbolmix
1427,18 - 24 Años,Femenino,Guatemala,1 A 2 Veces Por Semana,Caramelo,Futbolmix
1427,18 - 24 Años,Femenino,Guatemala,1 A 2 Veces Por Semana,Caramelo,Victory Pretzels
1427,18 - 24 Años,Femenino,Guatemala,1 A 2 Veces Por Semana,Caramelo,Crunchmax Bbq
1428,25 - 34 Años,Masculino,Guatemala,1 A 2 Veces Por Semana,Picante Chapín,Fan Chips Jalapeño
1428,25 - 34 Años,Masculino,Guatemala,1 A 2 Veces Por Semana,Picante Chapín,Hot Stadium Peanuts
1429,45 - 54 Años,Femenino,Guatemala,1 A 2 Veces Por Semana,Queso,Fan Chips Jalapeño
1429,45 - 54 Años,Femenino,Guatemala,1 A 2 Veces Por Semana,Queso,Gol Nachos Supreme
1429,45 - 54 Años,Femenino,Guatemala,1 A 2 Veces Por Semana,Queso,Energy Crunch Protein
1430,25 - 34 Años,Masculino,Guatemala,1 A 2 Veces Por Semana,Caramelo,Hot Stadium Peanuts
1431,55 Años O Más,Masculino,Santa Rosa,3 A 5 Veces Por Semana,Dulce,Gol Nachos Supreme
1431,55 Años O Más,Masculino,Santa Rosa,3 A 5 Veces Por Semana,Dulce,Futbolmix
1432,18 - 24 Años,Masculino,Chiquimula,3 A 5 Veces Por Semana,Caramelo,Mundialitos Queso Picante
1432,18 - 24 Años,Masculino,Chiquimula,3 A 5 Veces Por Semana,Caramelo,Crunchmax Bbq
1432,18 - 24 Años,Masculino,Chiquimula,3 A 5 Veces Por Semana,Caramelo,Caramel Goal Popcorn
1433,35 - 44 Años,Femenino,Sacatepéquez,Todos Los Días,Queso,Chocokick Bites
1433,35 - 44 Años,Femenino,Sacatepéquez,Todos Los Días,Queso,Hot Stadium Peanuts
1433,35 - 44 Años,Femenino,Sacatepéquez,Todos Los Días,Queso,Fan Chips Jalapeño
1434,25 - 34 Años,Masculino,Chimaltenango,3 A 5 Veces Por Semana,Limón,Chocokick Bites
1435,35 - 44 Años,Prefiero No Indicarlo,Guatemala,Varias Veces Al Mes,Queso,Chocokick Bites
1436,45 - 54 Años,Femenino,Guatemala,3 A 5 Veces Por Semana,Queso,Caramel Goal Popcorn
1436,45 - 54 Años,Femenino,Guatemala,3 A 5 Veces Por Semana,Queso,Crunchmax Bbq
1437,35 - 44 Años,Masculino,Guatemala,Varias Veces Al Mes,Jalapeño,Futbolmix
1437,35 - 44 Años,Masculino,Guatemala,Varias Veces Al Mes,Jalapeño,Victory Pretzels
1437,35 - 44 Años,Masculino,Guatemala,Varias Veces Al Mes,Jalapeño,Hot Stadium Peanuts
1438,Menos De 18 Años,Masculino,Guatemala,1 A 2 Veces Por Semana,Barbacoa,Fan Chips Jalapeño
1438,Menos De 18 Años,Masculino,Guatemala,1 A 2 Veces Por Semana,Barbacoa,Crunchmax Bbq
1439,25 - 34 Años,Masculino,Quetzaltenango,Varias Veces Al Mes,Picante Chapín,Mundialitos Queso Picante
1440,45 - 54 Años,Femenino,Chimaltenango,3 A 5 Veces Por Semana,Queso,Crunchmax Bbq
1440,45 - 54 Años,Femenino,Chimaltenango,3 A 5 Veces Por Semana,Queso,Caramel Goal Popcorn
1441,25 - 34 Años,Femenino,Jutiapa,3 A 5 Veces Por Semana,Limón,Fan Chips Jalapeño
1441,25 - 34 Años,Femenino,Jutiapa,3 A 5 Veces Por Semana,Limón,Energy Crunch Protein
1442,35 - 44 Años,Masculino,Totonicapán,Todos Los Días,Salado Tradicional,Energy Crunch Protein
1442,35 - 44 Años,Masculino,Totonicapán,Todos Los Días,Salado Tradicional,Hot Stadium Peanuts
1442,35 - 44 Años,Masculino,Totonicapán,Todos Los Días,Salado Tradicional,Caramel Goal Popcorn
1443,55 Años O Más,Masculino,Guatemala,Varias Veces Al Mes,Queso,Chocokick Bites
1443,55 Años O Más,Masculino,Guatemala,Varias Veces Al Mes,Queso,Caramel Goal Popcorn
1443,55 Años O Más,Masculino,Guatemala,Varias Veces Al Mes,Queso,Futbolmix
1444,25 - 34 Años,Femenino,Guatemala,1 A 2 Veces Por Semana,Salado Tradicional,Futbolmix
1444,25 - 34 Años,Femenino,Guatemala,1 A 2 Veces Por Semana,Salado Tradicional,Chocokick Bites
1445,35 - 44 Años,Masculino,Guatemala,1 A 2 Veces Por Semana,Picante Chapín,Crunchmax Bbq
1446,55 Años O Más,Masculino,Guatemala,1 A 2 Veces Por Semana,Barbacoa,Futbolmix
1446,55 Años O Más,Masculino,Guatemala,1 A 2 Veces Por Semana,Barbacoa,Caramel Goal Popcorn
1447,55 Años O Más,Femenino,El Progreso,1 A 2 Veces Por Semana,Dulce,Victory Pretzels
1448,18 - 24 Años,Femenino,Baja Verapaz,1 A 2 Veces Por Semana,Limón,Fan Chips Jalapeño
1448,18 - 24 Años,Femenino,Baja Verapaz,1 A 2 Veces Por Semana,Limón,Crunchmax Bbq
1448,18 - 24 Años,Femenino,Baja Verapaz,1 A 2 Veces Por Semana,Limón,Hot Stadium Peanuts
1449,45 - 54 Años,Femenino,Escuintla,3 A 5 Veces Por Semana,Jalapeño,Gol Nachos Supreme
1450,18 - 24 Años,Masculino,Quetzaltenango,Varias Veces Al Mes,Limón,Hot Stadium Peanuts
1450,18 - 24 Años,Masculino,Quetzaltenango,Varias Veces Al Mes,Limón,Gol Nachos Supreme
1451,18 - 24 Años,Masculino,Guatemala,Todos Los Días,Dulce,Caramel Goal Popcorn
1452,25 - 34 Años,Masculino,Guatemala,1 A 2 Veces Por Semana,Jalapeño,Fan Chips Jalapeño
1452,25 - 34 Años,Masculino,Guatemala,1 A 2 Veces Por Semana,Jalapeño,Futbolmix
1453,25 - 34 Años,Masculino,Petén,1 A 2 Veces Por Semana,Queso,Chocokick Bites
1453,25 - 34 Años,Masculino,Petén,1 A 2 Veces Por Semana,Queso,Mundialitos Queso Picante
1453,25 - 34 Años,Masculino,Petén,1 A 2 Veces Por Semana,Queso,Energy Crunch Protein
1454,45 - 54 Años,Masculino,Sacatepéquez,Todos Los Días,Queso,Victory Pretzels
1454,45 - 54 Años,Masculino,Sacatepéquez,Todos Los Días,Queso,Crunchmax Bbq
1454,45 - 54 Años,Masculino,Sacatepéquez,Todos Los Días,Queso,Caramel Goal Popcorn
1455,45 - 54 Años,Femenino,Guatemala,Varias Veces Al Mes,Chocolate,Caramel Goal Popcorn
1455,45 - 54 Años,Femenino,Guatemala,Varias Veces Al Mes,Chocolate,Crunchmax Bbq
1456,18 - 24 Años,Masculino,Retalhuleu,1 A 2 Veces Por Semana,Barbacoa,Crunchmax Bbq
1456,18 - 24 Años,Masculino,Retalhuleu,1 A 2 Veces Por Semana,Barbacoa,Futbolmix
1456,18 - 24 Años,Masculino,Retalhuleu,1 A 2 Veces Por Semana,Barbacoa,Mundialitos Queso Picante
1457,45 - 54 Años,Femenino,Guatemala,Rara Vez,Salado Tradicional,Gol Nachos Supreme
1457,45 - 54 Años,Femenino,Guatemala,Rara Vez,Salado Tradicional,Mundialitos Queso Picante
1457,45 - 54 Años,Femenino,Guatemala,Rara Vez,Salado Tradicional,Chocokick Bites
1458,35 - 44 Años,Femenino,Sacatepéquez,Varias Veces Al Mes,Salado Tradicional,Mundialitos Queso Picante
927,55 Años O Más,Masculino,Zacapa,Todos Los Días,Queso,Chocokick Bites
927,55 Años O Más,Masculino,Zacapa,Todos Los Días,Queso,Mundialitos Queso Picante
927,55 Años O Más,Masculino,Zacapa,Todos Los Días,Queso,Gol Nachos Supreme
1460,25 - 34 Años,Femenino,San Marcos,1 A 2 Veces Por Semana,Barbacoa,Caramel Goal Popcorn
1460,25 - 34 Años,Femenino,San Marcos,1 A 2 Veces Por Semana,Barbacoa,Mundialitos Queso Picante
1461,25 - 34 Años,Masculino,Totonicapán,Todos Los Días,Salado Tradicional,Caramel Goal Popcorn
1462,25 - 34 Años,Masculino,Quetzaltenango,Todos Los Días,Picante Chapín,Futbolmix
1463,35 - 44 Años,Femenino,Guatemala,Rara Vez,Barbacoa,Hot Stadium Peanuts
1463,35 - 44 Años,Femenino,Guatemala,Rara Vez,Barbacoa,Mundialitos Queso Picante
1464,18 - 24 Años,Masculino,Izabal,1 A 2 Veces Por Semana,Barbacoa,Gol Nachos Supreme
1464,18 - 24 Años,Masculino,Izabal,1 A 2 Veces Por Semana,Barbacoa,Futbolmix
1464,18 - 24 Años,Masculino,Izabal,1 A 2 Veces Por Semana,Barbacoa,Crunchmax Bbq
1465,18 - 24 Años,Masculino,Guatemala,3 A 5 Veces Por Semana,Picante Chapín,Futbolmix
1465,18 - 24 Años,Masculino,Guatemala,3 A 5 Veces Por Semana,Picante Chapín,Mundialitos Queso Picante
1465,18 - 24 Años,Masculino,Guatemala,3 A 5 Veces Por Semana,Picante Chapín,Energy Crunch Protein
1466,25 - 34 Años,Femenino,Guatemala,3 A 5 Veces Por Semana,Chocolate,Gol Nachos Supreme
1466,25 - 34 Años,Femenino,Guatemala,3 A 5 Veces Por Semana,Chocolate,Caramel Goal Popcorn
1466,25 - 34 Años,Femenino,Guatemala,3 A 5 Veces Por Semana,Chocolate,Energy Crunch Protein
1467,35 - 44 Años,Masculino,Guatemala,Rara Vez,Limón,Energy Crunch Protein
1467,35 - 44 Años,Masculino,Guatemala,Rara Vez,Limón,Chocokick Bites
1468,18 - 24 Años,Femenino,El Progreso,1 A 2 Veces Por Semana,Queso,Mundialitos Queso Picante
1469,18 - 24 Años,Femenino,Escuintla,Varias Veces Al Mes,Caramelo,Caramel Goal Popcorn
1470,18 - 24 Años,Masculino,Guatemala,1 A 2 Veces Por Semana,Salado Tradicional,Crunchmax Bbq
1470,18 - 24 Años,Masculino,Guatemala,1 A 2 Veces Por Semana,Salado Tradicional,Gol Nachos Supreme
1470,18 - 24 Años,Masculino,Guatemala,1 A 2 Veces Por Semana,Salado Tradicional,Mundialitos Queso Picante
1471,25 - 34 Años,Femenino,Sacatepéquez,1 A 2 Veces Por Semana,Picante Chapín,Mundialitos Queso Picante
1471,25 - 34 Años,Femenino,Sacatepéquez,1 A 2 Veces Por Semana,Picante Chapín,Fan Chips Jalapeño
1471,25 - 34 Años,Femenino,Sacatepéquez,1 A 2 Veces Por Semana,Picante Chapín,Futbolmix
1472,45 - 54 Años,Femenino,Chimaltenango,Todos Los Días,Picante Chapín,Mundialitos Queso Picante
1472,45 - 54 Años,Femenino,Chimaltenango,Todos Los Días,Picante Chapín,Caramel Goal Popcorn
1473,45 - 54 Años,Femenino,Jalapa,Todos Los Días,Limón,Fan Chips Jalapeño
1473,45 - 54 Años,Femenino,Jalapa,Todos Los Días,Limón,Mundialitos Queso Picante
1474,18 - 24 Años,Femenino,Guatemala,3 A 5 Veces Por Semana,Salado Tradicional,Chocokick Bites
1474,18 - 24 Años,Femenino,Guatemala,3 A 5 Veces Por Semana,Salado Tradicional,Caramel Goal Popcorn
1474,18 - 24 Años,Femenino,Guatemala,3 A 5 Veces Por Semana,Salado Tradicional,Futbolmix
1475,25 - 34 Años,Femenino,Jalapa,Varias Veces Al Mes,Chocolate,Fan Chips Jalapeño
1476,25 - 34 Años,Masculino,Escuintla,1 A 2 Veces Por Semana,Limón,Hot Stadium Peanuts
1476,25 - 34 Años,Masculino,Escuintla,1 A 2 Veces Por Semana,Limón,Mundialitos Queso Picante
1477,18 - 24 Años,Femenino,Sololá,Varias Veces Al Mes,Chocolate,Mundialitos Queso Picante
1477,18 - 24 Años,Femenino,Sololá,Varias Veces Al Mes,Chocolate,Caramel Goal Popcorn
1478,25 - 34 Años,Masculino,Quetzaltenango,Todos Los Días,Salado Tradicional,Mundialitos Queso Picante
1478,25 - 34 Años,Masculino,Quetzaltenango,Todos Los Días,Salado Tradicional,Futbolmix
1478,25 - 34 Años,Masculino,Quetzaltenango,Todos Los Días,Salado Tradicional,Chocokick Bites
1479,25 - 34 Años,Masculino,Quetzaltenango,1 A 2 Veces Por Semana,Limón,Futbolmix
1480,18 - 24 Años,Femenino,Quetzaltenango,Todos Los Días,Dulce,Crunchmax Bbq
1482,25 - 34 Años,Masculino,Santa Rosa,1 A 2 Veces Por Semana,Salado Tradicional,Caramel Goal Popcorn
1483,55 Años O Más,Masculino,Guatemala,3 A 5 Veces Por Semana,Barbacoa,Fan Chips Jalapeño
1483,55 Años O Más,Masculino,Guatemala,3 A 5 Veces Por Semana,Barbacoa,Mundialitos Queso Picante
1483,55 Años O Más,Masculino,Guatemala,3 A 5 Veces Por Semana,Barbacoa,Chocokick Bites
1484,18 - 24 Años,Femenino,Guatemala,1 A 2 Veces Por Semana,Queso,Futbolmix
1484,18 - 24 Años,Femenino,Guatemala,1 A 2 Veces Por Semana,Queso,Chocokick Bites
1485,18 - 24 Años,Femenino,Guatemala,Varias Veces Al Mes,Jalapeño,Victory Pretzels
1485,18 - 24 Años,Femenino,Guatemala,Varias Veces Al Mes,Jalapeño,Caramel Goal Popcorn
1485,18 - 24 Años,Femenino,Guatemala,Varias Veces Al Mes,Jalapeño,Chocokick Bites
1486,Menos De 18 Años,Femenino,Santa Rosa,Varias Veces Al Mes,Limón,Crunchmax Bbq
1486,Menos De 18 Años,Femenino,Santa Rosa,Varias Veces Al Mes,Limón,Chocokick Bites
1487,18 - 24 Años,Femenino,Alta Verapaz,1 A 2 Veces Por Semana,Jalapeño,Victory Pretzels
1488,55 Años O Más,Femenino,Guatemala,Varias Veces Al Mes,Chocolate,Victory Pretzels
1488,55 Años O Más,Femenino,Guatemala,Varias Veces Al Mes,Chocolate,Hot Stadium Peanuts
1488,55 Años O Más,Femenino,Guatemala,Varias Veces Al Mes,Chocolate,Fan Chips Jalapeño
1489,45 - 54 Años,Masculino,Guatemala,Varias Veces Al Mes,Dulce,Crunchmax Bbq
1489,45 - 54 Años,Masculino,Guatemala,Varias Veces Al Mes,Dulce,Chocokick Bites
1489,45 - 54 Años,Masculino,Guatemala,Varias Veces Al Mes,Dulce,Mundialitos Queso Picante
1490,18 - 24 Años,Masculino,Guatemala,3 A 5 Veces Por Semana,Queso,Futbolmix
1490,18 - 24 Años,Masculino,Guatemala,3 A 5 Veces Por Semana,Queso,Victory Pretzels
1491,35 - 44 Años,Femenino,Guatemala,Todos Los Días,Queso,Crunchmax Bbq
1491,35 - 44 Años,Femenino,Guatemala,Todos Los Días,Queso,Caramel Goal Popcorn
1491,35 - 44 Años,Femenino,Guatemala,Todos Los Días,Queso,Fan Chips Jalapeño
1492,18 - 24 Años,Femenino,Sacatepéquez,Todos Los Días,Queso,Mundialitos Queso Picante
1492,18 - 24 Años,Femenino,Sacatepéquez,Todos Los Días,Queso,Futbolmix
1492,18 - 24 Años,Femenino,Sacatepéquez,Todos Los Días,Queso,Fan Chips Jalapeño
1493,Menos De 18 Años,Femenino,Quetzaltenango,Varias Veces Al Mes,Barbacoa,Caramel Goal Popcorn
1494,25 - 34 Años,Masculino,Chimaltenango,1 A 2 Veces Por Semana,Jalapeño,Crunchmax Bbq
1494,25 - 34 Años,Masculino,Chimaltenango,1 A 2 Veces Por Semana,Jalapeño,Hot Stadium Peanuts
1494,25 - 34 Años,Masculino,Chimaltenango,1 A 2 Veces Por Semana,Jalapeño,Caramel Goal Popcorn
1495,45 - 54 Años,Masculino,Chimaltenango,Todos Los Días,Salado Tradicional,Hot Stadium Peanuts
1496,Menos De 18 Años,Masculino,Quiché,Varias Veces Al Mes,Queso,Mundialitos Queso Picante
1497,35 - 44 Años,Femenino,Quetzaltenango,3 A 5 Veces Por Semana,Queso,Caramel Goal Popcorn
1497,35 - 44 Años,Femenino,Quetzaltenango,3 A 5 Veces Por Semana,Queso,Chocokick Bites
1498,Menos De 18 Años,Femenino,Guatemala,1 A 2 Veces Por Semana,Caramelo,Chocokick Bites
1499,35 - 44 Años,Femenino,Guatemala,3 A 5 Veces Por Semana,Barbacoa,Mundialitos Queso Picante
1500,18 - 24 Años,Femenino,Chimaltenango,Todos Los Días,Dulce,Hot Stadium Peanuts
1501,18 - 24 Años,Femenino,Guatemala,1 A 2 Veces Por Semana,Limón,Futbolmix
1502,18 - 24 Años,Femenino,Guatemala,1 A 2 Veces Por Semana,Picante Chapín,Caramel Goal Popcorn
1502,18 - 24 Años,Femenino,Guatemala,1 A 2 Veces Por Semana,Picante Chapín,Hot Stadium Peanuts
1502,18 - 24 Años,Femenino,Guatemala,1 A 2 Veces Por Semana,Picante Chapín,Energy Crunch Protein
1503,35 - 44 Años,Masculino,Guatemala,Todos Los Días,Picante Chapín,Fan Chips Jalapeño
1504,25 - 34 Años,Prefiero No Indicarlo,Escuintla,1 A 2 Veces Por Semana,Limón,Crunchmax Bbq
1504,25 - 34 Años,Prefiero No Indicarlo,Escuintla,1 A 2 Veces Por Semana,Limón,Mundialitos Queso Picante
1504,25 - 34 Años,Prefiero No Indicarlo,Escuintla,1 A 2 Veces Por Semana,Limón,Futbolmix
1505,25 - 34 Años,Femenino,Guatemala,Varias Veces Al Mes,Queso,Crunchmax Bbq
1506,45 - 54 Años,Prefiero No Indicarlo,Quetzaltenango,1 A 2 Veces Por Semana,Chocolate,Hot Stadium Peanuts
1506,45 - 54 Años,Prefiero No Indicarlo,Quetzaltenango,1 A 2 Veces Por Semana,Chocolate,Crunchmax Bbq
1506,45 - 54 Años,Prefiero No Indicarlo,Quetzaltenango,1 A 2 Veces Por Semana,Chocolate,Caramel Goal Popcorn
1507,25 - 34 Años,Masculino,Guatemala,Todos Los Días,Limón,Mundialitos Queso Picante
1508,18 - 24 Años,Masculino,Guatemala,Varias Veces Al Mes,Limón,Futbolmix
1508,18 - 24 Años,Masculino,Guatemala,Varias Veces Al Mes,Limón,Crunchmax Bbq
1508,18 - 24 Años,Masculino,Guatemala,Varias Veces Al Mes,Limón,Caramel Goal Popcorn
1509,Menos De 18 Años,Masculino,Sacatepéquez,Varias Veces Al Mes,Barbacoa,Gol Nachos Supreme
1509,Menos De 18 Años,Masculino,Sacatepéquez,Varias Veces Al Mes,Barbacoa,Mundialitos Queso Picante
1510,Menos De 18 Años,Femenino,Sacatepéquez,3 A 5 Veces Por Semana,Picante Chapín,Mundialitos Queso Picante
1511,45 - 54 Años,Masculino,Santa Rosa,1 A 2 Veces Por Semana,Queso,Victory Pretzels
1512,Menos De 18 Años,Masculino,Guatemala,Varias Veces Al Mes,Queso,Mundialitos Queso Picante
1512,Menos De 18 Años,Masculino,Guatemala,Varias Veces Al Mes,Queso,Fan Chips Jalapeño
1513,18 - 24 Años,Masculino,Huehuetenango,1 A 2 Veces Por Semana,Jalapeño,Gol Nachos Supreme
1514,35 - 44 Años,Masculino,Sacatepéquez,1 A 2 Veces Por Semana,Limón,Futbolmix
1514,35 - 44 Años,Masculino,Sacatepéquez,1 A 2 Veces Por Semana,Limón,Mundialitos Queso Picante
1515,35 - 44 Años,Masculino,Suchitepéquez,3 A 5 Veces Por Semana,,Chocokick Bites
1516,25 - 34 Años,Femenino,Guatemala,3 A 5 Veces Por Semana,Picante Chapín,Crunchmax Bbq
1517,25 - 34 Años,Masculino,Guatemala,Todos Los Días,Barbacoa,Fan Chips Jalapeño
1518,Menos De 18 Años,Masculino,Guatemala,1 A 2 Veces Por Semana,Jalapeño,Victory Pretzels
1518,Menos De 18 Años,Masculino,Guatemala,1 A 2 Veces Por Semana,Jalapeño,Hot Stadium Peanuts
1519,45 - 54 Años,Femenino,Guatemala,3 A 5 Veces Por Semana,Dulce,Gol Nachos Supreme
1519,45 - 54 Años,Femenino,Guatemala,3 A 5 Veces Por Semana,Dulce,Mundialitos Queso Picante
1519,45 - 54 Años,Femenino,Guatemala,3 A 5 Veces Por Semana,Dulce,Crunchmax Bbq
1520,Menos De 18 Años,Masculino,Guatemala,Rara Vez,Jalapeño,Fan Chips Jalapeño
1520,Menos De 18 Años,Masculino,Guatemala,Rara Vez,Jalapeño,Caramel Goal Popcorn
1521,18 - 24 Años,Femenino,Sacatepéquez,3 A 5 Veces Por Semana,Barbacoa,Mundialitos Queso Picante
1522,Menos De 18 Años,Masculino,El Progreso,3 A 5 Veces Por Semana,Limón,Gol Nachos Supreme
1522,Menos De 18 Años,Masculino,El Progreso,3 A 5 Veces Por Semana,Limón,Fan Chips Jalapeño
1523,25 - 34 Años,Masculino,Guatemala,Todos Los Días,Queso,Fan Chips Jalapeño
1523,25 - 34 Años,Masculino,Guatemala,Todos Los Días,Queso,Energy Crunch Protein
1524,25 - 34 Años,Masculino,Sacatepéquez,1 A 2 Veces Por Semana,Picante Chapín,Mundialitos Queso Picante
1524,25 - 34 Años,Masculino,Sacatepéquez,1 A 2 Veces Por Semana,Picante Chapín,Chocokick Bites
1524,25 - 34 Años,Masculino,Sacatepéquez,1 A 2 Veces Por Semana,Picante Chapín,Energy Crunch Protein
1525,18 - 24 Años,Femenino,Guatemala,Todos Los Días,Jalapeño,Chocokick Bites
1526,18 - 24 Años,Femenino,Retalhuleu,1 A 2 Veces Por Semana,Caramelo,Energy Crunch Protein
1526,18 - 24 Años,Femenino,Retalhuleu,1 A 2 Veces Por Semana,Caramelo,Crunchmax Bbq
1527,25 - 34 Años,Femenino,Chimaltenango,Varias Veces Al Mes,Jalapeño,Crunchmax Bbq
1527,25 - 34 Años,Femenino,Chimaltenango,Varias Veces Al Mes,Jalapeño,Gol Nachos Supreme
1527,25 - 34 Años,Femenino,Chimaltenango,Varias Veces Al Mes,Jalapeño,Futbolmix
1528,Menos De 18 Años,Masculino,Guatemala,1 A 2 Veces Por Semana,Barbacoa,Crunchmax Bbq
1529,45 - 54 Años,Prefiero No Indicarlo,Huehuetenango,Todos Los Días,Limón,Fan Chips Jalapeño
1529,45 - 54 Años,Prefiero No Indicarlo,Huehuetenango,Todos Los Días,Limón,Chocokick Bites
1529,45 - 54 Años,Prefiero No Indicarlo,Huehuetenango,Todos Los Días,Limón,Crunchmax Bbq
1530,18 - 24 Años,Masculino,Guatemala,Todos Los Días,Jalapeño,Mundialitos Queso Picante
1530,18 - 24 Años,Masculino,Guatemala,Todos Los Días,Jalapeño,Futbolmix
1531,35 - 44 Años,Masculino,Escuintla,3 A 5 Veces Por Semana,Chocolate,Fan Chips Jalapeño
1531,35 - 44 Años,Masculino,Escuintla,3 A 5 Veces Por Semana,Chocolate,Chocokick Bites
1531,35 - 44 Años,Masculino,Escuintla,3 A 5 Veces Por Semana,Chocolate,Futbolmix
1532,18 - 24 Años,Masculino,Guatemala,3 A 5 Veces Por Semana,Jalapeño,Mundialitos Queso Picante
1532,18 - 24 Años,Masculino,Guatemala,3 A 5 Veces Por Semana,Jalapeño,Caramel Goal Popcorn
1532,18 - 24 Años,Masculino,Guatemala,3 A 5 Veces Por Semana,Jalapeño,Hot Stadium Peanuts
1533,25 - 34 Años,Masculino,Alta Verapaz,1 A 2 Veces Por Semana,Limón,Caramel Goal Popcorn
1533,25 - 34 Años,Masculino,Alta Verapaz,1 A 2 Veces Por Semana,Limón,Mundialitos Queso Picante
1533,25 - 34 Años,Masculino,Alta Verapaz,1 A 2 Veces Por Semana,Limón,Futbolmix
1534,25 - 34 Años,Masculino,Guatemala,3 A 5 Veces Por Semana,Chocolate,Mundialitos Queso Picante
1535,18 - 24 Años,Femenino,Sacatepéquez,3 A 5 Veces Por Semana,Limón,Fan Chips Jalapeño
1535,18 - 24 Años,Femenino,Sacatepéquez,3 A 5 Veces Por Semana,Limón,Futbolmix
1536,25 - 34 Años,Masculino,Escuintla,Varias Veces Al Mes,Picante Chapín,Mundialitos Queso Picante
1536,25 - 34 Años,Masculino,Escuintla,Varias Veces Al Mes,Picante Chapín,Victory Pretzels
1537,35 - 44 Años,Femenino,Guatemala,Varias Veces Al Mes,Picante Chapín,Mundialitos Queso Picante
1537,35 - 44 Años,Femenino,Guatemala,Varias Veces Al Mes,Picante Chapín,Chocokick Bites
1537,35 - 44 Años,Femenino,Guatemala,Varias Veces Al Mes,Picante Chapín,Hot Stadium Peanuts
1538,25 - 34 Años,Femenino,Guatemala,3 A 5 Veces Por Semana,Salado Tradicional,Caramel Goal Popcorn
1538,25 - 34 Años,Femenino,Guatemala,3 A 5 Veces Por Semana,Salado Tradicional,Crunchmax Bbq
1539,18 - 24 Años,Masculino,Huehuetenango,Todos Los Días,Queso,Crunchmax Bbq
1539,18 - 24 Años,Masculino,Huehuetenango,Todos Los Días,Queso,Mundialitos Queso Picante
1539,18 - 24 Años,Masculino,Huehuetenango,Todos Los Días,Queso,Futbolmix
1540,25 - 34 Años,Femenino,Suchitepéquez,3 A 5 Veces Por Semana,Jalapeño,Victory Pretzels
1540,25 - 34 Años,Femenino,Suchitepéquez,3 A 5 Veces Por Semana,Jalapeño,Fan Chips Jalapeño
1540,25 - 34 Años,Femenino,Suchitepéquez,3 A 5 Veces Por Semana,Jalapeño,Caramel Goal Popcorn
1541,45 - 54 Años,Femenino,Guatemala,Varias Veces Al Mes,Limón,Victory Pretzels
1541,45 - 54 Años,Femenino,Guatemala,Varias Veces Al Mes,Limón,Fan Chips Jalapeño
1542,18 - 24 Años,Femenino,Quetzaltenango,1 A 2 Veces Por Semana,Jalapeño,Caramel Goal Popcorn
1542,18 - 24 Años,Femenino,Quetzaltenango,1 A 2 Veces Por Semana,Jalapeño,Victory Pretzels
1543,45 - 54 Años,Masculino,Alta Verapaz,3 A 5 Veces Por Semana,Jalapeño,Futbolmix
1544,18 - 24 Años,Femenino,Quetzaltenango,Rara Vez,Dulce,Crunchmax Bbq
1544,18 - 24 Años,Femenino,Quetzaltenango,Rara Vez,Dulce,Caramel Goal Popcorn
1545,Menos De 18 Años,Femenino,Chiquimula,1 A 2 Veces Por Semana,Picante Chapín,Fan Chips Jalapeño
1545,Menos De 18 Años,Femenino,Chiquimula,1 A 2 Veces Por Semana,Picante Chapín,Hot Stadium Peanuts
1546,35 - 44 Años,Masculino,Guatemala,1 A 2 Veces Por Semana,Chocolate,Caramel Goal Popcorn
1546,35 - 44 Años,Masculino,Guatemala,1 A 2 Veces Por Semana,Chocolate,Gol Nachos Supreme
1547,18 - 24 Años,Femenino,Guatemala,1 A 2 Veces Por Semana,,Fan Chips Jalapeño
1547,18 - 24 Años,Femenino,Guatemala,1 A 2 Veces Por Semana,,Mundialitos Queso Picante
1548,35 - 44 Años,Femenino,Guatemala,Varias Veces Al Mes,Queso,Crunchmax Bbq
1549,18 - 24 Años,Masculino,Xela,3 A 5 Veces Por Semana,Caramelo,Chocokick Bites
1550,25 - 34 Años,Femenino,Guatemala,1 A 2 Veces Por Semana,Salado Tradicional,Gol Nachos Supreme
1550,25 - 34 Años,Femenino,Guatemala,1 A 2 Veces Por Semana,Salado Tradicional,Caramel Goal Popcorn
1551,18 - 24 Años,Femenino,Quiché,Varias Veces Al Mes,Queso,Caramel Goal Popcorn
1551,18 - 24 Años,Femenino,Quiché,Varias Veces Al Mes,Queso,Gol Nachos Supreme
1552,Menos De 18 Años,Masculino,Quetzaltenango,3 A 5 Veces Por Semana,Limón,Crunchmax Bbq
1553,25 - 34 Años,Prefiero No Indicarlo,Retalhuleu,3 A 5 Veces Por Semana,Queso,Crunchmax Bbq
1554,18 - 24 Años,Masculino,Guatemala,Rara Vez,Chocolate,Chocokick Bites
1555,45 - 54 Años,Femenino,Guatemala,Varias Veces Al Mes,Limón,Mundialitos Queso Picante
1556,Menos De 18 Años,Masculino,Jalapa,3 A 5 Veces Por Semana,Jalapeño,Hot Stadium Peanuts
1556,Menos De 18 Años,Masculino,Jalapa,3 A 5 Veces Por Semana,Jalapeño,Fan Chips Jalapeño
1557,18 - 24 Años,Femenino,Guatemala,3 A 5 Veces Por Semana,Chocolate,Chocokick Bites
1557,18 - 24 Años,Femenino,Guatemala,3 A 5 Veces Por Semana,Chocolate,Gol Nachos Supreme
1558,45 - 54 Años,Femenino,Guatemala,3 A 5 Veces Por Semana,Barbacoa,Futbolmix
1558,45 - 54 Años,Femenino,Guatemala,3 A 5 Veces Por Semana,Barbacoa,Mundialitos Queso Picante
1559,45 - 54 Años,Masculino,Totonicapán,3 A 5 Veces Por Semana,Salado Tradicional,Caramel Goal Popcorn
1559,45 - 54 Años,Masculino,Totonicapán,3 A 5 Veces Por Semana,Salado Tradicional,Fan Chips Jalapeño
1559,45 - 54 Años,Masculino,Totonicapán,3 A 5 Veces Por Semana,Salado Tradicional,Energy Crunch Protein
1560,25 - 34 Años,Masculino,Guatemala,1 A 2 Veces Por Semana,Chocolate,Mundialitos Queso Picante
1560,25 - 34 Años,Masculino,Guatemala,1 A 2 Veces Por Semana,Chocolate,Gol Nachos Supreme
1561,35 - 44 Años,Femenino,Zacapa,3 A 5 Veces Por Semana,Picante Chapín,Chocokick Bites
1561,35 - 44 Años,Femenino,Zacapa,3 A 5 Veces Por Semana,Picante Chapín,Crunchmax Bbq
1562,35 - 44 Años,Femenino,Baja Verapaz,1 A 2 Veces Por Semana,Picante Chapín,Chocokick Bites
1563,25 - 34 Años,Femenino,Quetzaltenango,Todos Los Días,Jalapeño,Fan Chips Jalapeño
1564,25 - 34 Años,Masculino,Quetzaltenango,3 A 5 Veces Por Semana,Picante Chapín,Chocokick Bites
1564,25 - 34 Años,Masculino,Quetzaltenango,3 A 5 Veces Por Semana,Picante Chapín,Futbolmix
1565,35 - 44 Años,Masculino,Guatemala,1 A 2 Veces Por Semana,Queso,Chocokick Bites
1565,35 - 44 Años,Masculino,Guatemala,1 A 2 Veces Por Semana,Queso,Crunchmax Bbq
1566,25 - 34 Años,Femenino,Quetzaltenango,3 A 5 Veces Por Semana,Chocolate,Victory Pretzels
1566,25 - 34 Años,Femenino,Quetzaltenango,3 A 5 Veces Por Semana,Chocolate,Hot Stadium Peanuts
1566,25 - 34 Años,Femenino,Quetzaltenango,3 A 5 Veces Por Semana,Chocolate,Gol Nachos Supreme
1567,18 - 24 Años,Femenino,Chimaltenango,Rara Vez,Picante Chapín,Fan Chips Jalapeño
1568,45 - 54 Años,Masculino,Guatemala,Varias Veces Al Mes,Salado Tradicional,Chocokick Bites
1568,45 - 54 Años,Masculino,Guatemala,Varias Veces Al Mes,Salado Tradicional,Victory Pretzels
1569,18 - 24 Años,Femenino,Sacatepéquez,3 A 5 Veces Por Semana,Picante Chapín,Crunchmax Bbq
1569,18 - 24 Años,Femenino,Sacatepéquez,3 A 5 Veces Por Semana,Picante Chapín,Caramel Goal Popcorn
1570,18 - 24 Años,Masculino,Guatemala,Todos Los Días,Limón,Hot Stadium Peanuts
1571,25 - 34 Años,Masculino,Suchitepéquez,1 A 2 Veces Por Semana,Barbacoa,Futbolmix
1571,25 - 34 Años,Masculino,Suchitepéquez,1 A 2 Veces Por Semana,Barbacoa,Crunchmax Bbq
1571,25 - 34 Años,Masculino,Suchitepéquez,1 A 2 Veces Por Semana,Barbacoa,Gol Nachos Supreme
1572,Menos De 18 Años,Masculino,Quetzaltenango,3 A 5 Veces Por Semana,Limón,Gol Nachos Supreme
1572,Menos De 18 Años,Masculino,Quetzaltenango,3 A 5 Veces Por Semana,Limón,Hot Stadium Peanuts
1572,Menos De 18 Años,Masculino,Quetzaltenango,3 A 5 Veces Por Semana,Limón,Fan Chips Jalapeño
1573,25 - 34 Años,Masculino,Chiquimula,3 A 5 Veces Por Semana,Barbacoa,Mundialitos Queso Picante
1573,25 - 34 Años,Masculino,Chiquimula,3 A 5 Veces Por Semana,Barbacoa,Victory Pretzels
1574,18 - 24 Años,Femenino,Guatemala,Varias Veces Al Mes,Limón,Mundialitos Queso Picante
1575,25 - 34 Años,Masculino,Escuintla,1 A 2 Veces Por Semana,Queso,Crunchmax Bbq
1576,25 - 34 Años,Femenino,Sacatepéquez,1 A 2 Veces Por Semana,Salado Tradicional,Mundialitos Queso Picante
1577,25 - 34 Años,Femenino,Guatemala,3 A 5 Veces Por Semana,Limón,Fan Chips Jalapeño
1577,25 - 34 Años,Femenino,Guatemala,3 A 5 Veces Por Semana,Limón,Futbolmix
1578,18 - 24 Años,Masculino,El Progreso,3 A 5 Veces Por Semana,Chocolate,Gol Nachos Supreme
1579,Menos De 18 Años,Masculino,Guatemala,1 A 2 Veces Por Semana,Salado Tradicional,Hot Stadium Peanuts
1579,Menos De 18 Años,Masculino,Guatemala,1 A 2 Veces Por Semana,Salado Tradicional,Gol Nachos Supreme
1580,25 - 34 Años,Masculino,Jalapa,3 A 5 Veces Por Semana,Jalapeño,Hot Stadium Peanuts
1580,25 - 34 Años,Masculino,Jalapa,3 A 5 Veces Por Semana,Jalapeño,Crunchmax Bbq
1581,18 - 24 Años,Femenino,Chimaltenango,1 A 2 Veces Por Semana,Barbacoa,Caramel Goal Popcorn
1581,18 - 24 Años,Femenino,Chimaltenango,1 A 2 Veces Por Semana,Barbacoa,Chocokick Bites
1582,25 - 34 Años,Masculino,Sacatepéquez,1 A 2 Veces Por Semana,Queso,Mundialitos Queso Picante
1582,25 - 34 Años,Masculino,Sacatepéquez,1 A 2 Veces Por Semana,Queso,Gol Nachos Supreme
1583,18 - 24 Años,Femenino,Guatemala,3 A 5 Veces Por Semana,Jalapeño,Mundialitos Queso Picante
1583,18 - 24 Años,Femenino,Guatemala,3 A 5 Veces Por Semana,Jalapeño,Caramel Goal Popcorn
1584,25 - 34 Años,Masculino,Guatemala,1 A 2 Veces Por Semana,Caramelo,Gol Nachos Supreme
1584,25 - 34 Años,Masculino,Guatemala,1 A 2 Veces Por Semana,Caramelo,Chocokick Bites
1584,25 - 34 Años,Masculino,Guatemala,1 A 2 Veces Por Semana,Caramelo,Mundialitos Queso Picante
1585,35 - 44 Años,Masculino,Escuintla,3 A 5 Veces Por Semana,Barbacoa,Caramel Goal Popcorn
1586,45 - 54 Años,Femenino,Guatemala,Varias Veces Al Mes,,Victory Pretzels
1587,Menos De 18 Años,Prefiero No Indicarlo,Guatemala,Varias Veces Al Mes,Picante Chapín,Futbolmix
1588,35 - 44 Años,Masculino,Retalhuleu,Todos Los Días,Jalapeño,Mundialitos Queso Picante
1589,35 - 44 Años,Masculino,Guatemala,1 A 2 Veces Por Semana,Jalapeño,Energy Crunch Protein
1589,35 - 44 Años,Masculino,Guatemala,1 A 2 Veces Por Semana,Jalapeño,Crunchmax Bbq
1590,35 - 44 Años,Femenino,Guatemala,1 A 2 Veces Por Semana,Queso,Chocokick Bites
1591,18 - 24 Años,Masculino,Chimaltenango,Varias Veces Al Mes,Limón,Gol Nachos Supreme
1591,18 - 24 Años,Masculino,Chimaltenango,Varias Veces Al Mes,Limón,Crunchmax Bbq
1592,25 - 34 Años,Femenino,Escuintla,3 A 5 Veces Por Semana,Caramelo,Fan Chips Jalapeño
1592,25 - 34 Años,Femenino,Escuintla,3 A 5 Veces Por Semana,Caramelo,Gol Nachos Supreme
1592,25 - 34 Años,Femenino,Escuintla,3 A 5 Veces Por Semana,Caramelo,Crunchmax Bbq
1593,18 - 24 Años,Femenino,Quetzaltenango,Todos Los Días,Picante Chapín,Victory Pretzels
1593,18 - 24 Años,Femenino,Quetzaltenango,Todos Los Días,Picante Chapín,Crunchmax Bbq
1594,18 - 24 Años,Masculino,Guatemala,3 A 5 Veces Por Semana,Queso,Futbolmix
1594,18 - 24 Años,Masculino,Guatemala,3 A 5 Veces Por Semana,Queso,Gol Nachos Supreme
1596,25 - 34 Años,Femenino,Huehuetenango,3 A 5 Veces Por Semana,Limón,Fan Chips Jalapeño
1597,35 - 44 Años,Femenino,Chiquimula,3 A 5 Veces Por Semana,Queso,Gol Nachos Supreme
1597,35 - 44 Años,Femenino,Chiquimula,3 A 5 Veces Por Semana,Queso,Crunchmax Bbq
1597,35 - 44 Años,Femenino,Chiquimula,3 A 5 Veces Por Semana,Queso,Fan Chips Jalapeño
1598,18 - 24 Años,Femenino,Guatemala,Varias Veces Al Mes,Picante Chapín,Mundialitos Queso Picante
1599,25 - 34 Años,Masculino,Escuintla,Rara Vez,Picante Chapín,Chocokick Bites
1599,25 - 34 Años,Masculino,Escuintla,Rara Vez,Picante Chapín,Crunchmax Bbq
1600,Menos De 18 Años,Femenino,Guatemala,1 A 2 Veces Por Semana,Salado Tradicional,Futbolmix
1601,18 - 24 Años,Masculino,Chimaltenango,Todos Los Días,Dulce,Fan Chips Jalapeño
1601,18 - 24 Años,Masculino,Chimaltenango,Todos Los Días,Dulce,Hot Stadium Peanuts
1601,18 - 24 Años,Masculino,Chimaltenango,Todos Los Días,Dulce,Energy Crunch Protein
1602,Menos De 18 Años,Femenino,Guatemala,3 A 5 Veces Por Semana,Picante Chapín,Mundialitos Queso Picante
1602,Menos De 18 Años,Femenino,Guatemala,3 A 5 Veces Por Semana,Picante Chapín,Crunchmax Bbq
1603,25 - 34 Años,Femenino,Escuintla,Todos Los Días,Picante Chapín,Caramel Goal Popcorn
1604,35 - 44 Años,Femenino,Alta Verapaz,3 A 5 Veces Por Semana,Barbacoa,Crunchmax Bbq
1604,35 - 44 Años,Femenino,Alta Verapaz,3 A 5 Veces Por Semana,Barbacoa,Gol Nachos Supreme
1605,Menos De 18 Años,Femenino,Guatemala,Todos Los Días,Queso,Mundialitos Queso Picante
1606,45 - 54 Años,Femenino,Izabal,1 A 2 Veces Por Semana,Jalapeño,Gol Nachos Supreme
1606,45 - 54 Años,Femenino,Izabal,1 A 2 Veces Por Semana,Jalapeño,Mundialitos Queso Picante
1607,25 - 34 Años,Femenino,Guatemala,Todos Los Días,Picante Chapín,Mundialitos Queso Picante
1607,25 - 34 Años,Femenino,Guatemala,Todos Los Días,Picante Chapín,Crunchmax Bbq
1607,25 - 34 Años,Femenino,Guatemala,Todos Los Días,Picante Chapín,Chocokick Bites
1608,25 - 34 Años,Femenino,Guatemala,Varias Veces Al Mes,Dulce,Mundialitos Queso Picante
1608,25 - 34 Años,Femenino,Guatemala,Varias Veces Al Mes,Dulce,Hot Stadium Peanuts
1608,25 - 34 Años,Femenino,Guatemala,Varias Veces Al Mes,Dulce,Energy Crunch Protein
1609,45 - 54 Años,Femenino,Huehuetenango,Varias Veces Al Mes,Dulce,Crunchmax Bbq
1610,45 - 54 Años,Masculino,Guatemala,Varias Veces Al Mes,Dulce,Gol Nachos Supreme
1610,45 - 54 Años,Masculino,Guatemala,Varias Veces Al Mes,Dulce,Caramel Goal Popcorn
1611,45 - 54 Años,Femenino,Chimaltenango,1 A 2 Veces Por Semana,Dulce,Mundialitos Queso Picante
1611,45 - 54 Años,Femenino,Chimaltenango,1 A 2 Veces Por Semana,Dulce,Energy Crunch Protein
1612,25 - 34 Años,Masculino,Petén,1 A 2 Veces Por Semana,Jalapeño,Hot Stadium Peanuts
1612,25 - 34 Años,Masculino,Petén,1 A 2 Veces Por Semana,Jalapeño,Futbolmix
1613,25 - 34 Años,Femenino,Guatemala,3 A 5 Veces Por Semana,Chocolate,Chocokick Bites
1614,45 - 54 Años,Femenino,Escuintla,Todos Los Días,Barbacoa,Crunchmax Bbq
1615,18 - 24 Años,Femenino,Guatemala,3 A 5 Veces Por Semana,Barbacoa,Hot Stadium Peanuts
1616,18 - 24 Años,Masculino,Quetzaltenango,3 A 5 Veces Por Semana,Barbacoa,Hot Stadium Peanuts
1616,18 - 24 Años,Masculino,Quetzaltenango,3 A 5 Veces Por Semana,Barbacoa,Futbolmix
1616,18 - 24 Años,Masculino,Quetzaltenango,3 A 5 Veces Por Semana,Barbacoa,Victory Pretzels
1617,35 - 44 Años,Femenino,Jalapa,Todos Los Días,Picante Chapín,Caramel Goal Popcorn
1618,Menos De 18 Años,Masculino,Chimaltenango,Todos Los Días,Barbacoa,Fan Chips Jalapeño
1618,Menos De 18 Años,Masculino,Chimaltenango,Todos Los Días,Barbacoa,Gol Nachos Supreme
1618,Menos De 18 Años,Masculino,Chimaltenango,Todos Los Días,Barbacoa,Crunchmax Bbq
1619,25 - 34 Años,Femenino,Guatemala,3 A 5 Veces Por Semana,Barbacoa,Gol Nachos Supreme
1620,45 - 54 Años,Masculino,Escuintla,3 A 5 Veces Por Semana,Limón,Energy Crunch Protein
1621,18 - 24 Años,Femenino,Guatemala,Rara Vez,Salado Tradicional,Gol Nachos Supreme
1621,18 - 24 Años,Femenino,Guatemala,Rara Vez,Salado Tradicional,Crunchmax Bbq
1622,25 - 34 Años,Femenino,Guatemala,3 A 5 Veces Por Semana,Jalapeño,Fan Chips Jalapeño
1622,25 - 34 Años,Femenino,Guatemala,3 A 5 Veces Por Semana,Jalapeño,Mundialitos Queso Picante
1623,18 - 24 Años,Femenino,Guatemala,3 A 5 Veces Por Semana,Jalapeño,Victory Pretzels
1623,18 - 24 Años,Femenino,Guatemala,3 A 5 Veces Por Semana,Jalapeño,Futbolmix
1623,18 - 24 Años,Femenino,Guatemala,3 A 5 Veces Por Semana,Jalapeño,Crunchmax Bbq
1624,18 - 24 Años,Masculino,Guatemala,3 A 5 Veces Por Semana,Chocolate,Mundialitos Queso Picante
1625,18 - 24 Años,Masculino,Guatemala,1 A 2 Veces Por Semana,Barbacoa,Crunchmax Bbq
1626,Menos De 18 Años,Masculino,Guatemala,3 A 5 Veces Por Semana,Chocolate,Fan Chips Jalapeño
1626,Menos De 18 Años,Masculino,Guatemala,3 A 5 Veces Por Semana,Chocolate,Mundialitos Queso Picante
1626,Menos De 18 Años,Masculino,Guatemala,3 A 5 Veces Por Semana,Chocolate,Caramel Goal Popcorn
1627,45 - 54 Años,Femenino,Petén,Todos Los Días,Jalapeño,Fan Chips Jalapeño
1628,45 - 54 Años,Masculino,Sololá,3 A 5 Veces Por Semana,Jalapeño,Gol Nachos Supreme
1629,25 - 34 Años,Masculino,Guatemala,1 A 2 Veces Por Semana,Barbacoa,Crunchmax Bbq
1629,25 - 34 Años,Masculino,Guatemala,1 A 2 Veces Por Semana,Barbacoa,Mundialitos Queso Picante
1630,35 - 44 Años,Femenino,Zacapa,1 A 2 Veces Por Semana,Picante Chapín,Crunchmax Bbq
1630,35 - 44 Años,Femenino,Zacapa,1 A 2 Veces Por Semana,Picante Chapín,Hot Stadium Peanuts
1630,35 - 44 Años,Femenino,Zacapa,1 A 2 Veces Por Semana,Picante Chapín,Energy Crunch Protein
1631,25 - 34 Años,Femenino,Guatemala,Varias Veces Al Mes,Picante Chapín,Futbolmix
1631,25 - 34 Años,Femenino,Guatemala,Varias Veces Al Mes,Picante Chapín,Gol Nachos Supreme
1632,55 Años O Más,Masculino,Chimaltenango,1 A 2 Veces Por Semana,Chocolate,Mundialitos Queso Picante
1632,55 Años O Más,Masculino,Chimaltenango,1 A 2 Veces Por Semana,Chocolate,Caramel Goal Popcorn
1632,55 Años O Más,Masculino,Chimaltenango,1 A 2 Veces Por Semana,Chocolate,Futbolmix
1633,18 - 24 Años,Femenino,Guatemala,1 A 2 Veces Por Semana,Limón,Mundialitos Queso Picante
1633,18 - 24 Años,Femenino,Guatemala,1 A 2 Veces Por Semana,Limón,Chocokick Bites
1633,18 - 24 Años,Femenino,Guatemala,1 A 2 Veces Por Semana,Limón,Gol Nachos Supreme
1634,18 - 24 Años,Femenino,Guatemala,3 A 5 Veces Por Semana,Picante Chapín,Mundialitos Queso Picante
1634,18 - 24 Años,Femenino,Guatemala,3 A 5 Veces Por Semana,Picante Chapín,Gol Nachos Supreme
1634,18 - 24 Años,Femenino,Guatemala,3 A 5 Veces Por Semana,Picante Chapín,Hot Stadium Peanuts
1635,18 - 24 Años,Femenino,Guatemala,Rara Vez,Barbacoa,Gol Nachos Supreme
1635,18 - 24 Años,Femenino,Guatemala,Rara Vez,Barbacoa,Crunchmax Bbq
1635,18 - 24 Años,Femenino,Guatemala,Rara Vez,Barbacoa,Energy Crunch Protein
1636,35 - 44 Años,Femenino,Guatemala,Todos Los Días,Picante Chapín,Crunchmax Bbq
1637,35 - 44 Años,Masculino,Escuintla,Todos Los Días,Barbacoa,Chocokick Bites
1637,35 - 44 Años,Masculino,Escuintla,Todos Los Días,Barbacoa,Fan Chips Jalapeño
1638,18 - 24 Años,Femenino,Guatemala,Varias Veces Al Mes,Dulce,Crunchmax Bbq
1639,25 - 34 Años,Femenino,Alta Verapaz,1 A 2 Veces Por Semana,Queso,Fan Chips Jalapeño
1640,25 - 34 Años,Prefiero No Indicarlo,Chimaltenango,1 A 2 Veces Por Semana,Barbacoa,Crunchmax Bbq
1641,25 - 34 Años,Masculino,Guatemala,Todos Los Días,Picante Chapín,Caramel Goal Popcorn
1642,35 - 44 Años,Femenino,Guatemala,Rara Vez,Chocolate,Mundialitos Queso Picante
1643,18 - 24 Años,Femenino,Guatemala,Varias Veces Al Mes,Barbacoa,Caramel Goal Popcorn
1643,18 - 24 Años,Femenino,Guatemala,Varias Veces Al Mes,Barbacoa,Mundialitos Queso Picante
1644,25 - 34 Años,Masculino,Zacapa,3 A 5 Veces Por Semana,Limón,Chocokick Bites
1645,Menos De 18 Años,Femenino,Escuintla,1 A 2 Veces Por Semana,Queso,Caramel Goal Popcorn
1646,25 - 34 Años,Masculino,Guatemala,Rara Vez,Barbacoa,Futbolmix
1646,25 - 34 Años,Masculino,Guatemala,Rara Vez,Barbacoa,Crunchmax Bbq
1647,55 Años O Más,Femenino,Guatemala,3 A 5 Veces Por Semana,Jalapeño,Chocokick Bites
1647,55 Años O Más,Femenino,Guatemala,3 A 5 Veces Por Semana,Jalapeño,Caramel Goal Popcorn
1648,35 - 44 Años,Femenino,Sololá,3 A 5 Veces Por Semana,Queso,Futbolmix
1648,35 - 44 Años,Femenino,Sololá,3 A 5 Veces Por Semana,Queso,Mundialitos Queso Picante
1648,35 - 44 Años,Femenino,Sololá,3 A 5 Veces Por Semana,Queso,Hot Stadium Peanuts
1649,35 - 44 Años,Masculino,Jalapa,Todos Los Días,Barbacoa,Caramel Goal Popcorn
1649,35 - 44 Años,Masculino,Jalapa,Todos Los Días,Barbacoa,Chocokick Bites
1649,35 - 44 Años,Masculino,Jalapa,Todos Los Días,Barbacoa,Mundialitos Queso Picante
1650,35 - 44 Años,Femenino,Guatemala,Todos Los Días,Queso,Victory Pretzels
1650,35 - 44 Años,Femenino,Guatemala,Todos Los Días,Queso,Gol Nachos Supreme
1651,35 - 44 Años,Masculino,Huehuetenango,1 A 2 Veces Por Semana,Picante Chapín,Futbolmix
1652,25 - 34 Años,Masculino,Guatemala,3 A 5 Veces Por Semana,Chocolate,Hot Stadium Peanuts
1652,25 - 34 Años,Masculino,Guatemala,3 A 5 Veces Por Semana,Chocolate,Mundialitos Queso Picante
1652,25 - 34 Años,Masculino,Guatemala,3 A 5 Veces Por Semana,Chocolate,Fan Chips Jalapeño
1653,35 - 44 Años,Masculino,Guatemala,Varias Veces Al Mes,Picante Chapín,Crunchmax Bbq
1653,35 - 44 Años,Masculino,Guatemala,Varias Veces Al Mes,Picante Chapín,Futbolmix
1654,Menos De 18 Años,Masculino,San Marcos,1 A 2 Veces Por Semana,Queso,Crunchmax Bbq
1654,Menos De 18 Años,Masculino,San Marcos,1 A 2 Veces Por Semana,Queso,Caramel Goal Popcorn
1654,Menos De 18 Años,Masculino,San Marcos,1 A 2 Veces Por Semana,Queso,Mundialitos Queso Picante
1655,35 - 44 Años,Femenino,Quetzaltenango,3 A 5 Veces Por Semana,Barbacoa,Mundialitos Queso Picante
1655,35 - 44 Años,Femenino,Quetzaltenango,3 A 5 Veces Por Semana,Barbacoa,Victory Pretzels
1655,35 - 44 Años,Femenino,Quetzaltenango,3 A 5 Veces Por Semana,Barbacoa,Caramel Goal Popcorn
1656,18 - 24 Años,Masculino,Guatemala,1 A 2 Veces Por Semana,Barbacoa,Mundialitos Queso Picante
1656,18 - 24 Años,Masculino,Guatemala,1 A 2 Veces Por Semana,Barbacoa,Caramel Goal Popcorn
1656,18 - 24 Años,Masculino,Guatemala,1 A 2 Veces Por Semana,Barbacoa,Crunchmax Bbq
1657,18 - 24 Años,Masculino,Jalapa,Varias Veces Al Mes,Salado Tradicional,Chocokick Bites
1658,25 - 34 Años,Femenino,Totonicapán,Todos Los Días,Salado Tradicional,Hot Stadium Peanuts
1658,25 - 34 Años,Femenino,Totonicapán,Todos Los Días,Salado Tradicional,Chocokick Bites
1659,18 - 24 Años,Femenino,Totonicapán,1 A 2 Veces Por Semana,Picante Chapín,Gol Nachos Supreme
1659,18 - 24 Años,Femenino,Totonicapán,1 A 2 Veces Por Semana,Picante Chapín,Victory Pretzels
1659,18 - 24 Años,Femenino,Totonicapán,1 A 2 Veces Por Semana,Picante Chapín,Crunchmax Bbq
1660,18 - 24 Años,Femenino,Baja Verapaz,1 A 2 Veces Por Semana,Queso,Caramel Goal Popcorn
1660,18 - 24 Años,Femenino,Baja Verapaz,1 A 2 Veces Por Semana,Queso,Futbolmix
1661,Menos De 18 Años,Femenino,Escuintla,1 A 2 Veces Por Semana,Limón,Caramel Goal Popcorn
1661,Menos De 18 Años,Femenino,Escuintla,1 A 2 Veces Por Semana,Limón,Energy Crunch Protein
1662,35 - 44 Años,Masculino,Zacapa,1 A 2 Veces Por Semana,Chocolate,Victory Pretzels
1662,35 - 44 Años,Masculino,Zacapa,1 A 2 Veces Por Semana,Chocolate,Gol Nachos Supreme
1662,35 - 44 Años,Masculino,Zacapa,1 A 2 Veces Por Semana,Chocolate,Fan Chips Jalapeño
1663,18 - 24 Años,Femenino,Guatemala,3 A 5 Veces Por Semana,Picante Chapín,Crunchmax Bbq
1664,35 - 44 Años,Femenino,Guatemala,1 A 2 Veces Por Semana,Jalapeño,Crunchmax Bbq
1664,35 - 44 Años,Femenino,Guatemala,1 A 2 Veces Por Semana,Jalapeño,Gol Nachos Supreme
1664,35 - 44 Años,Femenino,Guatemala,1 A 2 Veces Por Semana,Jalapeño,Mundialitos Queso Picante
1665,25 - 34 Años,Masculino,Sololá,3 A 5 Veces Por Semana,Dulce,Mundialitos Queso Picante
1665,25 - 34 Años,Masculino,Sololá,3 A 5 Veces Por Semana,Dulce,Futbolmix
1666,35 - 44 Años,Femenino,Izabal,Todos Los Días,Queso,Caramel Goal Popcorn
1667,25 - 34 Años,Masculino,Guate,Varias Veces Al Mes,Caramelo,Futbolmix
1667,25 - 34 Años,Masculino,Guate,Varias Veces Al Mes,Caramelo,Caramel Goal Popcorn
1667,25 - 34 Años,Masculino,Guate,Varias Veces Al Mes,Caramelo,Gol Nachos Supreme
1668,35 - 44 Años,Femenino,San Marcos,Varias Veces Al Mes,Limón,Futbolmix
1668,35 - 44 Años,Femenino,San Marcos,Varias Veces Al Mes,Limón,Gol Nachos Supreme
1669,25 - 34 Años,Masculino,Guatemala,3 A 5 Veces Por Semana,Limón,Fan Chips Jalapeño
1669,25 - 34 Años,Masculino,Guatemala,3 A 5 Veces Por Semana,Limón,Gol Nachos Supreme
1669,25 - 34 Años,Masculino,Guatemala,3 A 5 Veces Por Semana,Limón,Chocokick Bites
1670,35 - 44 Años,Femenino,Guate,1 A 2 Veces Por Semana,Queso,Victory Pretzels
1671,35 - 44 Años,Masculino,Chimaltenango,1 A 2 Veces Por Semana,Jalapeño,Mundialitos Queso Picante
1671,35 - 44 Años,Masculino,Chimaltenango,1 A 2 Veces Por Semana,Jalapeño,Chocokick Bites
1671,35 - 44 Años,Masculino,Chimaltenango,1 A 2 Veces Por Semana,Jalapeño,Futbolmix
1672,25 - 34 Años,Femenino,Escuintla,Varias Veces Al Mes,Barbacoa,Futbolmix
1672,25 - 34 Años,Femenino,Escuintla,Varias Veces Al Mes,Barbacoa,Hot Stadium Peanuts
1673,Menos De 18 Años,Femenino,Guatemala,Varias Veces Al Mes,Dulce,Energy Crunch Protein
1674,35 - 44 Años,Femenino,Guatemala,Varias Veces Al Mes,Queso,Futbolmix
1674,35 - 44 Años,Femenino,Guatemala,Varias Veces Al Mes,Queso,Crunchmax Bbq
1675,25 - 34 Años,Femenino,Guatemala,Todos Los Días,Limón,Caramel Goal Popcorn
1676,45 - 54 Años,Femenino,Sacatepéquez,3 A 5 Veces Por Semana,Picante Chapín,Futbolmix
1676,45 - 54 Años,Femenino,Sacatepéquez,3 A 5 Veces Por Semana,Picante Chapín,Hot Stadium Peanuts
1677,25 - 34 Años,Femenino,Suchitepéquez,Varias Veces Al Mes,Limón,Victory Pretzels
1677,25 - 34 Años,Femenino,Suchitepéquez,Varias Veces Al Mes,Limón,Mundialitos Queso Picante
1678,25 - 34 Años,Masculino,Quetzaltenango,3 A 5 Veces Por Semana,Barbacoa,Mundialitos Queso Picante
1679,18 - 24 Años,Masculino,Quetzaltenango,1 A 2 Veces Por Semana,Jalapeño,Gol Nachos Supreme
1679,18 - 24 Años,Masculino,Quetzaltenango,1 A 2 Veces Por Semana,Jalapeño,Futbolmix
1679,18 - 24 Años,Masculino,Quetzaltenango,1 A 2 Veces Por Semana,Jalapeño,Energy Crunch Protein
1680,55 Años O Más,Masculino,Guate,1 A 2 Veces Por Semana,Dulce,Crunchmax Bbq
1680,55 Años O Más,Masculino,Guate,1 A 2 Veces Por Semana,Dulce,Victory Pretzels
1680,55 Años O Más,Masculino,Guate,1 A 2 Veces Por Semana,Dulce,Chocokick Bites
1681,35 - 44 Años,Femenino,Guatemala,3 A 5 Veces Por Semana,Barbacoa,Crunchmax Bbq
1681,35 - 44 Años,Femenino,Guatemala,3 A 5 Veces Por Semana,Barbacoa,Victory Pretzels
1682,18 - 24 Años,Masculino,Guatemala,Rara Vez,Dulce,Fan Chips Jalapeño
1683,25 - 34 Años,Masculino,Guatemala,3 A 5 Veces Por Semana,Picante Chapín,Fan Chips Jalapeño
1683,25 - 34 Años,Masculino,Guatemala,3 A 5 Veces Por Semana,Picante Chapín,Victory Pretzels
1683,25 - 34 Años,Masculino,Guatemala,3 A 5 Veces Por Semana,Picante Chapín,Mundialitos Queso Picante
1684,Menos De 18 Años,Masculino,Guatemala,Todos Los Días,Picante Chapín,Gol Nachos Supreme
1685,25 - 34 Años,Masculino,Chimaltenango,3 A 5 Veces Por Semana,Limón,Chocokick Bites
1686,Menos De 18 Años,Masculino,Guatemala,1 A 2 Veces Por Semana,Dulce,Chocokick Bites
1686,Menos De 18 Años,Masculino,Guatemala,1 A 2 Veces Por Semana,Dulce,Energy Crunch Protein
1687,25 - 34 Años,Femenino,Retalhuleu,1 A 2 Veces Por Semana,Chocolate,Futbolmix
1687,25 - 34 Años,Femenino,Retalhuleu,1 A 2 Veces Por Semana,Chocolate,Energy Crunch Protein
1688,25 - 34 Años,Femenino,Chiquimula,Todos Los Días,Barbacoa,Crunchmax Bbq
1688,25 - 34 Años,Femenino,Chiquimula,Todos Los Días,Barbacoa,Futbolmix
1688,25 - 34 Años,Femenino,Chiquimula,Todos Los Días,Barbacoa,Caramel Goal Popcorn
1689,35 - 44 Años,Masculino,Quetzaltenango,Rara Vez,Caramelo,Caramel Goal Popcorn
1690,35 - 44 Años,Masculino,Jalapa,Todos Los Días,Queso,Hot Stadium Peanuts
1690,35 - 44 Años,Masculino,Jalapa,Todos Los Días,Queso,Gol Nachos Supreme
1690,35 - 44 Años,Masculino,Jalapa,Todos Los Días,Queso,Mundialitos Queso Picante
1691,18 - 24 Años,Femenino,Sacatepéquez,1 A 2 Veces Por Semana,Queso,Futbolmix
1691,18 - 24 Años,Femenino,Sacatepéquez,1 A 2 Veces Por Semana,Queso,Chocokick Bites
1692,45 - 54 Años,Masculino,Guatemala,3 A 5 Veces Por Semana,Picante Chapín,Gol Nachos Supreme
1693,35 - 44 Años,Masculino,Sololá,3 A 5 Veces Por Semana,Picante Chapín,Hot Stadium Peanuts
1694,45 - 54 Años,Femenino,Guatemala,Todos Los Días,Salado Tradicional,Gol Nachos Supreme
1695,18 - 24 Años,Femenino,Petén,1 A 2 Veces Por Semana,Limón,Crunchmax Bbq
1695,18 - 24 Años,Femenino,Petén,1 A 2 Veces Por Semana,Limón,Gol Nachos Supreme
1695,18 - 24 Años,Femenino,Petén,1 A 2 Veces Por Semana,Limón,Chocokick Bites
1696,18 - 24 Años,Masculino,Chiquimula,3 A 5 Veces Por Semana,Chocolate,Mundialitos Queso Picante
1696,18 - 24 Años,Masculino,Chiquimula,3 A 5 Veces Por Semana,Chocolate,Energy Crunch Protein
1696,18 - 24 Años,Masculino,Chiquimula,3 A 5 Veces Por Semana,Chocolate,Gol Nachos Supreme
1697,45 - 54 Años,Masculino,Guatemala,1 A 2 Veces Por Semana,Caramelo,Victory Pretzels
1697,45 - 54 Años,Masculino,Guatemala,1 A 2 Veces Por Semana,Caramelo,Crunchmax Bbq
1697,45 - 54 Años,Masculino,Guatemala,1 A 2 Veces Por Semana,Caramelo,Caramel Goal Popcorn
1698,25 - 34 Años,Femenino,Guatemala,3 A 5 Veces Por Semana,Dulce,Crunchmax Bbq
1698,25 - 34 Años,Femenino,Guatemala,3 A 5 Veces Por Semana,Dulce,Caramel Goal Popcorn
1699,45 - 54 Años,Masculino,Guatemala,3 A 5 Veces Por Semana,Caramelo,Hot Stadium Peanuts
1700,18 - 24 Años,Masculino,Sacatepéquez,1 A 2 Veces Por Semana,Jalapeño,Chocokick Bites
1701,45 - 54 Años,Masculino,Guatemala,Todos Los Días,Queso,Gol Nachos Supreme
1701,45 - 54 Años,Masculino,Guatemala,Todos Los Días,Queso,Futbolmix
1701,45 - 54 Años,Masculino,Guatemala,Todos Los Días,Queso,Crunchmax Bbq
1702,Menos De 18 Años,Masculino,Retalhuleu,1 A 2 Veces Por Semana,Limón,Futbolmix
1702,Menos De 18 Años,Masculino,Retalhuleu,1 A 2 Veces Por Semana,Limón,Crunchmax Bbq
1703,45 - 54 Años,Masculino,Guatemala,1 A 2 Veces Por Semana,Barbacoa,Crunchmax Bbq
1703,45 - 54 Años,Masculino,Guatemala,1 A 2 Veces Por Semana,Barbacoa,Gol Nachos Supreme
1703,45 - 54 Años,Masculino,Guatemala,1 A 2 Veces Por Semana,Barbacoa,Chocokick Bites
1704,55 Años O Más,Masculino,Sololá,1 A 2 Veces Por Semana,Caramelo,Crunchmax Bbq
1705,Menos De 18 Años,Masculino,Chimaltenango,3 A 5 Veces Por Semana,Limón,Gol Nachos Supreme
1706,45 - 54 Años,Masculino,Guatemala,Todos Los Días,Picante Chapín,Futbolmix
1706,45 - 54 Años,Masculino,Guatemala,Todos Los Días,Picante Chapín,Caramel Goal Popcorn
1707,18 - 24 Años,Masculino,Chimaltenango,Varias Veces Al Mes,Picante Chapín,Futbolmix
1708,Menos De 18 Años,Masculino,Quetzaltenango,Todos Los Días,Limón,Caramel Goal Popcorn
1709,18 - 24 Años,Masculino,Guatemala,3 A 5 Veces Por Semana,Salado Tradicional,Gol Nachos Supreme
1709,18 - 24 Años,Masculino,Guatemala,3 A 5 Veces Por Semana,Salado Tradicional,Crunchmax Bbq
1710,35 - 44 Años,Femenino,Guatemala,Todos Los Días,Chocolate,Fan Chips Jalapeño
1710,35 - 44 Años,Femenino,Guatemala,Todos Los Días,Chocolate,Crunchmax Bbq
1711,25 - 34 Años,Masculino,Guatemala,Varias Veces Al Mes,Queso,Futbolmix
1711,25 - 34 Años,Masculino,Guatemala,Varias Veces Al Mes,Queso,Caramel Goal Popcorn
1711,25 - 34 Años,Masculino,Guatemala,Varias Veces Al Mes,Queso,Energy Crunch Protein
1712,45 - 54 Años,Femenino,Chimaltenango,1 A 2 Veces Por Semana,Barbacoa,Chocokick Bites
1712,45 - 54 Años,Femenino,Chimaltenango,1 A 2 Veces Por Semana,Barbacoa,Hot Stadium Peanuts
1713,35 - 44 Años,Masculino,Sacatepéquez,3 A 5 Veces Por Semana,Limón,Hot Stadium Peanuts
1713,35 - 44 Años,Masculino,Sacatepéquez,3 A 5 Veces Por Semana,Limón,Mundialitos Queso Picante
1714,35 - 44 Años,Femenino,Sololá,Todos Los Días,Chocolate,Mundialitos Queso Picante
1715,35 - 44 Años,Masculino,Guatemala,1 A 2 Veces Por Semana,Barbacoa,Mundialitos Queso Picante
1715,35 - 44 Años,Masculino,Guatemala,1 A 2 Veces Por Semana,Barbacoa,Fan Chips Jalapeño
1716,35 - 44 Años,Femenino,Chimaltenango,Rara Vez,Picante Chapín,Caramel Goal Popcorn
1716,35 - 44 Años,Femenino,Chimaltenango,Rara Vez,Picante Chapín,Victory Pretzels
1716,35 - 44 Años,Femenino,Chimaltenango,Rara Vez,Picante Chapín,Hot Stadium Peanuts
1717,35 - 44 Años,Prefiero No Indicarlo,Suchitepéquez,1 A 2 Veces Por Semana,Queso,Gol Nachos Supreme
1718,35 - 44 Años,Femenino,Quiché,Varias Veces Al Mes,Barbacoa,Fan Chips Jalapeño
1718,35 - 44 Años,Femenino,Quiché,Varias Veces Al Mes,Barbacoa,Crunchmax Bbq
1718,35 - 44 Años,Femenino,Quiché,Varias Veces Al Mes,Barbacoa,Gol Nachos Supreme
1719,55 Años O Más,Masculino,San Marcos,1 A 2 Veces Por Semana,Chocolate,Mundialitos Queso Picante
1719,55 Años O Más,Masculino,San Marcos,1 A 2 Veces Por Semana,Chocolate,Fan Chips Jalapeño
1720,25 - 34 Años,Femenino,Guatemala,Todos Los Días,Jalapeño,Victory Pretzels
1720,25 - 34 Años,Femenino,Guatemala,Todos Los Días,Jalapeño,Hot Stadium Peanuts
1721,25 - 34 Años,Masculino,Guatemala,Varias Veces Al Mes,Queso,Gol Nachos Supreme
1721,25 - 34 Años,Masculino,Guatemala,Varias Veces Al Mes,Queso,Hot Stadium Peanuts
1722,18 - 24 Años,Masculino,Zacapa,Todos Los Días,Salado Tradicional,Mundialitos Queso Picante
1722,18 - 24 Años,Masculino,Zacapa,Todos Los Días,Salado Tradicional,Gol Nachos Supreme
1723,Menos De 18 Años,Masculino,Guatemala,Rara Vez,Barbacoa,Futbolmix
1723,Menos De 18 Años,Masculino,Guatemala,Rara Vez,Barbacoa,Gol Nachos Supreme
1723,Menos De 18 Años,Masculino,Guatemala,Rara Vez,Barbacoa,Mundialitos Queso Picante
1724,25 - 34 Años,Prefiero No Indicarlo,Retalhuleu,3 A 5 Veces Por Semana,Jalapeño,Futbolmix
1725,18 - 24 Años,Masculino,Quetzaltenango,3 A 5 Veces Por Semana,Queso,Mundialitos Queso Picante
1725,18 - 24 Años,Masculino,Quetzaltenango,3 A 5 Veces Por Semana,Queso,Fan Chips Jalapeño
1725,18 - 24 Años,Masculino,Quetzaltenango,3 A 5 Veces Por Semana,Queso,Futbolmix
1726,18 - 24 Años,Masculino,Guatemala,Varias Veces Al Mes,Queso,Victory Pretzels
1726,18 - 24 Años,Masculino,Guatemala,Varias Veces Al Mes,Queso,Gol Nachos Supreme
1726,18 - 24 Años,Masculino,Guatemala,Varias Veces Al Mes,Queso,Futbolmix
1727,35 - 44 Años,Femenino,Quetzaltenango,Varias Veces Al Mes,Salado Tradicional,Hot Stadium Peanuts
1728,35 - 44 Años,Femenino,Guatemala,3 A 5 Veces Por Semana,Limón,Gol Nachos Supreme
1728,35 - 44 Años,Femenino,Guatemala,3 A 5 Veces Por Semana,Limón,Fan Chips Jalapeño
1729,18 - 24 Años,Masculino,Escuintla,Varias Veces Al Mes,Chocolate,Futbolmix
1730,25 - 34 Años,Masculino,Chimaltenango,Todos Los Días,Dulce,Caramel Goal Popcorn
1731,25 - 34 Años,Femenino,Guatemala,Rara Vez,Barbacoa,Gol Nachos Supreme
1732,25 - 34 Años,Femenino,Jutiapa,Todos Los Días,Barbacoa,Futbolmix
1733,18 - 24 Años,Femenino,Quiché,Todos Los Días,Barbacoa,Caramel Goal Popcorn
1733,18 - 24 Años,Femenino,Quiché,Todos Los Días,Barbacoa,Fan Chips Jalapeño
1733,18 - 24 Años,Femenino,Quiché,Todos Los Días,Barbacoa,Crunchmax Bbq
1734,35 - 44 Años,Masculino,Chimaltenango,Rara Vez,Jalapeño,Hot Stadium Peanuts
1734,35 - 44 Años,Masculino,Chimaltenango,Rara Vez,Jalapeño,Caramel Goal Popcorn
1734,35 - 44 Años,Masculino,Chimaltenango,Rara Vez,Jalapeño,Crunchmax Bbq
1735,18 - 24 Años,Femenino,Guatemala,3 A 5 Veces Por Semana,Salado Tradicional,Chocokick Bites
1736,35 - 44 Años,Femenino,Totonicapán,Varias Veces Al Mes,Chocolate,Futbolmix
1737,Menos De 18 Años,Masculino,Sacatepéquez,Varias Veces Al Mes,Chocolate,Chocokick Bites
1737,Menos De 18 Años,Masculino,Sacatepéquez,Varias Veces Al Mes,Chocolate,Crunchmax Bbq
1737,Menos De 18 Años,Masculino,Sacatepéquez,Varias Veces Al Mes,Chocolate,Victory Pretzels
1738,18 - 24 Años,Masculino,Retalhuleu,3 A 5 Veces Por Semana,Picante Chapín,Gol Nachos Supreme
1739,18 - 24 Años,Masculino,Chimaltenango,Todos Los Días,Barbacoa,Caramel Goal Popcorn
1740,35 - 44 Años,Masculino,Guatemala,Rara Vez,Salado Tradicional,Victory Pretzels
1740,35 - 44 Años,Masculino,Guatemala,Rara Vez,Salado Tradicional,Futbolmix
1741,25 - 34 Años,Femenino,Huehuetenango,Rara Vez,Salado Tradicional,Crunchmax Bbq
1741,25 - 34 Años,Femenino,Huehuetenango,Rara Vez,Salado Tradicional,Futbolmix
1741,25 - 34 Años,Femenino,Huehuetenango,Rara Vez,Salado Tradicional,Gol Nachos Supreme
1742,35 - 44 Años,Femenino,Chiquimula,1 A 2 Veces Por Semana,Barbacoa,Crunchmax Bbq
1743,25 - 34 Años,Masculino,Escuintla,3 A 5 Veces Por Semana,Barbacoa,Mundialitos Queso Picante
1744,35 - 44 Años,Femenino,Quiché,3 A 5 Veces Por Semana,Salado Tradicional,Energy Crunch Protein
1745,18 - 24 Años,Femenino,Retalhuleu,Rara Vez,Limón,Energy Crunch Protein
1745,18 - 24 Años,Femenino,Retalhuleu,Rara Vez,Limón,Victory Pretzels
1746,18 - 24 Años,Masculino,Quetzaltenango,Todos Los Días,Salado Tradicional,Chocokick Bites
1746,18 - 24 Años,Masculino,Quetzaltenango,Todos Los Días,Salado Tradicional,Futbolmix
1747,45 - 54 Años,Femenino,Chimaltenango,Varias Veces Al Mes,Caramelo,Futbolmix
1747,45 - 54 Años,Femenino,Chimaltenango,Varias Veces Al Mes,Caramelo,Mundialitos Queso Picante
1748,25 - 34 Años,Masculino,Guatemala,Varias Veces Al Mes,Jalapeño,Futbolmix
1749,25 - 34 Años,Masculino,El Progreso,Varias Veces Al Mes,Jalapeño,Gol Nachos Supreme
1750,35 - 44 Años,Femenino,Escuintla,Varias Veces Al Mes,Dulce,Crunchmax Bbq
1751,35 - 44 Años,Femenino,Guatemala,1 A 2 Veces Por Semana,Salado Tradicional,Gol Nachos Supreme
1752,18 - 24 Años,Femenino,Sacatepéquez,Varias Veces Al Mes,Picante Chapín,Gol Nachos Supreme
1752,18 - 24 Años,Femenino,Sacatepéquez,Varias Veces Al Mes,Picante Chapín,Crunchmax Bbq
1752,18 - 24 Años,Femenino,Sacatepéquez,Varias Veces Al Mes,Picante Chapín,Fan Chips Jalapeño
1753,45 - 54 Años,Femenino,Santa Rosa,Varias Veces Al Mes,,Energy Crunch Protein
1753,45 - 54 Años,Femenino,Santa Rosa,Varias Veces Al Mes,,Crunchmax Bbq
1754,25 - 34 Años,Femenino,Jutiapa,1 A 2 Veces Por Semana,Limón,Energy Crunch Protein
1754,25 - 34 Años,Femenino,Jutiapa,1 A 2 Veces Por Semana,Limón,Mundialitos Queso Picante
1754,25 - 34 Años,Femenino,Jutiapa,1 A 2 Veces Por Semana,Limón,Caramel Goal Popcorn
1755,25 - 34 Años,Femenino,Guatemala,1 A 2 Veces Por Semana,Queso,Energy Crunch Protein
1755,25 - 34 Años,Femenino,Guatemala,1 A 2 Veces Por Semana,Queso,Crunchmax Bbq
1755,25 - 34 Años,Femenino,Guatemala,1 A 2 Veces Por Semana,Queso,Fan Chips Jalapeño
1756,18 - 24 Años,Femenino,Guatemala,Todos Los Días,Jalapeño,Gol Nachos Supreme
1757,35 - 44 Años,Masculino,Guatemala,3 A 5 Veces Por Semana,Jalapeño,Mundialitos Queso Picante
1758,45 - 54 Años,Prefiero No Indicarlo,Quetzaltenango,Varias Veces Al Mes,Chocolate,Hot Stadium Peanuts
1758,45 - 54 Años,Prefiero No Indicarlo,Quetzaltenango,Varias Veces Al Mes,Chocolate,Gol Nachos Supreme
1758,45 - 54 Años,Prefiero No Indicarlo,Quetzaltenango,Varias Veces Al Mes,Chocolate,Futbolmix
1759,35 - 44 Años,Femenino,Guatemala,Todos Los Días,Chocolate,Victory Pretzels
1759,35 - 44 Años,Femenino,Guatemala,Todos Los Días,Chocolate,Chocokick Bites
1759,35 - 44 Años,Femenino,Guatemala,Todos Los Días,Chocolate,Caramel Goal Popcorn
1760,18 - 24 Años,Femenino,Escuintla,1 A 2 Veces Por Semana,Dulce,Hot Stadium Peanuts
1761,35 - 44 Años,Masculino,Chimaltenango,Todos Los Días,Caramelo,Crunchmax Bbq
1761,35 - 44 Años,Masculino,Chimaltenango,Todos Los Días,Caramelo,Chocokick Bites
1761,35 - 44 Años,Masculino,Chimaltenango,Todos Los Días,Caramelo,Gol Nachos Supreme
1762,35 - 44 Años,Femenino,Guatemala,Rara Vez,Barbacoa,Caramel Goal Popcorn
1763,Menos De 18 Años,Masculino,Guatemala,1 A 2 Veces Por Semana,Limón,Caramel Goal Popcorn
1763,Menos De 18 Años,Masculino,Guatemala,1 A 2 Veces Por Semana,Limón,Gol Nachos Supreme
1764,25 - 34 Años,Femenino,Jutiapa,1 A 2 Veces Por Semana,Barbacoa,Fan Chips Jalapeño
1765,25 - 34 Años,Masculino,Santa Rosa,3 A 5 Veces Por Semana,Caramelo,Hot Stadium Peanuts
1766,25 - 34 Años,Femenino,Chimaltenango,1 A 2 Veces Por Semana,Picante Chapín,Caramel Goal Popcorn
1767,25 - 34 Años,Masculino,Guatemala,3 A 5 Veces Por Semana,Barbacoa,Chocokick Bites
1767,25 - 34 Años,Masculino,Guatemala,3 A 5 Veces Por Semana,Barbacoa,Fan Chips Jalapeño
1768,Menos De 18 Años,Masculino,Jalapa,3 A 5 Veces Por Semana,Dulce,Mundialitos Queso Picante
1768,Menos De 18 Años,Masculino,Jalapa,3 A 5 Veces Por Semana,Dulce,Gol Nachos Supreme
1768,Menos De 18 Años,Masculino,Jalapa,3 A 5 Veces Por Semana,Dulce,Fan Chips Jalapeño
1769,35 - 44 Años,Masculino,Guatemala,Varias Veces Al Mes,Chocolate,Crunchmax Bbq
1770,25 - 34 Años,Masculino,Guatemala,1 A 2 Veces Por Semana,Queso,Crunchmax Bbq
1770,25 - 34 Años,Masculino,Guatemala,1 A 2 Veces Por Semana,Queso,Mundialitos Queso Picante
1771,25 - 34 Años,Masculino,Quetzaltenango,3 A 5 Veces Por Semana,Caramelo,Crunchmax Bbq
1771,25 - 34 Años,Masculino,Quetzaltenango,3 A 5 Veces Por Semana,Caramelo,Hot Stadium Peanuts
1771,25 - 34 Años,Masculino,Quetzaltenango,3 A 5 Veces Por Semana,Caramelo,Chocokick Bites
1772,25 - 34 Años,Femenino,Quetzaltenango,1 A 2 Veces Por Semana,Picante Chapín,Crunchmax Bbq
1772,25 - 34 Años,Femenino,Quetzaltenango,1 A 2 Veces Por Semana,Picante Chapín,Fan Chips Jalapeño
1772,25 - 34 Años,Femenino,Quetzaltenango,1 A 2 Veces Por Semana,Picante Chapín,Victory Pretzels
559,45 - 54 Años,Masculino,Escuintla,Todos Los Días,Queso,Chocokick Bites
1774,Menos De 18 Años,Masculino,Guate,Rara Vez,Queso,Energy Crunch Protein
1775,Menos De 18 Años,Masculino,Sacatepéquez,1 A 2 Veces Por Semana,Queso,Mundialitos Queso Picante
1775,Menos De 18 Años,Masculino,Sacatepéquez,1 A 2 Veces Por Semana,Queso,Crunchmax Bbq
1776,45 - 54 Años,Femenino,Sacatepéquez,1 A 2 Veces Por Semana,Queso,Energy Crunch Protein
1776,45 - 54 Años,Femenino,Sacatepéquez,1 A 2 Veces Por Semana,Queso,Mundialitos Queso Picante
1777,25 - 34 Años,Femenino,Guatemala,Varias Veces Al Mes,Queso,Gol Nachos Supreme
1778,35 - 44 Años,Femenino,Jutiapa,Todos Los Días,Jalapeño,Hot Stadium Peanuts
1778,35 - 44 Años,Femenino,Jutiapa,Todos Los Días,Jalapeño,Victory Pretzels
1778,35 - 44 Años,Femenino,Jutiapa,Todos Los Días,Jalapeño,Futbolmix
1779,18 - 24 Años,Masculino,Guatemala,3 A 5 Veces Por Semana,Limón,Crunchmax Bbq
1780,35 - 44 Años,Femenino,Guatemala,Todos Los Días,Barbacoa,Crunchmax Bbq
1780,35 - 44 Años,Femenino,Guatemala,Todos Los Días,Barbacoa,Fan Chips Jalapeño
1780,35 - 44 Años,Femenino,Guatemala,Todos Los Días,Barbacoa,Gol Nachos Supreme
1781,45 - 54 Años,Femenino,Guatemala,3 A 5 Veces Por Semana,Queso,Crunchmax Bbq
1781,45 - 54 Años,Femenino,Guatemala,3 A 5 Veces Por Semana,Queso,Caramel Goal Popcorn
1781,45 - 54 Años,Femenino,Guatemala,3 A 5 Veces Por Semana,Queso,Futbolmix
1782,18 - 24 Años,Masculino,Quetzaltenango,1 A 2 Veces Por Semana,Barbacoa,Mundialitos Queso Picante
1782,18 - 24 Años,Masculino,Quetzaltenango,1 A 2 Veces Por Semana,Barbacoa,Victory Pretzels
1782,18 - 24 Años,Masculino,Quetzaltenango,1 A 2 Veces Por Semana,Barbacoa,Fan Chips Jalapeño
1783,25 - 34 Años,Femenino,Sacatepéquez,Varias Veces Al Mes,Picante Chapín,Mundialitos Queso Picante
1783,25 - 34 Años,Femenino,Sacatepéquez,Varias Veces Al Mes,Picante Chapín,Futbolmix
1784,55 Años O Más,Masculino,Chimaltenango,Varias Veces Al Mes,Salado Tradicional,Crunchmax Bbq
1785,18 - 24 Años,Femenino,Quiché,Varias Veces Al Mes,Barbacoa,Mundialitos Queso Picante
1785,18 - 24 Años,Femenino,Quiché,Varias Veces Al Mes,Barbacoa,Fan Chips Jalapeño
1786,18 - 24 Años,Femenino,Escuintla,Varias Veces Al Mes,Barbacoa,Chocokick Bites
1786,18 - 24 Años,Femenino,Escuintla,Varias Veces Al Mes,Barbacoa,Futbolmix
1786,18 - 24 Años,Femenino,Escuintla,Varias Veces Al Mes,Barbacoa,Crunchmax Bbq
1787,18 - 24 Años,Femenino,Chimaltenango,Rara Vez,Jalapeño,Gol Nachos Supreme
1787,18 - 24 Años,Femenino,Chimaltenango,Rara Vez,Jalapeño,Energy Crunch Protein
1787,18 - 24 Años,Femenino,Chimaltenango,Rara Vez,Jalapeño,Victory Pretzels
1788,35 - 44 Años,Femenino,Guatemala,1 A 2 Veces Por Semana,Queso,Crunchmax Bbq
1789,25 - 34 Años,Masculino,Guatemala,1 A 2 Veces Por Semana,Picante Chapín,Hot Stadium Peanuts
1789,25 - 34 Años,Masculino,Guatemala,1 A 2 Veces Por Semana,Picante Chapín,Caramel Goal Popcorn
1790,25 - 34 Años,Masculino,Guatemala,3 A 5 Veces Por Semana,Picante Chapín,Mundialitos Queso Picante
1790,25 - 34 Años,Masculino,Guatemala,3 A 5 Veces Por Semana,Picante Chapín,Crunchmax Bbq
1791,Menos De 18 Años,Femenino,Escuintla,3 A 5 Veces Por Semana,Limón,Gol Nachos Supreme
1791,Menos De 18 Años,Femenino,Escuintla,3 A 5 Veces Por Semana,Limón,Fan Chips Jalapeño
1792,35 - 44 Años,Masculino,Guatemala,Varias Veces Al Mes,Barbacoa,Caramel Goal Popcorn
1792,35 - 44 Años,Masculino,Guatemala,Varias Veces Al Mes,Barbacoa,Fan Chips Jalapeño
1793,55 Años O Más,Masculino,Guatemala,Todos Los Días,Barbacoa,Fan Chips Jalapeño
1793,55 Años O Más,Masculino,Guatemala,Todos Los Días,Barbacoa,Futbolmix
1793,55 Años O Más,Masculino,Guatemala,Todos Los Días,Barbacoa,Caramel Goal Popcorn
1794,25 - 34 Años,Prefiero No Indicarlo,San Marcos,1 A 2 Veces Por Semana,Limón,Mundialitos Queso Picante
1795,55 Años O Más,Femenino,Guatemala,Rara Vez,Queso,Chocokick Bites
1796,18 - 24 Años,Femenino,Escuintla,Todos Los Días,Barbacoa,Mundialitos Queso Picante
1796,18 - 24 Años,Femenino,Escuintla,Todos Los Días,Barbacoa,Energy Crunch Protein
1797,Menos De 18 Años,Masculino,Guatemala,1 A 2 Veces Por Semana,Salado Tradicional,Fan Chips Jalapeño
1797,Menos De 18 Años,Masculino,Guatemala,1 A 2 Veces Por Semana,Salado Tradicional,Gol Nachos Supreme
1798,35 - 44 Años,Masculino,El Progreso,3 A 5 Veces Por Semana,Barbacoa,Energy Crunch Protein
1798,35 - 44 Años,Masculino,El Progreso,3 A 5 Veces Por Semana,Barbacoa,Victory Pretzels
1799,45 - 54 Años,Masculino,Quetzaltenango,3 A 5 Veces Por Semana,Queso,Caramel Goal Popcorn
1799,45 - 54 Años,Masculino,Quetzaltenango,3 A 5 Veces Por Semana,Queso,Crunchmax Bbq
1799,45 - 54 Años,Masculino,Quetzaltenango,3 A 5 Veces Por Semana,Queso,Chocokick Bites
1800,Menos De 18 Años,Femenino,Guatemala,Rara Vez,Queso,Crunchmax Bbq
1801,25 - 34 Años,Femenino,Quetzaltenango,Todos Los Días,Queso,Gol Nachos Supreme
1801,25 - 34 Años,Femenino,Quetzaltenango,Todos Los Días,Queso,Energy Crunch Protein
1802,Menos De 18 Años,Masculino,Sacatepéquez,3 A 5 Veces Por Semana,Barbacoa,Mundialitos Queso Picante
1802,Menos De 18 Años,Masculino,Sacatepéquez,3 A 5 Veces Por Semana,Barbacoa,Caramel Goal Popcorn
1803,18 - 24 Años,Femenino,Quetzaltenango,3 A 5 Veces Por Semana,Limón,Fan Chips Jalapeño
1803,18 - 24 Años,Femenino,Quetzaltenango,3 A 5 Veces Por Semana,Limón,Hot Stadium Peanuts
1803,18 - 24 Años,Femenino,Quetzaltenango,3 A 5 Veces Por Semana,Limón,Futbolmix
1804,18 - 24 Años,Femenino,Guatemala,3 A 5 Veces Por Semana,Barbacoa,Fan Chips Jalapeño
1804,18 - 24 Años,Femenino,Guatemala,3 A 5 Veces Por Semana,Barbacoa,Caramel Goal Popcorn
1804,18 - 24 Años,Femenino,Guatemala,3 A 5 Veces Por Semana,Barbacoa,Hot Stadium Peanuts
1805,35 - 44 Años,Masculino,Suchitepéquez,3 A 5 Veces Por Semana,Queso,Mundialitos Queso Picante
1805,35 - 44 Años,Masculino,Suchitepéquez,3 A 5 Veces Por Semana,Queso,Energy Crunch Protein
1805,35 - 44 Años,Masculino,Suchitepéquez,3 A 5 Veces Por Semana,Queso,Chocokick Bites
1806,35 - 44 Años,Masculino,Quiché,3 A 5 Veces Por Semana,Picante Chapín,Chocokick Bites
1807,45 - 54 Años,Femenino,Huehuetenango,3 A 5 Veces Por Semana,Barbacoa,Gol Nachos Supreme
1807,45 - 54 Años,Femenino,Huehuetenango,3 A 5 Veces Por Semana,Barbacoa,Mundialitos Queso Picante
1807,45 - 54 Años,Femenino,Huehuetenango,3 A 5 Veces Por Semana,Barbacoa,Futbolmix
1808,25 - 34 Años,Femenino,Guatemala,1 A 2 Veces Por Semana,Picante Chapín,Futbolmix
1808,25 - 34 Años,Femenino,Guatemala,1 A 2 Veces Por Semana,Picante Chapín,Fan Chips Jalapeño
1808,25 - 34 Años,Femenino,Guatemala,1 A 2 Veces Por Semana,Picante Chapín,Gol Nachos Supreme
1809,45 - 54 Años,Femenino,Escuintla,1 A 2 Veces Por Semana,Queso,Fan Chips Jalapeño
1809,45 - 54 Años,Femenino,Escuintla,1 A 2 Veces Por Semana,Queso,Crunchmax Bbq
1810,45 - 54 Años,Masculino,Suchitepéquez,1 A 2 Veces Por Semana,Salado Tradicional,Hot Stadium Peanuts
1810,45 - 54 Años,Masculino,Suchitepéquez,1 A 2 Veces Por Semana,Salado Tradicional,Futbolmix
1811,45 - 54 Años,Femenino,Guatemala,1 A 2 Veces Por Semana,Chocolate,Fan Chips Jalapeño
1811,45 - 54 Años,Femenino,Guatemala,1 A 2 Veces Por Semana,Chocolate,Gol Nachos Supreme
1811,45 - 54 Años,Femenino,Guatemala,1 A 2 Veces Por Semana,Chocolate,Chocokick Bites
1812,45 - 54 Años,Femenino,Guatemala,1 A 2 Veces Por Semana,Picante Chapín,Energy Crunch Protein
1813,25 - 34 Años,Masculino,Guatemala,1 A 2 Veces Por Semana,Caramelo,Gol Nachos Supreme
1813,25 - 34 Años,Masculino,Guatemala,1 A 2 Veces Por Semana,Caramelo,Mundialitos Queso Picante
1813,25 - 34 Años,Masculino,Guatemala,1 A 2 Veces Por Semana,Caramelo,Chocokick Bites
1814,25 - 34 Años,Masculino,Guatemala,3 A 5 Veces Por Semana,Picante Chapín,Victory Pretzels
1814,25 - 34 Años,Masculino,Guatemala,3 A 5 Veces Por Semana,Picante Chapín,Chocokick Bites
1815,18 - 24 Años,Femenino,Guatemala,Varias Veces Al Mes,Limón,Fan Chips Jalapeño
1816,25 - 34 Años,Masculino,Guatemala,Todos Los Días,Picante Chapín,Mundialitos Queso Picante
1816,25 - 34 Años,Masculino,Guatemala,Todos Los Días,Picante Chapín,Crunchmax Bbq
1817,25 - 34 Años,Masculino,Guatemala,1 A 2 Veces Por Semana,Barbacoa,Mundialitos Queso Picante
1817,25 - 34 Años,Masculino,Guatemala,1 A 2 Veces Por Semana,Barbacoa,Hot Stadium Peanuts
1817,25 - 34 Años,Masculino,Guatemala,1 A 2 Veces Por Semana,Barbacoa,Victory Pretzels
1818,45 - 54 Años,Femenino,Guatemala,Todos Los Días,Jalapeño,Caramel Goal Popcorn
1818,45 - 54 Años,Femenino,Guatemala,Todos Los Días,Jalapeño,Mundialitos Queso Picante
1818,45 - 54 Años,Femenino,Guatemala,Todos Los Días,Jalapeño,Futbolmix
1819,18 - 24 Años,Femenino,Chimaltenango,Todos Los Días,Queso,Futbolmix
1819,18 - 24 Años,Femenino,Chimaltenango,Todos Los Días,Queso,Gol Nachos Supreme
1819,18 - 24 Años,Femenino,Chimaltenango,Todos Los Días,Queso,Chocokick Bites
1820,25 - 34 Años,Femenino,Quetzaltenango,3 A 5 Veces Por Semana,Queso,Fan Chips Jalapeño
1821,35 - 44 Años,Prefiero No Indicarlo,Guatemala,3 A 5 Veces Por Semana,Salado Tradicional,Energy Crunch Protein
1821,35 - 44 Años,Prefiero No Indicarlo,Guatemala,3 A 5 Veces Por Semana,Salado Tradicional,Crunchmax Bbq
1821,35 - 44 Años,Prefiero No Indicarlo,Guatemala,3 A 5 Veces Por Semana,Salado Tradicional,Chocokick Bites
1822,18 - 24 Años,Masculino,Guatemala,3 A 5 Veces Por Semana,Caramelo,Hot Stadium Peanuts
1823,45 - 54 Años,Masculino,Alta Verapaz,3 A 5 Veces Por Semana,Barbacoa,Fan Chips Jalapeño
1823,45 - 54 Años,Masculino,Alta Verapaz,3 A 5 Veces Por Semana,Barbacoa,Crunchmax Bbq
1824,Menos De 18 Años,Femenino,Guatemala,Varias Veces Al Mes,Picante Chapín,Fan Chips Jalapeño
1824,Menos De 18 Años,Femenino,Guatemala,Varias Veces Al Mes,Picante Chapín,Gol Nachos Supreme
1825,18 - 24 Años,Masculino,Sololá,3 A 5 Veces Por Semana,Queso,Mundialitos Queso Picante
1825,18 - 24 Años,Masculino,Sololá,3 A 5 Veces Por Semana,Queso,Fan Chips Jalapeño
1826,Menos De 18 Años,Femenino,Guate,Todos Los Días,Barbacoa,Chocokick Bites
1827,35 - 44 Años,Femenino,Escuintla,Todos Los Días,Jalapeño,Gol Nachos Supreme
1828,25 - 34 Años,Femenino,Chimaltenango,Rara Vez,Queso,Crunchmax Bbq
1828,25 - 34 Años,Femenino,Chimaltenango,Rara Vez,Queso,Victory Pretzels
1828,25 - 34 Años,Femenino,Chimaltenango,Rara Vez,Queso,Hot Stadium Peanuts
1829,55 Años O Más,Masculino,Guatemala,1 A 2 Veces Por Semana,Chocolate,Crunchmax Bbq
1829,55 Años O Más,Masculino,Guatemala,1 A 2 Veces Por Semana,Chocolate,Mundialitos Queso Picante
1830,45 - 54 Años,Femenino,Guatemala,3 A 5 Veces Por Semana,Salado Tradicional,Crunchmax Bbq
1830,45 - 54 Años,Femenino,Guatemala,3 A 5 Veces Por Semana,Salado Tradicional,Fan Chips Jalapeño
1830,45 - 54 Años,Femenino,Guatemala,3 A 5 Veces Por Semana,Salado Tradicional,Mundialitos Queso Picante
1831,35 - 44 Años,Femenino,Jalapa,1 A 2 Veces Por Semana,Jalapeño,Fan Chips Jalapeño
1832,18 - 24 Años,Femenino,Guatemala,1 A 2 Veces Por Semana,Jalapeño,Caramel Goal Popcorn
1833,25 - 34 Años,Femenino,Baja Verapaz,Rara Vez,Barbacoa,Hot Stadium Peanuts
1833,25 - 34 Años,Femenino,Baja Verapaz,Rara Vez,Barbacoa,Caramel Goal Popcorn
1833,25 - 34 Años,Femenino,Baja Verapaz,Rara Vez,Barbacoa,Crunchmax Bbq
1834,18 - 24 Años,Masculino,Guatemala,Todos Los Días,Jalapeño,Crunchmax Bbq
1835,25 - 34 Años,Femenino,Guatemala,Varias Veces Al Mes,Picante Chapín,Fan Chips Jalapeño
1836,18 - 24 Años,Femenino,Guatemala,Varias Veces Al Mes,Picante Chapín,Hot Stadium Peanuts
1836,18 - 24 Años,Femenino,Guatemala,Varias Veces Al Mes,Picante Chapín,Caramel Goal Popcorn
1837,Menos De 18 Años,Masculino,Guatemala,1 A 2 Veces Por Semana,Limón,Gol Nachos Supreme
1837,Menos De 18 Años,Masculino,Guatemala,1 A 2 Veces Por Semana,Limón,Caramel Goal Popcorn
1838,35 - 44 Años,Femenino,Sacatepéquez,1 A 2 Veces Por Semana,Chocolate,Hot Stadium Peanuts
1838,35 - 44 Años,Femenino,Sacatepéquez,1 A 2 Veces Por Semana,Chocolate,Energy Crunch Protein
1838,35 - 44 Años,Femenino,Sacatepéquez,1 A 2 Veces Por Semana,Chocolate,Caramel Goal Popcorn
1839,25 - 34 Años,Masculino,Guatemala,1 A 2 Veces Por Semana,Salado Tradicional,Fan Chips Jalapeño
1840,25 - 34 Años,Femenino,Guatemala,Varias Veces Al Mes,Jalapeño,Victory Pretzels
1840,25 - 34 Años,Femenino,Guatemala,Varias Veces Al Mes,Jalapeño,Fan Chips Jalapeño
1841,18 - 24 Años,Femenino,Baja Verapaz,Todos Los Días,Picante Chapín,Mundialitos Queso Picante
1842,18 - 24 Años,Masculino,Chimaltenango,Todos Los Días,Salado Tradicional,Fan Chips Jalapeño
1843,35 - 44 Años,Femenino,Guatemala,Todos Los Días,Queso,Victory Pretzels
1843,35 - 44 Años,Femenino,Guatemala,Todos Los Días,Queso,Crunchmax Bbq
1844,35 - 44 Años,Femenino,Sacatepéquez,1 A 2 Veces Por Semana,Limón,Crunchmax Bbq
1844,35 - 44 Años,Femenino,Sacatepéquez,1 A 2 Veces Por Semana,Limón,Mundialitos Queso Picante
1844,35 - 44 Años,Femenino,Sacatepéquez,1 A 2 Veces Por Semana,Limón,Fan Chips Jalapeño
1845,18 - 24 Años,Femenino,Quetzaltenango,Varias Veces Al Mes,Jalapeño,Caramel Goal Popcorn
1845,18 - 24 Años,Femenino,Quetzaltenango,Varias Veces Al Mes,Jalapeño,Energy Crunch Protein
1846,Menos De 18 Años,Femenino,El Progreso,Varias Veces Al Mes,Jalapeño,Futbolmix
1846,Menos De 18 Años,Femenino,El Progreso,Varias Veces Al Mes,Jalapeño,Chocokick Bites
1846,Menos De 18 Años,Femenino,El Progreso,Varias Veces Al Mes,Jalapeño,Fan Chips Jalapeño
1847,25 - 34 Años,Femenino,Guatemala,1 A 2 Veces Por Semana,Queso,Crunchmax Bbq
1847,25 - 34 Años,Femenino,Guatemala,1 A 2 Veces Por Semana,Queso,Mundialitos Queso Picante
1848,25 - 34 Años,Femenino,Santa Rosa,1 A 2 Veces Por Semana,Limón,Gol Nachos Supreme
1848,25 - 34 Años,Femenino,Santa Rosa,1 A 2 Veces Por Semana,Limón,Crunchmax Bbq
1848,25 - 34 Años,Femenino,Santa Rosa,1 A 2 Veces Por Semana,Limón,Hot Stadium Peanuts
1849,25 - 34 Años,Prefiero No Indicarlo,Petén,Rara Vez,Dulce,Victory Pretzels
1849,25 - 34 Años,Prefiero No Indicarlo,Petén,Rara Vez,Dulce,Fan Chips Jalapeño
1850,25 - 34 Años,Femenino,San Marcos,Varias Veces Al Mes,Barbacoa,Fan Chips Jalapeño
1851,18 - 24 Años,Femenino,El Progreso,1 A 2 Veces Por Semana,Barbacoa,Gol Nachos Supreme
1852,18 - 24 Años,Femenino,Guatemala,Todos Los Días,Barbacoa,Gol Nachos Supreme
1852,18 - 24 Años,Femenino,Guatemala,Todos Los Días,Barbacoa,Energy Crunch Protein
1853,35 - 44 Años,Masculino,Jalapa,1 A 2 Veces Por Semana,Limón,Mundialitos Queso Picante
1854,25 - 34 Años,Femenino,Zacapa,1 A 2 Veces Por Semana,Picante Chapín,Crunchmax Bbq
1854,25 - 34 Años,Femenino,Zacapa,1 A 2 Veces Por Semana,Picante Chapín,Caramel Goal Popcorn
1855,25 - 34 Años,Masculino,Sacatepéquez,Varias Veces Al Mes,Barbacoa,Fan Chips Jalapeño
1855,25 - 34 Años,Masculino,Sacatepéquez,Varias Veces Al Mes,Barbacoa,Crunchmax Bbq
1856,35 - 44 Años,Femenino,Guatemala,3 A 5 Veces Por Semana,Limón,Energy Crunch Protein
1857,18 - 24 Años,Femenino,Escuintla,Varias Veces Al Mes,Queso,Hot Stadium Peanuts
1858,35 - 44 Años,Masculino,Guatemala,Varias Veces Al Mes,Barbacoa,Futbolmix
1858,35 - 44 Años,Masculino,Guatemala,Varias Veces Al Mes,Barbacoa,Caramel Goal Popcorn
1859,25 - 34 Años,Femenino,Guatemala,1 A 2 Veces Por Semana,Jalapeño,Futbolmix
1859,25 - 34 Años,Femenino,Guatemala,1 A 2 Veces Por Semana,Jalapeño,Hot Stadium Peanuts
1859,25 - 34 Años,Femenino,Guatemala,1 A 2 Veces Por Semana,Jalapeño,Fan Chips Jalapeño
1860,55 Años O Más,Prefiero No Indicarlo,Guatemala,1 A 2 Veces Por Semana,Jalapeño,Fan Chips Jalapeño
1860,55 Años O Más,Prefiero No Indicarlo,Guatemala,1 A 2 Veces Por Semana,Jalapeño,Crunchmax Bbq
1861,18 - 24 Años,Femenino,Jalapa,3 A 5 Veces Por Semana,Dulce,Fan Chips Jalapeño
1861,18 - 24 Años,Femenino,Jalapa,3 A 5 Veces Por Semana,Dulce,Victory Pretzels
1861,18 - 24 Años,Femenino,Jalapa,3 A 5 Veces Por Semana,Dulce,Hot Stadium Peanuts
1862,45 - 54 Años,Femenino,Sacatepéquez,Varias Veces Al Mes,Barbacoa,Gol Nachos Supreme
1862,45 - 54 Años,Femenino,Sacatepéquez,Varias Veces Al Mes,Barbacoa,Crunchmax Bbq
1862,45 - 54 Años,Femenino,Sacatepéquez,Varias Veces Al Mes,Barbacoa,Chocokick Bites
1863,35 - 44 Años,Masculino,Zacapa,3 A 5 Veces Por Semana,Limón,Energy Crunch Protein
1863,35 - 44 Años,Masculino,Zacapa,3 A 5 Veces Por Semana,Limón,Gol Nachos Supreme
1863,35 - 44 Años,Masculino,Zacapa,3 A 5 Veces Por Semana,Limón,Caramel Goal Popcorn
1864,Menos De 18 Años,Masculino,Sacatepéquez,Varias Veces Al Mes,Salado Tradicional,Victory Pretzels
1865,25 - 34 Años,Femenino,Guatemala,3 A 5 Veces Por Semana,Queso,Mundialitos Queso Picante
1865,25 - 34 Años,Femenino,Guatemala,3 A 5 Veces Por Semana,Queso,Crunchmax Bbq
1866,25 - 34 Años,Femenino,Guatemala,Varias Veces Al Mes,Jalapeño,Mundialitos Queso Picante
1866,25 - 34 Años,Femenino,Guatemala,Varias Veces Al Mes,Jalapeño,Fan Chips Jalapeño
1867,45 - 54 Años,Masculino,Guatemala,1 A 2 Veces Por Semana,Barbacoa,Mundialitos Queso Picante
1867,45 - 54 Años,Masculino,Guatemala,1 A 2 Veces Por Semana,Barbacoa,Chocokick Bites
1867,45 - 54 Años,Masculino,Guatemala,1 A 2 Veces Por Semana,Barbacoa,Crunchmax Bbq
1868,45 - 54 Años,Masculino,Chimaltenango,Todos Los Días,Picante Chapín,Chocokick Bites
1868,45 - 54 Años,Masculino,Chimaltenango,Todos Los Días,Picante Chapín,Crunchmax Bbq
1869,Menos De 18 Años,Masculino,Chimaltenango,Todos Los Días,Dulce,Energy Crunch Protein
1869,Menos De 18 Años,Masculino,Chimaltenango,Todos Los Días,Dulce,Futbolmix
1870,25 - 34 Años,Femenino,Baja Verapaz,3 A 5 Veces Por Semana,Jalapeño,Fan Chips Jalapeño
1870,25 - 34 Años,Femenino,Baja Verapaz,3 A 5 Veces Por Semana,Jalapeño,Mundialitos Queso Picante
1871,45 - 54 Años,Masculino,Guatemala,Todos Los Días,Picante Chapín,Hot Stadium Peanuts
1871,45 - 54 Años,Masculino,Guatemala,Todos Los Días,Picante Chapín,Crunchmax Bbq
1872,55 Años O Más,Femenino,Baja Verapaz,3 A 5 Veces Por Semana,Limón,Fan Chips Jalapeño
1872,55 Años O Más,Femenino,Baja Verapaz,3 A 5 Veces Por Semana,Limón,Victory Pretzels
1873,35 - 44 Años,Femenino,Guatemala,Varias Veces Al Mes,Limón,Futbolmix
1874,25 - 34 Años,Masculino,Huehuetenango,Todos Los Días,Picante Chapín,Mundialitos Queso Picante
1874,25 - 34 Años,Masculino,Huehuetenango,Todos Los Días,Picante Chapín,Crunchmax Bbq
1874,25 - 34 Años,Masculino,Huehuetenango,Todos Los Días,Picante Chapín,Fan Chips Jalapeño
1875,35 - 44 Años,Femenino,Zacapa,1 A 2 Veces Por Semana,Limón,Fan Chips Jalapeño
1875,35 - 44 Años,Femenino,Zacapa,1 A 2 Veces Por Semana,Limón,Futbolmix
1876,25 - 34 Años,Masculino,Petén,Varias Veces Al Mes,Chocolate,Fan Chips Jalapeño
1877,18 - 24 Años,Femenino,El Progreso,Varias Veces Al Mes,Picante Chapín,Mundialitos Queso Picante
1877,18 - 24 Años,Femenino,El Progreso,Varias Veces Al Mes,Picante Chapín,Caramel Goal Popcorn
1878,18 - 24 Años,Masculino,Escuintla,Todos Los Días,Caramelo,Hot Stadium Peanuts
1878,18 - 24 Años,Masculino,Escuintla,Todos Los Días,Caramelo,Chocokick Bites
1879,25 - 34 Años,Masculino,Escuintla,1 A 2 Veces Por Semana,Picante Chapín,Mundialitos Queso Picante
1879,25 - 34 Años,Masculino,Escuintla,1 A 2 Veces Por Semana,Picante Chapín,Futbolmix
1879,25 - 34 Años,Masculino,Escuintla,1 A 2 Veces Por Semana,Picante Chapín,Caramel Goal Popcorn
1880,35 - 44 Años,Femenino,Escuintla,1 A 2 Veces Por Semana,Jalapeño,Hot Stadium Peanuts
1880,35 - 44 Años,Femenino,Escuintla,1 A 2 Veces Por Semana,Jalapeño,Mundialitos Queso Picante
1881,25 - 34 Años,Masculino,Guatemala,Todos Los Días,Picante Chapín,Crunchmax Bbq
1882,55 Años O Más,Masculino,Escuintla,3 A 5 Veces Por Semana,Barbacoa,Chocokick Bites
1882,55 Años O Más,Masculino,Escuintla,3 A 5 Veces Por Semana,Barbacoa,Crunchmax Bbq
1883,35 - 44 Años,Femenino,Zacapa,3 A 5 Veces Por Semana,Picante Chapín,Hot Stadium Peanuts
1883,35 - 44 Años,Femenino,Zacapa,3 A 5 Veces Por Semana,Picante Chapín,Energy Crunch Protein
1884,18 - 24 Años,Femenino,Sololá,Varias Veces Al Mes,Salado Tradicional,Fan Chips Jalapeño
1884,18 - 24 Años,Femenino,Sololá,Varias Veces Al Mes,Salado Tradicional,Mundialitos Queso Picante
1885,25 - 34 Años,Masculino,Huehuetenango,3 A 5 Veces Por Semana,Limón,Gol Nachos Supreme
1885,25 - 34 Años,Masculino,Huehuetenango,3 A 5 Veces Por Semana,Limón,Caramel Goal Popcorn
1886,55 Años O Más,Femenino,Escuintla,1 A 2 Veces Por Semana,Picante Chapín,Gol Nachos Supreme
1886,55 Años O Más,Femenino,Escuintla,1 A 2 Veces Por Semana,Picante Chapín,Fan Chips Jalapeño
1886,55 Años O Más,Femenino,Escuintla,1 A 2 Veces Por Semana,Picante Chapín,Hot Stadium Peanuts
1887,25 - 34 Años,Masculino,Quetzaltenango,1 A 2 Veces Por Semana,Limón,Fan Chips Jalapeño
1888,25 - 34 Años,Masculino,Chimaltenango,3 A 5 Veces Por Semana,Limón,Fan Chips Jalapeño
1888,25 - 34 Años,Masculino,Chimaltenango,3 A 5 Veces Por Semana,Limón,Gol Nachos Supreme
1888,25 - 34 Años,Masculino,Chimaltenango,3 A 5 Veces Por Semana,Limón,Mundialitos Queso Picante
1889,25 - 34 Años,Femenino,Guatemala,Varias Veces Al Mes,Jalapeño,Futbolmix
1889,25 - 34 Años,Femenino,Guatemala,Varias Veces Al Mes,Jalapeño,Mundialitos Queso Picante
1890,35 - 44 Años,Femenino,Guatemala,1 A 2 Veces Por Semana,Queso,Chocokick Bites
1890,35 - 44 Años,Femenino,Guatemala,1 A 2 Veces Por Semana,Queso,Crunchmax Bbq
1890,35 - 44 Años,Femenino,Guatemala,1 A 2 Veces Por Semana,Queso,Caramel Goal Popcorn
1891,25 - 34 Años,Prefiero No Indicarlo,Guatemala,1 A 2 Veces Por Semana,Barbacoa,Chocokick Bites
1891,25 - 34 Años,Prefiero No Indicarlo,Guatemala,1 A 2 Veces Por Semana,Barbacoa,Caramel Goal Popcorn
1891,25 - 34 Años,Prefiero No Indicarlo,Guatemala,1 A 2 Veces Por Semana,Barbacoa,Crunchmax Bbq
1892,25 - 34 Años,Prefiero No Indicarlo,Izabal,Rara Vez,Salado Tradicional,Futbolmix
1893,18 - 24 Años,Femenino,Guatemala,1 A 2 Veces Por Semana,Limón,Fan Chips Jalapeño
1894,35 - 44 Años,Prefiero No Indicarlo,Petén,1 A 2 Veces Por Semana,Dulce,Hot Stadium Peanuts
1894,35 - 44 Años,Prefiero No Indicarlo,Petén,1 A 2 Veces Por Semana,Dulce,Caramel Goal Popcorn
1894,35 - 44 Años,Prefiero No Indicarlo,Petén,1 A 2 Veces Por Semana,Dulce,Victory Pretzels
1895,18 - 24 Años,Femenino,Izabal,1 A 2 Veces Por Semana,Queso,Gol Nachos Supreme
1895,18 - 24 Años,Femenino,Izabal,1 A 2 Veces Por Semana,Queso,Caramel Goal Popcorn
1895,18 - 24 Años,Femenino,Izabal,1 A 2 Veces Por Semana,Queso,Hot Stadium Peanuts
1896,25 - 34 Años,Femenino,Escuintla,Todos Los Días,Queso,Fan Chips Jalapeño
1896,25 - 34 Años,Femenino,Escuintla,Todos Los Días,Queso,Hot Stadium Peanuts
1896,25 - 34 Años,Femenino,Escuintla,Todos Los Días,Queso,Gol Nachos Supreme
1897,35 - 44 Años,Masculino,Chiquimula,Todos Los Días,Salado Tradicional,Energy Crunch Protein
1897,35 - 44 Años,Masculino,Chiquimula,Todos Los Días,Salado Tradicional,Mundialitos Queso Picante
1898,Menos De 18 Años,Masculino,Chiquimula,Todos Los Días,Queso,Crunchmax Bbq
1898,Menos De 18 Años,Masculino,Chiquimula,Todos Los Días,Queso,Mundialitos Queso Picante
1899,Menos De 18 Años,Masculino,Escuintla,3 A 5 Veces Por Semana,Salado Tradicional,Crunchmax Bbq
1899,Menos De 18 Años,Masculino,Escuintla,3 A 5 Veces Por Semana,Salado Tradicional,Mundialitos Queso Picante
1900,25 - 34 Años,Masculino,Guatemala,Varias Veces Al Mes,Queso,Crunchmax Bbq
1900,25 - 34 Años,Masculino,Guatemala,Varias Veces Al Mes,Queso,Gol Nachos Supreme
1901,Menos De 18 Años,Femenino,Zacapa,Todos Los Días,Barbacoa,Futbolmix
1901,Menos De 18 Años,Femenino,Zacapa,Todos Los Días,Barbacoa,Hot Stadium Peanuts
1901,Menos De 18 Años,Femenino,Zacapa,Todos Los Días,Barbacoa,Caramel Goal Popcorn
1902,45 - 54 Años,Femenino,Guatemala,Todos Los Días,Queso,Crunchmax Bbq
1902,45 - 54 Años,Femenino,Guatemala,Todos Los Días,Queso,Gol Nachos Supreme
1903,55 Años O Más,Femenino,Guatemala,Varias Veces Al Mes,Caramelo,Crunchmax Bbq
1904,35 - 44 Años,Masculino,Retalhuleu,1 A 2 Veces Por Semana,Barbacoa,Gol Nachos Supreme
1904,35 - 44 Años,Masculino,Retalhuleu,1 A 2 Veces Por Semana,Barbacoa,Mundialitos Queso Picante
1905,18 - 24 Años,Masculino,Quetzaltenango,1 A 2 Veces Por Semana,Jalapeño,Crunchmax Bbq
1905,18 - 24 Años,Masculino,Quetzaltenango,1 A 2 Veces Por Semana,Jalapeño,Gol Nachos Supreme
1906,25 - 34 Años,Masculino,Guatemala,3 A 5 Veces Por Semana,Queso,Crunchmax Bbq
1906,25 - 34 Años,Masculino,Guatemala,3 A 5 Veces Por Semana,Queso,Gol Nachos Supreme
1906,25 - 34 Años,Masculino,Guatemala,3 A 5 Veces Por Semana,Queso,Fan Chips Jalapeño
1907,Menos De 18 Años,Masculino,Chiquimula,Todos Los Días,,Gol Nachos Supreme
1907,Menos De 18 Años,Masculino,Chiquimula,Todos Los Días,,Crunchmax Bbq
1908,18 - 24 Años,Masculino,Guatemala,Varias Veces Al Mes,Queso,Energy Crunch Protein
1908,18 - 24 Años,Masculino,Guatemala,Varias Veces Al Mes,Queso,Gol Nachos Supreme
1908,18 - 24 Años,Masculino,Guatemala,Varias Veces Al Mes,Queso,Futbolmix
1909,55 Años O Más,Masculino,Sacatepéquez,Todos Los Días,Picante Chapín,Crunchmax Bbq
1910,25 - 34 Años,Femenino,Santa Rosa,1 A 2 Veces Por Semana,Queso,Crunchmax Bbq
1911,25 - 34 Años,Masculino,Escuintla,Todos Los Días,Barbacoa,Gol Nachos Supreme
1911,25 - 34 Años,Masculino,Escuintla,Todos Los Días,Barbacoa,Mundialitos Queso Picante
1911,25 - 34 Años,Masculino,Escuintla,Todos Los Días,Barbacoa,Fan Chips Jalapeño
1912,25 - 34 Años,Femenino,El Progreso,3 A 5 Veces Por Semana,Queso,Mundialitos Queso Picante
1913,45 - 54 Años,Masculino,Escuintla,Todos Los Días,Picante Chapín,Energy Crunch Protein
1913,45 - 54 Años,Masculino,Escuintla,Todos Los Días,Picante Chapín,Crunchmax Bbq
1913,45 - 54 Años,Masculino,Escuintla,Todos Los Días,Picante Chapín,Chocokick Bites
1914,18 - 24 Años,Masculino,Sacatepéquez,Varias Veces Al Mes,Queso,Mundialitos Queso Picante
1914,18 - 24 Años,Masculino,Sacatepéquez,Varias Veces Al Mes,Queso,Gol Nachos Supreme
1914,18 - 24 Años,Masculino,Sacatepéquez,Varias Veces Al Mes,Queso,Chocokick Bites
1915,25 - 34 Años,Masculino,Guatemala,Varias Veces Al Mes,Dulce,Mundialitos Queso Picante
1916,35 - 44 Años,Masculino,Sacatepéquez,Todos Los Días,Queso,Futbolmix
1916,35 - 44 Años,Masculino,Sacatepéquez,Todos Los Días,Queso,Crunchmax Bbq
1917,25 - 34 Años,Femenino,Jalapa,3 A 5 Veces Por Semana,Jalapeño,Hot Stadium Peanuts
1917,25 - 34 Años,Femenino,Jalapa,3 A 5 Veces Por Semana,Jalapeño,Fan Chips Jalapeño
1917,25 - 34 Años,Femenino,Jalapa,3 A 5 Veces Por Semana,Jalapeño,Caramel Goal Popcorn
1918,18 - 24 Años,Femenino,Quetzaltenango,3 A 5 Veces Por Semana,Queso,Futbolmix
1918,18 - 24 Años,Femenino,Quetzaltenango,3 A 5 Veces Por Semana,Queso,Energy Crunch Protein
1918,18 - 24 Años,Femenino,Quetzaltenango,3 A 5 Veces Por Semana,Queso,Mundialitos Queso Picante
1919,55 Años O Más,Masculino,Chiquimula,1 A 2 Veces Por Semana,Picante Chapín,Caramel Goal Popcorn
1920,35 - 44 Años,Masculino,Guatemala,Todos Los Días,Jalapeño,Victory Pretzels
1920,35 - 44 Años,Masculino,Guatemala,Todos Los Días,Jalapeño,Caramel Goal Popcorn
1921,25 - 34 Años,Femenino,Santa Rosa,3 A 5 Veces Por Semana,Jalapeño,Crunchmax Bbq
1921,25 - 34 Años,Femenino,Santa Rosa,3 A 5 Veces Por Semana,Jalapeño,Gol Nachos Supreme
1921,25 - 34 Años,Femenino,Santa Rosa,3 A 5 Veces Por Semana,Jalapeño,Fan Chips Jalapeño
1922,25 - 34 Años,Masculino,Chimaltenango,3 A 5 Veces Por Semana,Queso,Mundialitos Queso Picante
1922,25 - 34 Años,Masculino,Chimaltenango,3 A 5 Veces Por Semana,Queso,Fan Chips Jalapeño
1923,35 - 44 Años,Masculino,Quiché,Varias Veces Al Mes,Barbacoa,Fan Chips Jalapeño
1923,35 - 44 Años,Masculino,Quiché,Varias Veces Al Mes,Barbacoa,Futbolmix
1924,25 - 34 Años,Masculino,Guatemala,3 A 5 Veces Por Semana,Jalapeño,Gol Nachos Supreme
1924,25 - 34 Años,Masculino,Guatemala,3 A 5 Veces Por Semana,Jalapeño,Mundialitos Queso Picante
1925,35 - 44 Años,Femenino,Guatemala,3 A 5 Veces Por Semana,Queso,Chocokick Bites
1926,25 - 34 Años,Masculino,Chimaltenango,Todos Los Días,Chocolate,Crunchmax Bbq
1926,25 - 34 Años,Masculino,Chimaltenango,Todos Los Días,Chocolate,Caramel Goal Popcorn
1926,25 - 34 Años,Masculino,Chimaltenango,Todos Los Días,Chocolate,Hot Stadium Peanuts
1927,35 - 44 Años,Masculino,Escuintla,1 A 2 Veces Por Semana,Queso,Caramel Goal Popcorn
1927,35 - 44 Años,Masculino,Escuintla,1 A 2 Veces Por Semana,Queso,Crunchmax Bbq
1928,18 - 24 Años,Femenino,Quetzaltenango,3 A 5 Veces Por Semana,Caramelo,Victory Pretzels
1929,18 - 24 Años,Masculino,Santa Rosa,Rara Vez,Barbacoa,Futbolmix
1929,18 - 24 Años,Masculino,Santa Rosa,Rara Vez,Barbacoa,Gol Nachos Supreme
1929,18 - 24 Años,Masculino,Santa Rosa,Rara Vez,Barbacoa,Fan Chips Jalapeño
1930,35 - 44 Años,Femenino,Escuintla,Rara Vez,Queso,Mundialitos Queso Picante
1930,35 - 44 Años,Femenino,Escuintla,Rara Vez,Queso,Crunchmax Bbq
1932,55 Años O Más,Masculino,Chimaltenango,Varias Veces Al Mes,Barbacoa,Gol Nachos Supreme
1932,55 Años O Más,Masculino,Chimaltenango,Varias Veces Al Mes,Barbacoa,Crunchmax Bbq
1932,55 Años O Más,Masculino,Chimaltenango,Varias Veces Al Mes,Barbacoa,Hot Stadium Peanuts
1933,18 - 24 Años,Femenino,Guatemala,Varias Veces Al Mes,Limón,Gol Nachos Supreme
1934,25 - 34 Años,Femenino,Guatemala,Todos Los Días,Chocolate,Caramel Goal Popcorn
1935,Menos De 18 Años,Femenino,Quetzaltenango,Todos Los Días,Barbacoa,Fan Chips Jalapeño
1935,Menos De 18 Años,Femenino,Quetzaltenango,Todos Los Días,Barbacoa,Crunchmax Bbq
1935,Menos De 18 Años,Femenino,Quetzaltenango,Todos Los Días,Barbacoa,Caramel Goal Popcorn
1936,18 - 24 Años,Femenino,Guatemala,Rara Vez,Jalapeño,Crunchmax Bbq
1936,18 - 24 Años,Femenino,Guatemala,Rara Vez,Jalapeño,Mundialitos Queso Picante
1936,18 - 24 Años,Femenino,Guatemala,Rara Vez,Jalapeño,Fan Chips Jalapeño
1937,18 - 24 Años,Femenino,Quetzaltenango,1 A 2 Veces Por Semana,Queso,Crunchmax Bbq
1938,25 - 34 Años,Masculino,Totonicapán,3 A 5 Veces Por Semana,Picante Chapín,Gol Nachos Supreme
1938,25 - 34 Años,Masculino,Totonicapán,3 A 5 Veces Por Semana,Picante Chapín,Futbolmix
1939,55 Años O Más,Femenino,Guatemala,Todos Los Días,Chocolate,Fan Chips Jalapeño
1939,55 Años O Más,Femenino,Guatemala,Todos Los Días,Chocolate,Gol Nachos Supreme
1939,55 Años O Más,Femenino,Guatemala,Todos Los Días,Chocolate,Energy Crunch Protein
1940,55 Años O Más,Masculino,Huehuetenango,Varias Veces Al Mes,Barbacoa,Hot Stadium Peanuts
1940,55 Años O Más,Masculino,Huehuetenango,Varias Veces Al Mes,Barbacoa,Fan Chips Jalapeño
1941,35 - 44 Años,Prefiero No Indicarlo,Suchitepéquez,Todos Los Días,Picante Chapín,Crunchmax Bbq
1941,35 - 44 Años,Prefiero No Indicarlo,Suchitepéquez,Todos Los Días,Picante Chapín,Gol Nachos Supreme
1941,35 - 44 Años,Prefiero No Indicarlo,Suchitepéquez,Todos Los Días,Picante Chapín,Hot Stadium Peanuts
1942,25 - 34 Años,Masculino,Sacatepéquez,Todos Los Días,Picante Chapín,Caramel Goal Popcorn
1942,25 - 34 Años,Masculino,Sacatepéquez,Todos Los Días,Picante Chapín,Mundialitos Queso Picante
1942,25 - 34 Años,Masculino,Sacatepéquez,Todos Los Días,Picante Chapín,Gol Nachos Supreme
1943,35 - 44 Años,Masculino,Sololá,1 A 2 Veces Por Semana,Dulce,Futbolmix
1944,25 - 34 Años,Masculino,Chiquimula,3 A 5 Veces Por Semana,Queso,Mundialitos Queso Picante
1944,25 - 34 Años,Masculino,Chiquimula,3 A 5 Veces Por Semana,Queso,Gol Nachos Supreme
1944,25 - 34 Años,Masculino,Chiquimula,3 A 5 Veces Por Semana,Queso,Chocokick Bites
1945,25 - 34 Años,Femenino,Guatemala,Rara Vez,Barbacoa,Hot Stadium Peanuts
1946,55 Años O Más,Masculino,Quiché,1 A 2 Veces Por Semana,Dulce,Chocokick Bites
1946,55 Años O Más,Masculino,Quiché,1 A 2 Veces Por Semana,Dulce,Futbolmix
1946,55 Años O Más,Masculino,Quiché,1 A 2 Veces Por Semana,Dulce,Mundialitos Queso Picante
1947,45 - 54 Años,Femenino,Sacatepéquez,3 A 5 Veces Por Semana,Queso,Caramel Goal Popcorn
1947,45 - 54 Años,Femenino,Sacatepéquez,3 A 5 Veces Por Semana,Queso,Fan Chips Jalapeño
1947,45 - 54 Años,Femenino,Sacatepéquez,3 A 5 Veces Por Semana,Queso,Futbolmix
1948,18 - 24 Años,Femenino,Guatemala,1 A 2 Veces Por Semana,Salado Tradicional,Gol Nachos Supreme
1948,18 - 24 Años,Femenino,Guatemala,1 A 2 Veces Por Semana,Salado Tradicional,Futbolmix
1948,18 - 24 Años,Femenino,Guatemala,1 A 2 Veces Por Semana,Salado Tradicional,Caramel Goal Popcorn
1949,25 - 34 Años,Masculino,Guatemala,Varias Veces Al Mes,Dulce,Chocokick Bites
1950,25 - 34 Años,Masculino,Chimaltenango,Varias Veces Al Mes,Jalapeño,Mundialitos Queso Picante
1950,25 - 34 Años,Masculino,Chimaltenango,Varias Veces Al Mes,Jalapeño,Fan Chips Jalapeño
1951,18 - 24 Años,Masculino,Guatemala,Todos Los Días,Barbacoa,Victory Pretzels
1952,35 - 44 Años,Femenino,Escuintla,1 A 2 Veces Por Semana,Salado Tradicional,Mundialitos Queso Picante
1953,18 - 24 Años,Masculino,Guatemala,3 A 5 Veces Por Semana,Chocolate,Futbolmix
1953,18 - 24 Años,Masculino,Guatemala,3 A 5 Veces Por Semana,Chocolate,Hot Stadium Peanuts
1953,18 - 24 Años,Masculino,Guatemala,3 A 5 Veces Por Semana,Chocolate,Caramel Goal Popcorn
1954,25 - 34 Años,Femenino,Guatemala,Varias Veces Al Mes,Limón,Victory Pretzels
1954,25 - 34 Años,Femenino,Guatemala,Varias Veces Al Mes,Limón,Gol Nachos Supreme
1955,45 - 54 Años,Masculino,Chimaltenango,Varias Veces Al Mes,Barbacoa,Chocokick Bites
1955,45 - 54 Años,Masculino,Chimaltenango,Varias Veces Al Mes,Barbacoa,Gol Nachos Supreme
1955,45 - 54 Años,Masculino,Chimaltenango,Varias Veces Al Mes,Barbacoa,Futbolmix
1956,35 - 44 Años,Masculino,Guatemala,Todos Los Días,Barbacoa,Hot Stadium Peanuts
1956,35 - 44 Años,Masculino,Guatemala,Todos Los Días,Barbacoa,Mundialitos Queso Picante
1956,35 - 44 Años,Masculino,Guatemala,Todos Los Días,Barbacoa,Chocokick Bites
1957,35 - 44 Años,Masculino,Guatemala,1 A 2 Veces Por Semana,Chocolate,Futbolmix
1957,35 - 44 Años,Masculino,Guatemala,1 A 2 Veces Por Semana,Chocolate,Gol Nachos Supreme
1957,35 - 44 Años,Masculino,Guatemala,1 A 2 Veces Por Semana,Chocolate,Hot Stadium Peanuts
1958,Menos De 18 Años,Femenino,Guatemala,Todos Los Días,Caramelo,Crunchmax Bbq
1958,Menos De 18 Años,Femenino,Guatemala,Todos Los Días,Caramelo,Fan Chips Jalapeño
1958,Menos De 18 Años,Femenino,Guatemala,Todos Los Días,Caramelo,Victory Pretzels
1959,18 - 24 Años,Masculino,Guatemala,Todos Los Días,Jalapeño,Crunchmax Bbq
1959,18 - 24 Años,Masculino,Guatemala,Todos Los Días,Jalapeño,Chocokick Bites
1959,18 - 24 Años,Masculino,Guatemala,Todos Los Días,Jalapeño,Hot Stadium Peanuts
1962,18 - 24 Años,Femenino,Guatemala,1 A 2 Veces Por Semana,Limón,Chocokick Bites
1962,18 - 24 Años,Femenino,Guatemala,1 A 2 Veces Por Semana,Limón,Fan Chips Jalapeño
1963,18 - 24 Años,Femenino,Guatemala,3 A 5 Veces Por Semana,Barbacoa,Victory Pretzels
1963,18 - 24 Años,Femenino,Guatemala,3 A 5 Veces Por Semana,Barbacoa,Crunchmax Bbq
1964,35 - 44 Años,Masculino,Guatemala,Varias Veces Al Mes,Picante Chapín,Fan Chips Jalapeño
1964,35 - 44 Años,Masculino,Guatemala,Varias Veces Al Mes,Picante Chapín,Crunchmax Bbq
1965,45 - 54 Años,Prefiero No Indicarlo,Guatemala,1 A 2 Veces Por Semana,Picante Chapín,Mundialitos Queso Picante
1965,45 - 54 Años,Prefiero No Indicarlo,Guatemala,1 A 2 Veces Por Semana,Picante Chapín,Crunchmax Bbq
1966,Menos De 18 Años,Masculino,Retalhuleu,3 A 5 Veces Por Semana,Barbacoa,Mundialitos Queso Picante
1966,Menos De 18 Años,Masculino,Retalhuleu,3 A 5 Veces Por Semana,Barbacoa,Caramel Goal Popcorn
1967,35 - 44 Años,Femenino,Guatemala,3 A 5 Veces Por Semana,Dulce,Gol Nachos Supreme
1967,35 - 44 Años,Femenino,Guatemala,3 A 5 Veces Por Semana,Dulce,Futbolmix
1967,35 - 44 Años,Femenino,Guatemala,3 A 5 Veces Por Semana,Dulce,Mundialitos Queso Picante
1968,18 - 24 Años,Femenino,Sacatepéquez,Rara Vez,Chocolate,Gol Nachos Supreme
1968,18 - 24 Años,Femenino,Sacatepéquez,Rara Vez,Chocolate,Mundialitos Queso Picante
1968,18 - 24 Años,Femenino,Sacatepéquez,Rara Vez,Chocolate,Energy Crunch Protein
1969,55 Años O Más,Masculino,Sololá,Todos Los Días,Limón,Futbolmix
1969,55 Años O Más,Masculino,Sololá,Todos Los Días,Limón,Crunchmax Bbq
1970,45 - 54 Años,Femenino,Guatemala,1 A 2 Veces Por Semana,Barbacoa,Fan Chips Jalapeño
1970,45 - 54 Años,Femenino,Guatemala,1 A 2 Veces Por Semana,Barbacoa,Futbolmix
1971,18 - 24 Años,Masculino,Zacapa,Rara Vez,Jalapeño,Energy Crunch Protein
1972,25 - 34 Años,Masculino,Zacapa,3 A 5 Veces Por Semana,Picante Chapín,Futbolmix
1972,25 - 34 Años,Masculino,Zacapa,3 A 5 Veces Por Semana,Picante Chapín,Fan Chips Jalapeño
1973,25 - 34 Años,Masculino,Escuintla,1 A 2 Veces Por Semana,Caramelo,Fan Chips Jalapeño
1973,25 - 34 Años,Masculino,Escuintla,1 A 2 Veces Por Semana,Caramelo,Crunchmax Bbq
1973,25 - 34 Años,Masculino,Escuintla,1 A 2 Veces Por Semana,Caramelo,Futbolmix
1974,25 - 34 Años,Femenino,Sacatepéquez,1 A 2 Veces Por Semana,Queso,Crunchmax Bbq
1975,35 - 44 Años,Masculino,Guatemala,Rara Vez,Picante Chapín,Chocokick Bites
1975,35 - 44 Años,Masculino,Guatemala,Rara Vez,Picante Chapín,Futbolmix
1975,35 - 44 Años,Masculino,Guatemala,Rara Vez,Picante Chapín,Mundialitos Queso Picante
1976,18 - 24 Años,Femenino,Retalhuleu,Varias Veces Al Mes,Limón,Gol Nachos Supreme
1976,18 - 24 Años,Femenino,Retalhuleu,Varias Veces Al Mes,Limón,Crunchmax Bbq
1976,18 - 24 Años,Femenino,Retalhuleu,Varias Veces Al Mes,Limón,Mundialitos Queso Picante
1977,55 Años O Más,Femenino,Quetzaltenango,Todos Los Días,Jalapeño,Fan Chips Jalapeño
1977,55 Años O Más,Femenino,Quetzaltenango,Todos Los Días,Jalapeño,Gol Nachos Supreme
1978,Menos De 18 Años,Masculino,Chimaltenango,Todos Los Días,Limón,Futbolmix
1979,18 - 24 Años,Femenino,Santa Rosa,3 A 5 Veces Por Semana,Limón,Crunchmax Bbq
1980,18 - 24 Años,Masculino,Guatemala,Todos Los Días,Queso,Gol Nachos Supreme
1981,25 - 34 Años,Masculino,Guatemala,3 A 5 Veces Por Semana,Queso,Crunchmax Bbq
1982,18 - 24 Años,Femenino,Guatemala,3 A 5 Veces Por Semana,Limón,Chocokick Bites
1983,18 - 24 Años,Masculino,Quetzaltenango,Rara Vez,Salado Tradicional,Futbolmix
1983,18 - 24 Años,Masculino,Quetzaltenango,Rara Vez,Salado Tradicional,Crunchmax Bbq
1984,25 - 34 Años,Femenino,Guatemala,Todos Los Días,Dulce,Hot Stadium Peanuts
1984,25 - 34 Años,Femenino,Guatemala,Todos Los Días,Dulce,Futbolmix
1984,25 - 34 Años,Femenino,Guatemala,Todos Los Días,Dulce,Chocokick Bites
1985,55 Años O Más,Masculino,Guatemala,3 A 5 Veces Por Semana,Barbacoa,Caramel Goal Popcorn
1986,35 - 44 Años,Masculino,Guatemala,Todos Los Días,Chocolate,Fan Chips Jalapeño
1986,35 - 44 Años,Masculino,Guatemala,Todos Los Días,Chocolate,Caramel Goal Popcorn
1987,25 - 34 Años,Masculino,Quetzaltenango,Varias Veces Al Mes,Picante Chapín,Crunchmax Bbq
1987,25 - 34 Años,Masculino,Quetzaltenango,Varias Veces Al Mes,Picante Chapín,Chocokick Bites
1988,35 - 44 Años,Femenino,Guatemala,Todos Los Días,Barbacoa,Fan Chips Jalapeño
1989,45 - 54 Años,Femenino,Guatemala,Varias Veces Al Mes,Queso,Caramel Goal Popcorn
1990,18 - 24 Años,Femenino,Guatemala,1 A 2 Veces Por Semana,Queso,Energy Crunch Protein
1991,45 - 54 Años,Femenino,Guatemala,3 A 5 Veces Por Semana,Jalapeño,Chocokick Bites
1991,45 - 54 Años,Femenino,Guatemala,3 A 5 Veces Por Semana,Jalapeño,Victory Pretzels
1992,25 - 34 Años,Masculino,Guatemala,3 A 5 Veces Por Semana,Barbacoa,Gol Nachos Supreme
1992,25 - 34 Años,Masculino,Guatemala,3 A 5 Veces Por Semana,Barbacoa,Crunchmax Bbq
1993,18 - 24 Años,Femenino,Chimaltenango,Todos Los Días,Limón,Hot Stadium Peanuts
1993,18 - 24 Años,Femenino,Chimaltenango,Todos Los Días,Limón,Energy Crunch Protein
1993,18 - 24 Años,Femenino,Chimaltenango,Todos Los Días,Limón,Chocokick Bites
1994,18 - 24 Años,Masculino,Guatemala,1 A 2 Veces Por Semana,Picante Chapín,Gol Nachos Supreme
1994,18 - 24 Años,Masculino,Guatemala,1 A 2 Veces Por Semana,Picante Chapín,Mundialitos Queso Picante
1994,18 - 24 Años,Masculino,Guatemala,1 A 2 Veces Por Semana,Picante Chapín,Crunchmax Bbq
1995,25 - 34 Años,Masculino,El Progreso,Rara Vez,Jalapeño,Gol Nachos Supreme
1995,25 - 34 Años,Masculino,El Progreso,Rara Vez,Jalapeño,Caramel Goal Popcorn
1995,25 - 34 Años,Masculino,El Progreso,Rara Vez,Jalapeño,Hot Stadium Peanuts
1996,45 - 54 Años,Prefiero No Indicarlo,Quetzaltenango,1 A 2 Veces Por Semana,Queso,Fan Chips Jalapeño
1997,18 - 24 Años,Masculino,Jalapa,Todos Los Días,Jalapeño,Crunchmax Bbq
1997,18 - 24 Años,Masculino,Jalapa,Todos Los Días,Jalapeño,Futbolmix
1998,35 - 44 Años,Masculino,Guatemala,1 A 2 Veces Por Semana,Limón,Fan Chips Jalapeño
1999,18 - 24 Años,Femenino,Guatemala,1 A 2 Veces Por Semana,Picante Chapín,Chocokick Bites
1999,18 - 24 Años,Femenino,Guatemala,1 A 2 Veces Por Semana,Picante Chapín,Crunchmax Bbq
2000,25 - 34 Años,Masculino,Jalapa,Varias Veces Al Mes,Salado Tradicional,Victory Pretzels
2001,55 Años O Más,Masculino,Guatemala,3 A 5 Veces Por Semana,Limón,Fan Chips Jalapeño
2002,45 - 54 Años,Femenino,Retalhuleu,Todos Los Días,Barbacoa,Hot Stadium Peanuts
2002,45 - 54 Años,Femenino,Retalhuleu,Todos Los Días,Barbacoa,Chocokick Bites
2002,45 - 54 Años,Femenino,Retalhuleu,Todos Los Días,Barbacoa,Caramel Goal Popcorn
2003,45 - 54 Años,Masculino,Suchitepéquez,Todos Los Días,Limón,Victory Pretzels
2003,45 - 54 Años,Masculino,Suchitepéquez,Todos Los Días,Limón,Fan Chips Jalapeño
2003,45 - 54 Años,Masculino,Suchitepéquez,Todos Los Días,Limón,Mundialitos Queso Picante
2004,25 - 34 Años,Masculino,Jutiapa,1 A 2 Veces Por Semana,Picante Chapín,Futbolmix
2004,25 - 34 Años,Masculino,Jutiapa,1 A 2 Veces Por Semana,Picante Chapín,Fan Chips Jalapeño
2005,18 - 24 Años,Masculino,Jalapa,Todos Los Días,Caramelo,Crunchmax Bbq
2005,18 - 24 Años,Masculino,Jalapa,Todos Los Días,Caramelo,Hot Stadium Peanuts
2006,45 - 54 Años,Masculino,Chimaltenango,Todos Los Días,Chocolate,Crunchmax Bbq
2006,45 - 54 Años,Masculino,Chimaltenango,Todos Los Días,Chocolate,Chocokick Bites
2006,45 - 54 Años,Masculino,Chimaltenango,Todos Los Días,Chocolate,Mundialitos Queso Picante
2007,25 - 34 Años,Femenino,Baja Verapaz,1 A 2 Veces Por Semana,Chocolate,Fan Chips Jalapeño
2007,25 - 34 Años,Femenino,Baja Verapaz,1 A 2 Veces Por Semana,Chocolate,Crunchmax Bbq
2007,25 - 34 Años,Femenino,Baja Verapaz,1 A 2 Veces Por Semana,Chocolate,Chocokick Bites
2008,35 - 44 Años,Femenino,Guatemala,Varias Veces Al Mes,Queso,Chocokick Bites
2008,35 - 44 Años,Femenino,Guatemala,Varias Veces Al Mes,Queso,Hot Stadium Peanuts
2009,25 - 34 Años,Femenino,Guatemala,Varias Veces Al Mes,Barbacoa,Crunchmax Bbq
2010,25 - 34 Años,Masculino,Izabal,3 A 5 Veces Por Semana,Barbacoa,Crunchmax Bbq
2011,35 - 44 Años,Femenino,Jutiapa,Varias Veces Al Mes,Salado Tradicional,Gol Nachos Supreme
2011,35 - 44 Años,Femenino,Jutiapa,Varias Veces Al Mes,Salado Tradicional,Hot Stadium Peanuts
2011,35 - 44 Años,Femenino,Jutiapa,Varias Veces Al Mes,Salado Tradicional,Futbolmix
2012,25 - 34 Años,Masculino,Santa Rosa,Rara Vez,Jalapeño,Chocokick Bites
2013,35 - 44 Años,Masculino,Retalhuleu,Varias Veces Al Mes,Dulce,Chocokick Bites
2014,18 - 24 Años,Femenino,Chimaltenango,Varias Veces Al Mes,Barbacoa,Fan Chips Jalapeño
2015,35 - 44 Años,Femenino,Guatemala,Todos Los Días,Jalapeño,Futbolmix
2016,25 - 34 Años,Femenino,Sacatepéquez,1 A 2 Veces Por Semana,Barbacoa,Hot Stadium Peanuts
2016,25 - 34 Años,Femenino,Sacatepéquez,1 A 2 Veces Por Semana,Barbacoa,Fan Chips Jalapeño
2017,55 Años O Más,Femenino,Guatemala,1 A 2 Veces Por Semana,Barbacoa,Fan Chips Jalapeño
2017,55 Años O Más,Femenino,Guatemala,1 A 2 Veces Por Semana,Barbacoa,Mundialitos Queso Picante
2018,18 - 24 Años,Masculino,Guatemala,Varias Veces Al Mes,Barbacoa,Mundialitos Queso Picante
2019,25 - 34 Años,Femenino,Chimaltenango,Todos Los Días,,Hot Stadium Peanuts
2019,25 - 34 Años,Femenino,Chimaltenango,Todos Los Días,,Caramel Goal Popcorn
2019,25 - 34 Años,Femenino,Chimaltenango,Todos Los Días,,Energy Crunch Protein
2020,35 - 44 Años,Femenino,Guatemala,3 A 5 Veces Por Semana,Picante Chapín,Gol Nachos Supreme
2020,35 - 44 Años,Femenino,Guatemala,3 A 5 Veces Por Semana,Picante Chapín,Hot Stadium Peanuts
2021,25 - 34 Años,Masculino,Quetzaltenango,1 A 2 Veces Por Semana,Picante Chapín,Caramel Goal Popcorn
2021,25 - 34 Años,Masculino,Quetzaltenango,1 A 2 Veces Por Semana,Picante Chapín,Gol Nachos Supreme
2022,18 - 24 Años,Masculino,Chimaltenango,3 A 5 Veces Por Semana,Caramelo,Victory Pretzels
2023,18 - 24 Años,Masculino,Guatemala,Varias Veces Al Mes,Chocolate,Gol Nachos Supreme
2024,35 - 44 Años,Femenino,Guatemala,1 A 2 Veces Por Semana,Barbacoa,Crunchmax Bbq
2025,25 - 34 Años,Masculino,Guatemala,3 A 5 Veces Por Semana,Jalapeño,Mundialitos Queso Picante
2026,25 - 34 Años,Masculino,Guatemala,Varias Veces Al Mes,Jalapeño,Caramel Goal Popcorn
2027,55 Años O Más,Masculino,Escuintla,Todos Los Días,Queso,Gol Nachos Supreme
2027,55 Años O Más,Masculino,Escuintla,Todos Los Días,Queso,Caramel Goal Popcorn
2028,35 - 44 Años,Masculino,Guatemala,3 A 5 Veces Por Semana,Jalapeño,Energy Crunch Protein
2028,35 - 44 Años,Masculino,Guatemala,3 A 5 Veces Por Semana,Jalapeño,Fan Chips Jalapeño
2028,35 - 44 Años,Masculino,Guatemala,3 A 5 Veces Por Semana,Jalapeño,Gol Nachos Supreme
2029,18 - 24 Años,Femenino,Chimaltenango,Varias Veces Al Mes,Jalapeño,Chocokick Bites
2030,Menos De 18 Años,Masculino,Guatemala,Todos Los Días,Salado Tradicional,Gol Nachos Supreme
2031,25 - 34 Años,Masculino,Guatemala,1 A 2 Veces Por Semana,Picante Chapín,Fan Chips Jalapeño
2032,Menos De 18 Años,Femenino,Guatemala,Todos Los Días,Limón,Futbolmix
2032,Menos De 18 Años,Femenino,Guatemala,Todos Los Días,Limón,Mundialitos Queso Picante
2033,Menos De 18 Años,Masculino,Escuintla,1 A 2 Veces Por Semana,Barbacoa,Chocokick Bites
2033,Menos De 18 Años,Masculino,Escuintla,1 A 2 Veces Por Semana,Barbacoa,Hot Stadium Peanuts
2034,35 - 44 Años,Femenino,Retalhuleu,Rara Vez,Limón,Crunchmax Bbq
2034,35 - 44 Años,Femenino,Retalhuleu,Rara Vez,Limón,Caramel Goal Popcorn
2034,35 - 44 Años,Femenino,Retalhuleu,Rara Vez,Limón,Mundialitos Queso Picante
2035,25 - 34 Años,Femenino,Guatemala,3 A 5 Veces Por Semana,Dulce,Mundialitos Queso Picante
2035,25 - 34 Años,Femenino,Guatemala,3 A 5 Veces Por Semana,Dulce,Gol Nachos Supreme
2036,18 - 24 Años,Femenino,Sacatepéquez,1 A 2 Veces Por Semana,Barbacoa,Mundialitos Queso Picante
2036,18 - 24 Años,Femenino,Sacatepéquez,1 A 2 Veces Por Semana,Barbacoa,Hot Stadium Peanuts
2036,18 - 24 Años,Femenino,Sacatepéquez,1 A 2 Veces Por Semana,Barbacoa,Fan Chips Jalapeño
2037,35 - 44 Años,Masculino,Guatemala,Rara Vez,Dulce,Caramel Goal Popcorn
2037,35 - 44 Años,Masculino,Guatemala,Rara Vez,Dulce,Gol Nachos Supreme
2038,18 - 24 Años,Masculino,Guatemala,Todos Los Días,Limón,Gol Nachos Supreme
2038,18 - 24 Años,Masculino,Guatemala,Todos Los Días,Limón,Crunchmax Bbq
2039,35 - 44 Años,Femenino,Guatemala,1 A 2 Veces Por Semana,Jalapeño,Crunchmax Bbq
2039,35 - 44 Años,Femenino,Guatemala,1 A 2 Veces Por Semana,Jalapeño,Caramel Goal Popcorn
2040,25 - 34 Años,Masculino,Chiquimula,Todos Los Días,Dulce,Futbolmix
2040,25 - 34 Años,Masculino,Chiquimula,Todos Los Días,Dulce,Gol Nachos Supreme
2040,25 - 34 Años,Masculino,Chiquimula,Todos Los Días,Dulce,Crunchmax Bbq
2041,18 - 24 Años,Masculino,Sacatepéquez,Rara Vez,Queso,Chocokick Bites
2041,18 - 24 Años,Masculino,Sacatepéquez,Rara Vez,Queso,Futbolmix
2042,25 - 34 Años,Masculino,Guatemala,Varias Veces Al Mes,Picante Chapín,Caramel Goal Popcorn
2042,25 - 34 Años,Masculino,Guatemala,Varias Veces Al Mes,Picante Chapín,Crunchmax Bbq
2042,25 - 34 Años,Masculino,Guatemala,Varias Veces Al Mes,Picante Chapín,Futbolmix
2043,35 - 44 Años,Femenino,Escuintla,1 A 2 Veces Por Semana,Jalapeño,Victory Pretzels
2043,35 - 44 Años,Femenino,Escuintla,1 A 2 Veces Por Semana,Jalapeño,Chocokick Bites
2044,25 - 34 Años,Femenino,Guatemala,Todos Los Días,Jalapeño,Hot Stadium Peanuts
2044,25 - 34 Años,Femenino,Guatemala,Todos Los Días,Jalapeño,Energy Crunch Protein
2044,25 - 34 Años,Femenino,Guatemala,Todos Los Días,Jalapeño,Caramel Goal Popcorn
2045,Menos De 18 Años,Masculino,Escuintla,Todos Los Días,Salado Tradicional,Futbolmix
2045,Menos De 18 Años,Masculino,Escuintla,Todos Los Días,Salado Tradicional,Mundialitos Queso Picante
2045,Menos De 18 Años,Masculino,Escuintla,Todos Los Días,Salado Tradicional,Caramel Goal Popcorn
2046,25 - 34 Años,Masculino,Escuintla,Todos Los Días,Queso,Mundialitos Queso Picante
2046,25 - 34 Años,Masculino,Escuintla,Todos Los Días,Queso,Futbolmix
2046,25 - 34 Años,Masculino,Escuintla,Todos Los Días,Queso,Gol Nachos Supreme
2047,25 - 34 Años,Femenino,Guatemala,Todos Los Días,Barbacoa,Caramel Goal Popcorn
2047,25 - 34 Años,Femenino,Guatemala,Todos Los Días,Barbacoa,Futbolmix
2048,35 - 44 Años,Femenino,Chimaltenango,3 A 5 Veces Por Semana,Jalapeño,Crunchmax Bbq
2048,35 - 44 Años,Femenino,Chimaltenango,3 A 5 Veces Por Semana,Jalapeño,Fan Chips Jalapeño
2049,18 - 24 Años,Femenino,Guatemala,1 A 2 Veces Por Semana,Limón,Energy Crunch Protein
2049,18 - 24 Años,Femenino,Guatemala,1 A 2 Veces Por Semana,Limón,Mundialitos Queso Picante
2050,25 - 34 Años,Masculino,Izabal,1 A 2 Veces Por Semana,Queso,Energy Crunch Protein
2050,25 - 34 Años,Masculino,Izabal,1 A 2 Veces Por Semana,Queso,Fan Chips Jalapeño
2050,25 - 34 Años,Masculino,Izabal,1 A 2 Veces Por Semana,Queso,Futbolmix
2051,Menos De 18 Años,Femenino,Chimaltenango,Varias Veces Al Mes,Picante Chapín,Fan Chips Jalapeño
2051,Menos De 18 Años,Femenino,Chimaltenango,Varias Veces Al Mes,Picante Chapín,Hot Stadium Peanuts
2051,Menos De 18 Años,Femenino,Chimaltenango,Varias Veces Al Mes,Picante Chapín,Energy Crunch Protein
2052,25 - 34 Años,Masculino,Guatemala,Todos Los Días,Jalapeño,Gol Nachos Supreme
2052,25 - 34 Años,Masculino,Guatemala,Todos Los Días,Jalapeño,Chocokick Bites
2052,25 - 34 Años,Masculino,Guatemala,Todos Los Días,Jalapeño,Crunchmax Bbq
2053,35 - 44 Años,Masculino,Guatemala,Todos Los Días,Jalapeño,Mundialitos Queso Picante
2054,Menos De 18 Años,Masculino,Guatemala,Varias Veces Al Mes,Queso,Futbolmix
2054,Menos De 18 Años,Masculino,Guatemala,Varias Veces Al Mes,Queso,Hot Stadium Peanuts
2055,45 - 54 Años,Femenino,Guatemala,3 A 5 Veces Por Semana,Picante Chapín,Crunchmax Bbq
2055,45 - 54 Años,Femenino,Guatemala,3 A 5 Veces Por Semana,Picante Chapín,Futbolmix
2055,45 - 54 Años,Femenino,Guatemala,3 A 5 Veces Por Semana,Picante Chapín,Caramel Goal Popcorn
2056,Menos De 18 Años,Femenino,Alta Verapaz,1 A 2 Veces Por Semana,Limón,Chocokick Bites
2056,Menos De 18 Años,Femenino,Alta Verapaz,1 A 2 Veces Por Semana,Limón,Crunchmax Bbq
2057,Menos De 18 Años,Femenino,Quetzaltenango,1 A 2 Veces Por Semana,Jalapeño,Hot Stadium Peanuts
2058,25 - 34 Años,Masculino,Chimaltenango,3 A 5 Veces Por Semana,Queso,Caramel Goal Popcorn
2058,25 - 34 Años,Masculino,Chimaltenango,3 A 5 Veces Por Semana,Queso,Futbolmix
2058,25 - 34 Años,Masculino,Chimaltenango,3 A 5 Veces Por Semana,Queso,Victory Pretzels
2059,18 - 24 Años,Femenino,Guatemala,Varias Veces Al Mes,Caramelo,Futbolmix
2059,18 - 24 Años,Femenino,Guatemala,Varias Veces Al Mes,Caramelo,Chocokick Bites
2060,25 - 34 Años,Femenino,Guatemala,3 A 5 Veces Por Semana,Queso,Mundialitos Queso Picante
2060,25 - 34 Años,Femenino,Guatemala,3 A 5 Veces Por Semana,Queso,Chocokick Bites
2061,25 - 34 Años,Femenino,Escuintla,Rara Vez,Salado Tradicional,Mundialitos Queso Picante
2061,25 - 34 Años,Femenino,Escuintla,Rara Vez,Salado Tradicional,Crunchmax Bbq
2061,25 - 34 Años,Femenino,Escuintla,Rara Vez,Salado Tradicional,Futbolmix
2062,35 - 44 Años,Prefiero No Indicarlo,Guatemala,Todos Los Días,Queso,Futbolmix
2063,25 - 34 Años,Masculino,Zacapa,Varias Veces Al Mes,Queso,Futbolmix
2063,25 - 34 Años,Masculino,Zacapa,Varias Veces Al Mes,Queso,Crunchmax Bbq
2064,35 - 44 Años,Femenino,Chimaltenango,3 A 5 Veces Por Semana,Jalapeño,Crunchmax Bbq
2064,35 - 44 Años,Femenino,Chimaltenango,3 A 5 Veces Por Semana,Jalapeño,Gol Nachos Supreme
2065,18 - 24 Años,Masculino,Guatemala,1 A 2 Veces Por Semana,Queso,Victory Pretzels
2065,18 - 24 Años,Masculino,Guatemala,1 A 2 Veces Por Semana,Queso,Gol Nachos Supreme
2066,45 - 54 Años,Femenino,Guatemala,1 A 2 Veces Por Semana,Barbacoa,Fan Chips Jalapeño
2066,45 - 54 Años,Femenino,Guatemala,1 A 2 Veces Por Semana,Barbacoa,Chocokick Bites
2067,55 Años O Más,Femenino,Sacatepéquez,Todos Los Días,Salado Tradicional,Gol Nachos Supreme
2067,55 Años O Más,Femenino,Sacatepéquez,Todos Los Días,Salado Tradicional,Futbolmix
2067,55 Años O Más,Femenino,Sacatepéquez,Todos Los Días,Salado Tradicional,Fan Chips Jalapeño
2068,18 - 24 Años,Prefiero No Indicarlo,San Marcos,1 A 2 Veces Por Semana,Queso,Futbolmix
2068,18 - 24 Años,Prefiero No Indicarlo,San Marcos,1 A 2 Veces Por Semana,Queso,Mundialitos Queso Picante
2069,18 - 24 Años,Masculino,Totonicapán,3 A 5 Veces Por Semana,Chocolate,Mundialitos Queso Picante
2070,35 - 44 Años,Masculino,Jutiapa,3 A 5 Veces Por Semana,Queso,Crunchmax Bbq
2070,35 - 44 Años,Masculino,Jutiapa,3 A 5 Veces Por Semana,Queso,Victory Pretzels
2071,35 - 44 Años,Femenino,Jutiapa,Todos Los Días,Chocolate,Gol Nachos Supreme
2072,55 Años O Más,Masculino,Sacatepéquez,3 A 5 Veces Por Semana,Limón,Fan Chips Jalapeño
2072,55 Años O Más,Masculino,Sacatepéquez,3 A 5 Veces Por Semana,Limón,Hot Stadium Peanuts
2073,35 - 44 Años,Femenino,Quetzaltenango,Varias Veces Al Mes,Chocolate,Mundialitos Queso Picante
2073,35 - 44 Años,Femenino,Quetzaltenango,Varias Veces Al Mes,Chocolate,Hot Stadium Peanuts
2074,18 - 24 Años,Femenino,Chimaltenango,Varias Veces Al Mes,Jalapeño,Hot Stadium Peanuts
2074,18 - 24 Años,Femenino,Chimaltenango,Varias Veces Al Mes,Jalapeño,Energy Crunch Protein
2075,18 - 24 Años,Masculino,Escuintla,3 A 5 Veces Por Semana,Picante Chapín,Fan Chips Jalapeño
2075,18 - 24 Años,Masculino,Escuintla,3 A 5 Veces Por Semana,Picante Chapín,Gol Nachos Supreme
2075,18 - 24 Años,Masculino,Escuintla,3 A 5 Veces Por Semana,Picante Chapín,Mundialitos Queso Picante
2076,55 Años O Más,Femenino,Quetzaltenango,1 A 2 Veces Por Semana,Queso,Victory Pretzels
2076,55 Años O Más,Femenino,Quetzaltenango,1 A 2 Veces Por Semana,Queso,Crunchmax Bbq
2076,55 Años O Más,Femenino,Quetzaltenango,1 A 2 Veces Por Semana,Queso,Chocokick Bites
2077,35 - 44 Años,Femenino,Guatemala,3 A 5 Veces Por Semana,Caramelo,Futbolmix
2078,35 - 44 Años,Masculino,Guatemala,1 A 2 Veces Por Semana,Limón,Chocokick Bites
2078,35 - 44 Años,Masculino,Guatemala,1 A 2 Veces Por Semana,Limón,Mundialitos Queso Picante
2079,25 - 34 Años,Masculino,Santa Rosa,3 A 5 Veces Por Semana,Queso,Chocokick Bites
2079,25 - 34 Años,Masculino,Santa Rosa,3 A 5 Veces Por Semana,Queso,Gol Nachos Supreme
2079,25 - 34 Años,Masculino,Santa Rosa,3 A 5 Veces Por Semana,Queso,Fan Chips Jalapeño
2080,35 - 44 Años,Masculino,Guatemala,Varias Veces Al Mes,Caramelo,Mundialitos Queso Picante
2080,35 - 44 Años,Masculino,Guatemala,Varias Veces Al Mes,Caramelo,Gol Nachos Supreme
2080,35 - 44 Años,Masculino,Guatemala,Varias Veces Al Mes,Caramelo,Futbolmix
2081,Menos De 18 Años,Masculino,Guatemala,3 A 5 Veces Por Semana,Picante Chapín,Gol Nachos Supreme
2081,Menos De 18 Años,Masculino,Guatemala,3 A 5 Veces Por Semana,Picante Chapín,Energy Crunch Protein
2082,35 - 44 Años,Prefiero No Indicarlo,Guatemala,3 A 5 Veces Por Semana,Picante Chapín,Energy Crunch Protein
2082,35 - 44 Años,Prefiero No Indicarlo,Guatemala,3 A 5 Veces Por Semana,Picante Chapín,Crunchmax Bbq
2082,35 - 44 Años,Prefiero No Indicarlo,Guatemala,3 A 5 Veces Por Semana,Picante Chapín,Mundialitos Queso Picante
2083,45 - 54 Años,Femenino,Quetzaltenango,Varias Veces Al Mes,Barbacoa,Chocokick Bites
2083,45 - 54 Años,Femenino,Quetzaltenango,Varias Veces Al Mes,Barbacoa,Crunchmax Bbq
2083,45 - 54 Años,Femenino,Quetzaltenango,Varias Veces Al Mes,Barbacoa,Futbolmix
2084,25 - 34 Años,Masculino,Sacatepéquez,3 A 5 Veces Por Semana,Caramelo,Mundialitos Queso Picante
2085,25 - 34 Años,Masculino,Retalhuleu,Todos Los Días,Queso,Energy Crunch Protein
2085,25 - 34 Años,Masculino,Retalhuleu,Todos Los Días,Queso,Hot Stadium Peanuts
2086,18 - 24 Años,Femenino,Guatemala,1 A 2 Veces Por Semana,Barbacoa,Mundialitos Queso Picante
2087,18 - 24 Años,Femenino,Guatemala,Rara Vez,Chocolate,Futbolmix
2087,18 - 24 Años,Femenino,Guatemala,Rara Vez,Chocolate,Fan Chips Jalapeño
2087,18 - 24 Años,Femenino,Guatemala,Rara Vez,Chocolate,Mundialitos Queso Picante
2088,35 - 44 Años,Masculino,Guatemala,Rara Vez,Dulce,Fan Chips Jalapeño
2090,25 - 34 Años,Femenino,Guatemala,1 A 2 Veces Por Semana,Picante Chapín,Mundialitos Queso Picante
2090,25 - 34 Años,Femenino,Guatemala,1 A 2 Veces Por Semana,Picante Chapín,Fan Chips Jalapeño
2091,55 Años O Más,Femenino,Chimaltenango,3 A 5 Veces Por Semana,Limón,Gol Nachos Supreme
2091,55 Años O Más,Femenino,Chimaltenango,3 A 5 Veces Por Semana,Limón,Futbolmix
2091,55 Años O Más,Femenino,Chimaltenango,3 A 5 Veces Por Semana,Limón,Hot Stadium Peanuts
2092,35 - 44 Años,Femenino,Guatemala,Varias Veces Al Mes,Picante Chapín,Hot Stadium Peanuts
2092,35 - 44 Años,Femenino,Guatemala,Varias Veces Al Mes,Picante Chapín,Mundialitos Queso Picante
2092,35 - 44 Años,Femenino,Guatemala,Varias Veces Al Mes,Picante Chapín,Energy Crunch Protein
2093,18 - 24 Años,Femenino,Guatemala,3 A 5 Veces Por Semana,Picante Chapín,Gol Nachos Supreme
2093,18 - 24 Años,Femenino,Guatemala,3 A 5 Veces Por Semana,Picante Chapín,Chocokick Bites
2094,35 - 44 Años,Masculino,Chimaltenango,Varias Veces Al Mes,Queso,Mundialitos Queso Picante
2094,35 - 44 Años,Masculino,Chimaltenango,Varias Veces Al Mes,Queso,Caramel Goal Popcorn
2095,45 - 54 Años,Femenino,Quetzaltenango,1 A 2 Veces Por Semana,Dulce,Gol Nachos Supreme
2096,55 Años O Más,Masculino,Guatemala,1 A 2 Veces Por Semana,Picante Chapín,Gol Nachos Supreme
2096,55 Años O Más,Masculino,Guatemala,1 A 2 Veces Por Semana,Picante Chapín,Chocokick Bites
2096,55 Años O Más,Masculino,Guatemala,1 A 2 Veces Por Semana,Picante Chapín,Hot Stadium Peanuts
2097,25 - 34 Años,Masculino,Guatemala,3 A 5 Veces Por Semana,Queso,Futbolmix
2097,25 - 34 Años,Masculino,Guatemala,3 A 5 Veces Por Semana,Queso,Fan Chips Jalapeño
2098,45 - 54 Años,Masculino,Chimaltenango,3 A 5 Veces Por Semana,Limón,Chocokick Bites
2099,25 - 34 Años,Masculino,Huehuetenango,3 A 5 Veces Por Semana,Barbacoa,Futbolmix
2099,25 - 34 Años,Masculino,Huehuetenango,3 A 5 Veces Por Semana,Barbacoa,Victory Pretzels
2100,25 - 34 Años,Femenino,Quetzaltenango,3 A 5 Veces Por Semana,Jalapeño,Hot Stadium Peanuts
2100,25 - 34 Años,Femenino,Quetzaltenango,3 A 5 Veces Por Semana,Jalapeño,Energy Crunch Protein
2101,25 - 34 Años,Masculino,Guatemala,Varias Veces Al Mes,Picante Chapín,Fan Chips Jalapeño
2101,25 - 34 Años,Masculino,Guatemala,Varias Veces Al Mes,Picante Chapín,Futbolmix
2101,25 - 34 Años,Masculino,Guatemala,Varias Veces Al Mes,Picante Chapín,Gol Nachos Supreme
2102,35 - 44 Años,Masculino,Guatemala,3 A 5 Veces Por Semana,Queso,Crunchmax Bbq
2102,35 - 44 Años,Masculino,Guatemala,3 A 5 Veces Por Semana,Queso,Hot Stadium Peanuts
2102,35 - 44 Años,Masculino,Guatemala,3 A 5 Veces Por Semana,Queso,Futbolmix
2103,35 - 44 Años,Femenino,Guatemala,Todos Los Días,,Crunchmax Bbq
2103,35 - 44 Años,Femenino,Guatemala,Todos Los Días,,Caramel Goal Popcorn
2103,35 - 44 Años,Femenino,Guatemala,Todos Los Días,,Gol Nachos Supreme
2104,35 - 44 Años,Masculino,Quiché,Todos Los Días,Queso,Mundialitos Queso Picante
2104,35 - 44 Años,Masculino,Quiché,Todos Los Días,Queso,Crunchmax Bbq
2104,35 - 44 Años,Masculino,Quiché,Todos Los Días,Queso,Fan Chips Jalapeño
2105,Menos De 18 Años,Femenino,Guatemala,1 A 2 Veces Por Semana,Barbacoa,Energy Crunch Protein
2106,25 - 34 Años,Femenino,Guatemala,Varias Veces Al Mes,Chocolate,Mundialitos Queso Picante
2106,25 - 34 Años,Femenino,Guatemala,Varias Veces Al Mes,Chocolate,Chocokick Bites
2107,18 - 24 Años,Masculino,Guatemala,3 A 5 Veces Por Semana,,Mundialitos Queso Picante
2107,18 - 24 Años,Masculino,Guatemala,3 A 5 Veces Por Semana,,Futbolmix
2107,18 - 24 Años,Masculino,Guatemala,3 A 5 Veces Por Semana,,Chocokick Bites
2108,25 - 34 Años,Masculino,Guatemala,1 A 2 Veces Por Semana,Jalapeño,Victory Pretzels
2108,25 - 34 Años,Masculino,Guatemala,1 A 2 Veces Por Semana,Jalapeño,Chocokick Bites
2109,18 - 24 Años,Femenino,Chiquimula,1 A 2 Veces Por Semana,Chocolate,Energy Crunch Protein
2109,18 - 24 Años,Femenino,Chiquimula,1 A 2 Veces Por Semana,Chocolate,Mundialitos Queso Picante
2109,18 - 24 Años,Femenino,Chiquimula,1 A 2 Veces Por Semana,Chocolate,Chocokick Bites
2110,25 - 34 Años,Femenino,Suchitepéquez,Varias Veces Al Mes,Barbacoa,Caramel Goal Popcorn
2110,25 - 34 Años,Femenino,Suchitepéquez,Varias Veces Al Mes,Barbacoa,Gol Nachos Supreme
2111,25 - 34 Años,Masculino,Guatemala,Rara Vez,Chocolate,Chocokick Bites
2111,25 - 34 Años,Masculino,Guatemala,Rara Vez,Chocolate,Mundialitos Queso Picante
2111,25 - 34 Años,Masculino,Guatemala,Rara Vez,Chocolate,Caramel Goal Popcorn
2112,45 - 54 Años,Femenino,Guatemala,Varias Veces Al Mes,Picante Chapín,Hot Stadium Peanuts
2112,45 - 54 Años,Femenino,Guatemala,Varias Veces Al Mes,Picante Chapín,Fan Chips Jalapeño
2112,45 - 54 Años,Femenino,Guatemala,Varias Veces Al Mes,Picante Chapín,Energy Crunch Protein
2113,25 - 34 Años,Masculino,Guatemala,Varias Veces Al Mes,Picante Chapín,Gol Nachos Supreme
2113,25 - 34 Años,Masculino,Guatemala,Varias Veces Al Mes,Picante Chapín,Energy Crunch Protein
2114,18 - 24 Años,Masculino,Sacatepéquez,Rara Vez,Dulce,Futbolmix
2114,18 - 24 Años,Masculino,Sacatepéquez,Rara Vez,Dulce,Fan Chips Jalapeño
2115,35 - 44 Años,Femenino,Quetzaltenango,3 A 5 Veces Por Semana,Chocolate,Mundialitos Queso Picante
2115,35 - 44 Años,Femenino,Quetzaltenango,3 A 5 Veces Por Semana,Chocolate,Futbolmix
2116,25 - 34 Años,Masculino,Santa Rosa,1 A 2 Veces Por Semana,Chocolate,Mundialitos Queso Picante
2116,25 - 34 Años,Masculino,Santa Rosa,1 A 2 Veces Por Semana,Chocolate,Gol Nachos Supreme
2117,55 Años O Más,Femenino,Guatemala,1 A 2 Veces Por Semana,Queso,Crunchmax Bbq
2118,25 - 34 Años,Masculino,Guatemala,3 A 5 Veces Por Semana,Salado Tradicional,Mundialitos Queso Picante
2118,25 - 34 Años,Masculino,Guatemala,3 A 5 Veces Por Semana,Salado Tradicional,Hot Stadium Peanuts
2118,25 - 34 Años,Masculino,Guatemala,3 A 5 Veces Por Semana,Salado Tradicional,Gol Nachos Supreme
2119,25 - 34 Años,Masculino,Guatemala,Varias Veces Al Mes,Limón,Fan Chips Jalapeño
2119,25 - 34 Años,Masculino,Guatemala,Varias Veces Al Mes,Limón,Chocokick Bites
2120,35 - 44 Años,Femenino,Guatemala,1 A 2 Veces Por Semana,Limón,Mundialitos Queso Picante
2121,18 - 24 Años,Masculino,Guatemala,Todos Los Días,Caramelo,Gol Nachos Supreme
2121,18 - 24 Años,Masculino,Guatemala,Todos Los Días,Caramelo,Crunchmax Bbq
2122,35 - 44 Años,Femenino,Guate,Varias Veces Al Mes,Dulce,Mundialitos Queso Picante
2122,35 - 44 Años,Femenino,Guate,Varias Veces Al Mes,Dulce,Futbolmix
2122,35 - 44 Años,Femenino,Guate,Varias Veces Al Mes,Dulce,Victory Pretzels
2123,18 - 24 Años,Masculino,Suchitepéquez,1 A 2 Veces Por Semana,Queso,Futbolmix
2124,25 - 34 Años,Masculino,Guatemala,1 A 2 Veces Por Semana,Barbacoa,Gol Nachos Supreme
2124,25 - 34 Años,Masculino,Guatemala,1 A 2 Veces Por Semana,Barbacoa,Caramel Goal Popcorn
2124,25 - 34 Años,Masculino,Guatemala,1 A 2 Veces Por Semana,Barbacoa,Fan Chips Jalapeño
2125,Menos De 18 Años,Femenino,Quetzaltenango,1 A 2 Veces Por Semana,Picante Chapín,Crunchmax Bbq
2126,Menos De 18 Años,Femenino,Guatemala,Varias Veces Al Mes,Jalapeño,Caramel Goal Popcorn
2127,25 - 34 Años,Femenino,Quetzaltenango,Varias Veces Al Mes,Barbacoa,Mundialitos Queso Picante
2128,18 - 24 Años,Femenino,Suchitepéquez,Todos Los Días,Chocolate,Hot Stadium Peanuts
2129,25 - 34 Años,Femenino,Jalapa,1 A 2 Veces Por Semana,Barbacoa,Gol Nachos Supreme
2129,25 - 34 Años,Femenino,Jalapa,1 A 2 Veces Por Semana,Barbacoa,Fan Chips Jalapeño
2129,25 - 34 Años,Femenino,Jalapa,1 A 2 Veces Por Semana,Barbacoa,Hot Stadium Peanuts
2130,18 - 24 Años,Prefiero No Indicarlo,Guatemala,1 A 2 Veces Por Semana,Chocolate,Gol Nachos Supreme
2130,18 - 24 Años,Prefiero No Indicarlo,Guatemala,1 A 2 Veces Por Semana,Chocolate,Energy Crunch Protein
2131,55 Años O Más,Masculino,Suchitepéquez,3 A 5 Veces Por Semana,Chocolate,Mundialitos Queso Picante
2132,25 - 34 Años,Masculino,Baja Verapaz,Todos Los Días,Limón,Mundialitos Queso Picante
2132,25 - 34 Años,Masculino,Baja Verapaz,Todos Los Días,Limón,Futbolmix
2132,25 - 34 Años,Masculino,Baja Verapaz,Todos Los Días,Limón,Gol Nachos Supreme
2133,25 - 34 Años,Femenino,Quetzaltenango,3 A 5 Veces Por Semana,Picante Chapín,Gol Nachos Supreme
2133,25 - 34 Años,Femenino,Quetzaltenango,3 A 5 Veces Por Semana,Picante Chapín,Chocokick Bites
2133,25 - 34 Años,Femenino,Quetzaltenango,3 A 5 Veces Por Semana,Picante Chapín,Hot Stadium Peanuts
2134,35 - 44 Años,Femenino,Guatemala,Varias Veces Al Mes,Chocolate,Victory Pretzels
2134,35 - 44 Años,Femenino,Guatemala,Varias Veces Al Mes,Chocolate,Chocokick Bites
2135,25 - 34 Años,Femenino,San Marcos,3 A 5 Veces Por Semana,Picante Chapín,Caramel Goal Popcorn
2135,25 - 34 Años,Femenino,San Marcos,3 A 5 Veces Por Semana,Picante Chapín,Futbolmix
2136,45 - 54 Años,Masculino,Guatemala,Varias Veces Al Mes,Limón,Gol Nachos Supreme
2136,45 - 54 Años,Masculino,Guatemala,Varias Veces Al Mes,Limón,Mundialitos Queso Picante
2137,25 - 34 Años,Masculino,Guatemala,Todos Los Días,Queso,Mundialitos Queso Picante
2137,25 - 34 Años,Masculino,Guatemala,Todos Los Días,Queso,Caramel Goal Popcorn
2137,25 - 34 Años,Masculino,Guatemala,Todos Los Días,Queso,Crunchmax Bbq
2138,35 - 44 Años,Femenino,Escuintla,3 A 5 Veces Por Semana,Chocolate,Victory Pretzels
2138,35 - 44 Años,Femenino,Escuintla,3 A 5 Veces Por Semana,Chocolate,Futbolmix
2138,35 - 44 Años,Femenino,Escuintla,3 A 5 Veces Por Semana,Chocolate,Mundialitos Queso Picante
2139,25 - 34 Años,Masculino,Sacatepéquez,3 A 5 Veces Por Semana,Queso,Chocokick Bites
2139,25 - 34 Años,Masculino,Sacatepéquez,3 A 5 Veces Por Semana,Queso,Hot Stadium Peanuts
2140,18 - 24 Años,Masculino,Huehuetenango,3 A 5 Veces Por Semana,Salado Tradicional,Crunchmax Bbq
2141,18 - 24 Años,Femenino,Jutiapa,Rara Vez,,Gol Nachos Supreme
2141,18 - 24 Años,Femenino,Jutiapa,Rara Vez,,Futbolmix
2141,18 - 24 Años,Femenino,Jutiapa,Rara Vez,,Fan Chips Jalapeño
2142,18 - 24 Años,Masculino,Guatemala,1 A 2 Veces Por Semana,Jalapeño,Futbolmix
2142,18 - 24 Años,Masculino,Guatemala,1 A 2 Veces Por Semana,Jalapeño,Chocokick Bites
2142,18 - 24 Años,Masculino,Guatemala,1 A 2 Veces Por Semana,Jalapeño,Hot Stadium Peanuts
2143,25 - 34 Años,Femenino,Guatemala,3 A 5 Veces Por Semana,Barbacoa,Futbolmix
2143,25 - 34 Años,Femenino,Guatemala,3 A 5 Veces Por Semana,Barbacoa,Mundialitos Queso Picante
2144,55 Años O Más,Femenino,Chimaltenango,Varias Veces Al Mes,Queso,Mundialitos Queso Picante
2144,55 Años O Más,Femenino,Chimaltenango,Varias Veces Al Mes,Queso,Victory Pretzels
2145,18 - 24 Años,Masculino,Guatemala,3 A 5 Veces Por Semana,Queso,Crunchmax Bbq
2146,25 - 34 Años,Femenino,Quetzaltenango,3 A 5 Veces Por Semana,Barbacoa,Futbolmix
2147,25 - 34 Años,Masculino,El Progreso,1 A 2 Veces Por Semana,Jalapeño,Hot Stadium Peanuts
2147,25 - 34 Años,Masculino,El Progreso,1 A 2 Veces Por Semana,Jalapeño,Crunchmax Bbq
2148,25 - 34 Años,Masculino,Guatemala,Todos Los Días,Salado Tradicional,Energy Crunch Protein
2148,25 - 34 Años,Masculino,Guatemala,Todos Los Días,Salado Tradicional,Chocokick Bites
2148,25 - 34 Años,Masculino,Guatemala,Todos Los Días,Salado Tradicional,Caramel Goal Popcorn
2149,18 - 24 Años,Femenino,Guatemala,3 A 5 Veces Por Semana,Limón,Hot Stadium Peanuts
2149,18 - 24 Años,Femenino,Guatemala,3 A 5 Veces Por Semana,Limón,Futbolmix
2149,18 - 24 Años,Femenino,Guatemala,3 A 5 Veces Por Semana,Limón,Mundialitos Queso Picante
2150,25 - 34 Años,Femenino,Guatemala,Varias Veces Al Mes,Queso,Victory Pretzels
2150,25 - 34 Años,Femenino,Guatemala,Varias Veces Al Mes,Queso,Crunchmax Bbq
2151,35 - 44 Años,Masculino,Guatemala,Varias Veces Al Mes,Jalapeño,Crunchmax Bbq
2152,18 - 24 Años,Masculino,Guatemala,Varias Veces Al Mes,Dulce,Chocokick Bites
2152,18 - 24 Años,Masculino,Guatemala,Varias Veces Al Mes,Dulce,Crunchmax Bbq
2152,18 - 24 Años,Masculino,Guatemala,Varias Veces Al Mes,Dulce,Futbolmix
2153,35 - 44 Años,Prefiero No Indicarlo,Guatemala,1 A 2 Veces Por Semana,Caramelo,Hot Stadium Peanuts
2153,35 - 44 Años,Prefiero No Indicarlo,Guatemala,1 A 2 Veces Por Semana,Caramelo,Fan Chips Jalapeño
2154,25 - 34 Años,Masculino,Guatemala,1 A 2 Veces Por Semana,Salado Tradicional,Crunchmax Bbq
2155,35 - 44 Años,Femenino,Quetzaltenango,3 A 5 Veces Por Semana,Queso,Crunchmax Bbq
2155,35 - 44 Años,Femenino,Quetzaltenango,3 A 5 Veces Por Semana,Queso,Futbolmix
2156,45 - 54 Años,Femenino,Santa Rosa,3 A 5 Veces Por Semana,Salado Tradicional,Hot Stadium Peanuts
2156,45 - 54 Años,Femenino,Santa Rosa,3 A 5 Veces Por Semana,Salado Tradicional,Fan Chips Jalapeño
2157,Menos De 18 Años,Masculino,Quetzaltenango,Varias Veces Al Mes,Jalapeño,Victory Pretzels
2158,55 Años O Más,Masculino,Chimaltenango,1 A 2 Veces Por Semana,Chocolate,Crunchmax Bbq
2158,55 Años O Más,Masculino,Chimaltenango,1 A 2 Veces Por Semana,Chocolate,Fan Chips Jalapeño
2158,55 Años O Más,Masculino,Chimaltenango,1 A 2 Veces Por Semana,Chocolate,Mundialitos Queso Picante
2159,18 - 24 Años,Masculino,Escuintla,1 A 2 Veces Por Semana,Queso,Mundialitos Queso Picante
2159,18 - 24 Años,Masculino,Escuintla,1 A 2 Veces Por Semana,Queso,Futbolmix
2160,25 - 34 Años,Femenino,Guatemala,Todos Los Días,Queso,Hot Stadium Peanuts
2160,25 - 34 Años,Femenino,Guatemala,Todos Los Días,Queso,Gol Nachos Supreme
2161,18 - 24 Años,Masculino,Guatemala,3 A 5 Veces Por Semana,Salado Tradicional,Chocokick Bites
2161,18 - 24 Años,Masculino,Guatemala,3 A 5 Veces Por Semana,Salado Tradicional,Energy Crunch Protein
2162,25 - 34 Años,Masculino,Guatemala,Todos Los Días,Caramelo,Gol Nachos Supreme
2162,25 - 34 Años,Masculino,Guatemala,Todos Los Días,Caramelo,Mundialitos Queso Picante
2162,25 - 34 Años,Masculino,Guatemala,Todos Los Días,Caramelo,Victory Pretzels
2163,45 - 54 Años,Masculino,Guatemala,1 A 2 Veces Por Semana,Queso,Caramel Goal Popcorn
2163,45 - 54 Años,Masculino,Guatemala,1 A 2 Veces Por Semana,Queso,Crunchmax Bbq
2163,45 - 54 Años,Masculino,Guatemala,1 A 2 Veces Por Semana,Queso,Futbolmix
2164,18 - 24 Años,Masculino,Petén,Varias Veces Al Mes,Picante Chapín,Victory Pretzels
2164,18 - 24 Años,Masculino,Petén,Varias Veces Al Mes,Picante Chapín,Hot Stadium Peanuts
2164,18 - 24 Años,Masculino,Petén,Varias Veces Al Mes,Picante Chapín,Caramel Goal Popcorn
2165,35 - 44 Años,Femenino,Alta Verapaz,Todos Los Días,Limón,Chocokick Bites
2166,55 Años O Más,Femenino,Guatemala,Todos Los Días,Queso,Chocokick Bites
2166,55 Años O Más,Femenino,Guatemala,Todos Los Días,Queso,Futbolmix
2167,25 - 34 Años,Masculino,Guatemala,1 A 2 Veces Por Semana,Salado Tradicional,Victory Pretzels
2167,25 - 34 Años,Masculino,Guatemala,1 A 2 Veces Por Semana,Salado Tradicional,Chocokick Bites
2168,18 - 24 Años,Masculino,El Progreso,1 A 2 Veces Por Semana,Chocolate,Energy Crunch Protein
2169,35 - 44 Años,Femenino,Escuintla,Todos Los Días,Jalapeño,Hot Stadium Peanuts
2170,35 - 44 Años,Femenino,Escuintla,1 A 2 Veces Por Semana,Chocolate,Chocokick Bites
2170,35 - 44 Años,Femenino,Escuintla,1 A 2 Veces Por Semana,Chocolate,Gol Nachos Supreme
2170,35 - 44 Años,Femenino,Escuintla,1 A 2 Veces Por Semana,Chocolate,Caramel Goal Popcorn
2171,25 - 34 Años,Femenino,Guatemala,1 A 2 Veces Por Semana,Limón,Hot Stadium Peanuts
2171,25 - 34 Años,Femenino,Guatemala,1 A 2 Veces Por Semana,Limón,Victory Pretzels
2171,25 - 34 Años,Femenino,Guatemala,1 A 2 Veces Por Semana,Limón,Caramel Goal Popcorn
2172,18 - 24 Años,Femenino,Quiché,3 A 5 Veces Por Semana,Picante Chapín,Futbolmix
2172,18 - 24 Años,Femenino,Quiché,3 A 5 Veces Por Semana,Picante Chapín,Gol Nachos Supreme
2173,35 - 44 Años,Femenino,Guatemala,1 A 2 Veces Por Semana,Picante Chapín,Fan Chips Jalapeño
2173,35 - 44 Años,Femenino,Guatemala,1 A 2 Veces Por Semana,Picante Chapín,Mundialitos Queso Picante
2174,18 - 24 Años,Femenino,Sacatepéquez,1 A 2 Veces Por Semana,Picante Chapín,Energy Crunch Protein
2174,18 - 24 Años,Femenino,Sacatepéquez,1 A 2 Veces Por Semana,Picante Chapín,Chocokick Bites
2175,25 - 34 Años,Femenino,Santa Rosa,Todos Los Días,Barbacoa,Futbolmix
2176,25 - 34 Años,Femenino,Retalhuleu,1 A 2 Veces Por Semana,Picante Chapín,Mundialitos Queso Picante
2176,25 - 34 Años,Femenino,Retalhuleu,1 A 2 Veces Por Semana,Picante Chapín,Crunchmax Bbq
2177,18 - 24 Años,Masculino,Guatemala,1 A 2 Veces Por Semana,Barbacoa,Crunchmax Bbq
2178,45 - 54 Años,Masculino,Escuintla,Varias Veces Al Mes,Barbacoa,Fan Chips Jalapeño
2179,25 - 34 Años,Femenino,San Marcos,1 A 2 Veces Por Semana,Limón,Fan Chips Jalapeño
2179,25 - 34 Años,Femenino,San Marcos,1 A 2 Veces Por Semana,Limón,Caramel Goal Popcorn
2179,25 - 34 Años,Femenino,San Marcos,1 A 2 Veces Por Semana,Limón,Gol Nachos Supreme
2180,Menos De 18 Años,Masculino,Alta Verapaz,1 A 2 Veces Por Semana,Salado Tradicional,Gol Nachos Supreme
2180,Menos De 18 Años,Masculino,Alta Verapaz,1 A 2 Veces Por Semana,Salado Tradicional,Caramel Goal Popcorn
2180,Menos De 18 Años,Masculino,Alta Verapaz,1 A 2 Veces Por Semana,Salado Tradicional,Mundialitos Queso Picante
2181,55 Años O Más,Masculino,Guatemala,1 A 2 Veces Por Semana,Jalapeño,Futbolmix
2181,55 Años O Más,Masculino,Guatemala,1 A 2 Veces Por Semana,Jalapeño,Chocokick Bites
2182,18 - 24 Años,Masculino,Guatemala,Todos Los Días,Jalapeño,Fan Chips Jalapeño
2182,18 - 24 Años,Masculino,Guatemala,Todos Los Días,Jalapeño,Caramel Goal Popcorn
2182,18 - 24 Años,Masculino,Guatemala,Todos Los Días,Jalapeño,Hot Stadium Peanuts
2183,25 - 34 Años,Femenino,Chimaltenango,Todos Los Días,Limón,Chocokick Bites
2183,25 - 34 Años,Femenino,Chimaltenango,Todos Los Días,Limón,Victory Pretzels
2183,25 - 34 Años,Femenino,Chimaltenango,Todos Los Días,Limón,Fan Chips Jalapeño
2184,25 - 34 Años,Masculino,Guate,1 A 2 Veces Por Semana,Chocolate,Futbolmix
2184,25 - 34 Años,Masculino,Guate,1 A 2 Veces Por Semana,Chocolate,Crunchmax Bbq
2185,18 - 24 Años,Femenino,Sacatepéquez,3 A 5 Veces Por Semana,Jalapeño,Chocokick Bites
2186,25 - 34 Años,Masculino,Guatemala,Varias Veces Al Mes,Salado Tradicional,Caramel Goal Popcorn
2187,18 - 24 Años,Masculino,Chimaltenango,3 A 5 Veces Por Semana,Limón,Fan Chips Jalapeño
2187,18 - 24 Años,Masculino,Chimaltenango,3 A 5 Veces Por Semana,Limón,Futbolmix
2187,18 - 24 Años,Masculino,Chimaltenango,3 A 5 Veces Por Semana,Limón,Hot Stadium Peanuts
2188,35 - 44 Años,Masculino,Totonicapán,3 A 5 Veces Por Semana,Picante Chapín,Fan Chips Jalapeño
2188,35 - 44 Años,Masculino,Totonicapán,3 A 5 Veces Por Semana,Picante Chapín,Chocokick Bites
2189,55 Años O Más,Masculino,El Progreso,3 A 5 Veces Por Semana,Picante Chapín,Futbolmix
2190,25 - 34 Años,Femenino,Guatemala,3 A 5 Veces Por Semana,Queso,Gol Nachos Supreme
2190,25 - 34 Años,Femenino,Guatemala,3 A 5 Veces Por Semana,Queso,Futbolmix
2191,45 - 54 Años,Prefiero No Indicarlo,Santa Rosa,3 A 5 Veces Por Semana,Barbacoa,Fan Chips Jalapeño
2192,25 - 34 Años,Masculino,Alta Verapaz,Varias Veces Al Mes,Queso,Futbolmix
2193,Menos De 18 Años,Masculino,Quetzaltenango,3 A 5 Veces Por Semana,Dulce,Hot Stadium Peanuts
2194,25 - 34 Años,Masculino,Chimaltenango,Varias Veces Al Mes,Barbacoa,Chocokick Bites
2194,25 - 34 Años,Masculino,Chimaltenango,Varias Veces Al Mes,Barbacoa,Gol Nachos Supreme
2194,25 - 34 Años,Masculino,Chimaltenango,Varias Veces Al Mes,Barbacoa,Crunchmax Bbq
2195,35 - 44 Años,Masculino,Guatemala,Todos Los Días,Jalapeño,Caramel Goal Popcorn
2195,35 - 44 Años,Masculino,Guatemala,Todos Los Días,Jalapeño,Fan Chips Jalapeño
2196,45 - 54 Años,Femenino,Escuintla,Varias Veces Al Mes,Queso,Gol Nachos Supreme
2197,18 - 24 Años,Masculino,Jutiapa,1 A 2 Veces Por Semana,Queso,Mundialitos Queso Picante
2198,18 - 24 Años,Masculino,Chimaltenango,Todos Los Días,Dulce,Mundialitos Queso Picante
2198,18 - 24 Años,Masculino,Chimaltenango,Todos Los Días,Dulce,Gol Nachos Supreme
2198,18 - 24 Años,Masculino,Chimaltenango,Todos Los Días,Dulce,Fan Chips Jalapeño
2200,18 - 24 Años,Femenino,Zacapa,3 A 5 Veces Por Semana,Picante Chapín,Hot Stadium Peanuts
2201,45 - 54 Años,Masculino,Guatemala,Todos Los Días,Dulce,Gol Nachos Supreme
2201,45 - 54 Años,Masculino,Guatemala,Todos Los Días,Dulce,Mundialitos Queso Picante
2201,45 - 54 Años,Masculino,Guatemala,Todos Los Días,Dulce,Fan Chips Jalapeño
2202,18 - 24 Años,Masculino,Guate,1 A 2 Veces Por Semana,Jalapeño,Hot Stadium Peanuts
2202,18 - 24 Años,Masculino,Guate,1 A 2 Veces Por Semana,Jalapeño,Mundialitos Queso Picante
2203,45 - 54 Años,Masculino,Guatemala,Varias Veces Al Mes,Barbacoa,Mundialitos Queso Picante
2203,45 - 54 Años,Masculino,Guatemala,Varias Veces Al Mes,Barbacoa,Crunchmax Bbq
2203,45 - 54 Años,Masculino,Guatemala,Varias Veces Al Mes,Barbacoa,Gol Nachos Supreme
2204,25 - 34 Años,Femenino,Guatemala,Todos Los Días,Picante Chapín,Gol Nachos Supreme
2204,25 - 34 Años,Femenino,Guatemala,Todos Los Días,Picante Chapín,Victory Pretzels
2204,25 - 34 Años,Femenino,Guatemala,Todos Los Días,Picante Chapín,Fan Chips Jalapeño
2205,55 Años O Más,Femenino,Guatemala,Todos Los Días,Picante Chapín,Fan Chips Jalapeño
2206,18 - 24 Años,Femenino,Jalapa,3 A 5 Veces Por Semana,Caramelo,Gol Nachos Supreme
2207,35 - 44 Años,Femenino,Guatemala,1 A 2 Veces Por Semana,Dulce,Crunchmax Bbq
2207,35 - 44 Años,Femenino,Guatemala,1 A 2 Veces Por Semana,Dulce,Gol Nachos Supreme
2207,35 - 44 Años,Femenino,Guatemala,1 A 2 Veces Por Semana,Dulce,Futbolmix
2208,Menos De 18 Años,Femenino,Escuintla,1 A 2 Veces Por Semana,Dulce,Caramel Goal Popcorn
2208,Menos De 18 Años,Femenino,Escuintla,1 A 2 Veces Por Semana,Dulce,Fan Chips Jalapeño
2208,Menos De 18 Años,Femenino,Escuintla,1 A 2 Veces Por Semana,Dulce,Gol Nachos Supreme
2209,18 - 24 Años,Femenino,Guatemala,Todos Los Días,Barbacoa,Victory Pretzels
2209,18 - 24 Años,Femenino,Guatemala,Todos Los Días,Barbacoa,Futbolmix
2210,18 - 24 Años,Masculino,Guatemala,Varias Veces Al Mes,Limón,Crunchmax Bbq
2210,18 - 24 Años,Masculino,Guatemala,Varias Veces Al Mes,Limón,Mundialitos Queso Picante
2211,35 - 44 Años,Femenino,Santa Rosa,Todos Los Días,Queso,Fan Chips Jalapeño
2211,35 - 44 Años,Femenino,Santa Rosa,Todos Los Días,Queso,Chocokick Bites
2212,25 - 34 Años,Femenino,Quetzaltenango,Varias Veces Al Mes,Queso,Gol Nachos Supreme
2212,25 - 34 Años,Femenino,Quetzaltenango,Varias Veces Al Mes,Queso,Victory Pretzels
2213,18 - 24 Años,Femenino,Guatemala,1 A 2 Veces Por Semana,Queso,Caramel Goal Popcorn
2214,Menos De 18 Años,Prefiero No Indicarlo,Guatemala,Todos Los Días,Dulce,Energy Crunch Protein
2215,25 - 34 Años,Masculino,Suchitepéquez,1 A 2 Veces Por Semana,Limón,Hot Stadium Peanuts
2215,25 - 34 Años,Masculino,Suchitepéquez,1 A 2 Veces Por Semana,Limón,Mundialitos Queso Picante
2215,25 - 34 Años,Masculino,Suchitepéquez,1 A 2 Veces Por Semana,Limón,Fan Chips Jalapeño
2216,25 - 34 Años,Femenino,Zacapa,Varias Veces Al Mes,Jalapeño,Fan Chips Jalapeño
2217,25 - 34 Años,Femenino,Sacatepéquez,3 A 5 Veces Por Semana,Dulce,Hot Stadium Peanuts
2218,55 Años O Más,Masculino,Guatemala,Varias Veces Al Mes,Barbacoa,Caramel Goal Popcorn
2219,18 - 24 Años,Prefiero No Indicarlo,Totonicapán,Varias Veces Al Mes,Queso,Caramel Goal Popcorn
2219,18 - 24 Años,Prefiero No Indicarlo,Totonicapán,Varias Veces Al Mes,Queso,Gol Nachos Supreme
2219,18 - 24 Años,Prefiero No Indicarlo,Totonicapán,Varias Veces Al Mes,Queso,Crunchmax Bbq
2220,35 - 44 Años,Masculino,Baja Verapaz,Todos Los Días,Barbacoa,Mundialitos Queso Picante
2220,35 - 44 Años,Masculino,Baja Verapaz,Todos Los Días,Barbacoa,Gol Nachos Supreme
2220,35 - 44 Años,Masculino,Baja Verapaz,Todos Los Días,Barbacoa,Energy Crunch Protein
2221,18 - 24 Años,Femenino,Quetzaltenango,3 A 5 Veces Por Semana,Queso,Caramel Goal Popcorn
2222,45 - 54 Años,Femenino,Guatemala,Rara Vez,Jalapeño,Caramel Goal Popcorn
2223,18 - 24 Años,Masculino,Guatemala,3 A 5 Veces Por Semana,Barbacoa,Hot Stadium Peanuts
2224,25 - 34 Años,Femenino,Guatemala,Varias Veces Al Mes,Salado Tradicional,Gol Nachos Supreme
2224,25 - 34 Años,Femenino,Guatemala,Varias Veces Al Mes,Salado Tradicional,Fan Chips Jalapeño
2225,18 - 24 Años,Masculino,Guatemala,3 A 5 Veces Por Semana,Picante Chapín,Fan Chips Jalapeño
2225,18 - 24 Años,Masculino,Guatemala,3 A 5 Veces Por Semana,Picante Chapín,Crunchmax Bbq
2226,25 - 34 Años,Masculino,Guatemala,3 A 5 Veces Por Semana,Jalapeño,Mundialitos Queso Picante
2227,Menos De 18 Años,Masculino,Guatemala,1 A 2 Veces Por Semana,Jalapeño,Hot Stadium Peanuts
2228,45 - 54 Años,Masculino,Suchitepéquez,Varias Veces Al Mes,Queso,Crunchmax Bbq
2229,25 - 34 Años,Masculino,Quetzaltenango,1 A 2 Veces Por Semana,Chocolate,Crunchmax Bbq
2229,25 - 34 Años,Masculino,Quetzaltenango,1 A 2 Veces Por Semana,Chocolate,Mundialitos Queso Picante
2230,Menos De 18 Años,Femenino,Escuintla,Rara Vez,Limón,Crunchmax Bbq
2231,35 - 44 Años,Femenino,Santa Rosa,3 A 5 Veces Por Semana,Queso,Crunchmax Bbq
2231,35 - 44 Años,Femenino,Santa Rosa,3 A 5 Veces Por Semana,Queso,Energy Crunch Protein
2231,35 - 44 Años,Femenino,Santa Rosa,3 A 5 Veces Por Semana,Queso,Caramel Goal Popcorn
2232,45 - 54 Años,Femenino,Guatemala,3 A 5 Veces Por Semana,Barbacoa,Futbolmix
2232,45 - 54 Años,Femenino,Guatemala,3 A 5 Veces Por Semana,Barbacoa,Crunchmax Bbq
2233,55 Años O Más,Femenino,Quetzaltenango,Rara Vez,Dulce,Caramel Goal Popcorn
2233,55 Años O Más,Femenino,Quetzaltenango,Rara Vez,Dulce,Hot Stadium Peanuts
2234,18 - 24 Años,Femenino,Escuintla,Todos Los Días,Barbacoa,Mundialitos Queso Picante
2234,18 - 24 Años,Femenino,Escuintla,Todos Los Días,Barbacoa,Futbolmix
2235,45 - 54 Años,Masculino,Chimaltenango,1 A 2 Veces Por Semana,Queso,Hot Stadium Peanuts
2235,45 - 54 Años,Masculino,Chimaltenango,1 A 2 Veces Por Semana,Queso,Caramel Goal Popcorn
2236,45 - 54 Años,Masculino,Guatemala,1 A 2 Veces Por Semana,Chocolate,Gol Nachos Supreme
2237,25 - 34 Años,Femenino,Guatemala,Varias Veces Al Mes,Picante Chapín,Fan Chips Jalapeño
2238,35 - 44 Años,Masculino,Suchitepéquez,3 A 5 Veces Por Semana,Limón,Mundialitos Queso Picante
2239,18 - 24 Años,Masculino,Jalapa,3 A 5 Veces Por Semana,Barbacoa,Crunchmax Bbq
2240,45 - 54 Años,Masculino,Escuintla,3 A 5 Veces Por Semana,Barbacoa,Fan Chips Jalapeño
2241,35 - 44 Años,Femenino,Quetzaltenango,Varias Veces Al Mes,Jalapeño,Mundialitos Queso Picante
2241,35 - 44 Años,Femenino,Quetzaltenango,Varias Veces Al Mes,Jalapeño,Fan Chips Jalapeño
2241,35 - 44 Años,Femenino,Quetzaltenango,Varias Veces Al Mes,Jalapeño,Chocokick Bites
2242,45 - 54 Años,Masculino,Escuintla,1 A 2 Veces Por Semana,Chocolate,Chocokick Bites
2243,25 - 34 Años,Masculino,San Marcos,Varias Veces Al Mes,Picante Chapín,Gol Nachos Supreme
2243,25 - 34 Años,Masculino,San Marcos,Varias Veces Al Mes,Picante Chapín,Fan Chips Jalapeño
2243,25 - 34 Años,Masculino,San Marcos,Varias Veces Al Mes,Picante Chapín,Crunchmax Bbq
2244,18 - 24 Años,Masculino,Guatemala,Varias Veces Al Mes,Chocolate,Mundialitos Queso Picante
2244,18 - 24 Años,Masculino,Guatemala,Varias Veces Al Mes,Chocolate,Fan Chips Jalapeño
2244,18 - 24 Años,Masculino,Guatemala,Varias Veces Al Mes,Chocolate,Gol Nachos Supreme
2245,45 - 54 Años,Masculino,Guatemala,Todos Los Días,Jalapeño,Fan Chips Jalapeño
2245,45 - 54 Años,Masculino,Guatemala,Todos Los Días,Jalapeño,Crunchmax Bbq
2246,18 - 24 Años,Femenino,Sacatepéquez,3 A 5 Veces Por Semana,Barbacoa,Caramel Goal Popcorn
2247,Menos De 18 Años,Masculino,Sololá,Rara Vez,Barbacoa,Chocokick Bites
2247,Menos De 18 Años,Masculino,Sololá,Rara Vez,Barbacoa,Futbolmix
2247,Menos De 18 Años,Masculino,Sololá,Rara Vez,Barbacoa,Crunchmax Bbq
2248,Menos De 18 Años,Femenino,Guatemala,1 A 2 Veces Por Semana,Picante Chapín,Futbolmix
2248,Menos De 18 Años,Femenino,Guatemala,1 A 2 Veces Por Semana,Picante Chapín,Caramel Goal Popcorn
2248,Menos De 18 Años,Femenino,Guatemala,1 A 2 Veces Por Semana,Picante Chapín,Crunchmax Bbq
2249,18 - 24 Años,Masculino,Guatemala,1 A 2 Veces Por Semana,Barbacoa,Gol Nachos Supreme
2250,45 - 54 Años,Masculino,Quetzaltenango,3 A 5 Veces Por Semana,Limón,Fan Chips Jalapeño
2250,45 - 54 Años,Masculino,Quetzaltenango,3 A 5 Veces Por Semana,Limón,Chocokick Bites
2251,25 - 34 Años,Masculino,Guatemala,Rara Vez,Queso,Futbolmix
2251,25 - 34 Años,Masculino,Guatemala,Rara Vez,Queso,Gol Nachos Supreme
2252,55 Años O Más,Masculino,Baja Verapaz,3 A 5 Veces Por Semana,Limón,Gol Nachos Supreme
2252,55 Años O Más,Masculino,Baja Verapaz,3 A 5 Veces Por Semana,Limón,Hot Stadium Peanuts
2253,45 - 54 Años,Prefiero No Indicarlo,Alta Verapaz,1 A 2 Veces Por Semana,Barbacoa,Caramel Goal Popcorn
2254,25 - 34 Años,Masculino,Quetzaltenango,1 A 2 Veces Por Semana,Queso,Gol Nachos Supreme
2254,25 - 34 Años,Masculino,Quetzaltenango,1 A 2 Veces Por Semana,Queso,Crunchmax Bbq
2254,25 - 34 Años,Masculino,Quetzaltenango,1 A 2 Veces Por Semana,Queso,Futbolmix
2255,25 - 34 Años,Masculino,Guatemala,3 A 5 Veces Por Semana,Salado Tradicional,Fan Chips Jalapeño
2255,25 - 34 Años,Masculino,Guatemala,3 A 5 Veces Por Semana,Salado Tradicional,Mundialitos Queso Picante
2256,25 - 34 Años,Femenino,Quetzaltenango,Varias Veces Al Mes,Limón,Crunchmax Bbq
2257,55 Años O Más,Prefiero No Indicarlo,Guatemala,1 A 2 Veces Por Semana,Caramelo,Fan Chips Jalapeño
2258,35 - 44 Años,Masculino,Guatemala,3 A 5 Veces Por Semana,Picante Chapín,Futbolmix
2258,35 - 44 Años,Masculino,Guatemala,3 A 5 Veces Por Semana,Picante Chapín,Hot Stadium Peanuts
2258,35 - 44 Años,Masculino,Guatemala,3 A 5 Veces Por Semana,Picante Chapín,Gol Nachos Supreme
2259,25 - 34 Años,Femenino,Escuintla,Varias Veces Al Mes,Chocolate,Mundialitos Queso Picante
2260,45 - 54 Años,Masculino,Quetzaltenango,Rara Vez,Picante Chapín,Gol Nachos Supreme
2260,45 - 54 Años,Masculino,Quetzaltenango,Rara Vez,Picante Chapín,Chocokick Bites
2261,18 - 24 Años,Femenino,Guatemala,3 A 5 Veces Por Semana,Limón,Crunchmax Bbq
2262,25 - 34 Años,Masculino,Chimaltenango,3 A 5 Veces Por Semana,Picante Chapín,Futbolmix
2262,25 - 34 Años,Masculino,Chimaltenango,3 A 5 Veces Por Semana,Picante Chapín,Gol Nachos Supreme
2262,25 - 34 Años,Masculino,Chimaltenango,3 A 5 Veces Por Semana,Picante Chapín,Fan Chips Jalapeño
2263,25 - 34 Años,Femenino,Huehuetenango,1 A 2 Veces Por Semana,Jalapeño,Futbolmix
2264,25 - 34 Años,Masculino,Guatemala,Varias Veces Al Mes,Picante Chapín,Fan Chips Jalapeño
2264,25 - 34 Años,Masculino,Guatemala,Varias Veces Al Mes,Picante Chapín,Caramel Goal Popcorn
2264,25 - 34 Años,Masculino,Guatemala,Varias Veces Al Mes,Picante Chapín,Futbolmix
2265,Menos De 18 Años,Femenino,Alta Verapaz,3 A 5 Veces Por Semana,Barbacoa,Hot Stadium Peanuts
2265,Menos De 18 Años,Femenino,Alta Verapaz,3 A 5 Veces Por Semana,Barbacoa,Futbolmix
2266,35 - 44 Años,Femenino,Jalapa,Varias Veces Al Mes,Barbacoa,Energy Crunch Protein
2267,45 - 54 Años,Femenino,Santa Rosa,1 A 2 Veces Por Semana,Chocolate,Fan Chips Jalapeño
2267,45 - 54 Años,Femenino,Santa Rosa,1 A 2 Veces Por Semana,Chocolate,Caramel Goal Popcorn
2268,25 - 34 Años,Masculino,Chimaltenango,1 A 2 Veces Por Semana,Queso,Gol Nachos Supreme
2268,25 - 34 Años,Masculino,Chimaltenango,1 A 2 Veces Por Semana,Queso,Mundialitos Queso Picante
2268,25 - 34 Años,Masculino,Chimaltenango,1 A 2 Veces Por Semana,Queso,Crunchmax Bbq
2269,18 - 24 Años,Femenino,El Progreso,Varias Veces Al Mes,Limón,Mundialitos Queso Picante
2270,18 - 24 Años,Masculino,Sacatepéquez,Todos Los Días,Barbacoa,Crunchmax Bbq
2271,Menos De 18 Años,Femenino,Guatemala,3 A 5 Veces Por Semana,Dulce,Mundialitos Queso Picante
2271,Menos De 18 Años,Femenino,Guatemala,3 A 5 Veces Por Semana,Dulce,Chocokick Bites
2271,Menos De 18 Años,Femenino,Guatemala,3 A 5 Veces Por Semana,Dulce,Hot Stadium Peanuts
2272,35 - 44 Años,Femenino,Jalapa,3 A 5 Veces Por Semana,Jalapeño,Gol Nachos Supreme
2273,18 - 24 Años,Femenino,Santa Rosa,3 A 5 Veces Por Semana,Dulce,Crunchmax Bbq
2273,18 - 24 Años,Femenino,Santa Rosa,3 A 5 Veces Por Semana,Dulce,Fan Chips Jalapeño
2273,18 - 24 Años,Femenino,Santa Rosa,3 A 5 Veces Por Semana,Dulce,Hot Stadium Peanuts
2274,35 - 44 Años,Femenino,Guatemala,Varias Veces Al Mes,Jalapeño,Gol Nachos Supreme
2275,18 - 24 Años,Femenino,Chimaltenango,Varias Veces Al Mes,Salado Tradicional,Futbolmix
2275,18 - 24 Años,Femenino,Chimaltenango,Varias Veces Al Mes,Salado Tradicional,Fan Chips Jalapeño
2275,18 - 24 Años,Femenino,Chimaltenango,Varias Veces Al Mes,Salado Tradicional,Mundialitos Queso Picante
2276,45 - 54 Años,Masculino,Baja Verapaz,3 A 5 Veces Por Semana,Caramelo,Victory Pretzels
2276,45 - 54 Años,Masculino,Baja Verapaz,3 A 5 Veces Por Semana,Caramelo,Crunchmax Bbq
2276,45 - 54 Años,Masculino,Baja Verapaz,3 A 5 Veces Por Semana,Caramelo,Futbolmix
2277,55 Años O Más,Prefiero No Indicarlo,Guatemala,Varias Veces Al Mes,Queso,Energy Crunch Protein
2278,25 - 34 Años,Masculino,Quiché,3 A 5 Veces Por Semana,Chocolate,Gol Nachos Supreme
2278,25 - 34 Años,Masculino,Quiché,3 A 5 Veces Por Semana,Chocolate,Energy Crunch Protein
2279,55 Años O Más,Masculino,Sacatepéquez,1 A 2 Veces Por Semana,Salado Tradicional,Hot Stadium Peanuts
2279,55 Años O Más,Masculino,Sacatepéquez,1 A 2 Veces Por Semana,Salado Tradicional,Energy Crunch Protein
2279,55 Años O Más,Masculino,Sacatepéquez,1 A 2 Veces Por Semana,Salado Tradicional,Chocokick Bites
2280,25 - 34 Años,Femenino,Petén,3 A 5 Veces Por Semana,Chocolate,Mundialitos Queso Picante
2280,25 - 34 Años,Femenino,Petén,3 A 5 Veces Por Semana,Chocolate,Gol Nachos Supreme
2280,25 - 34 Años,Femenino,Petén,3 A 5 Veces Por Semana,Chocolate,Hot Stadium Peanuts
2281,25 - 34 Años,Prefiero No Indicarlo,Guatemala,Varias Veces Al Mes,Picante Chapín,Fan Chips Jalapeño
2281,25 - 34 Años,Prefiero No Indicarlo,Guatemala,Varias Veces Al Mes,Picante Chapín,Mundialitos Queso Picante
2282,45 - 54 Años,Femenino,Escuintla,Todos Los Días,Picante Chapín,Fan Chips Jalapeño
2282,45 - 54 Años,Femenino,Escuintla,Todos Los Días,Picante Chapín,Crunchmax Bbq
2283,35 - 44 Años,Femenino,Alta Verapaz,1 A 2 Veces Por Semana,Limón,Fan Chips Jalapeño
2283,35 - 44 Años,Femenino,Alta Verapaz,1 A 2 Veces Por Semana,Limón,Hot Stadium Peanuts
2283,35 - 44 Años,Femenino,Alta Verapaz,1 A 2 Veces Por Semana,Limón,Futbolmix
2284,Menos De 18 Años,Femenino,Chiquimula,Todos Los Días,Limón,Hot Stadium Peanuts
2284,Menos De 18 Años,Femenino,Chiquimula,Todos Los Días,Limón,Fan Chips Jalapeño
2284,Menos De 18 Años,Femenino,Chiquimula,Todos Los Días,Limón,Chocokick Bites
2285,25 - 34 Años,Masculino,Escuintla,Todos Los Días,Barbacoa,Hot Stadium Peanuts
2285,25 - 34 Años,Masculino,Escuintla,Todos Los Días,Barbacoa,Chocokick Bites
2285,25 - 34 Años,Masculino,Escuintla,Todos Los Días,Barbacoa,Caramel Goal Popcorn
2286,25 - 34 Años,Masculino,Escuintla,Rara Vez,Picante Chapín,Mundialitos Queso Picante
2286,25 - 34 Años,Masculino,Escuintla,Rara Vez,Picante Chapín,Chocokick Bites
2287,55 Años O Más,Femenino,Guatemala,Varias Veces Al Mes,Picante Chapín,Caramel Goal Popcorn
2287,55 Años O Más,Femenino,Guatemala,Varias Veces Al Mes,Picante Chapín,Fan Chips Jalapeño
2287,55 Años O Más,Femenino,Guatemala,Varias Veces Al Mes,Picante Chapín,Gol Nachos Supreme
2288,45 - 54 Años,Femenino,Sacatepéquez,Todos Los Días,Picante Chapín,Fan Chips Jalapeño
2288,45 - 54 Años,Femenino,Sacatepéquez,Todos Los Días,Picante Chapín,Crunchmax Bbq
2288,45 - 54 Años,Femenino,Sacatepéquez,Todos Los Días,Picante Chapín,Caramel Goal Popcorn
2289,45 - 54 Años,Masculino,Guatemala,Todos Los Días,Salado Tradicional,Fan Chips Jalapeño
2289,45 - 54 Años,Masculino,Guatemala,Todos Los Días,Salado Tradicional,Mundialitos Queso Picante
2289,45 - 54 Años,Masculino,Guatemala,Todos Los Días,Salado Tradicional,Futbolmix
2290,18 - 24 Años,Masculino,Izabal,1 A 2 Veces Por Semana,Queso,Crunchmax Bbq
2290,18 - 24 Años,Masculino,Izabal,1 A 2 Veces Por Semana,Queso,Mundialitos Queso Picante
2290,18 - 24 Años,Masculino,Izabal,1 A 2 Veces Por Semana,Queso,Chocokick Bites
2291,45 - 54 Años,Femenino,Sololá,Rara Vez,Salado Tradicional,Futbolmix
2291,45 - 54 Años,Femenino,Sololá,Rara Vez,Salado Tradicional,Fan Chips Jalapeño
2292,Menos De 18 Años,Femenino,Sacatepéquez,3 A 5 Veces Por Semana,Caramelo,Caramel Goal Popcorn
2292,Menos De 18 Años,Femenino,Sacatepéquez,3 A 5 Veces Por Semana,Caramelo,Mundialitos Queso Picante
2292,Menos De 18 Años,Femenino,Sacatepéquez,3 A 5 Veces Por Semana,Caramelo,Chocokick Bites
2293,18 - 24 Años,Masculino,Suchitepéquez,Varias Veces Al Mes,Barbacoa,Victory Pretzels
2294,55 Años O Más,Masculino,Sacatepéquez,1 A 2 Veces Por Semana,Queso,Futbolmix
2294,55 Años O Más,Masculino,Sacatepéquez,1 A 2 Veces Por Semana,Queso,Mundialitos Queso Picante
2295,45 - 54 Años,Masculino,Guatemala,Varias Veces Al Mes,Chocolate,Victory Pretzels
2296,25 - 34 Años,Masculino,Izabal,Varias Veces Al Mes,Caramelo,Energy Crunch Protein
2296,25 - 34 Años,Masculino,Izabal,Varias Veces Al Mes,Caramelo,Chocokick Bites
2296,25 - 34 Años,Masculino,Izabal,Varias Veces Al Mes,Caramelo,Crunchmax Bbq
2297,25 - 34 Años,Masculino,Sacatepéquez,3 A 5 Veces Por Semana,Chocolate,Crunchmax Bbq
2297,25 - 34 Años,Masculino,Sacatepéquez,3 A 5 Veces Por Semana,Chocolate,Fan Chips Jalapeño
2297,25 - 34 Años,Masculino,Sacatepéquez,3 A 5 Veces Por Semana,Chocolate,Mundialitos Queso Picante
2298,Menos De 18 Años,Femenino,Guatemala,Todos Los Días,Picante Chapín,Mundialitos Queso Picante
2299,25 - 34 Años,Femenino,Zacapa,Varias Veces Al Mes,Jalapeño,Futbolmix
2300,Menos De 18 Años,Masculino,Guatemala,1 A 2 Veces Por Semana,Picante Chapín,Mundialitos Queso Picante
2301,25 - 34 Años,Masculino,Santa Rosa,1 A 2 Veces Por Semana,Barbacoa,Gol Nachos Supreme
2301,25 - 34 Años,Masculino,Santa Rosa,1 A 2 Veces Por Semana,Barbacoa,Crunchmax Bbq
2301,25 - 34 Años,Masculino,Santa Rosa,1 A 2 Veces Por Semana,Barbacoa,Energy Crunch Protein
2302,35 - 44 Años,Masculino,Escuintla,3 A 5 Veces Por Semana,Caramelo,Futbolmix
2302,35 - 44 Años,Masculino,Escuintla,3 A 5 Veces Por Semana,Caramelo,Crunchmax Bbq
2302,35 - 44 Años,Masculino,Escuintla,3 A 5 Veces Por Semana,Caramelo,Gol Nachos Supreme
2303,35 - 44 Años,Femenino,Guatemala,Todos Los Días,Picante Chapín,Futbolmix
2303,35 - 44 Años,Femenino,Guatemala,Todos Los Días,Picante Chapín,Gol Nachos Supreme
2304,45 - 54 Años,Femenino,Sacatepéquez,1 A 2 Veces Por Semana,Chocolate,Crunchmax Bbq
2304,45 - 54 Años,Femenino,Sacatepéquez,1 A 2 Veces Por Semana,Chocolate,Energy Crunch Protein
2304,45 - 54 Años,Femenino,Sacatepéquez,1 A 2 Veces Por Semana,Chocolate,Caramel Goal Popcorn
2305,45 - 54 Años,Masculino,Santa Rosa,1 A 2 Veces Por Semana,Jalapeño,Hot Stadium Peanuts
2305,45 - 54 Años,Masculino,Santa Rosa,1 A 2 Veces Por Semana,Jalapeño,Gol Nachos Supreme
2306,25 - 34 Años,Prefiero No Indicarlo,Zacapa,3 A 5 Veces Por Semana,Dulce,Fan Chips Jalapeño
2306,25 - 34 Años,Prefiero No Indicarlo,Zacapa,3 A 5 Veces Por Semana,Dulce,Hot Stadium Peanuts
2307,18 - 24 Años,Masculino,Guatemala,1 A 2 Veces Por Semana,Limón,Futbolmix
2307,18 - 24 Años,Masculino,Guatemala,1 A 2 Veces Por Semana,Limón,Victory Pretzels
2307,18 - 24 Años,Masculino,Guatemala,1 A 2 Veces Por Semana,Limón,Caramel Goal Popcorn
2308,Menos De 18 Años,Femenino,Sacatepéquez,3 A 5 Veces Por Semana,Queso,Victory Pretzels
2308,Menos De 18 Años,Femenino,Sacatepéquez,3 A 5 Veces Por Semana,Queso,Gol Nachos Supreme
2309,25 - 34 Años,Masculino,Guatemala,3 A 5 Veces Por Semana,Salado Tradicional,Caramel Goal Popcorn
2310,25 - 34 Años,Masculino,Alta Verapaz,1 A 2 Veces Por Semana,Barbacoa,Mundialitos Queso Picante
2310,25 - 34 Años,Masculino,Alta Verapaz,1 A 2 Veces Por Semana,Barbacoa,Gol Nachos Supreme
2311,35 - 44 Años,Masculino,Guatemala,3 A 5 Veces Por Semana,Chocolate,Energy Crunch Protein
2311,35 - 44 Años,Masculino,Guatemala,3 A 5 Veces Por Semana,Chocolate,Gol Nachos Supreme
2311,35 - 44 Años,Masculino,Guatemala,3 A 5 Veces Por Semana,Chocolate,Crunchmax Bbq
2312,45 - 54 Años,Masculino,Sololá,1 A 2 Veces Por Semana,Queso,Mundialitos Queso Picante
2313,45 - 54 Años,Femenino,Baja Verapaz,Todos Los Días,Queso,Gol Nachos Supreme
2313,45 - 54 Años,Femenino,Baja Verapaz,Todos Los Días,Queso,Futbolmix
2313,45 - 54 Años,Femenino,Baja Verapaz,Todos Los Días,Queso,Fan Chips Jalapeño
2314,35 - 44 Años,Femenino,Guatemala,1 A 2 Veces Por Semana,Queso,Gol Nachos Supreme
2314,35 - 44 Años,Femenino,Guatemala,1 A 2 Veces Por Semana,Queso,Mundialitos Queso Picante
2315,18 - 24 Años,Prefiero No Indicarlo,Guatemala,Varias Veces Al Mes,Limón,Fan Chips Jalapeño
2316,25 - 34 Años,Femenino,Retalhuleu,Todos Los Días,Picante Chapín,Crunchmax Bbq
2316,25 - 34 Años,Femenino,Retalhuleu,Todos Los Días,Picante Chapín,Mundialitos Queso Picante
2316,25 - 34 Años,Femenino,Retalhuleu,Todos Los Días,Picante Chapín,Caramel Goal Popcorn
2317,25 - 34 Años,Masculino,Sacatepéquez,1 A 2 Veces Por Semana,Chocolate,Mundialitos Queso Picante
2318,45 - 54 Años,Femenino,Chimaltenango,Varias Veces Al Mes,Salado Tradicional,Crunchmax Bbq
2318,45 - 54 Años,Femenino,Chimaltenango,Varias Veces Al Mes,Salado Tradicional,Futbolmix
2318,45 - 54 Años,Femenino,Chimaltenango,Varias Veces Al Mes,Salado Tradicional,Gol Nachos Supreme
2319,35 - 44 Años,Femenino,Escuintla,1 A 2 Veces Por Semana,Picante Chapín,Hot Stadium Peanuts
2320,45 - 54 Años,Masculino,Guatemala,Todos Los Días,Queso,Fan Chips Jalapeño
2320,45 - 54 Años,Masculino,Guatemala,Todos Los Días,Queso,Hot Stadium Peanuts
2321,25 - 34 Años,Femenino,Guatemala,Varias Veces Al Mes,Salado Tradicional,Gol Nachos Supreme
2321,25 - 34 Años,Femenino,Guatemala,Varias Veces Al Mes,Salado Tradicional,Crunchmax Bbq
2321,25 - 34 Años,Femenino,Guatemala,Varias Veces Al Mes,Salado Tradicional,Chocokick Bites
2322,35 - 44 Años,Masculino,Guatemala,Todos Los Días,Queso,Victory Pretzels
2322,35 - 44 Años,Masculino,Guatemala,Todos Los Días,Queso,Hot Stadium Peanuts
2323,55 Años O Más,Masculino,Guatemala,Todos Los Días,Salado Tradicional,Crunchmax Bbq
2323,55 Años O Más,Masculino,Guatemala,Todos Los Días,Salado Tradicional,Caramel Goal Popcorn
2323,55 Años O Más,Masculino,Guatemala,Todos Los Días,Salado Tradicional,Hot Stadium Peanuts
2324,Menos De 18 Años,Femenino,Guatemala,Varias Veces Al Mes,Chocolate,Crunchmax Bbq
2325,25 - 34 Años,Masculino,Escuintla,Varias Veces Al Mes,Dulce,Mundialitos Queso Picante
2325,25 - 34 Años,Masculino,Escuintla,Varias Veces Al Mes,Dulce,Fan Chips Jalapeño
2326,25 - 34 Años,Masculino,Quetzaltenango,3 A 5 Veces Por Semana,Limón,Gol Nachos Supreme
2327,25 - 34 Años,Masculino,Escuintla,Varias Veces Al Mes,Queso,Futbolmix
2327,25 - 34 Años,Masculino,Escuintla,Varias Veces Al Mes,Queso,Fan Chips Jalapeño
2328,35 - 44 Años,Femenino,Guatemala,1 A 2 Veces Por Semana,Queso,Fan Chips Jalapeño
2328,35 - 44 Años,Femenino,Guatemala,1 A 2 Veces Por Semana,Queso,Mundialitos Queso Picante
2329,25 - 34 Años,Femenino,Guatemala,Varias Veces Al Mes,Limón,Victory Pretzels
2329,25 - 34 Años,Femenino,Guatemala,Varias Veces Al Mes,Limón,Fan Chips Jalapeño
2329,25 - 34 Años,Femenino,Guatemala,Varias Veces Al Mes,Limón,Hot Stadium Peanuts
2174,18 - 24 Años,Femenino,Sacatepéquez,1 A 2 Veces Por Semana,Picante Chapín,Energy Crunch Protein
2174,18 - 24 Años,Femenino,Sacatepéquez,1 A 2 Veces Por Semana,Picante Chapín,Chocokick Bites
2331,18 - 24 Años,Prefiero No Indicarlo,Quetzaltenango,1 A 2 Veces Por Semana,Chocolate,Energy Crunch Protein
2331,18 - 24 Años,Prefiero No Indicarlo,Quetzaltenango,1 A 2 Veces Por Semana,Chocolate,Crunchmax Bbq
2331,18 - 24 Años,Prefiero No Indicarlo,Quetzaltenango,1 A 2 Veces Por Semana,Chocolate,Gol Nachos Supreme
2332,55 Años O Más,Femenino,Zacapa,1 A 2 Veces Por Semana,Salado Tradicional,Gol Nachos Supreme
2332,55 Años O Más,Femenino,Zacapa,1 A 2 Veces Por Semana,Salado Tradicional,Caramel Goal Popcorn
2333,25 - 34 Años,Femenino,Santa Rosa,3 A 5 Veces Por Semana,Salado Tradicional,Crunchmax Bbq
2334,55 Años O Más,Masculino,Guatemala,Varias Veces Al Mes,Jalapeño,Chocokick Bites
2334,55 Años O Más,Masculino,Guatemala,Varias Veces Al Mes,Jalapeño,Caramel Goal Popcorn
2334,55 Años O Más,Masculino,Guatemala,Varias Veces Al Mes,Jalapeño,Hot Stadium Peanuts
2335,55 Años O Más,Femenino,Quetzaltenango,Rara Vez,Queso,Gol Nachos Supreme
2335,55 Años O Más,Femenino,Quetzaltenango,Rara Vez,Queso,Energy Crunch Protein
2336,45 - 54 Años,Masculino,El Progreso,Varias Veces Al Mes,Chocolate,Chocokick Bites
2336,45 - 54 Años,Masculino,El Progreso,Varias Veces Al Mes,Chocolate,Futbolmix
2336,45 - 54 Años,Masculino,El Progreso,Varias Veces Al Mes,Chocolate,Gol Nachos Supreme
2337,25 - 34 Años,Femenino,Escuintla,1 A 2 Veces Por Semana,Queso,Crunchmax Bbq
2337,25 - 34 Años,Femenino,Escuintla,1 A 2 Veces Por Semana,Queso,Mundialitos Queso Picante
2337,25 - 34 Años,Femenino,Escuintla,1 A 2 Veces Por Semana,Queso,Futbolmix
2338,25 - 34 Años,Femenino,Guatemala,Rara Vez,Jalapeño,Futbolmix
2338,25 - 34 Años,Femenino,Guatemala,Rara Vez,Jalapeño,Chocokick Bites
2339,45 - 54 Años,Femenino,Zacapa,Todos Los Días,Chocolate,Chocokick Bites
2339,45 - 54 Años,Femenino,Zacapa,Todos Los Días,Chocolate,Gol Nachos Supreme
2340,18 - 24 Años,Femenino,Guatemala,Todos Los Días,Barbacoa,Gol Nachos Supreme
2340,18 - 24 Años,Femenino,Guatemala,Todos Los Días,Barbacoa,Hot Stadium Peanuts
2341,25 - 34 Años,Masculino,Chimaltenango,1 A 2 Veces Por Semana,Picante Chapín,Gol Nachos Supreme
2341,25 - 34 Años,Masculino,Chimaltenango,1 A 2 Veces Por Semana,Picante Chapín,Crunchmax Bbq
2341,25 - 34 Años,Masculino,Chimaltenango,1 A 2 Veces Por Semana,Picante Chapín,Mundialitos Queso Picante
2342,Menos De 18 Años,Masculino,Guatemala,3 A 5 Veces Por Semana,Picante Chapín,Fan Chips Jalapeño
2343,25 - 34 Años,Femenino,Sacatepéquez,Rara Vez,Limón,Gol Nachos Supreme
2344,55 Años O Más,Masculino,Guatemala,Todos Los Días,Salado Tradicional,Crunchmax Bbq
2344,55 Años O Más,Masculino,Guatemala,Todos Los Días,Salado Tradicional,Caramel Goal Popcorn
2344,55 Años O Más,Masculino,Guatemala,Todos Los Días,Salado Tradicional,Fan Chips Jalapeño
2345,18 - 24 Años,Femenino,Quiché,Rara Vez,Picante Chapín,Futbolmix
2345,18 - 24 Años,Femenino,Quiché,Rara Vez,Picante Chapín,Mundialitos Queso Picante
2346,35 - 44 Años,Prefiero No Indicarlo,Guatemala,3 A 5 Veces Por Semana,Caramelo,Energy Crunch Protein
2347,Menos De 18 Años,Masculino,Guatemala,Todos Los Días,Salado Tradicional,Victory Pretzels
2348,18 - 24 Años,Femenino,Sacatepéquez,1 A 2 Veces Por Semana,Chocolate,Fan Chips Jalapeño
2348,18 - 24 Años,Femenino,Sacatepéquez,1 A 2 Veces Por Semana,Chocolate,Chocokick Bites
2348,18 - 24 Años,Femenino,Sacatepéquez,1 A 2 Veces Por Semana,Chocolate,Victory Pretzels
2349,25 - 34 Años,Masculino,Quetzaltenango,Todos Los Días,Barbacoa,Fan Chips Jalapeño
2349,25 - 34 Años,Masculino,Quetzaltenango,Todos Los Días,Barbacoa,Chocokick Bites
2349,25 - 34 Años,Masculino,Quetzaltenango,Todos Los Días,Barbacoa,Caramel Goal Popcorn
2350,18 - 24 Años,Femenino,Retalhuleu,Varias Veces Al Mes,Jalapeño,Chocokick Bites
2350,18 - 24 Años,Femenino,Retalhuleu,Varias Veces Al Mes,Jalapeño,Mundialitos Queso Picante
2350,18 - 24 Años,Femenino,Retalhuleu,Varias Veces Al Mes,Jalapeño,Crunchmax Bbq
2351,35 - 44 Años,Masculino,Guatemala,1 A 2 Veces Por Semana,Limón,Gol Nachos Supreme
2351,35 - 44 Años,Masculino,Guatemala,1 A 2 Veces Por Semana,Limón,Mundialitos Queso Picante
2351,35 - 44 Años,Masculino,Guatemala,1 A 2 Veces Por Semana,Limón,Fan Chips Jalapeño
2352,45 - 54 Años,Masculino,Guatemala,Todos Los Días,Chocolate,Caramel Goal Popcorn
2353,45 - 54 Años,Masculino,Guatemala,Todos Los Días,Barbacoa,Chocokick Bites
2353,45 - 54 Años,Masculino,Guatemala,Todos Los Días,Barbacoa,Futbolmix
2353,45 - 54 Años,Masculino,Guatemala,Todos Los Días,Barbacoa,Mundialitos Queso Picante
2354,35 - 44 Años,Masculino,Guatemala,Todos Los Días,Picante Chapín,Hot Stadium Peanuts
2355,35 - 44 Años,Femenino,Retalhuleu,3 A 5 Veces Por Semana,Picante Chapín,Victory Pretzels
2356,25 - 34 Años,Femenino,Escuintla,1 A 2 Veces Por Semana,Jalapeño,Crunchmax Bbq
2356,25 - 34 Años,Femenino,Escuintla,1 A 2 Veces Por Semana,Jalapeño,Gol Nachos Supreme
2356,25 - 34 Años,Femenino,Escuintla,1 A 2 Veces Por Semana,Jalapeño,Mundialitos Queso Picante
2357,25 - 34 Años,Femenino,Quetzaltenango,Todos Los Días,Caramelo,Mundialitos Queso Picante
2357,25 - 34 Años,Femenino,Quetzaltenango,Todos Los Días,Caramelo,Energy Crunch Protein
2358,35 - 44 Años,Masculino,Quetzaltenango,Rara Vez,Limón,Caramel Goal Popcorn
2358,35 - 44 Años,Masculino,Quetzaltenango,Rara Vez,Limón,Futbolmix
2359,35 - 44 Años,Masculino,Guatemala,1 A 2 Veces Por Semana,Limón,Hot Stadium Peanuts
2359,35 - 44 Años,Masculino,Guatemala,1 A 2 Veces Por Semana,Limón,Chocokick Bites
2359,35 - 44 Años,Masculino,Guatemala,1 A 2 Veces Por Semana,Limón,Mundialitos Queso Picante
2360,18 - 24 Años,Femenino,Sacatepéquez,Rara Vez,Jalapeño,Crunchmax Bbq
2360,18 - 24 Años,Femenino,Sacatepéquez,Rara Vez,Jalapeño,Hot Stadium Peanuts
2360,18 - 24 Años,Femenino,Sacatepéquez,Rara Vez,Jalapeño,Fan Chips Jalapeño
2361,45 - 54 Años,Masculino,Chiquimula,Todos Los Días,Jalapeño,Fan Chips Jalapeño
2361,45 - 54 Años,Masculino,Chiquimula,Todos Los Días,Jalapeño,Hot Stadium Peanuts
2361,45 - 54 Años,Masculino,Chiquimula,Todos Los Días,Jalapeño,Gol Nachos Supreme
2362,18 - 24 Años,Femenino,Retalhuleu,Todos Los Días,Barbacoa,Futbolmix
2362,18 - 24 Años,Femenino,Retalhuleu,Todos Los Días,Barbacoa,Energy Crunch Protein
2363,18 - 24 Años,Masculino,Guatemala,1 A 2 Veces Por Semana,Queso,Fan Chips Jalapeño
2363,18 - 24 Años,Masculino,Guatemala,1 A 2 Veces Por Semana,Queso,Gol Nachos Supreme
2363,18 - 24 Años,Masculino,Guatemala,1 A 2 Veces Por Semana,Queso,Hot Stadium Peanuts
2364,18 - 24 Años,Masculino,San Marcos,Todos Los Días,Barbacoa,Hot Stadium Peanuts
2364,18 - 24 Años,Masculino,San Marcos,Todos Los Días,Barbacoa,Chocokick Bites
2364,18 - 24 Años,Masculino,San Marcos,Todos Los Días,Barbacoa,Futbolmix
2365,18 - 24 Años,Masculino,Sacatepéquez,1 A 2 Veces Por Semana,Picante Chapín,Crunchmax Bbq
2366,45 - 54 Años,Masculino,Chimaltenango,1 A 2 Veces Por Semana,Jalapeño,Fan Chips Jalapeño
2367,Menos De 18 Años,Femenino,Guatemala,Todos Los Días,Picante Chapín,Caramel Goal Popcorn
2367,Menos De 18 Años,Femenino,Guatemala,Todos Los Días,Picante Chapín,Gol Nachos Supreme
2368,25 - 34 Años,Masculino,Guatemala,Todos Los Días,Caramelo,Hot Stadium Peanuts
2368,25 - 34 Años,Masculino,Guatemala,Todos Los Días,Caramelo,Caramel Goal Popcorn
2369,35 - 44 Años,Masculino,Guatemala,Todos Los Días,Picante Chapín,Fan Chips Jalapeño
2370,Menos De 18 Años,Femenino,Santa Rosa,Varias Veces Al Mes,Barbacoa,Mundialitos Queso Picante
2371,35 - 44 Años,Femenino,Guatemala,3 A 5 Veces Por Semana,Chocolate,Energy Crunch Protein
2371,35 - 44 Años,Femenino,Guatemala,3 A 5 Veces Por Semana,Chocolate,Futbolmix
2372,35 - 44 Años,Femenino,Suchitepéquez,Varias Veces Al Mes,Jalapeño,Mundialitos Queso Picante
2372,35 - 44 Años,Femenino,Suchitepéquez,Varias Veces Al Mes,Jalapeño,Futbolmix
2373,25 - 34 Años,Femenino,Quetzaltenango,3 A 5 Veces Por Semana,Caramelo,Mundialitos Queso Picante
2373,25 - 34 Años,Femenino,Quetzaltenango,3 A 5 Veces Por Semana,Caramelo,Gol Nachos Supreme
2374,35 - 44 Años,Femenino,Quetzaltenango,Todos Los Días,Limón,Caramel Goal Popcorn
2374,35 - 44 Años,Femenino,Quetzaltenango,Todos Los Días,Limón,Gol Nachos Supreme
2375,45 - 54 Años,Femenino,Escuintla,Todos Los Días,Queso,Gol Nachos Supreme
2375,45 - 54 Años,Femenino,Escuintla,Todos Los Días,Queso,Energy Crunch Protein
2376,35 - 44 Años,Femenino,Guatemala,1 A 2 Veces Por Semana,Picante Chapín,Crunchmax Bbq
2377,35 - 44 Años,Femenino,Escuintla,3 A 5 Veces Por Semana,Chocolate,Fan Chips Jalapeño
2378,18 - 24 Años,Masculino,Chimaltenango,Varias Veces Al Mes,Dulce,Energy Crunch Protein
2379,35 - 44 Años,Masculino,Sacatepéquez,Varias Veces Al Mes,Limón,Energy Crunch Protein
2379,35 - 44 Años,Masculino,Sacatepéquez,Varias Veces Al Mes,Limón,Caramel Goal Popcorn
2379,35 - 44 Años,Masculino,Sacatepéquez,Varias Veces Al Mes,Limón,Mundialitos Queso Picante
2380,Menos De 18 Años,Femenino,Guatemala,3 A 5 Veces Por Semana,Salado Tradicional,Chocokick Bites
2380,Menos De 18 Años,Femenino,Guatemala,3 A 5 Veces Por Semana,Salado Tradicional,Mundialitos Queso Picante
2381,25 - 34 Años,Femenino,Guatemala,Todos Los Días,Queso,Futbolmix
2381,25 - 34 Años,Femenino,Guatemala,Todos Los Días,Queso,Victory Pretzels
2382,18 - 24 Años,Masculino,Guatemala,Todos Los Días,Barbacoa,Gol Nachos Supreme
2382,18 - 24 Años,Masculino,Guatemala,Todos Los Días,Barbacoa,Hot Stadium Peanuts
2383,18 - 24 Años,Femenino,Jutiapa,Varias Veces Al Mes,Picante Chapín,Gol Nachos Supreme
2383,18 - 24 Años,Femenino,Jutiapa,Varias Veces Al Mes,Picante Chapín,Futbolmix
2383,18 - 24 Años,Femenino,Jutiapa,Varias Veces Al Mes,Picante Chapín,Fan Chips Jalapeño
2384,55 Años O Más,Femenino,Guatemala,Varias Veces Al Mes,Picante Chapín,Mundialitos Queso Picante
2384,55 Años O Más,Femenino,Guatemala,Varias Veces Al Mes,Picante Chapín,Caramel Goal Popcorn
2385,Menos De 18 Años,Masculino,San Marcos,1 A 2 Veces Por Semana,Picante Chapín,Futbolmix
2385,Menos De 18 Años,Masculino,San Marcos,1 A 2 Veces Por Semana,Picante Chapín,Fan Chips Jalapeño
2386,45 - 54 Años,Femenino,Izabal,Varias Veces Al Mes,Dulce,Chocokick Bites
2387,18 - 24 Años,Femenino,El Progreso,3 A 5 Veces Por Semana,Barbacoa,Futbolmix
2388,35 - 44 Años,Femenino,Retalhuleu,3 A 5 Veces Por Semana,Picante Chapín,Victory Pretzels
2388,35 - 44 Años,Femenino,Retalhuleu,3 A 5 Veces Por Semana,Picante Chapín,Crunchmax Bbq
2388,35 - 44 Años,Femenino,Retalhuleu,3 A 5 Veces Por Semana,Picante Chapín,Futbolmix
2389,35 - 44 Años,Femenino,El Progreso,Varias Veces Al Mes,Picante Chapín,Chocokick Bites
2389,35 - 44 Años,Femenino,El Progreso,Varias Veces Al Mes,Picante Chapín,Fan Chips Jalapeño
2389,35 - 44 Años,Femenino,El Progreso,Varias Veces Al Mes,Picante Chapín,Mundialitos Queso Picante
2390,18 - 24 Años,Femenino,Quetzaltenango,1 A 2 Veces Por Semana,Barbacoa,Gol Nachos Supreme
2391,18 - 24 Años,Femenino,Guatemala,3 A 5 Veces Por Semana,Barbacoa,Crunchmax Bbq
2391,18 - 24 Años,Femenino,Guatemala,3 A 5 Veces Por Semana,Barbacoa,Futbolmix
2392,Menos De 18 Años,Masculino,Totonicapán,Varias Veces Al Mes,Queso,Fan Chips Jalapeño
2392,Menos De 18 Años,Masculino,Totonicapán,Varias Veces Al Mes,Queso,Victory Pretzels
2393,35 - 44 Años,Masculino,Guatemala,1 A 2 Veces Por Semana,Picante Chapín,Crunchmax Bbq
2394,35 - 44 Años,Femenino,Sacatepéquez,Rara Vez,Queso,Crunchmax Bbq
2394,35 - 44 Años,Femenino,Sacatepéquez,Rara Vez,Queso,Caramel Goal Popcorn
2395,45 - 54 Años,Masculino,Escuintla,Rara Vez,Queso,Energy Crunch Protein
2396,35 - 44 Años,Masculino,Sacatepéquez,3 A 5 Veces Por Semana,Picante Chapín,Chocokick Bites
2396,35 - 44 Años,Masculino,Sacatepéquez,3 A 5 Veces Por Semana,Picante Chapín,Futbolmix
2396,35 - 44 Años,Masculino,Sacatepéquez,3 A 5 Veces Por Semana,Picante Chapín,Fan Chips Jalapeño
2397,25 - 34 Años,Masculino,Guatemala,1 A 2 Veces Por Semana,Jalapeño,Futbolmix
2398,18 - 24 Años,Femenino,Guatemala,3 A 5 Veces Por Semana,Queso,Hot Stadium Peanuts
2399,18 - 24 Años,Femenino,Guatemala,3 A 5 Veces Por Semana,Limón,Crunchmax Bbq
2399,18 - 24 Años,Femenino,Guatemala,3 A 5 Veces Por Semana,Limón,Caramel Goal Popcorn
2399,18 - 24 Años,Femenino,Guatemala,3 A 5 Veces Por Semana,Limón,Gol Nachos Supreme
2400,45 - 54 Años,Masculino,Guatemala,Varias Veces Al Mes,Barbacoa,Crunchmax Bbq
2400,45 - 54 Años,Masculino,Guatemala,Varias Veces Al Mes,Barbacoa,Mundialitos Queso Picante
2400,45 - 54 Años,Masculino,Guatemala,Varias Veces Al Mes,Barbacoa,Gol Nachos Supreme
2401,25 - 34 Años,Masculino,Chiquimula,1 A 2 Veces Por Semana,Chocolate,Crunchmax Bbq
2401,25 - 34 Años,Masculino,Chiquimula,1 A 2 Veces Por Semana,Chocolate,Victory Pretzels
2402,18 - 24 Años,Femenino,Guatemala,Varias Veces Al Mes,Chocolate,Crunchmax Bbq
2403,Menos De 18 Años,Masculino,Sololá,Todos Los Días,Queso,Energy Crunch Protein
2403,Menos De 18 Años,Masculino,Sololá,Todos Los Días,Queso,Mundialitos Queso Picante
2403,Menos De 18 Años,Masculino,Sololá,Todos Los Días,Queso,Crunchmax Bbq
2404,18 - 24 Años,Femenino,Escuintla,Todos Los Días,Picante Chapín,Mundialitos Queso Picante
2404,18 - 24 Años,Femenino,Escuintla,Todos Los Días,Picante Chapín,Caramel Goal Popcorn
2404,18 - 24 Años,Femenino,Escuintla,Todos Los Días,Picante Chapín,Energy Crunch Protein
2405,25 - 34 Años,Femenino,Guatemala,3 A 5 Veces Por Semana,Queso,Futbolmix
2405,25 - 34 Años,Femenino,Guatemala,3 A 5 Veces Por Semana,Queso,Mundialitos Queso Picante
2405,25 - 34 Años,Femenino,Guatemala,3 A 5 Veces Por Semana,Queso,Victory Pretzels
2406,25 - 34 Años,Masculino,Quiché,Varias Veces Al Mes,Queso,Gol Nachos Supreme
2407,45 - 54 Años,Masculino,Chiquimula,3 A 5 Veces Por Semana,Dulce,Caramel Goal Popcorn
2408,25 - 34 Años,Femenino,Quiché,Varias Veces Al Mes,Chocolate,Energy Crunch Protein
2408,25 - 34 Años,Femenino,Quiché,Varias Veces Al Mes,Chocolate,Gol Nachos Supreme
2408,25 - 34 Años,Femenino,Quiché,Varias Veces Al Mes,Chocolate,Fan Chips Jalapeño
2409,18 - 24 Años,Femenino,Guatemala,Rara Vez,Queso,Futbolmix
2410,18 - 24 Años,Masculino,Chiquimula,Todos Los Días,Picante Chapín,Mundialitos Queso Picante
2410,18 - 24 Años,Masculino,Chiquimula,Todos Los Días,Picante Chapín,Gol Nachos Supreme
2410,18 - 24 Años,Masculino,Chiquimula,Todos Los Días,Picante Chapín,Crunchmax Bbq
2411,18 - 24 Años,Masculino,Totonicapán,1 A 2 Veces Por Semana,Jalapeño,Gol Nachos Supreme
2411,18 - 24 Años,Masculino,Totonicapán,1 A 2 Veces Por Semana,Jalapeño,Chocokick Bites
2412,35 - 44 Años,Masculino,Guatemala,Varias Veces Al Mes,Picante Chapín,Mundialitos Queso Picante
2412,35 - 44 Años,Masculino,Guatemala,Varias Veces Al Mes,Picante Chapín,Caramel Goal Popcorn
2413,35 - 44 Años,Masculino,Jutiapa,Todos Los Días,Caramelo,Futbolmix
2413,35 - 44 Años,Masculino,Jutiapa,Todos Los Días,Caramelo,Mundialitos Queso Picante
2414,35 - 44 Años,Masculino,Quetzaltenango,Todos Los Días,Dulce,Crunchmax Bbq
2415,25 - 34 Años,Masculino,Alta Verapaz,3 A 5 Veces Por Semana,Barbacoa,Futbolmix
2416,25 - 34 Años,Femenino,Quetzaltenango,1 A 2 Veces Por Semana,Salado Tradicional,Hot Stadium Peanuts
2416,25 - 34 Años,Femenino,Quetzaltenango,1 A 2 Veces Por Semana,Salado Tradicional,Chocokick Bites
2416,25 - 34 Años,Femenino,Quetzaltenango,1 A 2 Veces Por Semana,Salado Tradicional,Crunchmax Bbq
2417,45 - 54 Años,Masculino,Chimaltenango,Varias Veces Al Mes,Jalapeño,Caramel Goal Popcorn
2417,45 - 54 Años,Masculino,Chimaltenango,Varias Veces Al Mes,Jalapeño,Hot Stadium Peanuts
2417,45 - 54 Años,Masculino,Chimaltenango,Varias Veces Al Mes,Jalapeño,Mundialitos Queso Picante
2418,55 Años O Más,Femenino,Guatemala,1 A 2 Veces Por Semana,Barbacoa,Futbolmix
2419,35 - 44 Años,Masculino,Retalhuleu,3 A 5 Veces Por Semana,Chocolate,Caramel Goal Popcorn
2420,25 - 34 Años,Prefiero No Indicarlo,Guatemala,Todos Los Días,Dulce,Caramel Goal Popcorn
2420,25 - 34 Años,Prefiero No Indicarlo,Guatemala,Todos Los Días,Dulce,Gol Nachos Supreme
2421,25 - 34 Años,Femenino,Guatemala,Varias Veces Al Mes,Picante Chapín,Chocokick Bites
2421,25 - 34 Años,Femenino,Guatemala,Varias Veces Al Mes,Picante Chapín,Hot Stadium Peanuts
2421,25 - 34 Años,Femenino,Guatemala,Varias Veces Al Mes,Picante Chapín,Futbolmix
2422,18 - 24 Años,Masculino,Guatemala,Varias Veces Al Mes,,Mundialitos Queso Picante
2422,18 - 24 Años,Masculino,Guatemala,Varias Veces Al Mes,,Futbolmix
2423,25 - 34 Años,Femenino,Guatemala,3 A 5 Veces Por Semana,,Hot Stadium Peanuts
2424,35 - 44 Años,Prefiero No Indicarlo,Quetzaltenango,Varias Veces Al Mes,Picante Chapín,Victory Pretzels
2425,45 - 54 Años,Masculino,Petén,3 A 5 Veces Por Semana,Jalapeño,Gol Nachos Supreme
2426,Menos De 18 Años,Masculino,Sacatepéquez,Varias Veces Al Mes,Picante Chapín,Mundialitos Queso Picante
2426,Menos De 18 Años,Masculino,Sacatepéquez,Varias Veces Al Mes,Picante Chapín,Chocokick Bites
2427,55 Años O Más,Masculino,Sololá,1 A 2 Veces Por Semana,Barbacoa,Mundialitos Queso Picante
2427,55 Años O Más,Masculino,Sololá,1 A 2 Veces Por Semana,Barbacoa,Energy Crunch Protein
2427,55 Años O Más,Masculino,Sololá,1 A 2 Veces Por Semana,Barbacoa,Fan Chips Jalapeño
2428,18 - 24 Años,Masculino,Guatemala,Todos Los Días,Limón,Chocokick Bites
2428,18 - 24 Años,Masculino,Guatemala,Todos Los Días,Limón,Futbolmix
2428,18 - 24 Años,Masculino,Guatemala,Todos Los Días,Limón,Gol Nachos Supreme
2429,25 - 34 Años,Masculino,Guatemala,1 A 2 Veces Por Semana,Salado Tradicional,Crunchmax Bbq
2429,25 - 34 Años,Masculino,Guatemala,1 A 2 Veces Por Semana,Salado Tradicional,Gol Nachos Supreme
2429,25 - 34 Años,Masculino,Guatemala,1 A 2 Veces Por Semana,Salado Tradicional,Fan Chips Jalapeño
2430,25 - 34 Años,Femenino,Quetzaltenango,3 A 5 Veces Por Semana,Salado Tradicional,Crunchmax Bbq
2430,25 - 34 Años,Femenino,Quetzaltenango,3 A 5 Veces Por Semana,Salado Tradicional,Mundialitos Queso Picante
2431,35 - 44 Años,Masculino,Escuintla,Varias Veces Al Mes,Picante Chapín,Futbolmix
2432,45 - 54 Años,Masculino,Guatemala,Rara Vez,Limón,Energy Crunch Protein
2432,45 - 54 Años,Masculino,Guatemala,Rara Vez,Limón,Mundialitos Queso Picante
2432,45 - 54 Años,Masculino,Guatemala,Rara Vez,Limón,Caramel Goal Popcorn
2433,18 - 24 Años,Masculino,Totonicapán,1 A 2 Veces Por Semana,Picante Chapín,Crunchmax Bbq
2434,35 - 44 Años,Masculino,Alta Verapaz,Todos Los Días,Picante Chapín,Crunchmax Bbq
2434,35 - 44 Años,Masculino,Alta Verapaz,Todos Los Días,Picante Chapín,Hot Stadium Peanuts
2435,25 - 34 Años,Femenino,Sololá,Rara Vez,Picante Chapín,Mundialitos Queso Picante
2435,25 - 34 Años,Femenino,Sololá,Rara Vez,Picante Chapín,Crunchmax Bbq
2435,25 - 34 Años,Femenino,Sololá,Rara Vez,Picante Chapín,Victory Pretzels
2436,18 - 24 Años,Masculino,Baja Verapaz,3 A 5 Veces Por Semana,Queso,Hot Stadium Peanuts
2436,18 - 24 Años,Masculino,Baja Verapaz,3 A 5 Veces Por Semana,Queso,Energy Crunch Protein
2436,18 - 24 Años,Masculino,Baja Verapaz,3 A 5 Veces Por Semana,Queso,Crunchmax Bbq
2437,25 - 34 Años,Femenino,Guatemala,Varias Veces Al Mes,Jalapeño,Energy Crunch Protein
2438,25 - 34 Años,Femenino,Petén,Varias Veces Al Mes,Barbacoa,Futbolmix
2439,18 - 24 Años,Femenino,Guatemala,3 A 5 Veces Por Semana,Dulce,Crunchmax Bbq
2439,18 - 24 Años,Femenino,Guatemala,3 A 5 Veces Por Semana,Dulce,Hot Stadium Peanuts
2440,18 - 24 Años,Masculino,Guatemala,3 A 5 Veces Por Semana,Queso,Futbolmix
2440,18 - 24 Años,Masculino,Guatemala,3 A 5 Veces Por Semana,Queso,Fan Chips Jalapeño
2440,18 - 24 Años,Masculino,Guatemala,3 A 5 Veces Por Semana,Queso,Caramel Goal Popcorn
2441,18 - 24 Años,Masculino,El Progreso,3 A 5 Veces Por Semana,Barbacoa,Caramel Goal Popcorn
2441,18 - 24 Años,Masculino,El Progreso,3 A 5 Veces Por Semana,Barbacoa,Fan Chips Jalapeño
2442,18 - 24 Años,Femenino,Escuintla,3 A 5 Veces Por Semana,Queso,Futbolmix
2442,18 - 24 Años,Femenino,Escuintla,3 A 5 Veces Por Semana,Queso,Fan Chips Jalapeño
2442,18 - 24 Años,Femenino,Escuintla,3 A 5 Veces Por Semana,Queso,Chocokick Bites
2443,25 - 34 Años,Masculino,Quetzaltenango,Rara Vez,Caramelo,Futbolmix
2444,Menos De 18 Años,Prefiero No Indicarlo,Jalapa,Varias Veces Al Mes,Limón,Futbolmix
2445,18 - 24 Años,Masculino,Huehuetenango,Rara Vez,Limón,Gol Nachos Supreme
2445,18 - 24 Años,Masculino,Huehuetenango,Rara Vez,Limón,Mundialitos Queso Picante
2446,18 - 24 Años,Femenino,Quetzaltenango,Varias Veces Al Mes,Chocolate,Caramel Goal Popcorn
2446,18 - 24 Años,Femenino,Quetzaltenango,Varias Veces Al Mes,Chocolate,Crunchmax Bbq
2446,18 - 24 Años,Femenino,Quetzaltenango,Varias Veces Al Mes,Chocolate,Gol Nachos Supreme
2447,Menos De 18 Años,Masculino,Sacatepéquez,Varias Veces Al Mes,Limón,Fan Chips Jalapeño
2447,Menos De 18 Años,Masculino,Sacatepéquez,Varias Veces Al Mes,Limón,Crunchmax Bbq
2447,Menos De 18 Años,Masculino,Sacatepéquez,Varias Veces Al Mes,Limón,Futbolmix
2448,18 - 24 Años,Femenino,Escuintla,1 A 2 Veces Por Semana,Chocolate,Caramel Goal Popcorn
2449,55 Años O Más,Femenino,Guatemala,Varias Veces Al Mes,Queso,Mundialitos Queso Picante
2449,55 Años O Más,Femenino,Guatemala,Varias Veces Al Mes,Queso,Fan Chips Jalapeño
2450,25 - 34 Años,Masculino,Quetzaltenango,1 A 2 Veces Por Semana,Limón,Mundialitos Queso Picante
2450,25 - 34 Años,Masculino,Quetzaltenango,1 A 2 Veces Por Semana,Limón,Caramel Goal Popcorn
2450,25 - 34 Años,Masculino,Quetzaltenango,1 A 2 Veces Por Semana,Limón,Chocokick Bites
2451,18 - 24 Años,Femenino,Suchitepéquez,1 A 2 Veces Por Semana,Barbacoa,Mundialitos Queso Picante
2452,Menos De 18 Años,Femenino,Guatemala,3 A 5 Veces Por Semana,Dulce,Caramel Goal Popcorn
2452,Menos De 18 Años,Femenino,Guatemala,3 A 5 Veces Por Semana,Dulce,Fan Chips Jalapeño
2452,Menos De 18 Años,Femenino,Guatemala,3 A 5 Veces Por Semana,Dulce,Futbolmix
2453,35 - 44 Años,Masculino,Chimaltenango,Todos Los Días,Jalapeño,Futbolmix
2454,25 - 34 Años,Femenino,Guatemala,3 A 5 Veces Por Semana,Queso,Futbolmix
2455,55 Años O Más,Masculino,Sololá,Todos Los Días,Picante Chapín,Gol Nachos Supreme
2455,55 Años O Más,Masculino,Sololá,Todos Los Días,Picante Chapín,Caramel Goal Popcorn
2456,18 - 24 Años,Femenino,Guatemala,Todos Los Días,Barbacoa,Mundialitos Queso Picante
2456,18 - 24 Años,Femenino,Guatemala,Todos Los Días,Barbacoa,Hot Stadium Peanuts
2457,25 - 34 Años,Femenino,Chiquimula,Todos Los Días,Salado Tradicional,Chocokick Bites
2457,25 - 34 Años,Femenino,Chiquimula,Todos Los Días,Salado Tradicional,Victory Pretzels
2458,25 - 34 Años,Femenino,Sacatepéquez,Rara Vez,Picante Chapín,Energy Crunch Protein
2458,25 - 34 Años,Femenino,Sacatepéquez,Rara Vez,Picante Chapín,Fan Chips Jalapeño
2459,25 - 34 Años,Masculino,Sacatepéquez,1 A 2 Veces Por Semana,Jalapeño,Futbolmix
2460,35 - 44 Años,Femenino,Guatemala,Varias Veces Al Mes,Picante Chapín,Mundialitos Queso Picante
2460,35 - 44 Años,Femenino,Guatemala,Varias Veces Al Mes,Picante Chapín,Futbolmix
2460,35 - 44 Años,Femenino,Guatemala,Varias Veces Al Mes,Picante Chapín,Gol Nachos Supreme
2461,Menos De 18 Años,Masculino,Santa Rosa,1 A 2 Veces Por Semana,Salado Tradicional,Caramel Goal Popcorn
2462,25 - 34 Años,Masculino,Chiquimula,Rara Vez,Salado Tradicional,Futbolmix
2462,25 - 34 Años,Masculino,Chiquimula,Rara Vez,Salado Tradicional,Fan Chips Jalapeño
2462,25 - 34 Años,Masculino,Chiquimula,Rara Vez,Salado Tradicional,Energy Crunch Protein
2463,35 - 44 Años,Masculino,Chiquimula,Varias Veces Al Mes,Queso,Crunchmax Bbq
2464,Menos De 18 Años,Femenino,Guatemala,3 A 5 Veces Por Semana,Picante Chapín,Chocokick Bites
2464,Menos De 18 Años,Femenino,Guatemala,3 A 5 Veces Por Semana,Picante Chapín,Crunchmax Bbq
2464,Menos De 18 Años,Femenino,Guatemala,3 A 5 Veces Por Semana,Picante Chapín,Hot Stadium Peanuts
2465,18 - 24 Años,Masculino,Guatemala,3 A 5 Veces Por Semana,Chocolate,Mundialitos Queso Picante
2465,18 - 24 Años,Masculino,Guatemala,3 A 5 Veces Por Semana,Chocolate,Crunchmax Bbq
2466,Menos De 18 Años,Femenino,Sacatepéquez,3 A 5 Veces Por Semana,Queso,Energy Crunch Protein
2466,Menos De 18 Años,Femenino,Sacatepéquez,3 A 5 Veces Por Semana,Queso,Crunchmax Bbq
2466,Menos De 18 Años,Femenino,Sacatepéquez,3 A 5 Veces Por Semana,Queso,Gol Nachos Supreme
2467,25 - 34 Años,Femenino,Guatemala,Todos Los Días,Jalapeño,Gol Nachos Supreme
2467,25 - 34 Años,Femenino,Guatemala,Todos Los Días,Jalapeño,Fan Chips Jalapeño
2467,25 - 34 Años,Femenino,Guatemala,Todos Los Días,Jalapeño,Caramel Goal Popcorn
2468,55 Años O Más,Femenino,Guatemala,3 A 5 Veces Por Semana,Barbacoa,Hot Stadium Peanuts
2469,45 - 54 Años,Masculino,Retalhuleu,1 A 2 Veces Por Semana,Barbacoa,Hot Stadium Peanuts
2469,45 - 54 Años,Masculino,Retalhuleu,1 A 2 Veces Por Semana,Barbacoa,Gol Nachos Supreme
2469,45 - 54 Años,Masculino,Retalhuleu,1 A 2 Veces Por Semana,Barbacoa,Crunchmax Bbq
2470,35 - 44 Años,Femenino,Chimaltenango,1 A 2 Veces Por Semana,Jalapeño,Gol Nachos Supreme
2470,35 - 44 Años,Femenino,Chimaltenango,1 A 2 Veces Por Semana,Jalapeño,Mundialitos Queso Picante
2470,35 - 44 Años,Femenino,Chimaltenango,1 A 2 Veces Por Semana,Jalapeño,Caramel Goal Popcorn
2471,25 - 34 Años,Masculino,Quiché,Todos Los Días,Queso,Crunchmax Bbq
2471,25 - 34 Años,Masculino,Quiché,Todos Los Días,Queso,Caramel Goal Popcorn
2472,25 - 34 Años,Femenino,Guatemala,3 A 5 Veces Por Semana,Barbacoa,Crunchmax Bbq
2472,25 - 34 Años,Femenino,Guatemala,3 A 5 Veces Por Semana,Barbacoa,Chocokick Bites
2472,25 - 34 Años,Femenino,Guatemala,3 A 5 Veces Por Semana,Barbacoa,Futbolmix
2473,45 - 54 Años,Femenino,Guatemala,Varias Veces Al Mes,Caramelo,Chocokick Bites
2473,45 - 54 Años,Femenino,Guatemala,Varias Veces Al Mes,Caramelo,Fan Chips Jalapeño
2474,Menos De 18 Años,Femenino,Guatemala,Varias Veces Al Mes,Chocolate,Fan Chips Jalapeño
2475,18 - 24 Años,Masculino,Guatemala,1 A 2 Veces Por Semana,Salado Tradicional,Energy Crunch Protein
2476,25 - 34 Años,Masculino,Guatemala,Todos Los Días,Queso,Energy Crunch Protein
2476,25 - 34 Años,Masculino,Guatemala,Todos Los Días,Queso,Gol Nachos Supreme
2477,35 - 44 Años,Masculino,Guatemala,Rara Vez,Chocolate,Mundialitos Queso Picante
2477,35 - 44 Años,Masculino,Guatemala,Rara Vez,Chocolate,Crunchmax Bbq
2477,35 - 44 Años,Masculino,Guatemala,Rara Vez,Chocolate,Caramel Goal Popcorn
2478,18 - 24 Años,Femenino,Guatemala,1 A 2 Veces Por Semana,Salado Tradicional,Futbolmix
2479,45 - 54 Años,Femenino,Jalapa,3 A 5 Veces Por Semana,Limón,Victory Pretzels
2479,45 - 54 Años,Femenino,Jalapa,3 A 5 Veces Por Semana,Limón,Hot Stadium Peanuts
2480,35 - 44 Años,Femenino,Chiquimula,Todos Los Días,Queso,Mundialitos Queso Picante
2480,35 - 44 Años,Femenino,Chiquimula,Todos Los Días,Queso,Chocokick Bites
2481,18 - 24 Años,Femenino,Guatemala,Varias Veces Al Mes,Salado Tradicional,Gol Nachos Supreme
2482,35 - 44 Años,Masculino,Petén,Varias Veces Al Mes,Queso,Crunchmax Bbq
2482,35 - 44 Años,Masculino,Petén,Varias Veces Al Mes,Queso,Futbolmix
2483,35 - 44 Años,Femenino,Chiquimula,Todos Los Días,Limón,Fan Chips Jalapeño
2483,35 - 44 Años,Femenino,Chiquimula,Todos Los Días,Limón,Crunchmax Bbq
2483,35 - 44 Años,Femenino,Chiquimula,Todos Los Días,Limón,Hot Stadium Peanuts
2484,25 - 34 Años,Femenino,Quetzaltenango,Varias Veces Al Mes,Jalapeño,Victory Pretzels
2484,25 - 34 Años,Femenino,Quetzaltenango,Varias Veces Al Mes,Jalapeño,Hot Stadium Peanuts
2484,25 - 34 Años,Femenino,Quetzaltenango,Varias Veces Al Mes,Jalapeño,Energy Crunch Protein
2485,55 Años O Más,Masculino,Guatemala,3 A 5 Veces Por Semana,Dulce,Crunchmax Bbq
2486,35 - 44 Años,Femenino,Guatemala,Todos Los Días,Jalapeño,Chocokick Bites
2487,Menos De 18 Años,Prefiero No Indicarlo,Petén,3 A 5 Veces Por Semana,Queso,Futbolmix
2487,Menos De 18 Años,Prefiero No Indicarlo,Petén,3 A 5 Veces Por Semana,Queso,Chocokick Bites
2488,35 - 44 Años,Femenino,Sacatepéquez,Varias Veces Al Mes,Caramelo,Gol Nachos Supreme
2488,35 - 44 Años,Femenino,Sacatepéquez,Varias Veces Al Mes,Caramelo,Futbolmix
2488,35 - 44 Años,Femenino,Sacatepéquez,Varias Veces Al Mes,Caramelo,Chocokick Bites
2489,Menos De 18 Años,Femenino,Quetzaltenango,1 A 2 Veces Por Semana,Barbacoa,Crunchmax Bbq
2489,Menos De 18 Años,Femenino,Quetzaltenango,1 A 2 Veces Por Semana,Barbacoa,Fan Chips Jalapeño
2490,18 - 24 Años,Masculino,Retalhuleu,Todos Los Días,Salado Tradicional,Hot Stadium Peanuts
2490,18 - 24 Años,Masculino,Retalhuleu,Todos Los Días,Salado Tradicional,Caramel Goal Popcorn
2490,18 - 24 Años,Masculino,Retalhuleu,Todos Los Días,Salado Tradicional,Crunchmax Bbq
2491,45 - 54 Años,Masculino,Quetzaltenango,1 A 2 Veces Por Semana,Dulce,Crunchmax Bbq
2492,Menos De 18 Años,Femenino,Guatemala,3 A 5 Veces Por Semana,Barbacoa,Mundialitos Queso Picante
2493,35 - 44 Años,Masculino,Escuintla,1 A 2 Veces Por Semana,Queso,Crunchmax Bbq
2493,35 - 44 Años,Masculino,Escuintla,1 A 2 Veces Por Semana,Queso,Futbolmix
2494,45 - 54 Años,Masculino,Chimaltenango,Rara Vez,Picante Chapín,Caramel Goal Popcorn
2494,45 - 54 Años,Masculino,Chimaltenango,Rara Vez,Picante Chapín,Victory Pretzels
2495,Menos De 18 Años,Femenino,Guatemala,1 A 2 Veces Por Semana,Chocolate,Energy Crunch Protein
2495,Menos De 18 Años,Femenino,Guatemala,1 A 2 Veces Por Semana,Chocolate,Crunchmax Bbq
2496,25 - 34 Años,Masculino,Guatemala,1 A 2 Veces Por Semana,Picante Chapín,Fan Chips Jalapeño
2496,25 - 34 Años,Masculino,Guatemala,1 A 2 Veces Por Semana,Picante Chapín,Gol Nachos Supreme
2496,25 - 34 Años,Masculino,Guatemala,1 A 2 Veces Por Semana,Picante Chapín,Futbolmix
2497,45 - 54 Años,Masculino,San Marcos,1 A 2 Veces Por Semana,Caramelo,Futbolmix
2498,Menos De 18 Años,Masculino,Quetzaltenango,Rara Vez,Salado Tradicional,Crunchmax Bbq
2498,Menos De 18 Años,Masculino,Quetzaltenango,Rara Vez,Salado Tradicional,Mundialitos Queso Picante
2498,Menos De 18 Años,Masculino,Quetzaltenango,Rara Vez,Salado Tradicional,Gol Nachos Supreme
2499,45 - 54 Años,Femenino,Guatemala,Varias Veces Al Mes,Dulce,Crunchmax Bbq
2500,35 - 44 Años,Femenino,Sacatepéquez,Todos Los Días,Limón,Crunchmax Bbq
2500,35 - 44 Años,Femenino,Sacatepéquez,Todos Los Días,Limón,Gol Nachos Supreme
2500,35 - 44 Años,Femenino,Sacatepéquez,Todos Los Días,Limón,Hot Stadium Peanuts
